hotel,is_canceled,lead_time,arrival_date_year,arrival_date_month,arrival_date_week_number,arrival_date_day_of_month,stays_in_weekend_nights,stays_in_week_nights,adults,children,babies,meal,country,market_segment,distribution_channel,is_repeated_guest,previous_cancellations,previous_bookings_not_canceled,reserved_room_type,assigned_room_type,booking_changes,deposit_type,agent,company,days_in_waiting_list,customer_type,adr,required_car_parking_spaces,total_of_special_requests,reservation_status,reservation_status_date
City Hotel,1,344,2015,September,39,26,2,1,2,0,0,BB,PRT,Groups,TA/TO,0,1,0,A,A,0,Non Refund,1,NULL,0,Transient,170.0,0,0,Canceled,2015-06-30
City Hotel,1,344,2015,September,39,26,2,1,2,0,0,BB,PRT,Groups,TA/TO,0,1,0,A,A,0,Non Refund,1,NULL,0,Transient,170.0,0,0,Canceled,2015-06-30
City Hotel,1,344,2015,September,39,26,2,1,2,0,0,BB,PRT,Groups,TA/TO,0,1,0,A,A,0,Non Refund,1,NULL,0,Transient,170.0,0,0,Canceled,2015-06-30
City Hotel,1,344,2015,September,39,26,2,1,2,0,0,BB,PRT,Groups,TA/TO,0,1,0,A,A,0,Non Refund,1,NULL,0,Transient,170.0,0,0,Canceled,2015-06-30
City Hotel,1,344,2015,September,39,26,2,1,2,0,0,BB,PRT,Groups,TA/TO,0,1,0,A,A,0,Non Refund,1,NULL,0,Transient,170.0,0,0,Canceled,2015-06-30
City Hotel,1,344,2015,September,39,26,2,1,2,0,0,BB,PRT,Groups,TA/TO,0,1,0,A,A,0,Non Refund,1,NULL,0,Transient,170.0,0,0,Canceled,2015-06-30
City Hotel,1,344,2015,September,39,26,2,1,2,0,0,BB,PRT,Groups,TA/TO,0,1,0,A,A,0,Non Refund,1,NULL,0,Transient,170.0,0,0,Canceled,2015-06-30
City Hotel,1,344,2015,September,39,26,2,1,2,0,0,BB,PRT,Groups,TA/TO,0,1,0,A,A,0,Non Refund,1,NULL,0,Transient,170.0,0,0,Canceled,2015-06-30
City Hotel,1,344,2015,September,39,26,2,1,2,0,0,BB,PRT,Groups,TA/TO,0,1,0,A,A,0,Non Refund,1,NULL,0,Transient,170.0,0,0,Canceled,2015-06-30
City Hotel,1,344,2015,September,39,26,2,1,2,0,0,BB,PRT,Groups,TA/TO,0,1,0,A,A,0,Non Refund,1,NULL,0,Transient,170.0,0,0,Canceled,2015-06-30
City Hotel,1,344,2015,September,39,26,2,1,2,0,0,BB,PRT,Groups,TA/TO,0,1,0,A,A,0,Non Refund,1,NULL,0,Transient,170.0,0,0,Canceled,2015-06-30
City Hotel,1,344,2015,September,39,26,2,1,2,0,0,BB,PRT,Groups,TA/TO,0,1,0,A,A,0,Non Refund,1,NULL,0,Transient,170.0,0,0,Canceled,2015-06-30
City Hotel,1,344,2015,September,39,26,2,1,2,0,0,BB,PRT,Groups,TA/TO,0,1,0,A,A,0,Non Refund,1,NULL,0,Transient,170.0,0,0,Canceled,2015-06-30
City Hotel,1,344,2015,September,39,26,2,1,2,0,0,BB,PRT,Groups,TA/TO,0,1,0,A,A,0,Non Refund,1,NULL,0,Transient,170.0,0,0,Canceled,2015-06-30
City Hotel,1,344,2015,September,39,26,2,1,2,0,0,BB,PRT,Groups,TA/TO,0,1,0,A,A,0,Non Refund,1,NULL,0,Transient,170.0,0,0,Canceled,2015-06-30
City Hotel,1,344,2015,September,39,26,2,1,2,0,0,BB,PRT,Groups,TA/TO,0,1,0,A,A,0,Non Refund,1,NULL,0,Transient,170.0,0,0,Canceled,2015-06-30
City Hotel,1,344,2015,September,39,26,2,1,2,0,0,BB,PRT,Groups,TA/TO,0,1,0,A,A,0,Non Refund,1,NULL,0,Transient,170.0,0,0,Canceled,2015-06-30
City Hotel,0,5,2015,August,33,15,1,1,2,2,0,SC,PRT,Online TA,TA/TO,0,0,0,F,F,0,No Deposit,9,NULL,0,Contract,153.0,1,1,Check-Out,2015-08-17
City Hotel,1,342,2015,September,39,24,2,4,2,0,0,BB,PRT,Groups,TA/TO,0,1,0,A,A,0,Non Refund,1,NULL,0,Transient,170.0,0,0,Canceled,2015-08-21
City Hotel,1,342,2015,September,39,24,2,4,2,0,0,BB,PRT,Groups,TA/TO,0,1,0,A,A,0,Non Refund,1,NULL,0,Transient,170.0,0,0,Canceled,2015-08-21
City Hotel,1,342,2015,September,39,24,2,4,2,0,0,BB,PRT,Groups,TA/TO,0,1,0,A,A,0,Non Refund,1,NULL,0,Transient,170.0,0,0,Canceled,2015-08-21
City Hotel,1,342,2015,September,39,24,2,4,2,0,0,BB,PRT,Groups,TA/TO,0,1,0,A,A,0,Non Refund,1,NULL,0,Transient,170.0,0,0,Canceled,2015-08-21
City Hotel,1,342,2015,September,39,24,2,4,2,0,0,BB,PRT,Groups,TA/TO,0,1,0,A,A,0,Non Refund,1,NULL,0,Transient,170.0,0,0,Canceled,2015-08-21
City Hotel,1,342,2015,September,39,24,2,4,2,0,0,BB,PRT,Groups,TA/TO,0,1,0,A,A,0,Non Refund,1,NULL,0,Transient,170.0,0,0,Canceled,2015-08-21
City Hotel,1,342,2015,September,39,24,2,4,2,0,0,BB,PRT,Groups,TA/TO,0,1,0,A,A,0,Non Refund,1,NULL,0,Transient,170.0,0,0,Canceled,2015-08-21
City Hotel,1,342,2015,September,39,24,2,4,2,0,0,BB,PRT,Groups,TA/TO,0,1,0,A,A,0,Non Refund,1,NULL,0,Transient,170.0,0,0,Canceled,2015-08-21
City Hotel,1,342,2015,September,39,24,2,4,2,0,0,BB,PRT,Groups,TA/TO,0,1,0,A,A,0,Non Refund,1,NULL,0,Transient,170.0,0,0,Canceled,2015-08-21
City Hotel,1,342,2015,September,39,24,2,4,2,0,0,BB,PRT,Groups,TA/TO,0,1,0,A,A,0,Non Refund,1,NULL,0,Transient,170.0,0,0,Canceled,2015-08-21
City Hotel,1,342,2015,September,39,24,2,4,2,0,0,BB,PRT,Groups,TA/TO,0,1,0,A,A,0,Non Refund,1,NULL,0,Transient,170.0,0,0,Canceled,2015-08-21
City Hotel,1,342,2015,September,39,24,2,4,2,0,0,BB,PRT,Groups,TA/TO,0,1,0,A,A,0,Non Refund,1,NULL,0,Transient,170.0,0,0,Canceled,2015-08-21
City Hotel,1,342,2015,September,39,24,2,4,2,0,0,BB,PRT,Groups,TA/TO,0,1,0,A,A,0,Non Refund,1,NULL,0,Transient,170.0,0,0,Canceled,2015-08-21
City Hotel,1,342,2015,September,39,24,2,4,2,0,0,BB,PRT,Groups,TA/TO,0,1,0,A,A,0,Non Refund,1,NULL,0,Transient,170.0,0,0,Canceled,2015-08-21
City Hotel,1,342,2015,September,39,24,2,4,2,0,0,BB,PRT,Groups,TA/TO,0,1,0,A,A,0,Non Refund,1,NULL,0,Transient,170.0,0,0,Canceled,2015-08-21
City Hotel,1,342,2015,September,39,24,2,4,2,0,0,BB,PRT,Groups,TA/TO,0,1,0,A,A,0,Non Refund,1,NULL,0,Transient,170.0,0,0,Canceled,2015-08-21
City Hotel,1,342,2015,September,39,24,2,4,2,0,0,BB,PRT,Groups,TA/TO,0,1,0,A,A,0,Non Refund,1,NULL,0,Transient,170.0,0,0,Canceled,2015-08-21
City Hotel,1,342,2015,September,39,24,2,4,2,0,0,BB,PRT,Groups,TA/TO,0,1,0,A,A,0,Non Refund,1,NULL,0,Transient,170.0,0,0,Canceled,2015-08-21
City Hotel,1,342,2015,September,39,24,2,4,2,0,0,BB,PRT,Groups,TA/TO,0,1,0,A,A,0,Non Refund,1,NULL,0,Transient,170.0,0,0,Canceled,2015-08-21
City Hotel,1,342,2015,September,39,24,2,4,2,0,0,BB,PRT,Groups,TA/TO,0,1,0,A,A,0,Non Refund,1,NULL,0,Transient,170.0,0,0,Canceled,2015-08-21
City Hotel,1,342,2015,September,39,24,2,4,2,0,0,BB,PRT,Groups,TA/TO,0,1,0,A,A,0,Non Refund,1,NULL,0,Transient,170.0,0,0,Canceled,2015-08-21
City Hotel,1,342,2015,September,39,24,2,4,2,0,0,BB,PRT,Groups,TA/TO,0,1,0,A,A,0,Non Refund,1,NULL,0,Transient,170.0,0,0,Canceled,2015-08-21
City Hotel,1,342,2015,September,39,24,2,4,2,0,0,BB,PRT,Groups,TA/TO,0,1,0,A,A,0,Non Refund,1,NULL,0,Transient,170.0,0,0,Canceled,2015-08-21
City Hotel,1,342,2015,September,39,24,2,4,2,0,0,BB,PRT,Groups,TA/TO,0,1,0,A,A,0,Non Refund,1,NULL,0,Transient,170.0,0,0,Canceled,2015-08-21
City Hotel,1,342,2015,September,39,24,2,4,2,0,0,BB,PRT,Groups,TA/TO,0,1,0,A,A,0,Non Refund,1,NULL,0,Transient,170.0,0,0,Canceled,2015-08-21
City Hotel,1,342,2015,September,39,24,2,4,2,0,0,BB,PRT,Groups,TA/TO,0,1,0,A,A,0,Non Refund,1,NULL,0,Transient,170.0,0,0,Canceled,2015-08-21
City Hotel,1,342,2015,September,39,24,2,4,2,0,0,BB,PRT,Groups,TA/TO,0,1,0,A,A,0,Non Refund,1,NULL,0,Transient,170.0,0,0,Canceled,2015-08-21
City Hotel,1,342,2015,September,39,24,2,4,2,0,0,BB,PRT,Groups,TA/TO,0,1,0,A,A,0,Non Refund,1,NULL,0,Transient,170.0,0,0,Canceled,2015-08-21
City Hotel,1,342,2015,September,39,24,2,4,2,0,0,BB,PRT,Groups,TA/TO,0,1,0,A,A,0,Non Refund,1,NULL,0,Transient,170.0,0,0,Canceled,2015-08-21
City Hotel,1,342,2015,September,39,24,2,4,2,0,0,BB,PRT,Groups,TA/TO,0,1,0,A,A,0,Non Refund,1,NULL,0,Transient,170.0,0,0,Canceled,2015-08-21
City Hotel,1,342,2015,September,39,24,2,4,2,0,0,BB,PRT,Groups,TA/TO,0,1,0,A,A,0,Non Refund,1,NULL,0,Transient,170.0,0,0,Canceled,2015-08-21
City Hotel,1,342,2015,September,39,24,2,4,2,0,0,BB,PRT,Groups,TA/TO,0,1,0,A,A,0,Non Refund,1,NULL,0,Transient,170.0,0,0,Canceled,2015-08-21
City Hotel,1,342,2015,September,39,24,2,4,2,0,0,BB,PRT,Groups,TA/TO,0,1,0,A,A,0,Non Refund,1,NULL,0,Transient,170.0,0,0,Canceled,2015-08-21
City Hotel,1,342,2015,September,39,24,2,4,2,0,0,BB,PRT,Groups,TA/TO,0,1,0,A,A,0,Non Refund,1,NULL,0,Transient,170.0,0,0,Canceled,2015-08-21
City Hotel,1,342,2015,September,39,24,2,4,2,0,0,BB,PRT,Groups,TA/TO,0,1,0,A,A,0,Non Refund,1,NULL,0,Transient,170.0,0,0,Canceled,2015-08-21
City Hotel,1,342,2015,September,39,24,2,4,2,0,0,BB,PRT,Groups,TA/TO,0,1,0,A,A,0,Non Refund,1,NULL,0,Transient,170.0,0,0,Canceled,2015-08-21
City Hotel,1,342,2015,September,39,24,2,4,2,0,0,BB,PRT,Groups,TA/TO,0,1,0,A,A,0,Non Refund,1,NULL,0,Transient,170.0,0,0,Canceled,2015-08-21
City Hotel,1,342,2015,September,39,24,2,4,2,0,0,BB,PRT,Groups,TA/TO,0,1,0,A,A,0,Non Refund,1,NULL,0,Transient,170.0,0,0,Canceled,2015-08-21
City Hotel,1,342,2015,September,39,24,2,4,2,0,0,BB,PRT,Groups,TA/TO,0,1,0,A,A,0,Non Refund,1,NULL,0,Transient,170.0,0,0,Canceled,2015-08-21
City Hotel,1,342,2015,September,39,24,2,4,2,0,0,BB,PRT,Groups,TA/TO,0,1,0,A,A,0,Non Refund,1,NULL,0,Transient,170.0,0,0,Canceled,2015-08-21
City Hotel,1,342,2015,September,39,24,2,4,2,0,0,BB,PRT,Groups,TA/TO,0,1,0,A,A,0,Non Refund,1,NULL,0,Transient,170.0,0,0,Canceled,2015-08-21
City Hotel,1,342,2015,September,39,24,2,4,2,0,0,BB,PRT,Groups,TA/TO,0,1,0,A,A,0,Non Refund,1,NULL,0,Transient,170.0,0,0,Canceled,2015-08-21
City Hotel,1,342,2015,September,39,24,2,4,2,0,0,BB,PRT,Groups,TA/TO,0,1,0,A,A,0,Non Refund,1,NULL,0,Transient,170.0,0,0,Canceled,2015-08-21
City Hotel,1,342,2015,September,39,24,2,4,2,0,0,BB,PRT,Groups,TA/TO,0,1,0,A,A,0,Non Refund,1,NULL,0,Transient,170.0,0,0,Canceled,2015-08-21
City Hotel,1,342,2015,September,39,24,2,4,2,0,0,BB,PRT,Groups,TA/TO,0,1,0,A,A,0,Non Refund,1,NULL,0,Transient,170.0,0,0,Canceled,2015-08-21
City Hotel,1,342,2015,September,39,24,2,4,2,0,0,BB,PRT,Groups,TA/TO,0,1,0,A,A,0,Non Refund,1,NULL,0,Transient,170.0,0,0,Canceled,2015-08-21
City Hotel,1,342,2015,September,39,24,2,4,2,0,0,BB,PRT,Groups,TA/TO,0,1,0,A,A,0,Non Refund,1,NULL,0,Transient,170.0,0,0,Canceled,2015-08-21
City Hotel,1,342,2015,September,39,24,2,4,2,0,0,BB,PRT,Groups,TA/TO,0,1,0,A,A,0,Non Refund,1,NULL,0,Transient,170.0,0,0,Canceled,2015-08-21
City Hotel,1,342,2015,September,39,24,2,4,2,0,0,BB,PRT,Groups,TA/TO,0,1,0,A,A,0,Non Refund,1,NULL,0,Transient,170.0,0,0,Canceled,2015-08-21
City Hotel,1,342,2015,September,39,24,2,4,2,0,0,BB,PRT,Groups,TA/TO,0,1,0,A,A,0,Non Refund,1,NULL,0,Transient,170.0,0,0,Canceled,2015-08-21
City Hotel,1,342,2015,September,39,24,2,4,2,0,0,BB,PRT,Groups,TA/TO,0,1,0,A,A,0,Non Refund,1,NULL,0,Transient,170.0,0,0,Canceled,2015-08-21
City Hotel,1,342,2015,September,39,24,2,4,2,0,0,BB,PRT,Groups,TA/TO,0,1,0,A,A,0,Non Refund,1,NULL,0,Transient,170.0,0,0,Canceled,2015-08-21
City Hotel,1,342,2015,September,39,24,2,4,2,0,0,BB,PRT,Groups,TA/TO,0,1,0,A,A,0,Non Refund,1,NULL,0,Transient,170.0,0,0,Canceled,2015-08-21
City Hotel,1,342,2015,September,39,24,2,4,2,0,0,BB,PRT,Groups,TA/TO,0,1,0,A,A,0,Non Refund,1,NULL,0,Transient,170.0,0,0,Canceled,2015-08-21
City Hotel,1,342,2015,September,39,24,2,4,2,0,0,BB,PRT,Groups,TA/TO,0,1,0,A,A,0,Non Refund,1,NULL,0,Transient,170.0,0,0,Canceled,2015-08-21
City Hotel,1,342,2015,September,39,24,2,4,2,0,0,BB,PRT,Groups,TA/TO,0,1,0,A,A,0,Non Refund,1,NULL,0,Transient,170.0,0,0,Canceled,2015-08-21
City Hotel,1,342,2015,September,39,24,2,4,2,0,0,BB,PRT,Groups,TA/TO,0,1,0,A,A,0,Non Refund,1,NULL,0,Transient,170.0,0,0,Canceled,2015-08-21
City Hotel,1,342,2015,September,39,24,2,4,2,0,0,BB,PRT,Groups,TA/TO,0,1,0,A,A,0,Non Refund,1,NULL,0,Transient,170.0,0,0,Canceled,2015-08-21
City Hotel,1,342,2015,September,39,24,2,4,2,0,0,BB,PRT,Groups,TA/TO,0,1,0,A,A,0,Non Refund,1,NULL,0,Transient,170.0,0,0,Canceled,2015-08-21
City Hotel,1,342,2015,September,39,24,2,4,2,0,0,BB,PRT,Groups,TA/TO,0,1,0,A,A,0,Non Refund,1,NULL,0,Transient,170.0,0,0,Canceled,2015-08-21
City Hotel,1,342,2015,September,39,24,2,4,2,0,0,BB,PRT,Groups,TA/TO,0,1,0,A,A,0,Non Refund,1,NULL,0,Transient,170.0,0,0,Canceled,2015-08-21
City Hotel,1,342,2015,September,39,24,2,4,2,0,0,BB,PRT,Groups,TA/TO,0,1,0,A,A,0,Non Refund,1,NULL,0,Transient,170.0,0,0,Canceled,2015-08-21
City Hotel,1,342,2015,September,39,24,2,4,2,0,0,BB,PRT,Groups,TA/TO,0,1,0,A,A,0,Non Refund,1,NULL,0,Transient,170.0,0,0,Canceled,2015-08-21
City Hotel,1,342,2015,September,39,24,2,4,2,0,0,BB,PRT,Groups,TA/TO,0,1,0,A,A,0,Non Refund,1,NULL,0,Transient,170.0,0,0,Canceled,2015-08-21
City Hotel,1,342,2015,September,39,24,2,4,2,0,0,BB,PRT,Groups,TA/TO,0,1,0,A,A,0,Non Refund,1,NULL,0,Transient,170.0,0,0,Canceled,2015-08-21
City Hotel,1,342,2015,September,39,24,2,4,2,0,0,BB,PRT,Groups,TA/TO,0,1,0,A,A,0,Non Refund,1,NULL,0,Transient,170.0,0,0,Canceled,2015-08-21
City Hotel,1,342,2015,September,39,24,2,4,2,0,0,BB,PRT,Groups,TA/TO,0,1,0,A,A,0,Non Refund,1,NULL,0,Transient,170.0,0,0,Canceled,2015-08-21
City Hotel,1,342,2015,September,39,24,2,4,2,0,0,BB,PRT,Groups,TA/TO,0,1,0,A,A,0,Non Refund,1,NULL,0,Transient,170.0,0,0,Canceled,2015-08-21
City Hotel,1,342,2015,September,39,24,2,4,2,0,0,BB,PRT,Groups,TA/TO,0,1,0,A,A,0,Non Refund,1,NULL,0,Transient,170.0,0,0,Canceled,2015-08-21
City Hotel,1,342,2015,September,39,24,2,4,2,0,0,BB,PRT,Groups,TA/TO,0,1,0,A,A,0,Non Refund,1,NULL,0,Transient,170.0,0,0,Canceled,2015-08-21
City Hotel,1,342,2015,September,39,24,2,4,2,0,0,BB,PRT,Groups,TA/TO,0,1,0,A,A,0,Non Refund,1,NULL,0,Transient,170.0,0,0,Canceled,2015-08-21
City Hotel,1,342,2015,September,39,24,2,4,2,0,0,BB,PRT,Groups,TA/TO,0,1,0,A,A,0,Non Refund,1,NULL,0,Transient,170.0,0,0,Canceled,2015-08-21
City Hotel,0,3,2015,August,35,24,1,1,2,2,0,BB,ESP,Online TA,TA/TO,0,0,0,F,F,0,No Deposit,9,NULL,0,Transient,156.0,0,0,Check-Out,2015-08-26
City Hotel,0,0,2015,August,35,26,0,1,2,2,0,BB,PRT,Online TA,TA/TO,0,0,0,F,B,0,No Deposit,9,NULL,0,Contract,156.0,0,2,Check-Out,2015-08-27
City Hotel,0,0,2015,August,35,27,0,1,2,2,0,BB,PRT,Online TA,Direct,1,0,0,F,B,0,No Deposit,NULL,NULL,0,Transient,156.0,0,2,Check-Out,2015-08-28
City Hotel,0,4,2015,August,35,27,0,1,2,2,0,BB,PRT,Online TA,Direct,0,0,0,F,F,0,No Deposit,NULL,NULL,0,Transient,153.0,0,1,Check-Out,2015-08-28
City Hotel,0,0,2015,August,35,27,0,3,2,2,0,BB,ESP,Online TA,TA/TO,0,0,0,F,F,2,No Deposit,9,NULL,0,Transient,161.33,0,0,Check-Out,2015-08-30
City Hotel,0,8,2015,September,36,1,0,4,2,2,0,BB,ITA,Online TA,TA/TO,0,0,0,G,G,0,No Deposit,9,NULL,0,Contract,159.75,0,2,Check-Out,2015-09-05
City Hotel,0,5,2015,September,37,6,2,0,1,0,0,HB,PRT,Direct,Direct,0,0,0,D,G,1,No Deposit,14,NULL,0,Transient,171.0,1,0,Check-Out,2015-09-08
City Hotel,1,342,2015,September,39,24,2,4,2,0,0,BB,PRT,Groups,TA/TO,0,1,0,A,A,0,Non Refund,1,NULL,0,Transient,170.0,0,0,Canceled,2015-09-09
City Hotel,1,343,2015,September,39,25,2,3,2,0,0,BB,PRT,Groups,TA/TO,0,1,0,A,A,1,Non Refund,1,NULL,0,Transient,170.0,0,0,Canceled,2015-09-09
City Hotel,1,343,2015,September,39,25,2,3,2,0,0,BB,PRT,Groups,TA/TO,0,1,0,A,A,1,Non Refund,1,NULL,0,Transient,170.0,0,0,Canceled,2015-09-09
City Hotel,1,343,2015,September,39,25,2,3,2,0,0,BB,PRT,Groups,TA/TO,0,1,0,A,A,1,Non Refund,1,NULL,0,Transient,170.0,0,0,Canceled,2015-09-09
City Hotel,1,343,2015,September,39,25,2,3,2,0,0,BB,PRT,Groups,TA/TO,0,1,0,A,A,2,Non Refund,1,NULL,0,Transient,170.0,0,0,Canceled,2015-09-09
City Hotel,1,344,2015,September,39,26,0,1,1,0,0,BB,PRT,Groups,TA/TO,0,1,0,A,A,1,Non Refund,1,NULL,0,Transient,170.0,0,0,Canceled,2015-09-09
City Hotel,1,344,2015,September,39,26,0,1,1,0,0,BB,PRT,Groups,TA/TO,0,1,0,A,A,1,Non Refund,1,NULL,0,Transient,170.0,0,0,Canceled,2015-09-09
City Hotel,1,344,2015,September,39,26,0,1,1,0,0,BB,PRT,Groups,TA/TO,0,1,0,A,A,1,Non Refund,1,NULL,0,Transient,170.0,0,0,Canceled,2015-09-09
City Hotel,1,0,2015,September,37,10,0,1,2,0,0,BB,PRT,Corporate,Direct,1,0,0,A,D,0,No Deposit,71,NULL,0,Group,152.0,0,0,No-Show,2015-09-10
City Hotel,0,0,2015,September,37,10,0,1,2,0,0,BB,ITA,Direct,Direct,0,0,0,A,A,0,No Deposit,NULL,NULL,0,Transient,152.0,0,0,Check-Out,2015-09-11
City Hotel,0,0,2015,September,37,10,0,2,2,0,0,BB,PRT,Direct,Direct,0,0,0,A,A,1,No Deposit,NULL,NULL,0,Transient,152.0,0,0,Check-Out,2015-09-12
City Hotel,1,4,2015,September,38,16,0,4,2,2,0,BB,PRT,Online TA,TA/TO,0,1,0,F,F,0,No Deposit,9,NULL,0,Transient,224.5,0,2,Canceled,2015-09-14
City Hotel,1,5,2015,September,38,17,1,3,2,0,0,BB,PRT,Online TA,TA/TO,0,1,0,D,D,0,No Deposit,9,NULL,0,Transient,155.0,0,1,Canceled,2015-09-14
City Hotel,1,5,2015,September,38,17,0,1,1,0,0,BB,PRT,Online TA,TA/TO,0,1,0,A,A,0,No Deposit,9,NULL,0,Transient,158.0,0,1,Canceled,2015-09-14
City Hotel,1,5,2015,September,38,17,0,1,1,0,0,BB,PRT,Online TA,TA/TO,0,1,0,A,A,0,No Deposit,9,NULL,0,Transient,158.0,0,1,Canceled,2015-09-14
City Hotel,1,5,2015,September,38,17,0,1,2,0,0,BB,PRT,Online TA,TA/TO,0,1,0,D,D,0,No Deposit,9,NULL,0,Transient,174.0,0,2,Canceled,2015-09-14
City Hotel,1,5,2015,September,38,17,0,1,2,0,0,BB,PRT,Online TA,TA/TO,0,1,0,A,A,0,No Deposit,9,NULL,0,Transient,164.0,0,1,Canceled,2015-09-14
City Hotel,1,6,2015,September,38,18,0,2,2,0,0,BB,PRT,Online TA,TA/TO,0,1,0,D,D,0,No Deposit,9,NULL,0,Transient,155.0,0,1,Canceled,2015-09-15
City Hotel,0,0,2015,September,38,15,0,1,2,0,0,BB,AGO,Online TA,TA/TO,0,0,0,D,D,0,No Deposit,9,NULL,0,Contract,155.0,0,2,Check-Out,2015-09-16
City Hotel,1,9,2015,September,39,24,0,3,2,0,0,BB,PRT,Direct,Direct,0,1,0,A,A,0,No Deposit,14,NULL,0,Transient,171.33,0,1,Canceled,2015-09-16
City Hotel,1,9,2015,September,39,24,0,3,2,0,0,BB,PRT,Direct,Direct,0,1,0,A,A,0,No Deposit,14,NULL,0,Transient,171.33,0,1,Canceled,2015-09-16
City Hotel,0,0,2015,September,38,16,0,1,1,0,0,BB,PRT,Direct,Direct,0,0,0,A,A,0,No Deposit,NULL,NULL,0,Transient,190.0,0,0,Check-Out,2015-09-17
City Hotel,0,0,2015,September,38,16,0,1,2,0,0,BB,PRT,Online TA,TA/TO,0,0,0,A,E,0,No Deposit,9,NULL,0,Transient,200.0,0,0,Check-Out,2015-09-17
City Hotel,0,1,2015,September,38,15,0,2,3,0,0,BB,ISR,Online TA,TA/TO,0,0,0,D,E,1,No Deposit,9,NULL,0,Contract,209.5,0,0,Check-Out,2015-09-17
City Hotel,0,4,2015,September,38,14,1,2,2,1,0,BB,PRT,Offline TA/TO,TA/TO,0,0,0,F,F,0,No Deposit,70,NULL,0,Transient,211.33,0,1,Check-Out,2015-09-17
City Hotel,0,1,2015,September,38,15,0,2,2,0,0,BB,CHN,Online TA,TA/TO,0,0,0,D,D,0,No Deposit,9,NULL,0,Transient,164.5,0,1,Check-Out,2015-09-17
City Hotel,0,0,2015,September,38,16,0,1,2,0,0,BB,PRT,Online TA,TA/TO,0,0,0,A,F,0,No Deposit,9,NULL,0,Transient,200.0,0,0,Check-Out,2015-09-17
City Hotel,0,0,2015,September,38,17,0,1,2,0,0,BB,PRT,Online TA,TA/TO,0,0,0,D,F,0,No Deposit,9,NULL,0,Transient,200.0,0,1,Check-Out,2015-09-18
City Hotel,0,0,2015,September,38,18,0,1,2,0,0,BB,RUS,Online TA,TA/TO,0,0,0,A,A,0,No Deposit,9,NULL,0,Transient,200.0,0,0,Check-Out,2015-09-19
City Hotel,1,11,2015,September,40,27,2,0,3,0,0,BB,PRT,Online TA,TA/TO,0,1,0,A,A,0,No Deposit,7,NULL,0,Group,190.19,0,2,Canceled,2015-09-19
City Hotel,0,2,2015,September,38,19,0,1,2,0,0,BB,PRT,Online TA,TA/TO,0,0,0,D,E,0,No Deposit,9,NULL,0,Contract,200.0,0,1,Check-Out,2015-09-20
City Hotel,0,3,2015,September,38,19,1,1,1,0,0,BB,PRT,Online TA,TA/TO,0,0,0,D,D,1,No Deposit,9,NULL,0,Contract,177.5,0,1,Check-Out,2015-09-21
City Hotel,0,3,2015,September,38,19,1,1,2,0,0,BB,PRT,Online TA,TA/TO,0,0,0,D,D,0,No Deposit,9,NULL,0,Contract,177.5,0,1,Check-Out,2015-09-21
City Hotel,0,2,2015,September,38,13,3,5,1,0,0,BB,CPV,Online TA,TA/TO,0,0,0,D,D,0,No Deposit,9,NULL,0,Transient,150.25,0,0,Check-Out,2015-09-21
City Hotel,1,5,2015,September,39,21,1,4,1,0,0,BB,PRT,Groups,TA/TO,0,0,0,A,D,1,No Deposit,29,NULL,0,Transient-Party,220.0,0,0,Canceled,2015-09-21
City Hotel,1,5,2015,September,39,21,1,4,1,0,0,BB,PRT,Groups,TA/TO,0,0,0,A,D,1,No Deposit,29,NULL,0,Transient-Party,220.0,0,0,Canceled,2015-09-21
City Hotel,1,30,2015,October,42,16,1,2,2,2,0,BB,PRT,Online TA,TA/TO,0,1,0,F,F,0,No Deposit,9,NULL,0,Contract,165.0,0,0,Canceled,2015-09-21
City Hotel,1,11,2015,September,39,26,0,1,2,0,0,BB,PRT,Online TA,TA/TO,0,1,0,C,C,0,No Deposit,9,NULL,0,Contract,212.0,0,1,Canceled,2015-09-21
City Hotel,1,11,2015,September,39,26,0,1,1,0,0,BB,PRT,Online TA,TA/TO,0,1,0,A,A,0,No Deposit,9,NULL,0,Contract,212.0,0,1,Canceled,2015-09-21
City Hotel,1,0,2015,September,39,21,1,0,2,0,0,BB,PRT,Direct,Direct,1,0,0,F,F,0,No Deposit,NULL,NULL,0,Transient,152.0,0,0,No-Show,2015-09-21
City Hotel,0,3,2015,September,38,15,2,5,2,0,0,BB,FRA,Online TA,TA/TO,0,0,0,F,F,1,No Deposit,9,NULL,0,Transient,212.29,0,1,Check-Out,2015-09-22
City Hotel,1,9,2015,September,39,26,2,2,2,0,0,BB,PRT,Online TA,TA/TO,0,1,0,A,A,0,No Deposit,9,NULL,0,Contract,212.0,0,0,Canceled,2015-09-22
City Hotel,0,4,2015,September,39,21,1,0,2,0,0,BB,BEL,Online TA,TA/TO,0,0,0,D,D,0,No Deposit,9,NULL,0,Contract,155.0,0,1,Check-Out,2015-09-22
City Hotel,0,1,2015,September,38,19,2,1,1,0,0,BB,GBR,Online TA,TA/TO,0,0,0,D,D,0,No Deposit,9,NULL,0,Contract,170.0,0,1,Check-Out,2015-09-22
City Hotel,0,3,2015,September,38,19,2,1,2,0,0,SC,PRT,Online TA,TA/TO,0,0,0,A,A,0,No Deposit,9,NULL,0,Contract,152.0,0,3,Check-Out,2015-09-22
City Hotel,0,6,2015,September,39,20,2,0,2,0,0,BB,GBR,Online TA,TA/TO,0,0,0,A,A,1,No Deposit,7,NULL,0,Transient,152.84,0,1,Check-Out,2015-09-22
City Hotel,1,16,2015,September,39,25,2,3,1,0,0,BB,PRT,Groups,TA/TO,0,1,0,A,A,0,No Deposit,1,NULL,0,Transient-Party,170.0,0,0,Canceled,2015-09-22
City Hotel,1,3,2015,September,39,25,2,3,1,0,0,BB,PRT,Groups,TA/TO,1,1,0,A,A,0,No Deposit,1,NULL,0,Transient-Party,170.0,0,0,Canceled,2015-09-22
City Hotel,1,343,2015,September,39,25,0,1,1,0,0,BB,PRT,Groups,TA/TO,0,1,0,A,A,0,Non Refund,1,NULL,0,Transient,170.0,0,0,Canceled,2015-09-22
City Hotel,1,343,2015,September,39,25,0,1,1,0,0,BB,PRT,Groups,TA/TO,0,1,0,A,A,0,Non Refund,1,NULL,0,Transient,170.0,0,0,Canceled,2015-09-22
City Hotel,1,344,2015,September,39,26,0,1,1,0,0,BB,PRT,Groups,TA/TO,0,1,0,A,A,1,Non Refund,1,NULL,0,Transient,170.0,0,0,Canceled,2015-09-22
City Hotel,1,344,2015,September,39,26,0,1,1,0,0,BB,PRT,Groups,TA/TO,0,1,0,A,A,1,Non Refund,1,NULL,0,Transient,170.0,0,0,Canceled,2015-09-22
City Hotel,1,344,2015,September,39,26,0,1,1,0,0,BB,PRT,Groups,TA/TO,0,1,0,A,A,1,Non Refund,1,NULL,0,Transient,170.0,0,0,Canceled,2015-09-22
City Hotel,1,19,2015,September,40,28,1,0,1,0,0,BB,PRT,Groups,TA/TO,0,1,0,A,A,0,Non Refund,1,NULL,0,Transient,170.0,0,0,Canceled,2015-09-22
City Hotel,1,20,2015,September,40,29,0,1,1,0,0,BB,PRT,Groups,TA/TO,0,1,0,A,A,0,Non Refund,1,NULL,0,Transient,250.0,0,0,Canceled,2015-09-22
City Hotel,1,20,2015,September,40,29,0,1,1,0,0,BB,PRT,Groups,TA/TO,0,1,0,A,A,0,Non Refund,1,NULL,0,Transient,250.0,0,0,Canceled,2015-09-22
City Hotel,1,20,2015,September,40,29,0,1,1,0,0,BB,PRT,Groups,TA/TO,0,1,0,A,A,0,Non Refund,1,NULL,0,Transient,250.0,0,0,Canceled,2015-09-22
City Hotel,1,20,2015,September,40,29,0,1,1,0,0,BB,PRT,Groups,TA/TO,0,1,0,A,A,0,Non Refund,1,NULL,0,Transient,250.0,0,0,Canceled,2015-09-22
City Hotel,1,20,2015,September,40,29,0,1,1,0,0,BB,PRT,Groups,TA/TO,0,1,0,A,A,0,Non Refund,1,NULL,0,Transient,250.0,0,0,Canceled,2015-09-22
City Hotel,1,21,2015,September,40,30,0,1,1,0,0,BB,PRT,Groups,TA/TO,0,1,0,A,A,0,Non Refund,1,NULL,0,Transient,170.0,0,0,Canceled,2015-09-22
City Hotel,1,21,2015,September,40,30,0,1,1,0,0,BB,PRT,Groups,TA/TO,0,1,0,A,A,0,Non Refund,1,NULL,0,Transient,170.0,0,0,Canceled,2015-09-22
City Hotel,1,21,2015,September,40,30,0,1,1,0,0,BB,PRT,Groups,TA/TO,0,1,0,A,A,1,Non Refund,1,NULL,0,Transient,170.0,0,0,Canceled,2015-09-22
City Hotel,0,2,2015,September,38,19,2,1,3,0,0,BB,PRT,Offline TA/TO,TA/TO,0,0,0,D,D,1,No Deposit,13,NULL,0,Transient-Party,165.0,0,1,Check-Out,2015-09-22
City Hotel,1,5,2015,September,39,23,0,4,2,0,0,BB,PRT,Offline TA/TO,TA/TO,0,1,0,A,A,0,No Deposit,85,NULL,0,Transient,170.0,0,0,Canceled,2015-09-22
City Hotel,0,0,2015,September,39,22,0,1,2,0,0,BB,BRA,Direct,Direct,0,0,0,A,F,0,No Deposit,NULL,NULL,0,Transient,152.0,0,0,Check-Out,2015-09-23
City Hotel,0,0,2015,September,40,29,0,1,2,0,0,BB,BRA,Direct,Direct,1,0,1,A,A,0,No Deposit,NULL,NULL,0,Transient,166.5,0,0,Check-Out,2015-09-30
City Hotel,0,0,2015,September,39,21,1,1,2,0,0,BB,ESP,Direct,Direct,0,0,0,A,A,1,No Deposit,NULL,NULL,0,Transient,152.0,0,0,Check-Out,2015-09-23
City Hotel,0,1,2015,September,39,22,0,1,1,0,0,BB,SWE,Online TA,TA/TO,0,0,0,A,D,0,No Deposit,9,NULL,0,Contract,158.0,0,0,Check-Out,2015-09-23
City Hotel,0,0,2015,September,39,22,0,1,2,0,0,SC,PRT,Online TA,TA/TO,0,0,0,A,F,0,No Deposit,9,NULL,0,Contract,152.0,0,2,Check-Out,2015-09-23
City Hotel,0,4,2015,September,38,19,2,2,1,2,0,BB,AGO,Online TA,TA/TO,0,0,0,F,F,2,No Deposit,9,NULL,0,Transient,200.75,0,2,Check-Out,2015-09-23
City Hotel,0,0,2015,September,39,23,0,1,2,0,0,BB,PRT,Direct,Direct,0,0,0,A,F,0,No Deposit,NULL,NULL,0,Transient,152.0,0,2,Check-Out,2015-09-24
City Hotel,0,1,2015,September,39,23,0,1,2,0,0,SC,PRT,Online TA,TA/TO,0,0,0,A,D,0,No Deposit,9,NULL,0,Contract,152.0,0,0,Check-Out,2015-09-24
City Hotel,0,0,2015,September,39,23,0,2,1,0,0,BB,PRT,Online TA,TA/TO,0,0,0,A,D,0,No Deposit,9,NULL,0,Contract,158.0,0,2,Check-Out,2015-09-25
City Hotel,0,1,2015,September,39,24,0,1,2,2,0,BB,UKR,Online TA,TA/TO,0,0,0,F,F,0,No Deposit,9,NULL,0,Contract,215.0,0,2,Check-Out,2015-09-25
City Hotel,0,0,2015,September,39,23,0,2,2,0,0,BB,ESP,Online TA,TA/TO,0,0,0,A,D,0,No Deposit,9,NULL,0,Contract,164.0,0,1,Check-Out,2015-09-25
City Hotel,0,5,2015,September,38,19,2,4,3,0,0,BB,ESP,Direct,Direct,0,0,0,F,G,0,No Deposit,NULL,NULL,0,Transient,189.17,0,2,Check-Out,2015-09-25
City Hotel,0,0,2015,September,39,21,1,3,2,0,0,BB,ESP,Online TA,TA/TO,0,0,0,D,D,0,No Deposit,9,NULL,0,Contract,155.0,0,1,Check-Out,2015-09-25
City Hotel,0,0,2015,September,39,21,1,3,2,0,0,BB,ESP,Online TA,TA/TO,0,0,0,D,E,0,No Deposit,9,NULL,0,Contract,155.0,0,1,Check-Out,2015-09-25
City Hotel,0,3,2015,September,38,19,2,4,2,0,0,BB,PRT,Online TA,TA/TO,0,0,0,D,D,0,No Deposit,9,NULL,0,Contract,162.5,0,0,Check-Out,2015-09-25
City Hotel,0,0,2015,September,39,24,0,1,2,0,0,BB,ITA,Direct,Direct,0,0,0,A,D,0,No Deposit,14,NULL,0,Transient,152.0,0,0,Check-Out,2015-09-25
City Hotel,0,10,2015,September,39,24,0,1,3,0,0,BB,IND,Online TA,TA/TO,0,0,0,A,D,1,No Deposit,8,NULL,0,Transient,161.0,0,2,Check-Out,2015-09-25
City Hotel,1,15,2015,October,40,2,0,2,2,0,0,BB,PRT,Direct,Direct,0,1,0,A,A,0,No Deposit,NULL,NULL,0,Transient,190.0,0,0,Canceled,2015-09-25
City Hotel,0,12,2015,September,39,22,0,4,2,0,0,SC,NLD,Online TA,TA/TO,0,0,0,A,D,0,No Deposit,9,NULL,0,Contract,164.0,0,1,Check-Out,2015-09-26
City Hotel,0,1,2015,September,39,22,0,4,1,0,0,BB,GBR,Groups,TA/TO,0,0,0,A,B,0,No Deposit,1,NULL,0,Transient-Party,170.0,0,0,Check-Out,2015-09-26
City Hotel,0,0,2015,September,39,25,0,1,2,0,0,BB,DEU,Online TA,TA/TO,0,0,0,D,D,0,No Deposit,9,NULL,0,Transient,180.0,0,0,Check-Out,2015-09-26
City Hotel,0,1,2015,September,39,25,0,1,2,0,0,BB,BRA,Direct,TA/TO,0,0,0,A,D,0,No Deposit,NULL,NULL,0,Transient,170.0,0,0,Check-Out,2015-09-26
City Hotel,1,0,2015,September,39,26,0,1,3,0,0,BB,PRT,Direct,Direct,1,0,0,D,D,0,No Deposit,NULL,NULL,0,Transient,200.0,0,0,Canceled,2015-09-26
City Hotel,0,1,2015,September,39,22,0,4,1,0,0,BB,GBR,Groups,TA/TO,0,0,0,A,E,2,No Deposit,1,NULL,0,Transient-Party,170.0,0,0,Check-Out,2015-09-26
City Hotel,1,0,2015,September,39,26,2,1,2,0,0,BB,PRT,Online TA,TA/TO,1,0,0,D,D,0,No Deposit,9,NULL,0,Transient,180.0,0,2,No-Show,2015-09-26
City Hotel,1,0,2015,September,39,26,0,1,2,0,0,BB,PRT,Direct,Direct,1,0,0,A,A,0,No Deposit,NULL,NULL,0,Transient,170.0,0,0,No-Show,2015-09-26
City Hotel,0,16,2015,September,39,25,0,2,1,0,0,BB,CHE,Groups,TA/TO,0,0,0,A,B,1,No Deposit,1,NULL,0,Transient-Party,170.0,0,0,Check-Out,2015-09-27
City Hotel,0,16,2015,September,39,25,0,2,1,0,0,BB,PRT,Groups,TA/TO,0,0,0,A,A,3,No Deposit,1,NULL,0,Transient-Party,170.0,0,0,Check-Out,2015-09-27
City Hotel,0,0,2015,September,39,26,0,1,1,0,0,BB,USA,Direct,Direct,0,0,0,A,A,0,No Deposit,NULL,NULL,0,Transient,180.0,0,0,Check-Out,2015-09-27
City Hotel,0,16,2015,September,39,25,0,2,1,0,0,BB,GBR,Groups,TA/TO,0,0,0,A,D,0,No Deposit,1,NULL,0,Transient-Party,170.0,0,0,Check-Out,2015-09-27
City Hotel,0,16,2015,September,39,25,0,2,2,0,0,BB,ITA,Groups,TA/TO,0,0,0,A,D,1,No Deposit,1,NULL,0,Transient-Party,170.0,0,0,Check-Out,2015-09-27
City Hotel,0,16,2015,September,39,25,0,2,2,0,0,BB,ITA,Groups,TA/TO,0,0,0,A,A,0,No Deposit,1,NULL,0,Transient-Party,170.0,0,1,Check-Out,2015-09-27
City Hotel,0,1,2015,September,39,26,0,1,2,1,0,BB,AGO,Direct,Direct,0,0,0,A,D,0,No Deposit,NULL,NULL,0,Transient,170.0,0,2,Check-Out,2015-09-27
City Hotel,0,17,2015,September,39,26,0,1,1,0,0,BB,USA,Groups,TA/TO,0,0,0,A,A,1,No Deposit,1,NULL,0,Transient-Party,170.0,0,0,Check-Out,2015-09-27
City Hotel,0,0,2015,September,39,26,0,1,2,0,0,BB,PRT,Direct,Direct,0,0,0,D,D,0,No Deposit,NULL,NULL,0,Transient,180.0,0,0,Check-Out,2015-09-27
City Hotel,0,0,2015,September,39,26,0,1,2,0,0,BB,PRT,Direct,Direct,0,0,0,D,D,0,No Deposit,NULL,NULL,0,Transient,180.0,0,0,Check-Out,2015-09-27
City Hotel,0,16,2015,September,39,25,0,2,1,0,0,BB,GBR,Groups,TA/TO,0,0,0,A,D,1,No Deposit,1,NULL,0,Transient-Party,170.0,0,0,Check-Out,2015-09-27
City Hotel,0,1,2015,September,39,26,0,1,2,0,0,BB,GBR,Online TA,TA/TO,0,0,0,A,A,0,No Deposit,9,NULL,0,Transient,180.0,0,0,Check-Out,2015-09-27
City Hotel,0,16,2015,September,39,25,1,2,1,0,0,BB,GBR,Groups,TA/TO,0,0,0,A,B,1,No Deposit,1,NULL,0,Transient-Party,170.0,0,0,Check-Out,2015-09-28
City Hotel,0,16,2015,September,39,25,1,2,1,0,0,BB,GBR,Groups,TA/TO,0,0,0,A,D,1,No Deposit,1,NULL,0,Transient-Party,170.0,0,0,Check-Out,2015-09-28
City Hotel,0,15,2015,September,39,24,1,3,2,0,0,BB,ITA,Groups,TA/TO,0,0,0,A,D,4,No Deposit,1,NULL,0,Transient-Party,170.0,0,0,Check-Out,2015-09-28
City Hotel,0,17,2015,September,39,26,1,1,1,0,0,BB,GRC,Groups,TA/TO,0,0,0,A,A,2,No Deposit,1,NULL,0,Transient-Party,170.0,0,0,Check-Out,2015-09-28
City Hotel,0,17,2015,September,39,26,1,1,1,0,0,BB,FRA,Groups,TA/TO,0,0,0,A,D,1,No Deposit,1,NULL,0,Transient-Party,170.0,0,1,Check-Out,2015-09-28
City Hotel,0,18,2015,September,40,27,1,0,1,0,0,BB,SWE,Groups,TA/TO,0,0,0,A,D,1,No Deposit,1,NULL,0,Transient-Party,170.0,0,0,Check-Out,2015-09-28
City Hotel,0,6,2015,September,40,27,1,0,1,0,0,BB,PRT,Online TA,TA/TO,0,0,0,A,A,0,No Deposit,9,NULL,0,Contract,206.0,0,1,Check-Out,2015-09-28
City Hotel,0,16,2015,September,39,25,1,2,2,0,0,BB,ITA,Groups,TA/TO,0,0,0,A,A,1,No Deposit,1,NULL,0,Transient-Party,170.0,0,0,Check-Out,2015-09-28
City Hotel,0,11,2015,September,39,25,1,2,2,0,0,BB,PRT,Direct,Direct,0,0,0,A,D,0,No Deposit,NULL,NULL,0,Transient,200.0,0,1,Check-Out,2015-09-28
City Hotel,0,18,2015,September,40,27,1,0,1,0,0,BB,ITA,Groups,TA/TO,0,0,0,A,A,3,No Deposit,1,NULL,0,Transient-Party,170.0,0,0,Check-Out,2015-09-28
City Hotel,0,18,2015,September,40,27,1,0,1,0,0,BB,ITA,Groups,TA/TO,0,0,0,A,A,2,No Deposit,1,NULL,0,Transient-Party,170.0,0,0,Check-Out,2015-09-28
City Hotel,0,3,2015,September,39,25,1,2,2,0,0,BB,JPN,Groups,TA/TO,0,0,0,A,D,0,No Deposit,1,NULL,0,Transient-Party,170.0,0,0,Check-Out,2015-09-28
City Hotel,0,12,2015,September,39,26,1,1,2,0,0,BB,USA,Direct,Direct,0,0,0,A,A,0,No Deposit,14,NULL,0,Transient,200.0,0,1,Check-Out,2015-09-28
City Hotel,0,0,2015,September,40,27,1,0,2,0,0,BB,ESP,Direct,Direct,0,0,0,A,A,0,No Deposit,NULL,NULL,0,Transient,170.0,0,0,Check-Out,2015-09-28
City Hotel,1,11,2015,October,40,2,0,2,2,0,0,BB,PRT,Online TA,TA/TO,0,1,0,B,B,0,No Deposit,9,NULL,0,Contract,153.5,0,1,Canceled,2015-09-28
City Hotel,1,11,2015,October,40,2,0,2,2,0,0,BB,PRT,Online TA,TA/TO,0,1,0,B,B,0,No Deposit,9,NULL,0,Contract,153.5,0,1,Canceled,2015-09-28
City Hotel,0,5,2015,September,40,27,1,0,2,0,0,BB,ESP,Groups,TA/TO,0,0,0,A,A,0,No Deposit,1,NULL,0,Transient-Party,170.0,0,0,Check-Out,2015-09-28
City Hotel,0,12,2015,September,39,26,1,1,2,0,0,BB,USA,Direct,Direct,0,0,0,A,A,0,No Deposit,14,NULL,0,Transient,200.0,0,1,Check-Out,2015-09-28
City Hotel,0,12,2015,September,39,24,1,3,2,0,0,SC,SVK,Online TA,TA/TO,0,0,0,A,A,0,No Deposit,9,NULL,0,Transient,178.5,0,1,Check-Out,2015-09-28
City Hotel,0,9,2015,September,39,24,1,3,2,0,0,BB,RUS,Online TA,TA/TO,0,0,0,A,A,0,No Deposit,9,NULL,0,Contract,190.5,0,2,Check-Out,2015-09-28
City Hotel,0,0,2015,September,39,26,1,1,1,0,0,BB,PRT,Complementary,Direct,0,0,0,A,A,1,No Deposit,NULL,NULL,0,Transient,170.0,0,0,Check-Out,2015-09-28
City Hotel,0,16,2015,September,39,25,1,2,1,0,0,BB,HRV,Groups,TA/TO,0,0,0,A,B,1,No Deposit,1,NULL,0,Transient-Party,170.0,0,0,Check-Out,2015-09-28
City Hotel,0,18,2015,September,40,27,2,0,1,0,0,BB,GBR,Groups,TA/TO,0,0,0,A,A,1,No Deposit,1,NULL,0,Transient-Party,170.0,0,0,Check-Out,2015-09-29
City Hotel,0,17,2015,September,39,26,2,1,1,0,0,BB,ITA,Groups,TA/TO,0,0,0,A,A,2,No Deposit,1,NULL,0,Transient-Party,170.0,0,0,Check-Out,2015-09-29
City Hotel,0,9,2015,September,39,20,4,5,2,0,0,SC,NLD,Online TA,TA/TO,0,0,0,A,A,0,No Deposit,9,NULL,0,Contract,169.11,0,0,Check-Out,2015-09-29
City Hotel,0,16,2015,September,39,25,2,2,1,0,0,BB,GBR,Groups,TA/TO,0,0,0,A,A,0,No Deposit,1,NULL,0,Transient-Party,170.0,0,0,Check-Out,2015-09-29
City Hotel,0,16,2015,September,39,25,2,2,2,0,0,BB,ITA,Groups,TA/TO,0,0,0,A,D,0,No Deposit,1,NULL,0,Transient-Party,170.0,0,0,Check-Out,2015-09-29
City Hotel,0,16,2015,September,39,25,2,2,1,0,0,BB,BEL,Groups,TA/TO,0,0,0,A,D,1,No Deposit,1,NULL,0,Transient-Party,170.0,0,0,Check-Out,2015-09-29
City Hotel,0,14,2015,September,39,26,2,1,1,0,0,SC,AUT,Online TA,TA/TO,0,0,0,A,D,0,No Deposit,9,NULL,0,Transient,200.0,0,0,Check-Out,2015-09-29
City Hotel,0,17,2015,September,39,26,2,1,1,0,0,BB,USA,Groups,TA/TO,0,0,0,A,A,1,No Deposit,1,NULL,0,Transient-Party,170.0,0,0,Check-Out,2015-09-29
City Hotel,0,6,2015,September,40,28,1,0,1,0,0,BB,PRT,Groups,TA/TO,0,0,0,A,D,0,No Deposit,1,NULL,0,Transient-Party,170.0,0,0,Check-Out,2015-09-29
City Hotel,0,5,2015,September,40,27,2,0,1,0,0,BB,ESP,Groups,TA/TO,0,0,0,A,B,0,No Deposit,1,NULL,0,Transient-Party,170.0,0,0,Check-Out,2015-09-29
City Hotel,0,18,2015,September,40,27,2,0,1,0,0,BB,IRL,Groups,TA/TO,0,0,0,A,A,1,No Deposit,1,NULL,0,Transient-Party,170.0,0,0,Check-Out,2015-09-29
City Hotel,0,18,2015,September,40,27,2,0,2,0,0,BB,ITA,Groups,TA/TO,0,0,0,A,A,1,No Deposit,1,NULL,0,Transient-Party,170.0,0,0,Check-Out,2015-09-29
City Hotel,0,17,2015,September,39,26,2,1,2,0,0,BB,ITA,Groups,TA/TO,0,0,0,A,A,1,No Deposit,1,NULL,0,Transient-Party,170.0,0,0,Check-Out,2015-09-29
City Hotel,0,16,2015,September,39,25,2,2,1,0,0,BB,PRT,Groups,TA/TO,0,0,0,A,A,0,No Deposit,1,NULL,0,Transient-Party,170.0,0,0,Check-Out,2015-09-29
City Hotel,0,16,2015,September,39,25,2,2,2,0,0,BB,PRT,Groups,TA/TO,0,0,0,A,D,0,No Deposit,1,NULL,0,Transient-Party,180.0,0,0,Check-Out,2015-09-29
City Hotel,0,16,2015,September,39,25,2,2,2,0,0,BB,ITA,Groups,TA/TO,0,0,0,A,A,0,No Deposit,1,NULL,0,Transient-Party,170.0,0,1,Check-Out,2015-09-29
City Hotel,0,16,2015,September,39,25,2,2,1,0,0,BB,BEL,Groups,TA/TO,0,0,0,A,D,0,No Deposit,1,NULL,0,Transient-Party,170.0,0,0,Check-Out,2015-09-29
City Hotel,0,19,2015,September,40,28,1,0,1,0,0,BB,PRT,Groups,TA/TO,0,0,0,A,A,1,No Deposit,1,NULL,0,Transient-Party,170.0,0,0,Check-Out,2015-09-29
City Hotel,0,16,2015,September,39,25,2,2,2,1,0,BB,ITA,Groups,TA/TO,0,0,0,A,D,1,No Deposit,1,NULL,0,Transient-Party,185.0,0,0,Check-Out,2015-09-29
City Hotel,0,17,2015,September,39,26,2,1,2,0,0,BB,ITA,Groups,TA/TO,0,0,0,A,A,2,No Deposit,1,NULL,0,Transient-Party,170.0,0,0,Check-Out,2015-09-29
City Hotel,0,17,2015,September,39,26,2,1,2,0,0,BB,ITA,Groups,TA/TO,0,0,0,A,A,1,No Deposit,1,NULL,0,Transient-Party,170.0,0,0,Check-Out,2015-09-29
City Hotel,0,0,2015,September,39,25,2,2,2,0,0,BB,UKR,Online TA,TA/TO,0,0,0,D,D,0,No Deposit,9,NULL,0,Transient,180.0,0,1,Check-Out,2015-09-29
City Hotel,0,19,2015,September,40,28,1,0,1,0,0,BB,CHE,Groups,TA/TO,0,0,0,A,B,1,No Deposit,1,NULL,0,Transient-Party,170.0,0,0,Check-Out,2015-09-29
City Hotel,0,16,2015,September,39,25,2,2,1,0,0,BB,BEL,Groups,TA/TO,0,0,0,A,D,1,No Deposit,1,NULL,0,Transient-Party,170.0,0,0,Check-Out,2015-09-29
City Hotel,0,17,2015,September,39,26,2,1,1,0,0,BB,GBR,Groups,TA/TO,0,0,0,A,A,1,No Deposit,1,NULL,0,Transient-Party,170.0,0,0,Check-Out,2015-09-29
City Hotel,0,17,2015,September,39,26,2,1,1,0,0,BB,USA,Groups,TA/TO,0,0,0,A,A,2,No Deposit,1,NULL,0,Transient-Party,170.0,0,0,Check-Out,2015-09-29
City Hotel,0,17,2015,September,39,26,2,1,1,0,0,BB,ESP,Groups,TA/TO,0,0,0,A,A,2,No Deposit,1,NULL,0,Transient-Party,170.0,0,0,Check-Out,2015-09-29
City Hotel,0,16,2015,September,39,25,2,2,1,0,0,BB,ITA,Groups,TA/TO,0,0,0,A,A,0,No Deposit,1,NULL,0,Transient-Party,170.0,0,0,Check-Out,2015-09-29
City Hotel,0,16,2015,September,39,25,2,2,2,0,0,BB,ITA,Groups,TA/TO,0,0,0,A,D,1,No Deposit,1,NULL,0,Transient-Party,170.0,0,0,Check-Out,2015-09-29
City Hotel,0,16,2015,September,39,25,2,2,2,0,0,BB,PRT,Groups,TA/TO,0,0,0,A,A,0,No Deposit,1,NULL,0,Transient-Party,170.0,0,1,Check-Out,2015-09-29
City Hotel,0,17,2015,September,39,26,2,1,2,0,0,BB,ITA,Groups,TA/TO,0,0,0,A,A,1,No Deposit,1,NULL,0,Transient-Party,170.0,0,0,Check-Out,2015-09-29
City Hotel,0,17,2015,September,39,26,2,1,1,0,0,BB,DEU,Groups,TA/TO,0,0,0,A,D,2,No Deposit,1,NULL,0,Transient-Party,170.0,0,0,Check-Out,2015-09-29
City Hotel,0,18,2015,September,40,27,2,0,1,0,0,BB,CHE,Groups,TA/TO,0,0,0,A,A,2,No Deposit,1,NULL,0,Transient-Party,170.0,0,0,Check-Out,2015-09-29
City Hotel,0,0,2015,September,39,26,2,1,2,0,0,BB,ISR,Direct,Direct,0,0,0,D,F,0,No Deposit,NULL,NULL,0,Transient,180.0,0,0,Check-Out,2015-09-29
City Hotel,0,17,2015,September,39,26,2,1,1,0,0,BB,FRA,Groups,TA/TO,0,0,0,A,E,2,No Deposit,1,NULL,0,Transient-Party,170.0,0,2,Check-Out,2015-09-29
City Hotel,0,17,2015,September,39,26,2,1,1,0,0,BB,IRN,Groups,TA/TO,0,0,0,A,A,0,No Deposit,1,NULL,0,Transient-Party,170.0,0,0,Check-Out,2015-09-29
City Hotel,0,16,2015,September,39,25,2,2,1,0,0,BB,GBR,Groups,TA/TO,0,0,0,A,D,0,No Deposit,1,NULL,0,Transient-Party,170.0,0,0,Check-Out,2015-09-29
City Hotel,0,19,2015,September,40,28,1,0,1,0,0,BB,GBR,Groups,TA/TO,0,0,0,A,A,1,No Deposit,1,NULL,0,Transient-Party,170.0,0,0,Check-Out,2015-09-29
City Hotel,0,16,2015,September,39,25,2,2,1,0,0,BB,CHE,Groups,TA/TO,0,0,0,A,D,1,No Deposit,1,NULL,0,Transient-Party,170.0,0,0,Check-Out,2015-09-29
City Hotel,0,16,2015,September,39,25,2,3,1,0,0,BB,FIN,Groups,TA/TO,0,0,0,A,A,0,No Deposit,1,NULL,0,Transient-Party,170.0,0,0,Check-Out,2015-09-30
City Hotel,0,16,2015,September,39,25,2,3,3,0,0,BB,ITA,Groups,TA/TO,0,0,0,A,D,2,No Deposit,1,NULL,0,Transient-Party,170.0,0,0,Check-Out,2015-09-30
City Hotel,0,16,2015,September,39,25,2,3,1,0,0,BB,ITA,Groups,TA/TO,0,0,0,A,D,2,No Deposit,1,NULL,0,Transient-Party,170.0,0,0,Check-Out,2015-09-30
City Hotel,0,16,2015,September,39,25,2,3,2,0,0,BB,PRT,Groups,TA/TO,0,0,0,A,A,1,No Deposit,1,NULL,0,Transient-Party,170.0,0,0,Check-Out,2015-09-30
City Hotel,0,17,2015,September,39,26,2,2,1,0,0,BB,DNK,Groups,TA/TO,0,0,0,A,A,1,No Deposit,1,NULL,0,Transient-Party,170.0,0,0,Check-Out,2015-09-30
City Hotel,0,17,2015,September,39,26,2,2,1,0,0,BB,USA,Groups,TA/TO,0,0,0,A,A,1,No Deposit,1,NULL,0,Transient-Party,170.0,0,0,Check-Out,2015-09-30
City Hotel,0,16,2015,September,39,25,2,3,1,0,0,BB,USA,Groups,TA/TO,0,0,0,A,D,0,No Deposit,1,NULL,0,Transient-Party,170.0,0,0,Check-Out,2015-09-30
City Hotel,0,7,2015,September,40,28,1,1,2,0,0,BB,DEU,Groups,TA/TO,0,0,0,A,B,0,No Deposit,1,NULL,0,Transient-Party,170.0,0,0,Check-Out,2015-09-30
City Hotel,0,18,2015,September,40,27,2,1,1,0,0,BB,GBR,Groups,TA/TO,0,0,0,A,A,1,No Deposit,1,NULL,0,Transient-Party,170.0,0,0,Check-Out,2015-09-30
City Hotel,0,17,2015,September,39,26,2,2,1,0,0,BB,USA,Groups,TA/TO,0,0,0,A,A,1,No Deposit,1,NULL,0,Transient-Party,170.0,0,0,Check-Out,2015-09-30
City Hotel,0,18,2015,September,40,27,2,1,1,0,0,BB,CHE,Groups,TA/TO,0,0,0,A,A,1,No Deposit,1,NULL,0,Transient-Party,170.0,0,0,Check-Out,2015-09-30
City Hotel,0,17,2015,September,39,26,2,2,1,0,0,BB,GBR,Groups,TA/TO,0,0,0,A,A,1,No Deposit,1,NULL,0,Transient-Party,170.0,0,0,Check-Out,2015-09-30
City Hotel,0,18,2015,September,40,27,2,1,1,0,0,BB,ITA,Groups,TA/TO,0,0,0,A,A,1,No Deposit,1,NULL,0,Transient-Party,170.0,0,0,Check-Out,2015-09-30
City Hotel,0,16,2015,September,39,25,2,3,1,0,0,BB,GBR,Groups,TA/TO,0,0,0,A,A,0,No Deposit,1,NULL,0,Transient-Party,170.0,0,0,Check-Out,2015-09-30
City Hotel,0,3,2015,September,39,25,2,3,1,0,0,BB,JPN,Groups,TA/TO,0,0,0,A,D,0,No Deposit,1,NULL,0,Transient-Party,170.0,0,0,Check-Out,2015-09-30
City Hotel,0,16,2015,September,39,26,2,2,2,0,0,BB,ITA,Online TA,TA/TO,0,0,0,A,A,0,No Deposit,9,NULL,0,Contract,210.0,0,2,Check-Out,2015-09-30
City Hotel,0,19,2015,September,40,28,1,1,1,0,0,BB,PRT,Groups,TA/TO,0,0,0,A,D,1,No Deposit,1,NULL,0,Transient-Party,170.0,0,0,Check-Out,2015-09-30
City Hotel,0,16,2015,September,39,25,2,3,1,0,0,BB,FRA,Groups,TA/TO,0,0,0,A,D,0,No Deposit,1,NULL,0,Transient-Party,170.0,0,0,Check-Out,2015-09-30
City Hotel,0,16,2015,September,39,25,2,3,1,0,0,BB,JPN,Groups,TA/TO,0,0,0,A,D,0,No Deposit,1,NULL,0,Transient-Party,170.0,0,0,Check-Out,2015-09-30
City Hotel,1,13,2015,October,41,7,0,3,2,0,0,BB,PRT,Online TA,TA/TO,0,1,0,D,D,0,No Deposit,9,NULL,0,Contract,155.0,0,2,Canceled,2015-09-30
City Hotel,0,16,2015,September,39,25,2,3,2,0,0,BB,ITA,Groups,TA/TO,0,0,0,A,A,1,No Deposit,1,NULL,0,Transient-Party,170.0,0,0,Check-Out,2015-09-30
City Hotel,1,3,2015,October,40,2,2,2,2,0,0,BB,PRT,Online TA,TA/TO,0,1,0,A,A,0,No Deposit,9,NULL,0,Contract,164.0,0,0,Canceled,2015-09-30
City Hotel,0,2,2015,September,39,24,2,4,1,0,0,BB,PRT,Groups,TA/TO,0,0,0,A,A,2,No Deposit,1,NULL,0,Transient-Party,170.0,0,0,Check-Out,2015-09-30
City Hotel,0,17,2015,September,39,26,2,2,1,0,0,BB,ITA,Groups,TA/TO,0,0,0,A,A,1,No Deposit,1,NULL,0,Transient-Party,170.0,0,0,Check-Out,2015-09-30
City Hotel,0,9,2015,September,40,27,2,1,2,0,0,BB,ITA,Online TA,TA/TO,0,0,0,A,A,0,No Deposit,7,NULL,0,Transient,155.08,0,1,Check-Out,2015-09-30
City Hotel,0,0,2015,October,41,5,1,3,2,0,0,BB,ITA,Direct,TA/TO,1,0,1,E,E,0,No Deposit,14,NULL,0,Transient,165.0,0,1,Check-Out,2015-10-09
City Hotel,0,16,2015,September,39,25,2,3,2,0,0,BB,ITA,Groups,TA/TO,0,0,0,A,B,1,No Deposit,1,NULL,0,Transient-Party,170.0,0,0,Check-Out,2015-09-30
City Hotel,0,16,2015,September,39,25,2,3,1,0,0,BB,FRA,Groups,TA/TO,0,0,0,A,A,0,No Deposit,1,NULL,0,Transient-Party,170.0,0,1,Check-Out,2015-09-30
City Hotel,0,16,2015,September,39,25,2,3,1,0,0,BB,FRA,Groups,TA/TO,0,0,0,A,D,0,No Deposit,1,NULL,0,Transient-Party,170.0,0,0,Check-Out,2015-09-30
City Hotel,0,16,2015,September,39,25,2,3,1,0,0,BB,GBR,Groups,TA/TO,0,0,0,A,A,0,No Deposit,1,NULL,0,Transient-Party,170.0,0,0,Check-Out,2015-09-30
City Hotel,0,4,2015,September,40,28,1,1,1,0,0,BB,DEU,Groups,TA/TO,0,0,0,A,D,0,No Deposit,1,NULL,0,Transient-Party,170.0,0,0,Check-Out,2015-09-30
City Hotel,0,7,2015,September,40,29,0,1,1,0,0,BB,ESP,Online TA,TA/TO,0,0,0,A,A,0,No Deposit,10,NULL,0,Transient,195.7,0,0,Check-Out,2015-09-30
City Hotel,0,19,2015,September,40,28,1,1,1,0,0,BB,USA,Groups,TA/TO,0,0,0,A,B,2,No Deposit,1,NULL,0,Transient-Party,170.0,0,0,Check-Out,2015-09-30
City Hotel,0,19,2015,September,40,28,1,1,1,0,0,BB,GBR,Groups,TA/TO,0,0,0,A,D,1,No Deposit,1,NULL,0,Transient-Party,170.0,0,0,Check-Out,2015-09-30
City Hotel,0,16,2015,September,39,25,2,3,1,0,0,BB,GBR,Groups,TA/TO,0,0,0,A,A,0,No Deposit,1,NULL,0,Transient-Party,170.0,0,0,Check-Out,2015-09-30
City Hotel,0,16,2015,September,39,25,2,3,1,0,0,BB,CHE,Groups,TA/TO,0,0,0,A,A,0,No Deposit,1,NULL,0,Transient-Party,170.0,0,0,Check-Out,2015-09-30
City Hotel,0,16,2015,September,39,25,2,3,1,0,0,BB,GBR,Groups,TA/TO,0,0,0,A,A,0,No Deposit,1,NULL,0,Transient-Party,170.0,0,0,Check-Out,2015-09-30
City Hotel,0,18,2015,September,40,27,2,1,1,0,0,BB,PRT,Groups,TA/TO,0,0,0,A,B,1,No Deposit,1,NULL,0,Transient-Party,170.0,0,0,Check-Out,2015-09-30
City Hotel,0,16,2015,September,39,25,2,3,1,0,0,BB,GBR,Groups,TA/TO,0,0,0,A,A,0,No Deposit,1,NULL,0,Transient-Party,170.0,0,0,Check-Out,2015-09-30
City Hotel,0,16,2015,September,39,25,2,3,1,0,0,BB,GBR,Groups,TA/TO,0,0,0,A,A,0,No Deposit,1,NULL,0,Transient-Party,170.0,0,0,Check-Out,2015-09-30
City Hotel,0,19,2015,September,40,28,1,1,1,0,0,BB,PRT,Groups,TA/TO,0,0,0,A,D,1,No Deposit,1,NULL,0,Transient-Party,170.0,0,0,Check-Out,2015-09-30
City Hotel,0,4,2015,September,39,25,2,3,1,0,0,BB,FRA,Groups,TA/TO,0,0,0,A,D,0,No Deposit,1,NULL,0,Transient-Party,170.0,0,0,Check-Out,2015-09-30
City Hotel,0,16,2015,September,39,25,2,3,1,0,0,BB,EGY,Groups,TA/TO,0,0,0,A,A,1,No Deposit,1,NULL,0,Transient-Party,170.0,0,0,Check-Out,2015-09-30
City Hotel,0,16,2015,September,39,25,2,3,1,0,0,BB,PRT,Groups,TA/TO,0,0,0,A,A,0,No Deposit,1,NULL,0,Transient-Party,170.0,0,0,Check-Out,2015-09-30
City Hotel,0,3,2015,September,39,24,2,4,1,0,0,BB,PRT,Groups,TA/TO,0,0,0,A,D,1,No Deposit,1,NULL,0,Transient-Party,170.0,0,0,Check-Out,2015-09-30
City Hotel,0,16,2015,September,39,25,2,3,1,0,0,BB,FRA,Groups,TA/TO,0,0,0,A,B,0,No Deposit,1,NULL,0,Transient-Party,170.0,0,0,Check-Out,2015-09-30
City Hotel,0,17,2015,September,39,26,2,2,2,0,0,BB,ITA,Groups,TA/TO,0,0,0,A,A,1,No Deposit,1,NULL,0,Transient-Party,170.0,0,0,Check-Out,2015-09-30
City Hotel,0,4,2015,September,39,25,2,3,1,0,0,BB,CHE,Groups,TA/TO,0,0,0,A,A,0,No Deposit,1,NULL,0,Transient-Party,170.0,0,0,Check-Out,2015-09-30
City Hotel,0,16,2015,September,39,25,2,3,1,0,0,BB,ITA,Groups,TA/TO,0,0,0,A,A,1,No Deposit,1,NULL,0,Transient-Party,170.0,0,0,Check-Out,2015-09-30
City Hotel,0,16,2015,September,39,25,2,3,1,0,0,BB,GBR,Groups,TA/TO,0,0,0,A,A,0,No Deposit,1,NULL,0,Transient-Party,170.0,0,0,Check-Out,2015-09-30
City Hotel,0,5,2015,September,39,26,2,2,1,0,0,BB,NLD,Online TA,TA/TO,0,0,0,A,B,0,No Deposit,9,NULL,0,Contract,206.0,0,1,Check-Out,2015-09-30
City Hotel,0,17,2015,September,39,26,2,2,1,0,0,BB,IRN,Groups,TA/TO,0,0,0,A,B,0,No Deposit,1,NULL,0,Transient-Party,170.0,0,0,Check-Out,2015-09-30
City Hotel,0,6,2015,September,40,28,1,1,2,0,0,BB,GBR,Groups,TA/TO,0,0,0,A,A,0,No Deposit,1,NULL,0,Transient-Party,170.0,0,0,Check-Out,2015-09-30
City Hotel,0,18,2015,September,40,27,2,1,1,0,0,BB,ESP,Groups,TA/TO,0,0,0,A,A,1,No Deposit,1,NULL,0,Transient-Party,170.0,0,0,Check-Out,2015-09-30
City Hotel,0,16,2015,September,39,25,2,3,1,0,0,BB,GBR,Groups,TA/TO,0,0,0,A,A,0,No Deposit,1,NULL,0,Transient-Party,170.0,0,0,Check-Out,2015-09-30
City Hotel,0,17,2015,September,39,26,2,2,1,0,0,BB,IRN,Groups,TA/TO,0,0,0,A,A,0,No Deposit,1,NULL,0,Transient-Party,170.0,0,0,Check-Out,2015-09-30
City Hotel,0,17,2015,September,39,26,2,2,1,0,0,BB,PRT,Groups,TA/TO,0,0,0,A,A,0,No Deposit,1,NULL,0,Transient-Party,170.0,0,0,Check-Out,2015-09-30
City Hotel,0,19,2015,September,40,28,1,1,1,0,0,BB,PRT,Groups,TA/TO,0,0,0,A,A,2,No Deposit,1,NULL,0,Transient-Party,170.0,0,0,Check-Out,2015-09-30
City Hotel,0,16,2015,September,39,25,2,3,1,0,0,BB,USA,Groups,TA/TO,0,0,0,A,A,0,No Deposit,1,NULL,0,Transient-Party,170.0,0,0,Check-Out,2015-09-30
City Hotel,0,16,2015,September,39,25,2,3,1,0,0,BB,FRA,Groups,TA/TO,0,0,0,A,A,0,No Deposit,1,NULL,0,Transient-Party,170.0,0,1,Check-Out,2015-09-30
City Hotel,0,16,2015,September,39,25,2,3,2,0,0,BB,CMR,Groups,TA/TO,0,0,0,A,D,1,No Deposit,1,NULL,0,Transient-Party,170.0,0,0,Check-Out,2015-09-30
City Hotel,0,16,2015,September,39,25,2,3,1,0,0,BB,FIN,Groups,TA/TO,0,0,0,A,A,0,No Deposit,1,NULL,0,Transient-Party,170.0,0,0,Check-Out,2015-09-30
City Hotel,0,17,2015,September,39,26,2,2,1,0,0,BB,PRT,Groups,TA/TO,0,0,0,A,A,0,No Deposit,1,NULL,0,Transient-Party,170.0,0,0,Check-Out,2015-09-30
City Hotel,0,18,2015,September,40,27,2,1,2,0,0,BB,ITA,Groups,TA/TO,0,0,0,A,A,1,No Deposit,1,NULL,0,Transient-Party,170.0,0,0,Check-Out,2015-09-30
City Hotel,0,19,2015,September,40,28,1,1,1,0,0,BB,GBR,Groups,TA/TO,0,0,0,A,A,1,No Deposit,1,NULL,0,Transient-Party,170.0,0,0,Check-Out,2015-09-30
City Hotel,0,17,2015,September,39,26,2,2,1,0,0,BB,IRN,Groups,TA/TO,0,0,0,A,A,2,No Deposit,1,NULL,0,Transient-Party,170.0,0,0,Check-Out,2015-09-30
City Hotel,0,17,2015,September,39,26,2,2,1,0,0,BB,IRN,Groups,TA/TO,0,0,0,A,A,0,No Deposit,1,NULL,0,Transient-Party,170.0,0,0,Check-Out,2015-09-30
City Hotel,0,17,2015,September,39,26,2,2,1,0,0,BB,FRA,Groups,TA/TO,0,0,0,A,A,1,No Deposit,1,NULL,0,Transient-Party,170.0,0,0,Check-Out,2015-09-30
City Hotel,0,17,2015,September,39,26,2,2,2,0,0,BB,IRN,Groups,TA/TO,0,0,0,A,A,1,No Deposit,1,NULL,0,Transient-Party,180.0,0,0,Check-Out,2015-09-30
City Hotel,0,7,2015,September,40,28,1,1,1,0,0,BB,USA,Groups,TA/TO,0,0,0,A,A,0,No Deposit,1,NULL,0,Transient-Party,170.0,0,0,Check-Out,2015-09-30
City Hotel,0,16,2015,September,39,25,2,3,1,0,0,BB,PRT,Groups,TA/TO,0,0,0,A,A,2,No Deposit,1,NULL,0,Transient-Party,170.0,0,0,Check-Out,2015-09-30
City Hotel,0,16,2015,September,39,25,2,3,1,0,0,BB,USA,Groups,TA/TO,0,0,0,A,A,0,No Deposit,1,NULL,0,Transient-Party,170.0,0,0,Check-Out,2015-09-30
City Hotel,0,16,2015,September,39,25,2,3,1,0,0,BB,BEL,Groups,TA/TO,0,0,0,A,A,0,No Deposit,1,NULL,0,Transient-Party,170.0,0,0,Check-Out,2015-09-30
City Hotel,0,17,2015,September,39,26,2,2,1,0,0,BB,IRN,Groups,TA/TO,0,0,0,A,A,0,No Deposit,1,NULL,0,Transient-Party,170.0,0,0,Check-Out,2015-09-30
City Hotel,0,16,2015,September,39,25,2,3,2,0,0,BB,FRA,Groups,TA/TO,0,0,0,A,A,0,No Deposit,1,NULL,0,Transient-Party,170.0,0,1,Check-Out,2015-09-30
City Hotel,0,4,2015,September,39,25,2,4,1,0,0,BB,BEL,Groups,TA/TO,0,0,0,A,A,1,No Deposit,1,NULL,0,Transient-Party,170.0,0,0,Check-Out,2015-10-01
City Hotel,0,8,2015,September,39,23,2,5,1,0,0,BB,PRT,Online TA,TA/TO,0,0,0,A,A,0,No Deposit,9,NULL,0,Contract,187.43,0,2,Check-Out,2015-09-30
City Hotel,0,16,2015,September,39,25,2,3,1,0,0,BB,PRT,Groups,TA/TO,0,0,0,A,A,1,No Deposit,1,NULL,0,Transient-Party,170.0,0,0,Check-Out,2015-09-30
City Hotel,0,15,2015,September,39,24,2,4,1,0,0,BB,BEL,Groups,TA/TO,0,0,0,A,A,1,No Deposit,1,NULL,0,Transient-Party,170.0,0,0,Check-Out,2015-09-30
City Hotel,0,16,2015,September,39,25,2,3,1,0,0,BB,FIN,Groups,TA/TO,0,0,0,A,A,0,No Deposit,1,NULL,0,Transient-Party,170.0,0,0,Check-Out,2015-09-30
City Hotel,0,16,2015,September,39,25,2,3,1,0,0,BB,PRT,Groups,TA/TO,0,0,0,G,G,0,No Deposit,1,NULL,0,Transient-Party,250.0,0,0,Check-Out,2015-09-30
City Hotel,0,18,2015,September,40,27,2,1,2,0,0,BB,ITA,Groups,TA/TO,0,0,0,A,A,1,No Deposit,1,NULL,0,Transient-Party,170.0,0,0,Check-Out,2015-09-30
City Hotel,0,19,2015,September,40,28,1,1,1,0,0,BB,HRV,Groups,TA/TO,0,0,0,A,A,1,No Deposit,1,NULL,0,Transient-Party,170.0,0,0,Check-Out,2015-09-30
City Hotel,0,16,2015,September,39,25,2,3,1,0,0,BB,FRA,Groups,TA/TO,0,0,0,A,A,0,No Deposit,1,NULL,0,Transient-Party,170.0,0,0,Check-Out,2015-09-30
City Hotel,0,16,2015,September,39,25,2,3,1,0,0,BB,PRT,Groups,TA/TO,0,0,0,A,A,0,No Deposit,1,NULL,0,Transient-Party,170.0,0,0,Check-Out,2015-09-30
City Hotel,0,2,2015,September,40,28,1,2,1,0,0,BB,PRT,Direct,Direct,0,0,0,A,A,1,No Deposit,NULL,NULL,0,Transient,170.0,0,0,Check-Out,2015-10-01
City Hotel,0,16,2015,September,39,25,2,4,1,0,0,BB,FIN,Groups,TA/TO,0,0,0,A,A,1,No Deposit,1,NULL,0,Transient,170.0,0,0,Check-Out,2015-10-01
City Hotel,1,7,2015,October,41,7,0,3,2,0,0,BB,PRT,Online TA,TA/TO,0,1,0,D,D,0,No Deposit,9,NULL,0,Contract,174.0,0,0,Canceled,2015-10-01
City Hotel,0,7,2015,September,40,28,1,2,2,0,0,BB,FRA,Direct,Direct,0,0,0,A,A,0,No Deposit,14,NULL,0,Transient,160.0,0,1,Check-Out,2015-10-01
City Hotel,0,0,2015,September,40,30,0,1,2,2,0,BB,NOR,Online TA,TA/TO,0,0,0,F,F,0,No Deposit,9,NULL,0,Contract,196.0,0,1,Check-Out,2015-10-01
City Hotel,0,29,2015,September,39,24,2,5,2,0,0,BB,PRT,Direct,Direct,0,0,0,A,A,1,No Deposit,NULL,NULL,0,Transient,170.0,0,1,Check-Out,2015-10-01
City Hotel,0,4,2015,September,39,26,2,3,1,0,0,BB,ESP,Groups,TA/TO,0,0,0,A,A,0,No Deposit,1,NULL,0,Transient,170.0,0,0,Check-Out,2015-10-01
City Hotel,0,6,2015,September,40,28,1,3,2,0,0,BB,LUX,Online TA,TA/TO,0,0,0,A,A,0,No Deposit,9,NULL,0,Contract,169.0,0,1,Check-Out,2015-10-02
City Hotel,0,8,2015,September,40,30,0,3,2,0,0,BB,ROU,Online TA,TA/TO,0,0,0,A,A,0,No Deposit,9,NULL,0,Contract,151.33,0,2,Check-Out,2015-10-03
City Hotel,0,18,2015,October,40,2,0,2,2,0,0,BB,NOR,Online TA,TA/TO,0,0,0,F,F,0,No Deposit,9,NULL,0,Contract,186.5,0,1,Check-Out,2015-10-04
City Hotel,0,10,2015,October,40,1,0,3,1,0,0,BB,ITA,Direct,Direct,0,0,0,A,A,0,No Deposit,14,NULL,0,Transient,159.67,0,0,Check-Out,2015-10-04
City Hotel,0,0,2015,September,40,28,1,5,2,0,0,BB,MOZ,Direct,Direct,0,0,0,A,A,0,No Deposit,NULL,NULL,0,Transient,164.67,0,0,Check-Out,2015-10-04
City Hotel,0,13,2015,October,40,1,0,3,2,0,0,BB,PRT,Online TA,TA/TO,0,0,0,A,A,0,No Deposit,9,NULL,0,Contract,176.67,0,1,Check-Out,2015-10-04
City Hotel,0,5,2015,October,40,3,1,1,1,0,0,BB,SWE,Online TA,TA/TO,0,0,0,A,A,0,No Deposit,9,NULL,0,Contract,158.0,0,0,Check-Out,2015-10-05
City Hotel,1,2,2015,October,41,6,0,2,2,0,0,BB,PRT,Direct,Direct,0,1,0,E,E,2,No Deposit,NULL,NULL,0,Transient,165.0,0,0,Canceled,2015-10-05
City Hotel,0,10,2015,October,40,2,1,2,2,0,0,BB,BEL,Online TA,TA/TO,0,0,0,D,D,0,No Deposit,9,NULL,0,Contract,186.67,0,2,Check-Out,2015-10-05
City Hotel,0,10,2015,October,40,2,1,2,2,0,0,BB,PRT,Online TA,TA/TO,0,0,0,D,D,0,No Deposit,9,NULL,0,Contract,186.67,0,2,Check-Out,2015-10-05
City Hotel,0,1,2015,October,40,2,1,2,2,1,0,BB,CHN,Online TA,TA/TO,0,0,0,F,F,0,No Deposit,9,NULL,0,Contract,226.17,0,1,Check-Out,2015-10-05
City Hotel,0,6,2015,October,40,2,2,3,2,0,0,BB,FRA,Direct,Direct,0,0,0,E,E,0,No Deposit,14,NULL,0,Group,176.4,0,0,Check-Out,2015-10-07
City Hotel,0,10,2015,October,40,2,2,3,3,0,0,BB,GBR,Direct,Direct,0,0,0,F,F,0,No Deposit,NULL,NULL,0,Transient,170.8,0,1,Check-Out,2015-10-07
City Hotel,0,13,2015,October,41,4,2,1,3,0,0,BB,GBR,Direct,Direct,0,0,0,F,F,0,No Deposit,14,NULL,0,Transient,186.0,0,2,Check-Out,2015-10-07
City Hotel,0,8,2015,October,40,2,2,4,2,2,0,BB,PRT,Online TA,TA/TO,0,0,0,F,F,0,No Deposit,9,NULL,0,Contract,224.5,0,2,Check-Out,2015-10-08
City Hotel,0,10,2015,October,40,1,2,5,2,0,0,HB,FRA,Direct,Direct,0,0,0,A,A,2,No Deposit,14,NULL,0,Transient,171.71,0,0,Check-Out,2015-10-08
City Hotel,0,0,2015,October,41,7,0,1,2,0,0,BB,PRT,Direct,Direct,0,0,0,E,E,0,No Deposit,NULL,NULL,0,Transient,163.0,0,0,Check-Out,2015-10-08
City Hotel,0,1,2015,October,41,6,0,3,1,2,0,BB,SWE,Online TA,TA/TO,0,0,0,F,G,0,No Deposit,9,NULL,0,Contract,221.33,0,2,Check-Out,2015-10-09
City Hotel,0,0,2015,October,41,7,0,2,1,0,0,BB,PRT,Online TA,TA/TO,0,0,0,D,F,0,No Deposit,9,NULL,0,Contract,155.0,0,2,Check-Out,2015-10-09
City Hotel,0,1,2015,October,41,7,0,2,2,0,0,BB,PRT,Online TA,TA/TO,0,0,0,D,F,0,No Deposit,9,NULL,0,Contract,155.0,0,0,Check-Out,2015-10-09
City Hotel,1,2,2015,October,41,10,0,1,2,0,0,BB,PRT,Direct,Direct,0,1,0,A,A,0,No Deposit,NULL,NULL,0,Transient,152.0,0,0,Canceled,2015-10-09
City Hotel,1,2,2015,October,41,10,0,1,2,0,0,BB,PRT,Direct,Direct,0,1,0,A,A,0,No Deposit,NULL,NULL,0,Transient,152.0,0,0,Canceled,2015-10-09
City Hotel,0,5,2015,October,41,6,0,3,2,0,0,BB,FRA,Online TA,TA/TO,0,0,0,A,A,0,No Deposit,9,NULL,0,Contract,151.33,0,0,Check-Out,2015-10-09
City Hotel,0,7,2015,September,40,28,3,8,2,0,0,BB,DZA,Online TA,TA/TO,0,0,0,A,A,0,No Deposit,9,NULL,0,Contract,155.45,0,2,Check-Out,2015-10-09
City Hotel,0,11,2015,October,41,9,0,1,2,0,0,BB,DEU,Online TA,TA/TO,0,0,0,D,D,0,No Deposit,9,NULL,0,Contract,155.0,0,2,Check-Out,2015-10-10
City Hotel,0,11,2015,October,41,9,0,1,2,0,0,BB,DEU,Online TA,TA/TO,0,0,0,D,D,0,No Deposit,9,NULL,0,Contract,155.0,0,2,Check-Out,2015-10-10
City Hotel,0,25,2015,October,41,6,0,4,2,2,0,BB,NLD,Online TA,TA/TO,0,0,0,F,F,0,No Deposit,9,NULL,0,Contract,162.25,0,1,Check-Out,2015-10-10
City Hotel,0,1,2015,October,41,7,0,3,2,0,0,BB,DEU,Online TA,TA/TO,0,0,0,D,D,0,No Deposit,9,NULL,0,Contract,155.0,0,2,Check-Out,2015-10-10
City Hotel,0,0,2015,October,41,9,0,1,2,0,0,BB,PRT,Online TA,TA/TO,0,0,0,A,A,0,No Deposit,9,NULL,0,Transient,164.0,0,1,Check-Out,2015-10-10
City Hotel,0,8,2015,October,41,7,0,3,1,0,0,BB,BEL,Online TA,TA/TO,0,0,0,A,E,0,No Deposit,9,NULL,0,Contract,158.0,0,0,Check-Out,2015-10-10
City Hotel,0,0,2015,October,41,9,0,1,2,0,0,SC,BEL,Online TA,TA/TO,0,0,0,A,A,0,No Deposit,9,NULL,0,Transient,161.0,1,1,Check-Out,2015-10-10
City Hotel,0,7,2015,October,41,7,0,3,2,0,0,BB,ITA,Online TA,TA/TO,0,0,0,A,A,0,No Deposit,9,NULL,0,Contract,164.0,0,2,Check-Out,2015-10-10
City Hotel,0,0,2015,October,41,7,0,3,2,2,0,BB,PRT,Online TA,TA/TO,0,0,0,F,F,0,No Deposit,9,NULL,0,Contract,196.0,0,2,Check-Out,2015-10-10
City Hotel,0,7,2015,October,41,7,0,3,2,0,0,BB,ITA,Online TA,TA/TO,0,0,0,A,A,0,No Deposit,9,NULL,0,Contract,164.0,0,2,Check-Out,2015-10-10
City Hotel,0,0,2015,October,41,9,0,1,1,0,0,BB,PRT,Direct,Direct,0,0,0,A,A,0,No Deposit,NULL,NULL,0,Transient,152.0,0,0,Check-Out,2015-10-10
City Hotel,0,0,2015,October,41,9,0,1,2,0,0,BB,PRT,Direct,Direct,0,0,0,A,A,0,No Deposit,NULL,NULL,0,Transient,152.0,0,0,Check-Out,2015-10-10
City Hotel,0,0,2015,October,41,7,0,4,1,0,0,BB,USA,Online TA,TA/TO,0,0,0,D,A,0,No Deposit,9,NULL,0,Transient,159.75,0,1,Check-Out,2015-10-11
City Hotel,0,2,2015,October,41,9,0,2,2,0,0,BB,ESP,Online TA,TA/TO,0,0,0,D,F,0,No Deposit,9,NULL,0,Contract,164.5,0,2,Check-Out,2015-10-11
City Hotel,0,1,2015,October,41,9,1,2,2,0,0,BB,ESP,Online TA,TA/TO,0,0,0,A,A,0,No Deposit,9,NULL,0,Transient,151.33,0,0,Check-Out,2015-10-12
City Hotel,0,7,2015,October,41,9,1,2,2,0,0,BB,ESP,Online TA,TA/TO,0,0,0,D,D,0,No Deposit,9,NULL,0,Contract,170.33,0,2,Check-Out,2015-10-12
City Hotel,0,7,2015,October,41,9,1,2,2,0,0,BB,ESP,Online TA,TA/TO,0,0,0,D,D,0,No Deposit,9,NULL,0,Contract,161.33,0,2,Check-Out,2015-10-12
City Hotel,0,2,2015,October,41,10,1,1,2,0,0,BB,ESP,Online TA,TA/TO,0,0,0,F,G,0,No Deposit,9,NULL,0,Transient,205.0,1,0,Check-Out,2015-10-12
City Hotel,1,56,2015,December,49,5,2,1,2,2,0,BB,PRT,Online TA,TA/TO,0,1,0,F,F,1,No Deposit,9,NULL,0,Contract,169.2,0,1,Canceled,2015-10-12
City Hotel,0,1,2015,October,41,9,1,2,2,0,0,BB,ESP,Online TA,TA/TO,0,0,0,A,D,0,No Deposit,9,NULL,0,Transient,169.33,1,0,Check-Out,2015-10-12
City Hotel,1,32,2015,November,46,13,1,2,2,2,0,BB,PRT,Online TA,TA/TO,0,1,0,F,F,0,No Deposit,9,NULL,0,Contract,159.3,0,1,Canceled,2015-10-13
City Hotel,0,2,2015,October,41,10,2,1,2,2,0,BB,PRT,Online TA,TA/TO,0,0,0,F,G,0,No Deposit,9,NULL,0,Transient,196.0,0,3,Check-Out,2015-10-13
City Hotel,1,16,2015,October,43,18,2,2,2,2,1,BB,PRT,Online TA,TA/TO,0,1,0,F,F,0,No Deposit,9,NULL,0,Contract,196.0,0,1,Canceled,2015-10-13
City Hotel,0,29,2015,October,42,14,0,4,2,2,0,BB,FIN,Online TA,TA/TO,0,0,0,F,F,0,No Deposit,9,NULL,0,Contract,163.58,0,1,Check-Out,2015-10-18
City Hotel,0,5,2015,October,42,17,1,1,2,0,0,BB,PRT,Corporate,Corporate,0,0,0,A,A,0,No Deposit,NULL,110,0,Transient,162.0,0,0,Check-Out,2015-10-19
City Hotel,1,14,2015,October,44,29,1,3,2,0,0,BB,PRT,Online TA,TA/TO,0,1,0,F,F,0,No Deposit,9,NULL,0,Contract,179.86,0,0,Canceled,2015-10-19
City Hotel,1,1,2015,October,43,20,0,1,1,0,0,BB,PRT,Direct,Direct,1,1,0,D,D,1,No Deposit,NULL,NULL,0,Transient,154.0,0,0,Canceled,2015-10-19
City Hotel,1,292,2016,July,30,23,2,1,2,2,0,BB,PRT,Online TA,TA/TO,0,1,0,F,F,0,No Deposit,9,NULL,0,Contract,158.4,0,2,Canceled,2015-10-19
City Hotel,1,1,2015,October,43,19,1,4,2,0,0,BB,PRT,Direct,Direct,0,0,0,A,A,0,No Deposit,NULL,NULL,0,Transient,152.4,0,0,No-Show,2015-10-19
City Hotel,0,0,2015,October,43,19,1,0,2,1,0,BB,PRT,Direct,Direct,0,0,0,D,D,0,No Deposit,NULL,NULL,0,Transient,160.0,0,0,Check-Out,2015-10-20
City Hotel,0,26,2015,October,42,17,2,1,2,1,0,BB,DEU,Online TA,TA/TO,0,0,0,A,B,1,No Deposit,10,NULL,0,Transient,161.0,0,0,Check-Out,2015-10-20
City Hotel,1,16,2015,October,43,24,0,1,2,2,0,BB,PRT,Online TA,TA/TO,0,1,0,F,F,0,No Deposit,9,NULL,0,Transient,215.0,0,1,Canceled,2015-10-20
City Hotel,0,0,2015,October,43,19,1,0,2,0,0,BB,PRT,Online TA,TA/TO,0,0,0,D,E,0,No Deposit,9,NULL,0,Contract,155.0,0,2,Check-Out,2015-10-20
City Hotel,0,9,2015,October,43,22,0,1,2,2,0,BB,PRT,Offline TA/TO,TA/TO,0,0,0,F,F,0,No Deposit,6,NULL,0,Transient,174.25,0,0,Check-Out,2015-10-23
City Hotel,0,1,2015,October,43,20,0,1,1,0,0,BB,ITA,Online TA,TA/TO,0,0,0,D,D,0,No Deposit,9,NULL,0,Contract,155.0,0,1,Check-Out,2015-10-21
City Hotel,0,38,2015,October,43,20,0,1,2,2,0,BB,PRT,Online TA,TA/TO,0,0,0,F,F,0,No Deposit,9,NULL,0,Transient,179.3,0,4,Check-Out,2015-10-21
City Hotel,1,9,2015,October,44,28,0,4,3,0,0,BB,PRT,Online TA,TA/TO,0,1,0,D,D,0,No Deposit,8,NULL,0,Transient,166.25,0,2,Canceled,2015-10-21
City Hotel,0,0,2015,October,43,20,0,1,2,0,0,BB,PRT,Online TA,TA/TO,0,0,0,A,D,0,No Deposit,9,NULL,0,Transient,154.0,0,0,Check-Out,2015-10-21
City Hotel,1,0,2015,October,43,21,0,1,2,0,0,BB,PRT,Offline TA/TO,TA/TO,1,0,0,A,A,0,No Deposit,87,NULL,0,Group,290.0,0,0,Canceled,2015-10-21
City Hotel,0,19,2015,October,43,21,0,1,2,2,0,BB,PRT,Offline TA/TO,TA/TO,0,0,0,F,F,0,No Deposit,6,NULL,0,Transient,174.25,0,0,Check-Out,2015-10-22
City Hotel,1,72,2015,December,52,21,1,4,2,2,0,BB,PRT,Online TA,TA/TO,0,1,0,F,F,1,No Deposit,9,NULL,0,Contract,159.3,0,1,Canceled,2015-10-23
City Hotel,1,87,2016,January,2,5,0,5,2,2,0,BB,PRT,Online TA,TA/TO,0,1,0,F,F,0,No Deposit,9,NULL,0,Contract,153.0,0,0,Canceled,2015-10-23
City Hotel,0,8,2015,October,43,21,0,2,2,2,0,BB,NLD,Online TA,TA/TO,0,0,0,F,F,0,No Deposit,9,NULL,0,Contract,205.0,1,1,Check-Out,2015-10-23
City Hotel,0,4,2015,October,43,18,2,4,3,2,0,BB,BRA,Direct,Direct,0,0,0,G,G,1,No Deposit,NULL,NULL,0,Transient,259.0,0,0,Check-Out,2015-10-24
City Hotel,0,31,2015,October,43,18,2,5,2,2,0,BB,GBR,Online TA,TA/TO,0,0,0,F,F,0,No Deposit,9,NULL,0,Contract,159.3,0,2,Check-Out,2015-10-25
City Hotel,0,24,2015,October,43,24,0,1,2,2,0,BB,PRT,Online TA,TA/TO,0,0,0,F,F,0,No Deposit,9,NULL,0,Contract,224.0,1,3,Check-Out,2015-10-25
City Hotel,0,40,2015,October,43,24,0,1,2,2,0,BB,GBR,Online TA,TA/TO,0,0,0,F,F,1,No Deposit,9,NULL,0,Contract,159.3,0,0,Check-Out,2015-10-25
City Hotel,0,21,2015,October,43,23,1,2,2,0,0,BB,DEU,Online TA,TA/TO,0,0,0,D,D,1,No Deposit,9,NULL,0,Contract,151.33,0,1,Check-Out,2015-10-26
City Hotel,0,40,2015,October,43,21,1,4,2,2,0,SC,FRA,Online TA,TA/TO,0,0,0,F,G,1,No Deposit,9,NULL,0,Contract,150.12,0,2,Check-Out,2015-10-26
City Hotel,0,1,2015,October,44,25,2,0,3,0,0,BB,FRA,Direct,Direct,0,0,0,A,D,0,No Deposit,NULL,NULL,0,Transient,163.0,0,2,Check-Out,2015-10-27
City Hotel,0,14,2015,October,43,22,2,3,2,2,0,BB,FRA,Online TA,TA/TO,0,0,0,F,F,0,No Deposit,9,NULL,0,Transient,199.8,0,1,Check-Out,2015-10-27
City Hotel,0,20,2015,October,44,27,0,3,2,0,0,BB,SWE,Online TA,TA/TO,0,0,0,F,F,0,No Deposit,9,NULL,0,Contract,196.0,0,2,Check-Out,2015-10-30
City Hotel,0,5,2015,October,44,31,0,1,2,2,0,BB,IRL,Online TA,TA/TO,0,0,0,F,F,0,No Deposit,9,NULL,0,Transient,177.0,0,0,Check-Out,2015-11-01
City Hotel,0,16,2015,October,44,26,2,5,2,2,0,BB,ESP,Online TA,TA/TO,0,0,0,F,F,0,No Deposit,9,NULL,0,Contract,189.49,0,3,Check-Out,2015-11-02
City Hotel,0,21,2015,November,45,2,1,3,2,0,0,BB,POL,Online TA,TA/TO,0,0,0,F,F,0,No Deposit,9,NULL,0,Contract,150.45,0,0,Check-Out,2015-11-06
City Hotel,0,29,2015,November,45,4,0,4,2,2,0,BB,PRT,Online TA,TA/TO,0,0,0,F,F,0,No Deposit,9,NULL,0,Contract,150.45,0,3,Check-Out,2015-11-08
City Hotel,1,51,2015,December,53,30,0,3,2,2,0,BB,PRT,Online TA,TA/TO,0,1,0,F,F,0,No Deposit,9,NULL,0,Transient,199.33,0,0,Canceled,2015-11-20
City Hotel,1,54,2015,December,53,28,1,3,2,0,0,SC,PRT,Online TA,TA/TO,0,1,0,F,F,0,No Deposit,9,NULL,0,Contract,158.95,0,1,Canceled,2015-11-21
City Hotel,1,136,2016,March,13,25,1,2,2,2,0,BB,PRT,Online TA,TA/TO,0,1,0,F,F,0,No Deposit,9,NULL,0,Contract,193.67,0,1,Canceled,2015-12-01
City Hotel,1,65,2015,December,49,2,4,14,1,2,1,BB,PRT,Direct,Direct,0,0,0,F,F,0,No Deposit,14,NULL,0,Transient,178.0,0,1,No-Show,2015-12-02
City Hotel,0,29,2015,December,49,4,1,2,2,2,0,BB,ITA,Online TA,TA/TO,0,0,0,F,F,0,No Deposit,9,NULL,0,Contract,183.67,0,1,Check-Out,2015-12-07
City Hotel,0,29,2015,December,49,4,1,2,2,2,0,BB,ITA,Online TA,TA/TO,0,0,0,F,F,0,No Deposit,9,NULL,0,Contract,183.67,0,1,Check-Out,2015-12-07
City Hotel,0,29,2015,December,49,4,1,2,2,2,0,BB,PRT,Online TA,TA/TO,0,0,0,F,F,0,No Deposit,9,NULL,0,Contract,183.67,0,1,Check-Out,2015-12-07
City Hotel,0,0,2015,December,50,6,1,0,2,0,0,BB,UKR,Direct,Direct,0,0,0,G,G,0,No Deposit,NULL,NULL,0,Transient,226.0,0,0,Check-Out,2015-12-07
City Hotel,0,40,2015,December,49,5,2,1,2,2,0,BB,ESP,Direct,Direct,0,0,0,F,F,0,No Deposit,14,NULL,0,Transient,169.2,0,0,Check-Out,2015-12-08
City Hotel,0,30,2015,December,49,4,2,2,2,2,0,BB,ESP,Online TA,TA/TO,0,0,0,F,F,0,No Deposit,9,NULL,0,Contract,184.5,0,0,Check-Out,2015-12-08
City Hotel,0,37,2015,December,49,5,2,1,3,0,0,HB,ESP,Direct,Direct,0,0,0,E,E,2,No Deposit,14,NULL,0,Transient,196.35,1,0,Check-Out,2015-12-08
City Hotel,0,40,2015,December,49,5,2,1,2,2,0,BB,ESP,Direct,Direct,0,0,0,F,F,0,No Deposit,14,NULL,0,Transient,160.2,0,0,Check-Out,2015-12-08
City Hotel,1,61,2015,December,52,24,0,3,3,0,0,HB,PRT,Offline TA/TO,TA/TO,0,1,0,A,A,2,No Deposit,13,NULL,0,Group,152.2,0,2,Canceled,2015-12-15
City Hotel,1,72,2015,December,53,31,0,1,2,0,0,BB,PRT,Direct,Direct,0,1,0,A,A,0,No Deposit,NULL,NULL,0,Transient,276.53,0,1,Canceled,2015-12-24
City Hotel,0,9,2015,December,52,23,0,4,2,0,0,HB,ESP,Direct,Direct,0,0,0,F,F,0,No Deposit,NULL,NULL,0,Transient,212.0,0,1,Check-Out,2015-12-27
City Hotel,0,1,2015,December,52,26,1,1,2,2,0,BB,PRT,Direct,Direct,0,0,0,F,F,0,No Deposit,NULL,NULL,0,Transient,171.0,0,3,Check-Out,2015-12-28
City Hotel,0,35,2015,December,53,28,1,0,2,2,0,SC,PRT,Online TA,TA/TO,0,0,0,F,F,0,No Deposit,9,NULL,0,Contract,150.3,0,1,Check-Out,2015-12-29
City Hotel,1,66,2015,December,53,29,0,5,2,2,0,BB,PRT,Online TA,TA/TO,0,0,0,F,F,0,No Deposit,9,NULL,0,Transient,170.9,0,1,No-Show,2015-12-29
City Hotel,0,32,2015,December,52,26,2,3,2,2,0,BB,LUX,Direct,Direct,0,0,0,F,F,0,No Deposit,NULL,NULL,0,Transient,167.0,0,1,Check-Out,2015-12-31
City Hotel,0,11,2015,December,53,29,0,3,2,0,0,BB,FRA,Offline TA/TO,TA/TO,0,0,0,E,F,0,No Deposit,167,NULL,0,Transient,157.67,0,0,Check-Out,2016-01-01
City Hotel,0,11,2015,December,53,29,0,3,1,0,0,BB,FRA,Offline TA/TO,TA/TO,0,0,0,E,E,0,No Deposit,167,NULL,0,Transient,157.67,0,0,Check-Out,2016-01-01
City Hotel,0,70,2015,December,53,29,0,4,2,1,0,HB,FRA,Direct,Direct,0,0,0,A,D,0,No Deposit,NULL,NULL,0,Transient,190.78,0,2,Check-Out,2016-01-02
City Hotel,0,70,2015,December,53,29,0,4,2,0,0,HB,FRA,Direct,Direct,0,0,0,A,D,0,No Deposit,NULL,NULL,0,Transient,160.03,0,1,Check-Out,2016-01-02
City Hotel,0,70,2015,December,53,29,0,4,2,0,0,HB,FRA,Direct,Direct,0,0,0,A,D,0,No Deposit,NULL,NULL,0,Transient,160.03,0,1,Check-Out,2016-01-02
City Hotel,0,70,2015,December,53,29,0,4,2,0,0,HB,FRA,Direct,Direct,0,0,0,A,D,0,No Deposit,NULL,NULL,0,Transient,160.03,0,1,Check-Out,2016-01-02
City Hotel,0,2,2015,December,53,30,0,3,2,1,1,HB,PRT,Direct,Direct,0,0,0,E,E,1,No Deposit,NULL,NULL,0,Transient,268.17,0,3,Check-Out,2016-01-02
City Hotel,0,1,2015,December,53,31,0,2,2,2,0,BB,PRT,Direct,Direct,0,0,0,F,F,0,No Deposit,NULL,NULL,0,Transient,216.0,0,1,Check-Out,2016-01-02
City Hotel,0,0,2016,January,1,1,0,1,3,1,0,BB,PRT,Direct,Direct,0,0,0,A,E,0,No Deposit,NULL,NULL,0,Transient,186.0,0,0,Check-Out,2016-01-02
City Hotel,0,52,2015,December,53,31,0,2,2,2,0,BB,USA,Online TA,TA/TO,0,0,0,F,F,0,No Deposit,9,NULL,0,Contract,207.0,1,2,Check-Out,2016-01-02
City Hotel,0,10,2015,December,53,31,0,2,2,0,0,BB,PRT,Offline TA/TO,TA/TO,0,0,0,A,A,0,No Deposit,39,NULL,0,Transient,206.55,0,0,Check-Out,2016-01-02
City Hotel,0,72,2015,December,53,27,2,4,3,0,0,BB,PRT,Direct,Direct,0,0,0,E,E,2,No Deposit,NULL,NULL,0,Transient,173.39,0,3,Check-Out,2016-01-02
City Hotel,0,75,2016,January,1,2,0,1,2,2,0,BB,JPN,Online TA,TA/TO,0,0,0,F,F,0,No Deposit,9,NULL,0,Contract,180.2,1,1,Check-Out,2016-01-03
City Hotel,0,69,2016,January,1,1,0,2,2,1,0,BB,JPN,Online TA,TA/TO,0,0,0,F,F,0,No Deposit,9,NULL,0,Transient,171.2,0,3,Check-Out,2016-01-03
City Hotel,0,45,2016,January,1,1,2,2,2,1,0,SC,PRT,Online TA,TA/TO,0,0,0,F,F,2,No Deposit,9,NULL,0,Contract,159.08,0,3,Check-Out,2016-01-05
City Hotel,0,1,2016,January,3,13,0,4,2,2,0,BB,PRT,Online TA,TA/TO,0,0,0,F,F,1,No Deposit,9,NULL,0,Transient-Party,180.0,1,1,Check-Out,2016-01-17
City Hotel,0,52,2016,January,5,28,0,2,3,1,0,BB,ITA,Offline TA/TO,TA/TO,0,0,0,F,F,0,No Deposit,28,NULL,0,Transient,173.0,0,1,Check-Out,2016-01-30
City Hotel,0,1,2016,January,5,28,0,3,2,2,0,BB,PRT,Direct,Direct,0,0,0,G,G,0,No Deposit,14,NULL,0,Transient,228.0,1,0,Check-Out,2016-01-31
City Hotel,0,2,2016,January,5,29,0,2,2,1,0,HB,ESP,Online TA,TA/TO,0,0,0,A,D,1,No Deposit,9,NULL,0,Transient,162.0,0,1,Check-Out,2016-01-31
City Hotel,0,5,2016,February,6,1,1,0,2,3,0,BB,KOR,Online TA,TA/TO,0,0,0,G,G,0,No Deposit,7,NULL,0,Transient,171.26,0,2,Check-Out,2016-02-02
City Hotel,0,2,2016,February,6,5,0,2,2,1,0,HB,ESP,Online TA,TA/TO,0,0,0,A,D,1,No Deposit,9,NULL,0,Transient,159.5,0,2,Check-Out,2016-02-07
City Hotel,0,0,2016,February,7,8,1,0,3,2,0,BB,PRT,Direct,Direct,0,0,0,G,G,2,No Deposit,NULL,NULL,0,Transient,225.0,0,0,Check-Out,2016-02-09
City Hotel,0,4,2016,February,6,6,2,1,2,2,0,HB,PRT,Online TA,TA/TO,0,0,0,F,F,1,No Deposit,9,NULL,0,Transient,198.0,0,0,Check-Out,2016-02-09
City Hotel,0,2,2016,February,7,8,1,1,2,2,0,BB,ITA,Direct,Direct,0,0,0,E,F,0,No Deposit,NULL,NULL,0,Transient-Party,166.0,1,2,Check-Out,2016-02-10
City Hotel,0,1,2016,February,7,8,1,3,2,2,0,BB,FRA,Direct,Direct,0,0,0,E,E,1,No Deposit,NULL,NULL,0,Transient,157.0,0,2,Check-Out,2016-02-12
City Hotel,0,30,2016,February,7,8,1,4,2,2,0,BB,FRA,Online TA,TA/TO,0,0,0,F,F,0,No Deposit,9,NULL,0,Transient,152.3,0,2,Check-Out,2016-02-13
City Hotel,0,32,2016,February,7,8,1,4,2,2,0,BB,BRA,Online TA,TA/TO,0,0,0,F,F,0,No Deposit,9,NULL,0,Transient,152.3,0,0,Check-Out,2016-02-13
City Hotel,0,18,2016,February,7,11,0,3,2,2,0,BB,NLD,Online TA,TA/TO,0,0,0,F,F,0,No Deposit,9,NULL,0,Transient,171.0,0,0,Check-Out,2016-02-14
City Hotel,0,0,2016,February,8,14,1,0,2,2,0,BB,BRA,Direct,Direct,0,0,0,F,F,0,No Deposit,NULL,NULL,0,Transient,165.0,0,0,Check-Out,2016-02-15
City Hotel,0,20,2016,February,7,13,2,1,3,0,0,HB,GBR,Online TA,TA/TO,0,0,0,D,E,1,No Deposit,9,NULL,0,Transient,187.0,0,2,Check-Out,2016-02-16
City Hotel,0,13,2016,February,7,9,2,6,2,2,0,BB,FRA,Online TA,TA/TO,0,0,0,F,F,0,No Deposit,9,NULL,0,Transient,173.0,0,0,Check-Out,2016-02-17
City Hotel,0,12,2016,February,8,14,2,3,2,2,0,HB,FRA,Online TA,TA/TO,0,0,0,F,F,1,No Deposit,9,NULL,0,Transient,230.0,0,0,Check-Out,2016-02-19
City Hotel,0,2,2016,February,8,19,0,1,2,2,0,BB,PRT,Online TA,TA/TO,0,0,0,F,F,0,No Deposit,9,NULL,0,Transient,182.0,1,2,Check-Out,2016-02-20
City Hotel,0,1,2016,February,8,19,0,1,2,1,0,BB,USA,Online TA,TA/TO,0,0,0,F,F,1,No Deposit,9,NULL,0,Transient,173.0,0,0,Check-Out,2016-02-20
City Hotel,0,16,2016,February,8,17,0,4,3,0,0,BB,FRA,Direct,Direct,0,0,0,F,F,0,No Deposit,14,NULL,0,Transient,168.0,0,1,Check-Out,2016-02-21
City Hotel,0,13,2016,February,9,23,0,2,2,0,0,HB,BEL,Direct,Direct,0,0,0,E,E,2,No Deposit,14,NULL,0,Transient,172.0,0,0,Check-Out,2016-02-25
City Hotel,0,6,2016,February,9,23,0,3,2,1,0,HB,ESP,Online TA,TA/TO,0,0,0,A,D,1,No Deposit,9,NULL,0,Transient,158.5,0,2,Check-Out,2016-02-26
City Hotel,0,1,2016,February,9,25,0,1,2,1,2,BB,PRT,Direct,Direct,0,0,0,G,G,0,No Deposit,NULL,NULL,0,Transient,227.0,0,3,Check-Out,2016-02-26
City Hotel,0,6,2016,February,9,24,0,2,2,2,0,BB,FRA,Online TA,TA/TO,0,0,0,F,F,0,No Deposit,9,NULL,0,Transient,176.0,0,0,Check-Out,2016-02-26
City Hotel,0,11,2016,February,9,24,0,3,3,0,0,HB,PRT,Offline TA/TO,TA/TO,0,0,0,D,D,0,No Deposit,83,NULL,0,Transient,161.8,0,1,Check-Out,2016-02-27
City Hotel,0,17,2016,February,9,23,0,4,2,2,0,BB,GBR,Online TA,TA/TO,0,0,0,F,F,0,No Deposit,9,NULL,0,Transient,171.0,0,0,Check-Out,2016-02-27
City Hotel,0,12,2016,February,9,24,0,4,3,0,0,HB,FRA,Online TA,TA/TO,0,0,0,D,D,1,No Deposit,9,NULL,0,Transient-Party,184.0,0,3,Check-Out,2016-02-28
City Hotel,0,12,2016,February,9,24,0,4,2,1,0,HB,FRA,Online TA,TA/TO,0,0,0,A,D,1,No Deposit,9,NULL,0,Transient-Party,158.5,0,3,Check-Out,2016-02-28
City Hotel,0,10,2016,February,9,27,1,1,2,2,0,BB,ESP,Online TA,TA/TO,0,0,0,F,F,0,No Deposit,9,NULL,0,Transient,173.0,0,2,Check-Out,2016-02-29
City Hotel,0,4,2016,February,10,28,1,0,2,1,2,BB,PRT,Direct,Direct,0,0,0,G,G,0,No Deposit,NULL,NULL,0,Transient,226.0,0,3,Check-Out,2016-02-29
City Hotel,0,9,2016,February,9,25,1,3,2,2,0,BB,ESP,Online TA,TA/TO,0,0,0,F,G,2,No Deposit,9,NULL,0,Transient,182.0,1,0,Check-Out,2016-02-29
City Hotel,0,43,2016,February,9,25,2,3,2,2,0,BB,ITA,Online TA,TA/TO,0,0,0,F,F,0,No Deposit,9,NULL,0,Transient,152.05,0,0,Check-Out,2016-03-01
City Hotel,0,7,2016,February,10,29,1,2,3,0,0,HB,FRA,Online TA,TA/TO,0,0,0,D,D,0,No Deposit,9,NULL,0,Transient,193.0,0,2,Check-Out,2016-03-03
City Hotel,0,3,2016,February,10,29,1,3,2,1,1,BB,MAR,Online TA,TA/TO,0,0,0,F,F,0,No Deposit,9,NULL,0,Transient,183.0,0,1,Check-Out,2016-03-04
City Hotel,0,3,2016,February,10,29,1,3,2,2,0,BB,MAR,Online TA,TA/TO,0,0,0,F,F,0,No Deposit,9,NULL,0,Transient,189.75,0,0,Check-Out,2016-03-04
City Hotel,0,3,2016,March,10,2,0,3,2,2,0,BB,CHE,Online TA,TA/TO,0,0,0,F,F,0,No Deposit,9,NULL,0,Transient,183.0,0,0,Check-Out,2016-03-05
City Hotel,0,15,2016,March,10,3,0,3,2,2,0,HB,MAR,Online TA,TA/TO,0,0,0,F,F,1,No Deposit,9,NULL,0,Transient,242.33,0,2,Check-Out,2016-03-06
City Hotel,0,4,2016,March,10,5,0,1,2,0,0,HB,DEU,Online TA,TA/TO,0,0,0,D,E,0,No Deposit,9,NULL,0,Transient,156.0,0,1,Check-Out,2016-03-06
City Hotel,0,3,2016,May,21,19,0,1,1,0,0,BB,PRT,Corporate,Corporate,1,0,2,E,E,0,No Deposit,NULL,174,0,Transient,159.0,0,0,Check-Out,2016-05-20
City Hotel,0,0,2016,May,22,24,0,1,2,0,0,BB,PRT,Corporate,Corporate,1,0,3,E,E,1,No Deposit,NULL,174,0,Transient,159.0,0,0,Check-Out,2016-05-25
City Hotel,0,4,2016,March,11,11,0,2,2,1,0,HB,ESP,Online TA,TA/TO,0,0,0,D,D,0,No Deposit,9,NULL,0,Transient,183.5,0,2,Check-Out,2016-03-13
City Hotel,0,19,2016,March,11,11,1,2,2,0,0,HB,ESP,Online TA,TA/TO,0,0,0,D,D,0,No Deposit,9,NULL,0,Transient,171.0,1,2,Check-Out,2016-03-14
City Hotel,0,34,2016,March,12,15,0,5,3,0,0,HB,SRB,Online TA,TA/TO,0,0,0,D,D,1,No Deposit,9,NULL,0,Transient,165.6,0,1,Check-Out,2016-03-20
City Hotel,0,35,2016,March,12,18,0,2,2,0,0,BB,GBR,Online TA,TA/TO,0,0,0,F,F,1,No Deposit,9,NULL,0,Transient,162.45,0,0,Check-Out,2016-03-20
City Hotel,0,9,2016,March,12,18,0,2,2,2,0,BB,PRT,Direct,Direct,0,0,0,F,F,0,No Deposit,14,NULL,0,Transient,208.0,1,0,Check-Out,2016-03-20
City Hotel,0,0,2016,March,12,19,0,1,2,1,0,HB,PRT,Direct,Direct,0,0,0,A,D,2,No Deposit,14,NULL,0,Transient,199.0,0,1,Check-Out,2016-03-20
City Hotel,0,0,2016,March,12,19,0,1,2,1,0,BB,ESP,Direct,Direct,0,0,0,A,D,1,No Deposit,NULL,NULL,0,Transient,154.0,0,0,Check-Out,2016-03-20
City Hotel,0,33,2016,March,12,18,0,2,2,2,0,BB,DEU,Online TA,TA/TO,0,0,0,F,F,0,No Deposit,9,NULL,0,Transient,162.45,0,1,Check-Out,2016-03-20
City Hotel,0,64,2016,March,12,19,1,1,2,2,0,BB,PRT,Direct,Direct,0,0,0,E,F,0,No Deposit,NULL,NULL,0,Transient,159.6,0,2,Check-Out,2016-03-21
City Hotel,0,6,2016,March,12,19,2,1,3,0,0,BB,USA,Online TA,TA/TO,0,0,0,D,D,0,No Deposit,9,NULL,0,Transient,177.0,0,1,Check-Out,2016-03-22
City Hotel,0,4,2016,March,13,20,2,0,3,0,0,BB,ESP,Online TA,TA/TO,0,0,0,D,D,0,No Deposit,9,NULL,0,Transient,166.0,1,0,Check-Out,2016-03-22
City Hotel,0,61,2016,March,13,20,2,1,2,1,0,BB,ESP,Online TA,TA/TO,0,0,0,F,F,1,No Deposit,9,NULL,0,Transient,171.0,0,0,Check-Out,2016-03-23
City Hotel,0,18,2016,March,12,19,2,2,3,0,0,BB,ESP,Direct,Direct,0,0,0,A,D,0,No Deposit,NULL,NULL,0,Transient,153.0,0,2,Check-Out,2016-03-23
City Hotel,0,9,2016,March,12,18,2,3,2,1,0,BB,DEU,Online TA,TA/TO,0,0,0,A,D,0,No Deposit,9,NULL,0,Transient,154.4,0,2,Check-Out,2016-03-23
City Hotel,0,3,2016,March,13,21,1,1,2,2,0,BB,ESP,Online TA,TA/TO,0,0,0,F,F,0,No Deposit,9,NULL,0,Transient,181.0,0,0,Check-Out,2016-03-23
City Hotel,0,54,2016,March,13,20,2,1,2,2,0,BB,GBR,Online TA,TA/TO,0,0,0,F,F,0,No Deposit,9,NULL,0,Transient,180.0,1,1,Check-Out,2016-03-23
City Hotel,0,9,2016,March,13,20,2,1,3,0,0,BB,DEU,Online TA,TA/TO,0,0,0,D,D,0,No Deposit,9,NULL,0,Transient,186.0,0,1,Check-Out,2016-03-23
City Hotel,0,1,2016,March,12,19,2,2,3,0,0,BB,ESP,Online TA,TA/TO,0,0,0,D,D,0,No Deposit,9,NULL,0,Transient,161.5,0,2,Check-Out,2016-03-23
City Hotel,0,42,2016,March,13,20,2,2,3,0,0,HB,ESP,Online TA,TA/TO,0,0,0,D,D,1,No Deposit,9,NULL,0,Transient,180.16,0,1,Check-Out,2016-03-24
City Hotel,0,6,2016,March,13,20,2,2,2,1,0,BB,ESP,Direct,Direct,0,0,0,D,D,1,No Deposit,14,NULL,0,Transient,174.0,1,0,Check-Out,2016-03-24
City Hotel,0,15,2016,March,13,20,2,2,2,1,0,BB,ESP,Online TA,TA/TO,0,0,0,A,D,0,No Deposit,9,NULL,0,Transient,160.0,1,1,Check-Out,2016-03-24
City Hotel,0,32,2016,March,12,19,2,3,2,1,0,BB,PRT,Direct,Direct,0,0,0,E,F,0,No Deposit,NULL,NULL,0,Transient,150.18,1,2,Check-Out,2016-03-24
City Hotel,0,45,2016,March,12,15,2,8,2,1,0,BB,USA,Online TA,TA/TO,0,0,0,G,G,4,No Deposit,7,NULL,0,Transient,217.75,0,3,Check-Out,2016-03-25
City Hotel,0,1,2016,March,13,24,0,1,2,1,0,BB,PRT,Online TA,TA/TO,0,0,0,A,D,0,No Deposit,9,NULL,0,Transient,159.0,0,2,Check-Out,2016-03-25
City Hotel,0,23,2016,March,13,22,0,3,2,2,0,BB,ESP,Online TA,TA/TO,0,0,0,F,G,0,No Deposit,9,NULL,0,Transient,230.0,0,0,Check-Out,2016-03-25
City Hotel,0,0,2016,March,13,21,1,3,2,2,0,BB,DNK,Online TA,TA/TO,0,0,0,A,E,1,No Deposit,9,NULL,0,Transient,165.0,0,0,Check-Out,2016-03-25
City Hotel,0,14,2016,March,13,24,0,1,2,1,0,HB,GBR,Online TA,TA/TO,0,0,0,A,D,0,No Deposit,9,NULL,0,Transient,215.5,1,2,Check-Out,2016-03-25
City Hotel,0,33,2016,March,13,22,0,3,2,2,0,BB,SWE,Online TA,TA/TO,0,0,0,G,G,0,No Deposit,7,NULL,0,Transient,182.85,0,1,Check-Out,2016-03-25
City Hotel,0,0,2016,March,13,23,0,2,2,1,0,BB,GBR,Direct,Direct,0,0,0,A,E,2,No Deposit,NULL,NULL,0,Transient,164.0,0,0,Check-Out,2016-03-25
City Hotel,0,2,2016,March,13,23,0,2,3,0,0,BB,IRL,Online TA,TA/TO,0,0,0,D,D,0,No Deposit,9,NULL,0,Transient,169.0,0,3,Check-Out,2016-03-25
City Hotel,0,0,2016,March,13,23,0,2,2,2,0,BB,CN,Online TA,TA/TO,0,0,0,F,F,0,No Deposit,9,NULL,0,Transient,201.0,0,2,Check-Out,2016-03-25
City Hotel,0,31,2016,March,13,23,0,3,2,0,0,BB,ESP,Online TA,TA/TO,0,0,0,D,D,0,No Deposit,9,NULL,0,Transient-Party,151.4,0,1,Check-Out,2016-03-26
City Hotel,0,11,2016,March,13,24,0,2,3,0,0,BB,USA,Online TA,TA/TO,0,0,0,D,D,0,No Deposit,9,NULL,0,Transient,182.0,0,2,Check-Out,2016-03-26
City Hotel,0,11,2016,March,13,24,0,2,2,0,0,BB,USA,Online TA,TA/TO,0,0,0,D,D,0,No Deposit,9,NULL,0,Transient,161.0,0,1,Check-Out,2016-03-26
City Hotel,0,1,2016,March,13,24,0,2,3,0,0,BB,ESP,Online TA,TA/TO,0,0,0,D,D,0,No Deposit,9,NULL,0,Transient,182.0,0,2,Check-Out,2016-03-26
City Hotel,0,1,2016,March,13,23,0,3,2,2,0,BB,ESP,Online TA,TA/TO,0,0,0,F,F,0,No Deposit,9,NULL,0,Transient,211.0,0,0,Check-Out,2016-03-26
City Hotel,0,4,2016,March,13,25,0,1,2,2,0,BB,GBR,Online TA,TA/TO,0,0,0,F,F,0,No Deposit,9,NULL,0,Transient,240.0,0,1,Check-Out,2016-03-26
City Hotel,0,2,2016,March,13,24,0,2,3,0,0,BB,ESP,Direct,Direct,0,0,0,A,D,1,No Deposit,NULL,NULL,0,Transient,184.67,1,2,Check-Out,2016-03-26
City Hotel,0,7,2016,March,13,23,0,3,3,0,0,BB,PRT,Online TA,TA/TO,0,0,0,D,D,1,No Deposit,9,NULL,0,Transient,173.0,0,0,Check-Out,2016-03-26
City Hotel,0,23,2016,March,13,25,0,1,2,1,0,BB,USA,Direct,Direct,0,0,0,G,G,0,No Deposit,14,NULL,0,Transient,285.0,0,0,Check-Out,2016-03-26
City Hotel,0,0,2016,March,13,25,0,1,2,1,0,BB,PRT,Online TA,TA/TO,0,0,0,A,B,0,No Deposit,9,NULL,0,Transient,178.0,0,0,Check-Out,2016-03-26
City Hotel,0,5,2016,March,13,24,0,3,3,0,0,BB,MEX,Online TA,TA/TO,0,0,0,D,D,2,No Deposit,9,NULL,0,Transient,183.67,0,2,Check-Out,2016-03-27
City Hotel,0,48,2016,March,13,24,0,3,3,0,0,BB,ESP,Direct,Direct,0,0,0,E,E,1,No Deposit,14,NULL,0,Transient,190.2,1,1,Check-Out,2016-03-27
City Hotel,0,77,2016,March,13,24,0,3,3,2,0,BB,ESP,Direct,Direct,0,0,0,G,G,0,No Deposit,14,NULL,0,Transient,243.9,1,1,Check-Out,2016-03-27
City Hotel,0,33,2016,March,13,22,0,5,3,0,0,BB,ESP,Online TA,TA/TO,0,0,0,D,D,0,No Deposit,9,NULL,0,Transient,157.14,1,1,Check-Out,2016-03-27
City Hotel,0,147,2016,March,13,24,0,3,2,2,0,BB,ESP,Online TA,TA/TO,0,0,0,F,F,0,No Deposit,9,NULL,0,Transient,174.0,1,1,Check-Out,2016-03-27
City Hotel,0,4,2016,March,13,26,0,1,3,0,0,BB,KOR,Online TA,TA/TO,0,0,0,D,D,0,No Deposit,9,NULL,0,Transient,187.0,0,1,Check-Out,2016-03-27
City Hotel,0,38,2016,March,13,25,0,2,3,0,0,BB,ROU,Online TA,TA/TO,0,0,0,D,D,0,No Deposit,9,NULL,0,Transient,168.3,0,1,Check-Out,2016-03-27
City Hotel,0,3,2016,March,13,24,0,3,3,1,0,BB,ESP,Direct,Direct,0,0,0,E,E,0,No Deposit,14,NULL,0,Transient,244.67,1,1,Check-Out,2016-03-27
City Hotel,0,5,2016,March,13,25,0,2,3,0,0,BB,ITA,Online TA,TA/TO,0,0,0,D,D,0,No Deposit,9,NULL,0,Transient,187.0,0,1,Check-Out,2016-03-27
City Hotel,0,32,2016,March,13,26,0,1,3,0,0,BB,CHN,Online TA,TA/TO,0,0,0,D,D,0,No Deposit,9,NULL,0,Transient,168.3,0,2,Check-Out,2016-03-27
City Hotel,0,4,2016,March,13,24,0,3,2,0,0,BB,ESP,Online TA,TA/TO,0,0,0,D,A,0,No Deposit,9,NULL,0,Transient,162.67,0,1,Check-Out,2016-03-27
City Hotel,0,14,2016,March,13,24,0,3,3,0,0,BB,FRA,Online TA,TA/TO,0,0,0,D,D,0,No Deposit,9,NULL,0,Transient,192.67,1,2,Check-Out,2016-03-27
City Hotel,0,36,2016,March,13,24,0,3,2,1,1,BB,ESP,Direct,Direct,0,0,0,E,E,3,No Deposit,14,NULL,0,Transient,161.7,1,2,Check-Out,2016-03-27
City Hotel,0,10,2016,March,13,22,0,5,2,0,0,BB,DEU,Online TA,TA/TO,0,0,0,D,A,0,No Deposit,9,NULL,0,Transient,160.0,0,0,Check-Out,2016-03-27
City Hotel,0,7,2016,March,13,24,0,3,2,1,0,BB,PRT,Online TA,TA/TO,0,0,0,A,C,0,No Deposit,9,NULL,0,Transient,174.67,0,2,Check-Out,2016-03-27
City Hotel,0,15,2016,March,13,24,0,3,2,1,0,BB,ESP,Online TA,TA/TO,0,0,0,A,D,2,No Deposit,9,NULL,0,Transient,165.67,0,2,Check-Out,2016-03-27
City Hotel,0,4,2016,March,13,24,0,3,2,0,0,BB,ESP,Online TA,TA/TO,0,0,0,A,A,0,No Deposit,9,NULL,0,Transient,156.67,1,1,Check-Out,2016-03-27
City Hotel,0,40,2016,March,13,24,1,3,3,0,0,BB,AUT,Online TA,TA/TO,0,0,0,D,D,0,No Deposit,9,NULL,0,Transient,152.33,0,2,Check-Out,2016-03-28
City Hotel,0,138,2016,March,13,23,1,4,2,2,0,BB,SWE,Direct,Direct,0,0,0,F,F,1,No Deposit,14,NULL,0,Transient,152.45,0,0,Check-Out,2016-03-28
City Hotel,0,12,2016,March,13,24,1,3,2,0,0,HB,ESP,Online TA,TA/TO,0,0,0,D,A,2,No Deposit,9,NULL,0,Transient,208.0,1,1,Check-Out,2016-03-28
City Hotel,0,33,2016,March,13,25,1,2,2,2,0,BB,PRT,Direct,Direct,0,0,0,E,E,0,No Deposit,14,NULL,0,Transient,199.5,1,0,Check-Out,2016-03-28
City Hotel,0,43,2016,March,13,24,1,3,2,2,0,BB,ESP,Online TA,TA/TO,0,0,0,F,F,0,No Deposit,9,NULL,0,Transient,186.4,0,1,Check-Out,2016-03-28
City Hotel,0,6,2016,March,13,25,1,2,3,0,0,BB,ESP,Online TA,TA/TO,0,0,0,D,D,0,No Deposit,9,NULL,0,Transient,192.67,0,1,Check-Out,2016-03-28
City Hotel,0,7,2016,March,13,26,1,1,3,0,0,BB,FRA,Online TA,TA/TO,0,0,0,D,D,0,No Deposit,9,NULL,0,Transient,182.0,0,2,Check-Out,2016-03-28
City Hotel,0,13,2016,March,13,25,1,2,3,0,0,BB,ESP,Online TA,TA/TO,0,0,0,D,D,2,No Deposit,9,NULL,0,Transient,192.67,1,1,Check-Out,2016-03-28
City Hotel,0,2,2016,March,13,25,1,2,2,0,0,BB,ESP,Direct,Direct,0,0,0,A,A,1,No Deposit,14,NULL,0,Transient,164.67,1,0,Check-Out,2016-03-28
City Hotel,0,35,2016,March,13,26,2,1,3,0,0,BB,FRA,Online TA,TA/TO,0,0,0,D,D,0,No Deposit,9,NULL,0,Transient,153.3,0,2,Check-Out,2016-03-29
City Hotel,0,33,2016,March,13,25,2,2,3,0,0,BB,DEU,Online TA,TA/TO,0,0,0,D,D,0,No Deposit,9,NULL,0,Transient,154.8,0,1,Check-Out,2016-03-29
City Hotel,0,4,2016,March,13,26,2,1,3,0,0,BB,GBR,Online TA,TA/TO,0,0,0,D,D,0,No Deposit,9,NULL,0,Transient,176.0,0,2,Check-Out,2016-03-29
City Hotel,0,54,2016,March,14,27,2,1,2,2,0,BB,JPN,Online TA,TA/TO,0,0,0,F,F,0,No Deposit,9,NULL,0,Transient,174.9,0,2,Check-Out,2016-03-30
City Hotel,0,25,2016,March,13,26,2,2,3,0,0,BB,BEL,Online TA,TA/TO,0,0,0,A,D,0,No Deposit,9,NULL,0,Transient-Party,172.0,0,2,Check-Out,2016-03-30
City Hotel,0,4,2016,March,14,27,2,1,2,2,0,BB,UKR,Online TA,TA/TO,0,0,0,F,F,0,No Deposit,9,NULL,0,Transient,194.33,0,2,Check-Out,2016-03-30
City Hotel,0,26,2016,March,13,26,2,2,3,0,0,BB,ITA,Online TA,TA/TO,0,0,0,A,D,0,No Deposit,9,NULL,0,Transient,172.0,0,2,Check-Out,2016-03-30
City Hotel,0,58,2016,March,14,28,1,2,2,2,0,BB,ESP,Online TA,TA/TO,0,0,0,F,F,1,No Deposit,9,NULL,0,Transient,153.85,0,1,Check-Out,2016-03-31
City Hotel,0,1,2016,March,14,28,1,2,2,2,0,BB,PRT,Direct,Direct,0,0,0,G,F,0,No Deposit,NULL,NULL,0,Transient,175.0,0,1,Check-Out,2016-03-31
City Hotel,0,5,2016,March,13,26,2,3,3,0,0,BB,RUS,Online TA,TA/TO,0,0,0,D,D,0,No Deposit,9,NULL,0,Transient,163.0,0,1,Check-Out,2016-03-31
City Hotel,0,28,2016,March,14,29,0,3,3,0,0,BB,ITA,Online TA,TA/TO,0,0,0,A,D,1,No Deposit,9,NULL,0,Transient,161.43,0,2,Check-Out,2016-04-01
City Hotel,0,3,2016,March,14,28,1,3,3,0,0,BB,AUT,Online TA,TA/TO,0,0,0,D,D,0,No Deposit,9,NULL,0,Transient,156.0,1,2,Check-Out,2016-04-01
City Hotel,0,39,2016,March,14,31,0,2,2,0,0,HB,FRA,Online TA,TA/TO,0,0,0,A,B,1,No Deposit,9,NULL,0,Transient,161.1,0,0,Check-Out,2016-04-02
City Hotel,0,17,2016,March,14,30,0,3,2,1,0,BB,BEL,Online TA,TA/TO,0,0,0,A,A,0,No Deposit,9,NULL,0,Transient,159.0,0,1,Check-Out,2016-04-02
City Hotel,0,49,2016,March,14,30,0,3,3,0,0,HB,ESP,Online TA,TA/TO,0,0,0,D,D,1,No Deposit,9,NULL,0,Transient,174.6,0,1,Check-Out,2016-04-02
City Hotel,0,3,2016,March,14,30,0,3,2,2,1,HB,PRT,Online TA,TA/TO,0,0,0,F,F,1,No Deposit,9,NULL,0,Transient,253.67,0,2,Check-Out,2016-04-02
City Hotel,0,20,2016,March,14,28,1,4,2,2,0,BB,PRT,Online TA,TA/TO,0,0,0,F,F,0,No Deposit,9,NULL,0,Transient,215.0,0,2,Check-Out,2016-04-02
City Hotel,0,3,2016,April,14,1,0,2,3,0,0,BB,PRT,Online TA,TA/TO,0,0,0,D,D,0,No Deposit,8,NULL,0,Transient,156.0,1,2,Check-Out,2016-04-03
City Hotel,0,39,2016,March,14,31,0,3,3,0,0,BB,BEL,Online TA,TA/TO,0,0,0,D,D,0,No Deposit,9,NULL,0,Transient,150.3,0,0,Check-Out,2016-04-03
City Hotel,0,135,2016,April,14,1,0,2,2,1,1,BB,PRT,Direct,Direct,0,0,0,F,G,1,No Deposit,NULL,NULL,0,Transient,175.0,0,2,Check-Out,2016-04-03
City Hotel,0,36,2016,April,15,3,1,0,3,0,0,BB,DEU,Online TA,TA/TO,0,0,0,A,D,0,No Deposit,9,NULL,0,Transient,150.3,0,0,Check-Out,2016-04-04
City Hotel,0,12,2016,April,14,1,1,2,3,0,0,BB,GBR,Online TA,TA/TO,0,0,0,D,D,0,No Deposit,9,NULL,0,Transient,163.67,0,1,Check-Out,2016-04-04
City Hotel,0,36,2016,April,15,4,1,0,3,0,0,BB,PRT,Online TA,TA/TO,0,0,0,A,E,0,No Deposit,9,NULL,0,Transient,150.3,0,2,Check-Out,2016-04-05
City Hotel,0,77,2016,March,14,30,2,4,2,2,0,HB,LUX,Direct,Direct,0,0,0,F,F,1,No Deposit,14,NULL,0,Transient,203.4,0,0,Check-Out,2016-04-05
City Hotel,0,14,2016,March,14,31,2,3,3,0,0,BB,CHE,Online TA,TA/TO,0,0,0,D,D,0,No Deposit,9,NULL,0,Transient,161.0,0,0,Check-Out,2016-04-05
City Hotel,0,83,2016,April,15,3,2,1,2,2,0,BB,GBR,Online TA,TA/TO,0,0,0,F,F,0,No Deposit,9,NULL,0,Transient,159.3,0,2,Check-Out,2016-04-06
City Hotel,0,79,2016,April,15,4,1,2,2,2,0,BB,FRA,Online TA,TA/TO,0,0,0,F,F,0,No Deposit,9,NULL,0,Transient,162.3,0,2,Check-Out,2016-04-07
City Hotel,0,1,2016,April,15,6,0,2,3,0,0,BB,PRT,Direct,Direct,0,0,0,F,F,0,No Deposit,NULL,NULL,0,Transient,197.0,0,0,Check-Out,2016-04-08
City Hotel,0,58,2016,April,15,5,0,3,2,0,0,HB,DEU,Online TA,TA/TO,0,0,0,D,D,1,No Deposit,9,NULL,0,Transient,153.0,0,1,Check-Out,2016-04-08
City Hotel,0,58,2016,April,15,5,0,3,3,0,0,HB,PRT,Online TA,TA/TO,0,0,0,D,D,1,No Deposit,9,NULL,0,Transient,189.0,0,2,Check-Out,2016-04-08
City Hotel,0,78,2016,April,15,7,0,2,2,2,0,BB,RUS,Online TA,TA/TO,0,0,0,F,F,0,No Deposit,9,NULL,0,Transient,177.3,1,2,Check-Out,2016-04-09
City Hotel,0,2,2016,April,15,6,0,3,3,0,0,BB,FRA,Online TA,TA/TO,0,0,0,D,E,0,No Deposit,9,NULL,0,Transient,150.33,0,0,Check-Out,2016-04-09
City Hotel,0,3,2016,April,15,7,0,2,3,0,0,BB,USA,Online TA,TA/TO,0,0,0,G,G,0,No Deposit,7,NULL,0,Transient,185.57,0,0,Check-Out,2016-04-09
City Hotel,0,7,2016,April,15,7,0,2,2,2,0,BB,FRA,Direct,Direct,0,0,0,E,E,0,No Deposit,14,NULL,0,Transient,161.0,1,1,Check-Out,2016-04-09
City Hotel,0,15,2016,April,15,6,0,4,2,2,0,BB,FRA,Online TA,TA/TO,0,0,0,F,F,0,No Deposit,9,NULL,0,Transient,198.5,0,3,Check-Out,2016-04-10
City Hotel,0,71,2016,April,15,7,0,3,2,2,0,BB,ITA,Online TA,TA/TO,0,0,0,F,F,0,No Deposit,9,NULL,0,Transient-Party,171.3,0,2,Check-Out,2016-04-10
City Hotel,0,71,2016,April,15,7,0,3,2,2,0,BB,ITA,Online TA,TA/TO,0,0,0,F,F,0,No Deposit,9,NULL,0,Transient-Party,171.3,0,2,Check-Out,2016-04-10
City Hotel,0,6,2016,April,15,8,0,2,2,2,0,BB,TUR,Direct,Direct,0,0,0,E,E,0,No Deposit,14,NULL,0,Transient,176.0,1,0,Check-Out,2016-04-10
City Hotel,0,84,2016,April,14,2,2,6,3,0,0,HB,FRA,Direct,Direct,0,0,0,D,D,0,No Deposit,NULL,NULL,0,Transient,179.91,1,1,Check-Out,2016-04-10
City Hotel,0,4,2016,April,15,9,0,1,2,2,0,BB,PRT,Online TA,TA/TO,0,0,0,F,F,0,No Deposit,9,NULL,0,Transient,211.0,0,2,Check-Out,2016-04-10
City Hotel,0,20,2016,April,16,10,1,0,3,0,0,BB,FRA,Online TA,TA/TO,0,0,0,D,D,0,No Deposit,9,NULL,0,Transient,153.0,0,1,Check-Out,2016-04-11
City Hotel,0,4,2016,April,15,8,2,2,2,2,0,BB,GBR,Online TA,TA/TO,0,0,0,G,G,0,No Deposit,7,NULL,0,Transient,221.39,0,2,Check-Out,2016-04-12
City Hotel,0,70,2016,April,15,8,2,2,3,1,0,BB,ITA,Offline TA/TO,TA/TO,0,0,0,E,E,0,No Deposit,232,NULL,0,Transient-Party,173.35,0,0,Check-Out,2016-04-12
City Hotel,0,8,2016,April,16,11,1,0,2,2,0,BB,FRA,Online TA,TA/TO,0,0,0,F,G,0,No Deposit,9,NULL,0,Transient,181.0,0,1,Check-Out,2016-04-12
City Hotel,0,89,2016,April,15,9,2,1,2,2,0,BB,PRT,Online TA,TA/TO,0,0,0,F,F,1,No Deposit,9,NULL,0,Transient-Party,162.3,0,0,Check-Out,2016-04-12
City Hotel,0,70,2016,April,15,8,2,2,3,1,0,BB,ITA,Offline TA/TO,TA/TO,0,0,0,E,E,0,No Deposit,232,NULL,0,Transient-Party,173.35,0,0,Check-Out,2016-04-12
City Hotel,0,39,2016,April,16,11,1,1,2,2,0,BB,GBR,Online TA,TA/TO,0,0,0,F,G,0,No Deposit,9,NULL,0,Transient,177.3,0,2,Check-Out,2016-04-13
City Hotel,0,8,2016,April,16,11,1,1,3,0,0,BB,GBR,Online TA,TA/TO,0,0,0,D,F,0,No Deposit,9,NULL,0,Transient,161.0,0,0,Check-Out,2016-04-13
City Hotel,0,14,2016,April,16,13,0,1,2,1,0,BB,PRT,Direct,Direct,0,0,0,D,F,0,No Deposit,14,NULL,0,Transient,166.0,1,1,Check-Out,2016-04-14
City Hotel,0,12,2016,April,16,11,1,2,3,0,0,BB,FRA,Online TA,TA/TO,0,0,0,D,D,0,No Deposit,9,NULL,0,Transient,157.0,0,2,Check-Out,2016-04-14
City Hotel,0,45,2016,April,16,11,1,2,2,2,0,BB,FRA,Online TA,TA/TO,0,0,0,F,F,0,No Deposit,9,NULL,0,Transient,177.3,0,2,Check-Out,2016-04-14
City Hotel,0,19,2016,April,16,13,0,1,3,0,0,SC,PRT,Online TA,TA/TO,0,0,0,A,A,0,No Deposit,10,NULL,0,Transient,154.0,0,0,Check-Out,2016-04-14
City Hotel,0,4,2016,April,16,11,1,2,2,2,0,BB,FRA,Online TA,TA/TO,0,0,0,F,F,0,No Deposit,9,NULL,0,Transient,191.0,0,3,Check-Out,2016-04-14
City Hotel,0,26,2016,April,16,13,0,1,4,0,0,BB,DEU,Online TA,TA/TO,0,0,0,D,G,1,No Deposit,9,NULL,0,Transient,182.0,0,2,Check-Out,2016-04-14
City Hotel,0,5,2016,April,16,12,0,3,3,0,0,BB,CHE,Online TA,TA/TO,0,0,0,D,D,0,No Deposit,9,NULL,0,Transient,157.0,0,2,Check-Out,2016-04-15
City Hotel,0,18,2016,April,16,13,0,2,3,0,0,BB,ESP,Online TA,TA/TO,0,0,0,D,E,0,No Deposit,9,NULL,0,Transient,165.0,0,1,Check-Out,2016-04-15
City Hotel,0,28,2016,April,16,11,1,3,2,0,0,HB,FRA,Online TA,TA/TO,0,0,0,A,A,0,No Deposit,9,NULL,0,Transient,156.25,1,2,Check-Out,2016-04-15
City Hotel,0,50,2016,April,16,12,0,3,2,1,0,HB,FRA,Online TA,TA/TO,0,0,0,A,D,0,No Deposit,9,NULL,0,Transient,164.25,0,2,Check-Out,2016-04-15
City Hotel,0,4,2016,April,16,11,1,4,2,1,0,BB,FRA,Direct,Direct,0,0,0,E,F,0,No Deposit,14,NULL,0,Transient,155.0,0,1,Check-Out,2016-04-16
City Hotel,0,13,2016,April,16,11,1,4,2,2,0,HB,FRA,Online TA,TA/TO,0,0,0,F,F,0,No Deposit,9,NULL,0,Transient,260.4,0,2,Check-Out,2016-04-16
City Hotel,0,6,2016,April,16,15,0,1,3,0,0,BB,ITA,Online TA,TA/TO,0,0,0,D,D,0,No Deposit,9,NULL,0,Transient,167.0,0,1,Check-Out,2016-04-16
City Hotel,0,58,2016,April,16,15,0,1,2,2,0,BB,FRA,Online TA,TA/TO,0,0,0,F,G,0,No Deposit,9,NULL,0,Transient,186.3,0,2,Check-Out,2016-04-16
City Hotel,0,9,2016,April,16,13,0,3,2,2,0,BB,ESP,Direct,Direct,0,0,0,E,F,0,No Deposit,14,NULL,0,Transient,197.33,1,1,Check-Out,2016-04-16
City Hotel,0,9,2016,April,16,11,1,4,2,2,0,BB,FRA,Direct,Direct,0,0,0,E,E,0,No Deposit,14,NULL,0,Transient,174.4,0,1,Check-Out,2016-04-16
City Hotel,0,1,2016,April,16,13,0,3,2,2,0,BB,PRT,Online TA,TA/TO,0,0,0,G,F,0,No Deposit,8,NULL,0,Transient,203.33,0,0,Check-Out,2016-04-16
City Hotel,0,7,2016,April,16,15,0,2,3,1,0,HB,FRA,Offline TA/TO,TA/TO,0,0,0,E,E,0,No Deposit,20,NULL,0,Transient,215.0,0,1,Check-Out,2016-04-17
City Hotel,0,63,2016,April,16,13,0,4,2,2,0,BB,FRA,Online TA,TA/TO,0,0,0,F,F,0,No Deposit,9,NULL,0,Transient,167.45,0,1,Check-Out,2016-04-17
City Hotel,0,24,2016,April,16,14,0,3,2,2,0,BB,ITA,Online TA,TA/TO,0,0,0,F,F,0,No Deposit,9,NULL,0,Transient,207.0,0,2,Check-Out,2016-04-17
City Hotel,0,0,2016,April,16,16,1,1,2,2,0,BB,PRT,Online TA,TA/TO,0,0,0,F,F,0,No Deposit,9,NULL,0,Transient,190.0,0,0,Check-Out,2016-04-18
City Hotel,0,6,2016,April,16,15,1,2,3,0,0,BB,DEU,Online TA,TA/TO,0,0,0,D,D,0,No Deposit,9,NULL,0,Transient,157.0,0,0,Check-Out,2016-04-18
City Hotel,0,39,2016,April,16,16,1,1,2,2,0,BB,AUS,Direct,Direct,0,0,0,G,G,0,No Deposit,14,NULL,0,Transient,265.0,1,1,Check-Out,2016-04-18
City Hotel,0,36,2016,April,16,15,1,2,3,0,0,BB,BRA,Online TA,TA/TO,0,0,0,G,G,0,No Deposit,7,NULL,0,Transient,203.02,0,2,Check-Out,2016-04-18
City Hotel,0,6,2016,April,16,16,1,1,3,0,0,BB,BGD,Online TA,TA/TO,0,0,0,D,D,0,No Deposit,9,NULL,0,Transient,152.0,0,1,Check-Out,2016-04-18
City Hotel,0,47,2016,April,16,15,1,2,2,2,0,BB,POL,Online TA,TA/TO,0,0,0,F,F,2,No Deposit,9,NULL,0,Transient,173.12,0,2,Check-Out,2016-04-18
City Hotel,0,52,2016,April,16,16,2,1,2,2,0,BB,IRL,Online TA,TA/TO,0,0,0,F,F,0,No Deposit,9,NULL,0,Transient,177.3,0,2,Check-Out,2016-04-19
City Hotel,0,61,2016,April,16,16,2,1,3,0,0,BB,USA,Direct,Direct,0,0,0,F,F,0,No Deposit,14,NULL,0,Transient,151.3,0,3,Check-Out,2016-04-19
City Hotel,0,22,2016,April,16,14,2,3,3,0,0,BB,FRA,Online TA,TA/TO,0,0,0,D,D,0,No Deposit,9,NULL,0,Transient,152.6,0,2,Check-Out,2016-04-19
City Hotel,0,70,2016,April,16,16,2,1,2,2,0,BB,FRA,Online TA,TA/TO,0,0,0,F,F,0,No Deposit,9,NULL,0,Transient,174.3,0,2,Check-Out,2016-04-19
City Hotel,0,71,2016,April,17,18,1,1,2,2,0,BB,FRA,Online TA,TA/TO,0,0,0,F,F,0,No Deposit,9,NULL,0,Transient,168.3,0,2,Check-Out,2016-04-20
City Hotel,0,4,2016,April,17,17,2,1,2,2,0,BB,FRA,Online TA,TA/TO,0,0,0,F,F,0,No Deposit,7,NULL,0,Transient,152.85,0,2,Check-Out,2016-04-20
City Hotel,0,0,2017,May,19,9,0,1,1,0,0,BB,DEU,Aviation,Corporate,1,0,1,D,D,0,No Deposit,NULL,153,0,Transient,165.0,0,0,Check-Out,2017-05-10
City Hotel,0,5,2016,April,17,21,0,1,3,0,0,BB,FRA,Direct,Direct,0,0,0,A,E,0,No Deposit,NULL,NULL,0,Transient,151.0,0,0,Check-Out,2016-04-22
City Hotel,0,64,2016,April,17,17,2,3,2,2,0,HB,FRA,Online TA,TA/TO,0,0,0,F,F,1,No Deposit,9,NULL,0,Transient,214.2,0,1,Check-Out,2016-04-22
City Hotel,0,29,2016,April,17,18,1,3,2,1,0,HB,ESP,Online TA,TA/TO,0,0,0,A,D,0,No Deposit,9,NULL,0,Transient,163.46,0,2,Check-Out,2016-04-22
City Hotel,0,5,2016,April,17,22,0,1,2,1,1,BB,PRT,Online TA,TA/TO,0,0,0,A,E,1,No Deposit,9,NULL,0,Transient,167.0,0,1,Check-Out,2016-04-23
City Hotel,0,56,2016,April,17,19,0,4,2,2,0,BB,CHE,Online TA,TA/TO,0,0,0,F,F,0,No Deposit,9,NULL,0,Transient,167.45,0,2,Check-Out,2016-04-23
City Hotel,0,18,2016,April,17,20,0,3,2,1,0,BB,KOR,Online TA,TA/TO,0,0,0,F,F,0,No Deposit,7,NULL,0,Transient,167.74,0,2,Check-Out,2016-04-23
City Hotel,0,5,2016,April,17,21,0,3,3,0,0,BB,ITA,Online TA,TA/TO,0,0,0,D,D,0,No Deposit,9,NULL,0,Transient,157.0,0,2,Check-Out,2016-04-24
City Hotel,0,7,2016,April,17,21,0,3,2,0,0,HB,ESP,Online TA,TA/TO,0,0,0,D,D,0,No Deposit,9,NULL,0,Transient,174.0,0,0,Check-Out,2016-04-24
City Hotel,0,8,2016,April,17,21,0,3,2,1,0,BB,ITA,Online TA,TA/TO,0,0,0,F,F,0,No Deposit,9,NULL,0,Transient,220.0,0,2,Check-Out,2016-04-24
City Hotel,0,8,2016,April,17,21,0,3,3,0,0,BB,ITA,Online TA,TA/TO,0,0,0,D,D,1,No Deposit,9,NULL,0,Transient,176.0,0,2,Check-Out,2016-04-24
City Hotel,0,53,2016,April,17,21,0,3,2,1,0,BB,ITA,Online TA,TA/TO,0,0,0,F,F,0,No Deposit,9,NULL,0,Transient-Party,177.3,0,2,Check-Out,2016-04-24
City Hotel,0,6,2016,April,17,22,0,2,3,0,0,BB,FRA,Online TA,TA/TO,0,0,0,D,D,0,No Deposit,9,NULL,0,Transient,167.0,0,0,Check-Out,2016-04-24
City Hotel,0,7,2016,April,17,21,0,3,2,0,0,HB,ESP,Online TA,TA/TO,0,0,0,D,D,0,No Deposit,9,NULL,0,Transient,183.0,1,1,Check-Out,2016-04-24
City Hotel,0,5,2016,April,17,22,1,2,2,2,0,BB,PRT,Online TA,TA/TO,0,0,0,F,F,0,No Deposit,9,NULL,0,Transient,201.0,0,2,Check-Out,2016-04-25
City Hotel,0,6,2016,April,17,23,1,1,2,2,0,BB,NLD,Online TA,TA/TO,0,0,0,F,G,0,No Deposit,9,NULL,0,Transient,196.0,0,1,Check-Out,2016-04-25
City Hotel,0,5,2016,April,18,24,2,0,3,0,0,BB,BRA,Online TA,TA/TO,0,0,0,D,D,0,No Deposit,9,NULL,0,Transient,152.0,0,1,Check-Out,2016-04-26
City Hotel,0,57,2016,April,17,23,2,1,2,2,0,BB,ITA,Online TA,TA/TO,0,0,0,F,F,0,No Deposit,9,NULL,0,Transient,177.3,0,2,Check-Out,2016-04-26
City Hotel,0,2,2016,April,17,23,2,1,2,2,0,BB,RUS,Online TA,TA/TO,0,0,0,D,G,1,No Deposit,9,NULL,0,Transient,244.8,0,1,Check-Out,2016-04-26
City Hotel,0,1,2016,April,18,26,0,1,3,0,0,BB,PRT,Direct,Direct,0,0,0,F,F,0,No Deposit,14,NULL,0,Transient,205.95,0,1,Check-Out,2016-04-27
City Hotel,0,15,2016,April,18,26,0,2,3,0,0,BB,ITA,Online TA,TA/TO,0,0,0,D,E,0,No Deposit,9,NULL,0,Transient,152.0,0,2,Check-Out,2016-04-28
City Hotel,0,32,2016,April,18,27,0,1,2,1,0,HB,PRT,Online TA,TA/TO,0,0,0,A,B,0,No Deposit,9,NULL,0,Transient,165.15,0,0,Check-Out,2016-04-28
City Hotel,0,32,2016,April,18,27,0,1,2,1,0,HB,PRT,Online TA,TA/TO,0,0,0,A,B,0,No Deposit,9,NULL,0,Transient,165.15,0,0,Check-Out,2016-04-28
City Hotel,0,10,2016,April,18,25,1,2,3,0,0,BB,BRA,Online TA,TA/TO,0,0,0,D,D,0,No Deposit,9,NULL,0,Transient,157.0,0,3,Check-Out,2016-04-28
City Hotel,0,104,2016,April,18,27,0,2,2,2,0,BB,NLD,Online TA,TA/TO,0,0,0,F,F,0,No Deposit,9,NULL,0,Transient,186.3,0,2,Check-Out,2016-04-29
City Hotel,0,62,2016,April,18,24,2,3,2,2,0,BB,DEU,Online TA,TA/TO,0,0,0,F,F,0,No Deposit,9,NULL,0,Transient,167.79,0,2,Check-Out,2016-04-29
City Hotel,0,5,2016,April,18,26,0,3,2,2,0,BB,FRA,Online TA,TA/TO,0,0,0,F,F,0,No Deposit,7,NULL,0,Transient,189.43,0,2,Check-Out,2016-04-29
City Hotel,0,22,2016,April,18,26,0,4,2,0,0,BB,BRA,Online TA,TA/TO,0,0,0,F,F,1,No Deposit,7,NULL,0,Transient,156.7,0,2,Check-Out,2016-04-30
City Hotel,0,0,2016,April,18,29,0,1,2,1,0,BB,RUS,Direct,Direct,0,0,0,A,C,0,No Deposit,NULL,NULL,0,Transient,197.0,0,0,Check-Out,2016-04-30
City Hotel,0,55,2016,April,18,29,0,2,3,0,0,BB,ITA,Online TA,TA/TO,0,0,0,A,D,0,No Deposit,9,NULL,0,Transient,159.3,0,2,Check-Out,2016-05-01
City Hotel,0,36,2016,April,18,28,0,3,3,0,0,BB,NLD,Online TA,TA/TO,0,0,0,D,D,0,No Deposit,9,NULL,0,Transient,152.4,0,2,Check-Out,2016-05-01
City Hotel,0,53,2016,April,18,28,0,3,2,2,0,BB,FRA,Online TA,TA/TO,0,0,0,F,F,0,No Deposit,9,NULL,0,Transient,192.0,0,0,Check-Out,2016-05-01
City Hotel,0,25,2016,April,18,30,0,1,2,0,0,BB,ESP,Online TA,TA/TO,0,0,0,D,D,0,No Deposit,9,NULL,0,Transient,156.0,0,2,Check-Out,2016-05-01
City Hotel,0,39,2016,April,18,29,0,2,3,0,0,BB,ESP,Online TA,TA/TO,0,0,0,D,D,2,No Deposit,9,NULL,0,Transient,177.0,0,2,Check-Out,2016-05-01
City Hotel,0,25,2016,April,18,30,0,1,3,0,0,BB,ESP,Online TA,TA/TO,0,0,0,D,D,0,No Deposit,9,NULL,0,Transient,186.0,0,2,Check-Out,2016-05-01
City Hotel,0,5,2016,May,19,1,1,0,2,0,0,BB,BRA,Online TA,TA/TO,0,0,0,D,D,2,No Deposit,9,NULL,0,Transient,155.0,0,1,Check-Out,2016-05-02
City Hotel,0,63,2016,April,18,29,1,2,3,0,0,BB,ESP,Online TA,TA/TO,0,0,0,A,D,0,No Deposit,9,NULL,0,Transient-Party,159.3,0,0,Check-Out,2016-05-02
City Hotel,0,1,2016,April,18,29,1,2,2,2,0,BB,ESP,Online TA,TA/TO,0,0,0,F,F,0,No Deposit,9,NULL,0,Transient,211.0,0,1,Check-Out,2016-05-02
City Hotel,0,2,2016,April,18,30,1,1,2,2,0,BB,AUS,Online TA,TA/TO,0,0,0,F,F,0,No Deposit,9,NULL,0,Transient,211.0,0,2,Check-Out,2016-05-02
City Hotel,0,64,2016,April,18,29,1,2,2,2,0,BB,ESP,Online TA,TA/TO,0,0,0,F,F,0,No Deposit,9,NULL,0,Transient,198.9,0,2,Check-Out,2016-05-02
City Hotel,0,67,2016,April,18,30,1,1,3,0,0,HB,ESP,Online TA,TA/TO,0,0,0,D,D,1,No Deposit,9,NULL,0,Transient,219.6,1,2,Check-Out,2016-05-02
City Hotel,0,44,2016,April,18,29,1,2,2,2,0,BB,ESP,Online TA,TA/TO,0,0,0,F,F,0,No Deposit,9,NULL,0,Transient,207.9,0,0,Check-Out,2016-05-02
City Hotel,0,46,2016,April,18,29,1,2,3,0,0,BB,ESP,Online TA,TA/TO,0,0,0,D,D,0,No Deposit,9,NULL,0,Transient,159.3,1,2,Check-Out,2016-05-02
City Hotel,0,3,2016,April,18,29,1,2,2,2,0,BB,FRA,Direct,Direct,0,0,0,E,E,0,No Deposit,14,NULL,0,Transient,156.95,0,0,Check-Out,2016-05-02
City Hotel,0,2,2016,April,18,27,1,4,2,0,0,BB,GBR,Online TA,TA/TO,0,0,0,F,F,0,No Deposit,7,NULL,0,Transient,162.47,0,2,Check-Out,2016-05-02
City Hotel,0,11,2016,April,18,30,1,1,2,2,0,BB,ESP,Online TA,TA/TO,0,0,0,F,F,0,No Deposit,9,NULL,0,Transient,225.0,0,2,Check-Out,2016-05-02
City Hotel,0,24,2016,April,18,29,2,2,2,0,0,BB,GBR,Online TA,TA/TO,0,0,0,D,E,0,No Deposit,9,NULL,0,Transient,156.0,0,0,Check-Out,2016-05-03
City Hotel,0,10,2016,April,18,30,2,1,3,0,0,BB,DEU,Direct,Direct,0,0,0,D,F,1,No Deposit,NULL,NULL,0,Transient,183.0,1,2,Check-Out,2016-05-03
City Hotel,0,24,2016,May,19,1,2,0,3,0,0,BB,CHN,Online TA,TA/TO,0,0,0,D,D,0,No Deposit,9,NULL,0,Transient,172.0,0,2,Check-Out,2016-05-03
City Hotel,0,10,2016,April,18,29,2,2,3,0,0,BB,ESP,Online TA,TA/TO,0,0,0,D,D,0,No Deposit,9,NULL,0,Transient,172.0,0,2,Check-Out,2016-05-03
City Hotel,0,1,2016,May,19,2,1,0,2,1,0,BB,FIN,Online TA,TA/TO,0,0,0,A,F,0,No Deposit,9,NULL,0,Transient,159.0,0,2,Check-Out,2016-05-03
City Hotel,0,11,2016,May,19,2,1,1,3,0,0,BB,DEU,Online TA,TA/TO,0,0,0,D,D,0,No Deposit,9,NULL,0,Transient,186.0,0,2,Check-Out,2016-05-04
City Hotel,0,12,2016,April,18,29,2,3,1,0,0,BB,NLD,Online TA,TA/TO,0,0,0,D,D,0,No Deposit,8,NULL,0,Transient,152.0,0,1,Check-Out,2016-05-04
City Hotel,0,66,2016,May,19,1,2,2,3,0,0,BB,SWE,Online TA,TA/TO,0,0,0,D,D,0,No Deposit,9,NULL,0,Transient,150.45,0,0,Check-Out,2016-05-05
City Hotel,0,2,2016,April,18,29,2,4,2,0,0,BB,CN,Online TA,TA/TO,0,0,0,D,D,0,No Deposit,8,NULL,0,Transient,151.0,0,1,Check-Out,2016-05-05
City Hotel,0,52,2016,April,18,30,2,3,2,1,0,BB,SWE,Direct,Direct,0,0,0,E,E,0,No Deposit,14,NULL,0,Transient-Party,163.75,0,1,Check-Out,2016-05-05
City Hotel,0,61,2016,May,19,4,0,1,3,0,0,BB,SWE,Online TA,TA/TO,0,0,0,A,D,0,No Deposit,9,NULL,0,Transient,159.3,0,1,Check-Out,2016-05-05
City Hotel,0,21,2016,May,19,4,0,1,2,0,0,BB,GBR,Online TA,TA/TO,0,0,0,D,D,0,No Deposit,9,NULL,0,Transient,165.0,1,1,Check-Out,2016-05-05
City Hotel,0,5,2016,May,19,3,0,2,3,0,0,BB,PRT,Online TA,TA/TO,0,0,0,D,F,0,No Deposit,9,NULL,0,Transient,177.0,0,2,Check-Out,2016-05-05
City Hotel,0,36,2016,May,19,1,2,2,3,0,0,BB,IRL,Online TA,TA/TO,0,0,0,D,D,0,No Deposit,9,NULL,0,Transient,159.3,0,3,Check-Out,2016-05-05
City Hotel,0,3,2016,May,19,2,1,2,2,0,0,BB,GBR,Direct,Direct,0,0,0,D,F,2,No Deposit,NULL,NULL,0,Transient,152.0,0,1,Check-Out,2016-05-05
City Hotel,0,4,2016,May,19,4,0,2,2,2,0,BB,FRA,Online TA,TA/TO,0,0,0,F,F,0,No Deposit,9,NULL,0,Transient,230.0,0,2,Check-Out,2016-05-06
City Hotel,0,77,2016,May,19,2,1,3,2,2,0,BB,DEU,Online TA,TA/TO,0,0,0,F,F,0,No Deposit,9,NULL,0,Transient,187.85,0,1,Check-Out,2016-05-06
City Hotel,0,2,2016,May,19,5,0,1,1,0,0,BB,PRT,Online TA,TA/TO,0,0,0,D,A,0,No Deposit,8,NULL,0,Transient,156.0,0,0,Check-Out,2016-05-06
City Hotel,0,10,2016,May,19,5,0,1,2,0,0,BB,PRT,Online TA,TA/TO,0,0,0,D,D,0,No Deposit,9,NULL,0,Transient,156.0,0,1,Check-Out,2016-05-06
City Hotel,0,5,2016,May,19,2,1,3,2,0,0,BB,BEL,Online TA,TA/TO,0,0,0,D,D,0,No Deposit,9,NULL,0,Transient,156.0,0,1,Check-Out,2016-05-06
City Hotel,0,4,2016,May,19,5,0,1,2,0,0,BB,PRT,Online TA,TA/TO,0,0,0,D,G,0,No Deposit,9,NULL,0,Transient,165.0,0,1,Check-Out,2016-05-06
City Hotel,0,7,2016,May,19,4,0,3,2,0,0,BB,CHE,Online TA,TA/TO,0,0,0,D,D,0,No Deposit,9,NULL,0,Transient,156.0,0,1,Check-Out,2016-05-07
City Hotel,0,54,2016,May,19,6,0,1,2,2,0,BB,FRA,Online TA,TA/TO,0,0,0,F,G,0,No Deposit,9,NULL,0,Transient,198.9,0,2,Check-Out,2016-05-07
City Hotel,0,2,2016,May,19,6,0,1,2,0,0,BB,ESP,Online TA,TA/TO,0,0,0,D,E,0,No Deposit,9,NULL,0,Transient,167.0,1,0,Check-Out,2016-05-07
City Hotel,0,0,2016,May,19,3,0,4,2,2,0,BB,FRA,Online TA,TA/TO,0,0,0,F,F,0,No Deposit,9,NULL,0,Transient,221.0,0,1,Check-Out,2016-05-07
City Hotel,0,18,2016,May,19,6,0,2,2,2,0,BB,CHE,Online TA,TA/TO,0,0,0,F,F,0,No Deposit,9,NULL,0,Transient,221.0,0,1,Check-Out,2016-05-08
City Hotel,0,63,2016,May,19,7,0,1,2,2,0,BB,NLD,Direct,Direct,0,0,0,F,G,0,No Deposit,14,NULL,0,Transient,193.5,0,1,Check-Out,2016-05-08
City Hotel,0,62,2016,May,19,7,0,1,2,0,0,BB,BRA,Online TA,TA/TO,0,0,0,D,E,2,No Deposit,9,NULL,0,Transient,159.3,0,2,Check-Out,2016-05-08
City Hotel,0,1,2016,May,19,6,0,2,2,0,0,BB,FRA,Online TA,TA/TO,0,0,0,A,A,1,No Deposit,9,NULL,0,Transient,158.0,1,0,Check-Out,2016-05-08
City Hotel,0,53,2016,May,19,6,0,2,3,0,0,BB,ITA,Online TA,TA/TO,0,0,0,D,D,0,No Deposit,9,NULL,0,Transient,159.3,0,3,Check-Out,2016-05-08
City Hotel,0,12,2016,May,19,7,0,1,3,0,0,BB,ESP,Online TA,TA/TO,0,0,0,D,D,0,No Deposit,9,NULL,0,Transient,177.0,0,1,Check-Out,2016-05-08
City Hotel,0,117,2016,May,19,5,0,3,2,2,0,BB,FRA,Online TA,TA/TO,0,0,0,F,G,0,No Deposit,9,NULL,0,Transient,177.3,0,2,Check-Out,2016-05-08
City Hotel,0,21,2016,May,19,7,0,1,2,0,0,BB,FRA,Direct,Direct,0,0,0,D,D,0,No Deposit,14,NULL,0,Transient,152.0,0,0,Check-Out,2016-05-08
City Hotel,0,53,2016,May,19,6,0,2,3,0,0,BB,PRT,Online TA,TA/TO,0,0,0,D,D,0,No Deposit,9,NULL,0,Transient,159.3,0,3,Check-Out,2016-05-08
City Hotel,0,13,2016,May,19,6,0,2,2,0,0,BB,TUR,Online TA,TA/TO,0,0,0,D,G,0,No Deposit,9,NULL,0,Transient,156.0,0,0,Check-Out,2016-05-08
City Hotel,0,48,2016,May,20,8,1,0,2,0,0,BB,PRT,Direct,Direct,0,0,0,E,E,0,No Deposit,NULL,NULL,0,Transient-Party,157.5,0,0,Check-Out,2016-05-09
City Hotel,0,48,2016,May,19,6,1,2,3,0,0,BB,GBR,Online TA,TA/TO,0,0,0,D,E,0,No Deposit,9,NULL,0,Transient,159.3,0,0,Check-Out,2016-05-09
City Hotel,0,102,2016,May,19,5,1,3,3,0,0,BB,ESP,Online TA,TA/TO,0,0,0,E,F,0,No Deposit,9,NULL,0,Transient,150.45,0,1,Check-Out,2016-05-09
City Hotel,0,30,2016,May,19,6,1,2,2,0,0,BB,FRA,Online TA,TA/TO,0,0,0,F,F,1,No Deposit,9,NULL,0,Transient,198.9,0,2,Check-Out,2016-05-09
City Hotel,0,49,2016,May,19,7,1,1,3,0,0,BB,CHN,Online TA,TA/TO,0,0,0,D,D,0,No Deposit,9,NULL,0,Transient,159.3,0,2,Check-Out,2016-05-09
City Hotel,0,30,2016,May,20,8,1,0,2,0,1,BB,GBR,Direct,Direct,0,0,0,D,D,1,No Deposit,14,NULL,0,Transient,170.0,1,0,Check-Out,2016-05-09
City Hotel,0,13,2016,May,19,5,1,3,3,0,0,BB,ISR,Online TA,TA/TO,0,0,0,D,D,0,No Deposit,9,NULL,0,Transient,169.5,0,2,Check-Out,2016-05-09
City Hotel,0,16,2016,May,19,6,2,2,2,0,0,BB,ITA,Online TA,TA/TO,0,0,0,G,G,0,No Deposit,7,NULL,0,Transient,194.58,0,2,Check-Out,2016-05-10
City Hotel,0,69,2016,May,19,7,2,1,1,1,0,BB,PRT,Online TA,TA/TO,0,0,0,F,F,0,No Deposit,9,NULL,0,Transient-Party,198.9,0,0,Check-Out,2016-05-10
City Hotel,0,0,2016,May,20,10,0,1,3,0,0,BB,USA,Online TA,TA/TO,0,0,0,F,F,0,No Deposit,7,NULL,0,Transient,153.15,0,0,Check-Out,2016-05-11
City Hotel,0,55,2016,May,20,8,2,1,3,0,0,BB,BEL,Online TA,TA/TO,0,0,0,D,D,0,No Deposit,9,NULL,0,Transient,159.3,0,0,Check-Out,2016-05-11
City Hotel,0,93,2016,May,20,8,2,1,2,0,0,HB,FRA,Online TA,TA/TO,0,0,0,A,A,1,No Deposit,9,NULL,0,Transient,170.1,1,0,Check-Out,2016-05-11
City Hotel,0,55,2016,May,19,6,2,3,2,0,0,HB,FRA,Online TA,TA/TO,0,0,0,D,D,1,No Deposit,9,NULL,0,Transient,164.9,0,1,Check-Out,2016-05-11
City Hotel,0,0,2016,May,20,9,1,1,3,0,0,BB,USA,Online TA,TA/TO,0,0,0,D,D,0,No Deposit,9,NULL,0,Transient,158.0,0,0,Check-Out,2016-05-11
City Hotel,0,1,2016,May,20,9,1,1,2,2,0,BB,NLD,Online TA,TA/TO,0,0,0,F,F,1,No Deposit,9,NULL,0,Transient,183.0,0,0,Check-Out,2016-05-11
City Hotel,0,0,2016,May,20,11,0,1,2,0,0,BB,PRT,Direct,Direct,0,0,0,A,K,0,No Deposit,NULL,NULL,0,Transient,152.0,0,0,Check-Out,2016-05-12
City Hotel,0,64,2016,May,20,9,1,3,3,0,0,BB,BRA,Online TA,TA/TO,0,0,0,A,D,0,No Deposit,9,NULL,0,Transient,150.45,0,2,Check-Out,2016-05-13
City Hotel,0,0,2016,May,20,11,0,2,2,2,0,BB,ESP,Direct,Direct,0,0,0,E,F,0,No Deposit,NULL,NULL,0,Transient,192.0,1,3,Check-Out,2016-05-13
City Hotel,0,66,2016,May,20,9,1,3,2,0,0,HB,DEU,Online TA,TA/TO,0,0,0,A,A,0,No Deposit,9,NULL,0,Transient,152.15,0,1,Check-Out,2016-05-13
City Hotel,0,9,2016,May,20,9,1,3,2,0,0,HB,FRA,Online TA,TA/TO,0,0,0,D,E,0,No Deposit,9,NULL,0,Transient,179.0,0,1,Check-Out,2016-05-13
City Hotel,0,13,2016,May,20,11,0,3,3,0,0,BB,ITA,Online TA,TA/TO,0,0,0,F,F,0,No Deposit,7,NULL,0,Transient,161.66,0,1,Check-Out,2016-05-14
City Hotel,0,42,2016,May,20,12,0,2,3,0,0,BB,BRA,Online TA,TA/TO,0,0,0,D,D,0,No Deposit,9,NULL,0,Transient,168.3,0,2,Check-Out,2016-05-14
City Hotel,0,49,2016,May,20,9,1,4,2,0,0,HB,FRA,Online TA,TA/TO,0,0,0,A,A,0,No Deposit,9,NULL,0,Transient,170.1,1,1,Check-Out,2016-05-14
City Hotel,0,7,2016,May,20,13,0,1,3,0,0,BB,PRT,Online TA,TA/TO,0,0,0,D,D,0,No Deposit,9,NULL,0,Transient,215.0,0,2,Check-Out,2016-05-14
City Hotel,0,67,2016,May,20,12,0,3,2,0,0,HB,ITA,Online TA,TA/TO,0,0,0,A,A,0,No Deposit,9,NULL,0,Transient,161.1,0,1,Check-Out,2016-05-15
City Hotel,0,1,2016,May,20,14,0,1,2,2,0,BB,GBR,Online TA,TA/TO,0,0,0,F,F,0,No Deposit,9,NULL,0,Transient,221.0,0,2,Check-Out,2016-05-15
City Hotel,0,122,2016,May,20,12,0,3,3,0,0,BB,PRT,Online TA,TA/TO,0,0,0,D,D,0,No Deposit,8,NULL,0,Transient,153.0,0,2,Check-Out,2016-05-15
City Hotel,0,0,2016,May,20,14,0,1,2,2,0,BB,PRT,Online TA,TA/TO,0,0,0,F,F,0,No Deposit,9,NULL,0,Transient,221.0,0,0,Check-Out,2016-05-15
City Hotel,0,10,2016,May,20,12,0,3,3,0,0,BB,FRA,Direct,Direct,0,0,0,D,E,0,No Deposit,14,NULL,0,Transient,159.2,0,1,Check-Out,2016-05-15
City Hotel,0,14,2016,May,20,12,0,3,3,0,0,BB,PRT,Online TA,TA/TO,0,0,0,D,E,0,No Deposit,9,NULL,0,Transient,186.0,0,2,Check-Out,2016-05-15
City Hotel,0,51,2016,May,20,11,0,4,2,1,0,BB,FRA,Online TA,TA/TO,0,0,0,F,F,0,No Deposit,9,NULL,0,Transient,187.85,0,2,Check-Out,2016-05-15
City Hotel,0,51,2016,May,20,11,0,4,3,1,0,BB,FRA,Online TA,TA/TO,0,0,0,D,D,0,No Deposit,9,NULL,0,Transient,154.88,0,2,Check-Out,2016-05-15
City Hotel,0,76,2016,May,20,12,0,3,2,0,0,BB,BEL,Online TA,TA/TO,0,0,0,A,A,0,No Deposit,9,NULL,0,Transient,159.3,0,1,Check-Out,2016-05-15
City Hotel,0,0,2016,May,20,14,0,1,2,0,0,BB,PRT,Direct,Direct,0,0,0,E,E,0,No Deposit,NULL,NULL,0,Transient,177.0,0,0,Check-Out,2016-05-15
City Hotel,0,58,2016,May,20,13,0,2,3,0,0,BB,PRT,Online TA,TA/TO,0,0,0,D,D,0,No Deposit,9,NULL,0,Transient,159.3,0,3,Check-Out,2016-05-15
City Hotel,0,55,2016,May,20,13,1,2,3,0,0,BB,DEU,Online TA,TA/TO,0,0,0,D,D,0,No Deposit,9,NULL,0,Transient,159.3,0,2,Check-Out,2016-05-16
City Hotel,0,13,2016,May,20,14,1,1,3,0,0,BB,ESP,Online TA,TA/TO,0,0,0,D,D,0,No Deposit,9,NULL,0,Transient,186.0,1,2,Check-Out,2016-05-16
City Hotel,0,40,2016,May,20,13,1,2,2,0,0,BB,DEU,Online TA,TA/TO,0,0,0,G,G,0,No Deposit,7,NULL,0,Transient,203.73,0,2,Check-Out,2016-05-16
City Hotel,0,61,2016,May,20,11,1,4,2,0,0,BB,DEU,Direct,Direct,0,0,0,F,F,0,No Deposit,14,NULL,0,Transient,182.75,0,0,Check-Out,2016-05-16
City Hotel,0,32,2016,May,20,13,1,2,3,0,0,BB,FRA,Online TA,TA/TO,0,0,0,G,G,0,No Deposit,7,NULL,0,Transient,184.99,0,2,Check-Out,2016-05-16
City Hotel,0,55,2016,May,20,11,1,4,3,0,0,BB,HUN,Online TA,TA/TO,0,0,0,D,E,0,No Deposit,9,NULL,0,Transient,150.45,0,2,Check-Out,2016-05-16
City Hotel,0,100,2016,May,20,14,1,1,3,0,0,HB,ESP,Online TA,TA/TO,0,0,0,D,D,1,No Deposit,9,NULL,0,Transient,219.6,1,2,Check-Out,2016-05-16
City Hotel,0,54,2016,May,20,13,2,2,3,0,0,BB,NLD,Online TA,TA/TO,0,0,0,D,D,0,No Deposit,9,NULL,0,Transient,150.45,0,1,Check-Out,2016-05-17
City Hotel,0,84,2016,May,20,13,2,2,2,2,0,BB,CHE,Online TA,TA/TO,0,0,0,F,F,0,No Deposit,9,NULL,0,Transient,187.85,0,1,Check-Out,2016-05-17
City Hotel,0,104,2016,May,20,14,2,1,3,0,0,BB,FRA,Online TA,TA/TO,0,0,0,D,D,0,No Deposit,9,NULL,0,Transient-Party,159.3,0,2,Check-Out,2016-05-17
City Hotel,0,45,2016,May,20,12,2,3,2,0,0,BB,DEU,Online TA,TA/TO,0,0,0,D,D,2,No Deposit,9,NULL,0,Transient,168.3,0,0,Check-Out,2016-05-17
City Hotel,0,93,2016,May,20,12,2,3,3,0,0,BB,DEU,Online TA,TA/TO,0,0,0,A,B,1,No Deposit,9,NULL,0,Transient,150.45,0,3,Check-Out,2016-05-17
City Hotel,0,14,2016,May,21,15,2,0,2,2,0,BB,USA,Online TA,TA/TO,0,0,0,F,F,0,No Deposit,9,NULL,0,Transient,211.0,0,2,Check-Out,2016-05-17
City Hotel,0,69,2016,May,20,14,2,1,3,0,0,BB,DEU,Online TA,TA/TO,0,0,0,A,D,0,No Deposit,9,NULL,0,Transient,159.3,0,1,Check-Out,2016-05-17
City Hotel,0,100,2016,May,21,15,2,0,3,0,0,HB,ESP,Online TA,TA/TO,0,0,0,D,F,4,No Deposit,9,NULL,0,Transient,210.6,0,2,Check-Out,2016-05-17
City Hotel,0,55,2016,May,20,12,2,3,3,0,0,BB,ITA,Online TA,TA/TO,0,0,0,D,E,0,No Deposit,9,NULL,0,Transient,150.45,0,2,Check-Out,2016-05-17
City Hotel,0,9,2016,May,19,4,4,9,2,0,0,BB,MEX,Direct,Direct,0,0,0,D,D,3,No Deposit,14,NULL,0,Transient,152.0,0,0,Check-Out,2016-05-17
City Hotel,0,46,2016,May,21,16,1,1,3,0,0,BB,PRT,Online TA,TA/TO,0,0,0,D,D,1,No Deposit,9,NULL,0,Transient,163.8,0,2,Check-Out,2016-05-18
City Hotel,0,95,2016,May,21,15,2,1,2,2,0,BB,DEU,Direct,Direct,0,0,0,F,F,0,No Deposit,14,NULL,0,Transient,193.5,0,2,Check-Out,2016-05-18
City Hotel,0,75,2016,May,20,9,3,6,3,0,0,BB,FRA,Online TA,TA/TO,0,0,0,D,D,0,No Deposit,9,NULL,0,Transient,150.45,0,0,Check-Out,2016-05-18
City Hotel,0,7,2016,May,21,18,0,1,1,0,0,BB,ESP,Direct,Direct,0,0,0,E,E,0,No Deposit,NULL,NULL,0,Transient,150.45,0,0,Check-Out,2016-05-19
City Hotel,0,7,2016,May,21,18,0,1,1,0,0,BB,GBR,Direct,Direct,0,0,0,E,E,0,No Deposit,NULL,NULL,0,Transient,150.45,0,0,Check-Out,2016-05-19
City Hotel,0,92,2016,May,21,15,2,2,3,0,0,BB,FRA,Online TA,TA/TO,0,0,0,D,E,0,No Deposit,9,NULL,0,Transient,150.45,0,2,Check-Out,2016-05-19
City Hotel,0,27,2016,May,21,18,0,1,2,0,0,BB,ISR,Online TA,TA/TO,0,0,0,D,D,0,No Deposit,9,NULL,0,Transient,156.0,0,0,Check-Out,2016-05-19
City Hotel,0,27,2016,May,21,18,0,1,2,0,0,BB,ISR,Online TA,TA/TO,0,0,0,D,D,0,No Deposit,9,NULL,0,Transient,156.0,0,0,Check-Out,2016-05-19
City Hotel,0,86,2016,May,21,15,2,2,2,2,0,BB,IRL,Online TA,TA/TO,0,0,0,F,F,0,No Deposit,9,NULL,0,Transient,187.85,0,1,Check-Out,2016-05-19
City Hotel,0,19,2016,May,21,18,0,1,2,0,0,BB,ESP,Direct,Direct,0,0,0,D,D,0,No Deposit,NULL,NULL,0,Transient,152.0,0,0,Check-Out,2016-05-19
City Hotel,0,3,2016,May,21,19,0,1,2,0,0,BB,PRT,Corporate,Corporate,0,0,0,E,E,1,No Deposit,NULL,174,0,Transient,159.0,0,0,Check-Out,2016-05-20
City Hotel,0,0,2016,May,21,19,0,1,2,0,0,SC,CHN,Online TA,TA/TO,0,0,0,A,A,0,No Deposit,9,NULL,0,Transient,168.3,0,0,Check-Out,2016-05-20
City Hotel,0,69,2016,May,21,18,0,2,3,0,0,BB,IRL,Online TA,TA/TO,0,0,0,A,D,1,No Deposit,8,NULL,0,Transient,161.9,0,1,Check-Out,2016-05-20
City Hotel,0,1,2016,May,21,19,0,1,1,0,0,BB,ESP,Direct,Direct,0,0,0,E,E,0,No Deposit,NULL,NULL,0,Transient,160.0,0,0,Check-Out,2016-05-20
City Hotel,0,6,2017,June,23,7,0,1,1,0,0,BB,ESP,Direct,Direct,1,0,1,F,F,0,No Deposit,NULL,NULL,0,Transient,160.0,0,0,Check-Out,2017-06-08
City Hotel,0,0,2016,May,21,19,0,1,1,0,0,BB,FRA,Direct,Direct,0,0,0,D,D,0,No Deposit,14,NULL,0,Transient,210.0,0,0,Check-Out,2016-05-20
City Hotel,0,25,2016,May,21,19,0,1,2,0,0,BB,ITA,Online TA,TA/TO,0,0,0,F,F,1,No Deposit,9,NULL,0,Transient,221.0,0,0,Check-Out,2016-05-20
City Hotel,0,26,2016,May,21,19,0,1,3,0,0,BB,ITA,Online TA,TA/TO,0,0,0,D,D,0,No Deposit,9,NULL,0,Transient,177.0,0,2,Check-Out,2016-05-20
City Hotel,0,0,2016,May,21,19,0,1,2,0,0,BB,PRT,Online TA,TA/TO,0,0,0,D,E,0,No Deposit,9,NULL,0,Transient,223.0,0,0,Check-Out,2016-05-20
City Hotel,0,0,2016,May,21,19,0,1,2,0,0,BB,PRT,Direct,Direct,0,0,0,A,D,0,No Deposit,NULL,NULL,0,Transient,209.0,1,0,Check-Out,2016-05-20
City Hotel,0,81,2016,May,21,16,1,3,3,0,0,BB,GBR,Online TA,TA/TO,0,0,0,D,D,0,No Deposit,9,NULL,0,Transient,150.45,0,2,Check-Out,2016-05-20
City Hotel,0,82,2016,May,21,17,0,3,3,0,0,BB,PRT,Online TA,TA/TO,0,0,0,D,D,0,No Deposit,9,NULL,0,Transient,159.3,0,1,Check-Out,2016-05-20
City Hotel,0,5,2016,May,21,19,0,1,2,0,0,BB,PRT,Online TA,TA/TO,0,0,0,F,G,1,No Deposit,9,NULL,0,Transient,221.0,0,2,Check-Out,2016-05-20
City Hotel,0,0,2016,May,21,20,0,1,2,0,0,BB,BRA,Online TA,TA/TO,0,0,0,A,B,0,No Deposit,9,NULL,0,Transient,155.0,0,1,Check-Out,2016-05-21
City Hotel,0,1,2016,May,21,20,0,1,2,0,0,BB,USA,Direct,Direct,0,0,0,E,E,0,No Deposit,14,NULL,0,Transient,206.0,1,0,Check-Out,2016-05-21
City Hotel,0,7,2016,May,21,19,0,2,2,2,0,BB,BRA,Online TA,TA/TO,0,0,0,G,G,0,No Deposit,8,NULL,0,Transient,296.0,0,2,Check-Out,2016-05-21
City Hotel,0,4,2016,May,21,19,0,2,2,2,0,BB,PRT,Direct,Direct,0,0,0,E,E,0,No Deposit,14,NULL,0,Transient,192.0,0,0,Check-Out,2016-05-21
City Hotel,0,28,2016,May,21,20,0,1,2,0,0,BB,DEU,Online TA,TA/TO,0,0,0,D,D,0,No Deposit,9,NULL,0,Transient,156.0,0,2,Check-Out,2016-05-21
City Hotel,0,13,2016,May,21,20,0,1,3,0,0,BB,PRT,Direct,Direct,0,0,0,D,D,0,No Deposit,NULL,NULL,0,Transient,202.0,0,1,Check-Out,2016-05-21
City Hotel,0,1,2016,May,21,20,0,1,3,0,0,BB,PRT,Online TA,TA/TO,0,0,0,D,D,0,No Deposit,9,NULL,0,Transient,206.0,1,2,Check-Out,2016-05-21
City Hotel,0,1,2016,May,21,20,0,1,2,2,0,BB,PRT,Online TA,TA/TO,0,0,0,F,F,0,No Deposit,7,NULL,0,Transient,198.77,0,1,Check-Out,2016-05-21
City Hotel,0,100,2016,May,21,15,2,4,2,0,0,HB,IRL,Online TA,TA/TO,0,0,0,D,D,2,No Deposit,9,NULL,0,Transient,164.9,0,1,Check-Out,2016-05-21
City Hotel,0,1,2016,May,21,20,0,1,2,0,0,BB,PRT,Online TA,TA/TO,0,0,0,D,D,0,No Deposit,9,NULL,0,Transient,176.0,0,1,Check-Out,2016-05-21
City Hotel,0,2,2016,May,21,20,0,1,3,0,0,BB,PRT,Online TA,TA/TO,0,0,0,D,D,0,No Deposit,9,NULL,0,Transient,197.0,1,0,Check-Out,2016-05-21
City Hotel,0,1,2016,May,21,20,0,1,3,0,0,BB,BRA,Online TA,TA/TO,0,0,0,D,D,0,No Deposit,9,NULL,0,Transient,197.0,0,0,Check-Out,2016-05-21
City Hotel,0,5,2016,May,21,20,0,1,2,0,0,HB,GBR,Online TA,TA/TO,0,0,0,D,D,0,No Deposit,9,NULL,0,Transient,194.0,0,2,Check-Out,2016-05-21
City Hotel,0,46,2016,May,21,16,1,4,2,0,0,BB,ISR,Direct,Direct,0,0,0,E,E,0,No Deposit,14,NULL,0,Transient,177.0,0,0,Check-Out,2016-05-21
City Hotel,0,0,2016,May,21,20,0,1,1,0,0,BB,ISR,Online TA,TA/TO,0,0,0,D,D,0,No Deposit,9,NULL,0,Transient,176.0,0,0,Check-Out,2016-05-21
City Hotel,0,0,2016,May,21,20,0,1,1,0,0,BB,BRA,Online TA,TA/TO,0,0,0,A,B,0,No Deposit,9,NULL,0,Transient,161.0,0,1,Check-Out,2016-05-21
City Hotel,0,20,2016,May,21,21,0,1,2,0,0,BB,CN,Online TA,TA/TO,0,0,0,D,D,1,No Deposit,9,NULL,0,Transient,156.0,0,1,Check-Out,2016-05-22
City Hotel,0,8,2016,May,21,21,0,1,1,0,0,SC,BRA,Offline TA/TO,GDS,0,0,0,E,E,0,No Deposit,195,NULL,0,Transient,169.0,0,1,Check-Out,2016-05-22
City Hotel,0,1,2016,May,21,21,0,1,2,0,0,BB,FRA,Online TA,TA/TO,0,0,0,D,D,0,No Deposit,9,NULL,0,Transient,176.0,0,0,Check-Out,2016-05-22
City Hotel,0,22,2016,May,21,21,0,1,1,0,0,BB,GBR,Online TA,TA/TO,0,0,0,D,D,0,No Deposit,9,NULL,0,Transient,156.0,0,1,Check-Out,2016-05-22
City Hotel,0,22,2016,May,21,21,0,1,2,0,0,BB,IRL,Online TA,TA/TO,0,0,0,D,D,0,No Deposit,9,NULL,0,Transient,165.0,0,1,Check-Out,2016-05-22
City Hotel,0,102,2016,May,21,21,0,1,3,0,0,BB,PRT,Online TA,TA/TO,0,0,0,D,D,0,No Deposit,9,NULL,0,Transient,159.3,0,1,Check-Out,2016-05-22
City Hotel,0,22,2016,May,21,21,0,1,3,0,0,BB,PRT,Online TA,TA/TO,0,0,0,D,E,0,No Deposit,9,NULL,0,Transient,177.0,0,2,Check-Out,2016-05-22
City Hotel,0,112,2016,May,21,20,0,2,3,0,0,BB,PRT,Online TA,TA/TO,0,0,0,D,D,0,No Deposit,9,NULL,0,Transient,168.3,0,2,Check-Out,2016-05-22
City Hotel,0,25,2016,May,21,19,0,3,2,0,0,BB,FRA,Direct,Direct,0,0,0,F,F,1,No Deposit,14,NULL,0,Transient,184.45,0,0,Check-Out,2016-05-22
City Hotel,0,101,2016,May,21,19,0,3,3,0,0,BB,USA,Online TA,TA/TO,0,0,0,F,F,1,No Deposit,9,NULL,0,Transient,198.9,0,2,Check-Out,2016-05-22
City Hotel,0,5,2016,May,21,19,0,3,2,2,0,BB,PRT,Online TA,TA/TO,0,0,0,F,F,0,No Deposit,9,NULL,0,Transient,230.0,0,2,Check-Out,2016-05-22
City Hotel,0,74,2016,May,21,21,0,1,3,0,0,BB,PRT,Online TA,TA/TO,0,0,0,A,D,0,No Deposit,9,NULL,0,Transient,168.3,0,2,Check-Out,2016-05-22
City Hotel,0,22,2016,May,21,21,0,1,1,0,0,BB,IRL,Online TA,TA/TO,0,0,0,D,D,0,No Deposit,9,NULL,0,Transient,156.0,0,1,Check-Out,2016-05-22
City Hotel,0,11,2016,May,21,20,0,2,3,1,0,BB,PRT,Online TA,TA/TO,0,0,0,F,F,1,No Deposit,9,NULL,0,Transient,258.0,0,3,Check-Out,2016-05-22
City Hotel,0,26,2016,May,21,19,1,3,2,0,0,BB,CHE,Online TA,TA/TO,0,0,0,D,D,0,No Deposit,9,NULL,0,Transient,151.0,0,1,Check-Out,2016-05-23
City Hotel,0,18,2016,May,21,21,1,1,2,0,0,BB,IRL,Online TA,TA/TO,0,0,0,D,E,1,No Deposit,9,NULL,0,Transient,158.0,0,3,Check-Out,2016-05-23
City Hotel,0,23,2016,May,22,22,1,0,2,1,0,BB,USA,Online TA,TA/TO,0,0,0,D,F,0,No Deposit,8,NULL,0,Transient,173.5,0,1,Check-Out,2016-05-23
City Hotel,0,24,2016,May,21,21,1,1,2,0,0,BB,FRA,Online TA,TA/TO,0,0,0,D,D,0,No Deposit,9,NULL,0,Transient,155.0,0,2,Check-Out,2016-05-23
City Hotel,0,6,2016,May,21,21,1,1,2,0,0,BB,PRT,Online TA,TA/TO,0,0,0,G,G,0,No Deposit,8,NULL,0,Transient,261.0,0,2,Check-Out,2016-05-23
City Hotel,0,29,2016,May,21,20,1,2,3,0,0,BB,FRA,Online TA,TA/TO,0,0,0,D,D,0,No Deposit,9,NULL,0,Transient,159.2,0,2,Check-Out,2016-05-23
City Hotel,0,8,2016,May,21,21,1,1,2,1,0,BB,ITA,Offline TA/TO,TA/TO,0,0,0,E,E,0,No Deposit,83,NULL,0,Transient,173.8,0,0,Check-Out,2016-05-23
City Hotel,0,25,2016,May,21,21,1,1,2,0,0,BB,FRA,Online TA,TA/TO,0,0,0,D,D,0,No Deposit,9,NULL,0,Transient,155.0,1,1,Check-Out,2016-05-23
City Hotel,0,28,2016,May,21,20,1,2,1,2,0,BB,POL,Online TA,TA/TO,0,0,0,F,F,0,No Deposit,9,NULL,0,Transient,207.63,0,2,Check-Out,2016-05-23
City Hotel,0,11,2016,May,22,22,2,0,2,1,0,BB,DEU,Online TA,TA/TO,0,0,0,A,D,0,No Deposit,9,NULL,0,Transient,159.0,0,3,Check-Out,2016-05-24
City Hotel,0,4,2016,May,22,23,1,0,1,0,0,SC,POL,Offline TA/TO,GDS,0,0,0,A,A,0,No Deposit,195,NULL,0,Transient,153.0,0,1,Check-Out,2016-05-24
City Hotel,0,7,2016,May,21,18,2,4,1,2,0,BB,BRA,Direct,Direct,0,0,0,G,G,0,No Deposit,14,NULL,0,Transient,218.45,0,0,Check-Out,2016-05-24
City Hotel,0,29,2016,May,21,19,2,3,3,0,0,BB,FRA,Online TA,TA/TO,0,0,0,D,D,0,No Deposit,9,NULL,0,Transient,155.64,0,2,Check-Out,2016-05-24
City Hotel,0,99,2016,May,21,19,2,3,2,2,0,BB,PRT,Online TA,TA/TO,0,0,0,F,F,0,No Deposit,9,NULL,0,Transient,187.85,0,0,Check-Out,2016-05-24
City Hotel,0,5,2016,May,21,21,2,1,1,0,0,BB,GBR,Direct,Direct,0,0,0,E,E,0,No Deposit,14,NULL,0,Transient,150.45,0,0,Check-Out,2016-05-24
City Hotel,0,1,2016,May,22,23,1,0,2,0,0,BB,FRA,Direct,Direct,0,0,0,D,D,1,No Deposit,NULL,NULL,0,Transient,172.0,1,1,Check-Out,2016-05-24
City Hotel,0,0,2016,May,22,23,1,0,2,0,0,BB,FRA,Online TA,TA/TO,0,0,0,D,D,0,No Deposit,9,NULL,0,Transient,176.0,0,1,Check-Out,2016-05-24
City Hotel,0,80,2016,May,22,23,1,1,1,0,0,BB,IRL,Direct,Direct,0,0,0,E,F,0,No Deposit,14,NULL,0,Transient,157.5,0,0,Check-Out,2016-05-25
City Hotel,0,7,2016,May,22,22,2,1,3,0,0,BB,CHE,Online TA,TA/TO,0,0,0,D,D,0,No Deposit,9,NULL,0,Transient,177.0,0,2,Check-Out,2016-05-25
City Hotel,0,0,2016,May,22,23,1,1,1,0,0,BB,ESP,Direct,Direct,0,0,0,A,B,0,No Deposit,NULL,NULL,0,Transient,152.0,0,0,Check-Out,2016-05-25
City Hotel,0,22,2016,May,21,21,2,2,2,0,0,HB,FRA,Online TA,TA/TO,0,0,0,D,D,0,No Deposit,9,NULL,0,Transient,194.0,0,1,Check-Out,2016-05-25
City Hotel,0,0,2016,May,22,23,1,1,1,0,0,BB,ESP,Direct,Direct,0,0,0,A,B,0,No Deposit,NULL,NULL,0,Transient,152.0,0,0,Check-Out,2016-05-25
City Hotel,0,9,2016,May,21,21,2,2,2,0,0,BB,USA,Direct,Direct,0,0,0,G,G,0,No Deposit,14,NULL,0,Transient,257.0,0,0,Check-Out,2016-05-25
City Hotel,0,93,2016,May,22,23,1,2,2,0,0,HB,USA,Direct,Direct,0,0,0,E,E,1,No Deposit,14,NULL,0,Transient-Party,211.0,0,0,Check-Out,2016-05-26
City Hotel,0,93,2016,May,22,23,1,2,2,0,0,HB,USA,Direct,Direct,0,0,0,E,E,1,No Deposit,14,NULL,0,Transient-Party,211.0,0,0,Check-Out,2016-05-26
City Hotel,0,57,2016,May,22,22,2,2,3,0,0,BB,GBR,Online TA,TA/TO,0,0,0,D,D,0,No Deposit,9,NULL,0,Transient,159.3,0,2,Check-Out,2016-05-26
City Hotel,0,117,2016,May,22,22,2,2,3,0,0,BB,GBR,Online TA,TA/TO,0,0,0,D,D,0,No Deposit,9,NULL,0,Transient,150.45,0,2,Check-Out,2016-05-26
City Hotel,0,4,2016,May,22,24,0,2,1,0,0,BB,JPN,Direct,Direct,0,0,0,E,E,1,No Deposit,NULL,NULL,0,Transient,160.0,0,0,Check-Out,2016-05-26
City Hotel,0,86,2016,May,22,22,2,3,3,0,0,HB,DEU,Online TA,TA/TO,0,0,0,A,A,0,No Deposit,9,NULL,0,Transient,198.9,0,2,Check-Out,2016-05-27
City Hotel,0,6,2016,May,22,22,2,3,2,1,0,BB,DEU,Direct,Direct,0,0,0,E,E,0,No Deposit,NULL,NULL,0,Transient,171.0,0,1,Check-Out,2016-05-27
City Hotel,0,6,2016,May,22,26,0,1,1,0,0,BB,DEU,Online TA,TA/TO,0,0,0,E,E,0,No Deposit,NULL,NULL,0,Transient,197.0,0,2,Check-Out,2016-05-27
City Hotel,0,1,2016,May,22,26,0,1,2,0,0,BB,FRA,Direct,Direct,0,0,0,D,D,0,No Deposit,NULL,NULL,0,Transient,165.0,0,1,Check-Out,2016-05-27
City Hotel,0,73,2016,May,22,25,0,2,3,0,0,BB,ESP,Online TA,TA/TO,0,0,0,D,D,0,No Deposit,9,NULL,0,Transient,159.3,0,2,Check-Out,2016-05-27
City Hotel,0,47,2016,May,22,26,0,1,2,2,0,BB,NLD,Online TA,TA/TO,0,0,0,F,F,0,No Deposit,9,NULL,0,Transient,198.9,0,2,Check-Out,2016-05-27
City Hotel,0,47,2016,May,22,23,1,3,2,0,0,BB,GBR,Direct,Direct,0,0,0,E,F,0,No Deposit,14,NULL,0,Transient,159.3,0,0,Check-Out,2016-05-27
City Hotel,0,7,2016,May,22,25,0,2,2,2,0,BB,DEU,Online TA,TA/TO,0,0,0,F,F,0,No Deposit,9,NULL,0,Transient,241.0,0,2,Check-Out,2016-05-27
City Hotel,0,9,2016,May,22,26,0,2,3,0,0,BB,PRT,Direct,Direct,0,0,0,G,G,0,No Deposit,NULL,NULL,0,Transient,218.45,0,2,Check-Out,2016-05-28
City Hotel,0,5,2016,May,22,27,0,1,2,2,0,BB,PRT,Online TA,TA/TO,0,0,0,F,F,0,No Deposit,9,NULL,0,Transient,250.0,1,1,Check-Out,2016-05-28
City Hotel,0,2,2016,May,22,27,0,1,3,0,0,BB,PRT,Online TA,TA/TO,0,0,0,D,D,0,No Deposit,9,NULL,0,Transient,197.0,0,1,Check-Out,2016-05-28
City Hotel,0,4,2016,May,22,27,0,1,2,0,0,BB,DEU,Online TA,TA/TO,0,0,0,D,D,0,No Deposit,9,NULL,0,Transient,176.0,0,1,Check-Out,2016-05-28
City Hotel,0,1,2016,May,22,26,0,2,2,0,0,BB,CN,Online TA,TA/TO,0,0,0,D,E,0,No Deposit,9,NULL,0,Transient,176.0,0,1,Check-Out,2016-05-28
City Hotel,0,13,2016,May,22,28,0,1,1,0,0,BB,PRT,Direct,Direct,0,0,0,E,E,0,No Deposit,14,NULL,0,Transient,177.0,0,0,Check-Out,2016-05-29
City Hotel,0,3,2016,May,22,28,0,1,2,0,0,BB,PRT,Online TA,TA/TO,0,0,0,A,A,0,No Deposit,9,NULL,0,Transient,161.0,0,1,Check-Out,2016-05-29
City Hotel,0,5,2016,May,22,28,0,1,3,0,0,BB,ESP,Online TA,TA/TO,0,0,0,D,B,0,No Deposit,9,NULL,0,Transient,206.0,1,3,Check-Out,2016-05-29
City Hotel,0,128,2016,May,22,27,0,2,2,2,0,BB,DEU,Online TA,TA/TO,0,0,0,F,F,0,No Deposit,9,NULL,0,Transient,207.9,0,2,Check-Out,2016-05-29
City Hotel,0,69,2016,May,22,27,0,2,3,0,0,BB,FRA,Online TA,TA/TO,0,0,0,D,D,0,No Deposit,9,NULL,0,Transient,159.3,0,2,Check-Out,2016-05-29
City Hotel,0,6,2016,May,22,28,0,1,3,0,0,BB,GBR,Direct,Direct,0,0,0,D,G,0,No Deposit,14,NULL,0,Transient,202.0,0,1,Check-Out,2016-05-29
City Hotel,0,2,2016,May,22,28,0,1,2,0,0,BB,PRT,Online TA,TA/TO,0,0,0,A,A,0,No Deposit,9,NULL,0,Transient,161.0,0,1,Check-Out,2016-05-29
City Hotel,0,3,2016,May,22,28,0,1,1,0,0,BB,PRT,Online TA,TA/TO,0,0,0,A,A,0,No Deposit,9,NULL,0,Transient,155.0,0,1,Check-Out,2016-05-29
City Hotel,0,3,2016,May,22,28,0,1,2,0,0,BB,PRT,Online TA,TA/TO,0,0,0,A,A,1,No Deposit,9,NULL,0,Transient,155.0,0,1,Check-Out,2016-05-29
City Hotel,0,11,2016,May,22,28,0,1,3,0,0,BB,BRA,Online TA,TA/TO,0,0,0,D,E,0,No Deposit,9,NULL,0,Transient,186.0,0,2,Check-Out,2016-05-29
City Hotel,0,2,2016,May,22,26,0,3,2,0,0,BB,PAK,Online TA,TA/TO,0,0,0,D,D,0,No Deposit,9,NULL,0,Transient,176.0,0,1,Check-Out,2016-05-29
City Hotel,0,1,2016,May,22,27,0,2,2,0,0,BB,PRT,Direct,Direct,0,0,0,A,B,0,No Deposit,NULL,NULL,0,Transient,159.0,0,0,Check-Out,2016-05-29
City Hotel,0,10,2016,May,22,26,0,3,2,2,0,BB,PRT,Direct,Direct,0,0,0,G,G,0,No Deposit,14,NULL,0,Transient,266.0,1,1,Check-Out,2016-05-29
City Hotel,0,28,2016,May,22,28,0,1,2,0,0,BB,KOR,Online TA,TA/TO,0,0,0,D,E,0,No Deposit,9,NULL,0,Transient,156.0,0,0,Check-Out,2016-05-29
City Hotel,0,109,2016,May,22,25,0,4,3,0,0,BB,GBR,Direct,Direct,0,0,0,D,D,0,No Deposit,14,NULL,0,Transient,157.5,0,2,Check-Out,2016-05-29
City Hotel,0,1,2016,May,22,27,0,2,2,1,0,BB,PRT,Online TA,TA/TO,0,0,0,A,D,0,No Deposit,9,NULL,0,Transient,179.0,0,2,Check-Out,2016-05-29
City Hotel,0,13,2016,May,22,28,0,1,2,0,0,BB,ESP,Online TA,TA/TO,0,0,0,D,A,0,No Deposit,9,NULL,0,Transient,156.0,0,2,Check-Out,2016-05-29
City Hotel,0,2,2016,May,22,26,0,3,2,0,0,BB,AUT,Online TA,TA/TO,0,0,0,D,D,0,No Deposit,9,NULL,0,Transient,176.0,0,1,Check-Out,2016-05-29
City Hotel,0,4,2016,May,22,28,0,1,2,0,0,BB,PRT,Online TA,TA/TO,0,0,0,A,A,0,No Deposit,9,NULL,0,Transient,161.0,0,1,Check-Out,2016-05-29
City Hotel,0,24,2016,May,23,29,1,0,3,0,0,BB,BRA,Online TA,TA/TO,0,0,0,D,D,0,No Deposit,9,NULL,0,Transient,159.0,0,2,Check-Out,2016-05-30
City Hotel,0,28,2016,May,23,29,1,0,3,0,0,BB,PRT,Online TA,TA/TO,0,0,0,D,D,0,No Deposit,9,NULL,0,Transient,157.0,0,2,Check-Out,2016-05-30
City Hotel,0,111,2016,May,22,27,1,2,2,2,0,BB,ITA,Online TA,TA/TO,0,0,0,F,F,0,No Deposit,9,NULL,0,Transient,198.9,0,2,Check-Out,2016-05-30
City Hotel,0,99,2016,May,23,29,1,0,2,2,0,BB,DEU,Online TA,TA/TO,0,0,0,F,F,0,No Deposit,9,NULL,0,Transient,198.9,0,2,Check-Out,2016-05-30
City Hotel,0,52,2016,May,22,28,1,1,3,0,0,BB,CHE,Online TA,TA/TO,0,0,0,D,D,0,No Deposit,9,NULL,0,Transient,159.3,0,2,Check-Out,2016-05-30
City Hotel,0,32,2016,May,22,26,1,3,2,2,0,BB,GBR,Online TA,TA/TO,0,0,0,G,G,0,No Deposit,7,NULL,0,Transient,208.66,0,2,Check-Out,2016-05-30
City Hotel,0,8,2016,May,22,27,2,2,3,0,0,BB,GBR,Online TA,TA/TO,0,0,0,D,D,1,No Deposit,9,NULL,0,Transient,176.34,0,3,Check-Out,2016-05-31
City Hotel,0,108,2016,May,22,27,2,2,1,0,0,BB,GBR,Offline TA/TO,GDS,0,0,0,E,E,0,No Deposit,195,NULL,0,Transient,153.9,0,0,Check-Out,2016-05-31
City Hotel,0,38,2016,May,22,27,2,2,3,0,0,BB,CN,Online TA,TA/TO,0,0,0,G,G,0,No Deposit,7,NULL,0,Transient,196.46,0,2,Check-Out,2016-05-31
City Hotel,0,46,2016,May,22,28,2,1,2,2,0,BB,CHE,Online TA,TA/TO,0,0,0,F,F,0,No Deposit,9,NULL,0,Transient,207.9,0,2,Check-Out,2016-05-31
City Hotel,0,26,2016,May,23,29,2,0,2,1,0,BB,DEU,Online TA,TA/TO,0,0,0,D,D,1,No Deposit,9,NULL,0,Transient,153.5,0,2,Check-Out,2016-05-31
City Hotel,0,66,2016,May,22,25,2,5,2,2,0,BB,DEU,Online TA,TA/TO,0,0,0,F,F,0,No Deposit,9,NULL,0,Transient,187.85,0,2,Check-Out,2016-06-01
City Hotel,0,1,2016,May,23,31,0,1,2,0,1,BB,PRT,Online TA,TA/TO,0,0,0,D,D,1,No Deposit,9,NULL,0,Transient,155.0,1,2,Check-Out,2016-06-01
City Hotel,0,15,2016,May,23,29,2,2,2,2,0,BB,GBR,Online TA,TA/TO,0,0,0,F,F,0,No Deposit,9,NULL,0,Transient,166.6,0,2,Check-Out,2016-06-02
City Hotel,0,17,2016,May,23,31,0,2,3,0,0,BB,ESP,Online TA,TA/TO,0,0,0,D,D,0,No Deposit,9,NULL,0,Transient,166.0,1,2,Check-Out,2016-06-02
City Hotel,0,6,2016,May,23,30,1,2,2,0,0,BB,AGO,Online TA,TA/TO,0,0,0,D,D,0,No Deposit,9,NULL,0,Transient,155.0,0,1,Check-Out,2016-06-02
City Hotel,0,0,2016,June,23,2,0,1,2,1,0,BB,DEU,Online TA,TA/TO,0,0,0,A,A,0,No Deposit,9,NULL,0,Transient,158.0,0,0,Check-Out,2016-06-03
City Hotel,0,32,2016,May,23,29,2,3,2,1,0,BB,BEL,Direct,Direct,0,0,0,E,E,0,No Deposit,14,NULL,0,Transient,157.5,0,1,Check-Out,2016-06-03
City Hotel,0,4,2016,May,23,31,0,3,3,0,0,BB,GBR,Direct,Direct,0,0,0,D,D,0,No Deposit,14,NULL,0,Transient,172.0,0,1,Check-Out,2016-06-03
City Hotel,0,1,2016,June,23,3,0,1,2,2,0,BB,GBR,Online TA,TA/TO,0,0,0,F,F,0,No Deposit,9,NULL,0,Transient,221.0,0,0,Check-Out,2016-06-04
City Hotel,0,26,2016,June,23,1,0,3,2,0,1,BB,DEU,Online TA,TA/TO,0,0,0,D,D,1,No Deposit,9,NULL,0,Transient,153.67,0,2,Check-Out,2016-06-04
City Hotel,0,59,2016,May,22,28,2,5,3,0,0,BB,CHE,Online TA,TA/TO,0,0,0,D,D,0,No Deposit,9,NULL,0,Transient,159.3,0,2,Check-Out,2016-06-04
City Hotel,0,77,2016,May,23,31,0,4,2,2,0,BB,ITA,Online TA,TA/TO,0,0,0,F,F,2,No Deposit,9,NULL,0,Transient,198.9,0,1,Check-Out,2016-06-04
City Hotel,0,28,2016,June,23,2,0,3,2,2,0,BB,PRT,Online TA,TA/TO,0,0,0,F,G,0,No Deposit,9,NULL,0,Transient,332.57,0,1,Check-Out,2016-06-05
City Hotel,0,21,2016,June,23,1,0,4,2,2,0,BB,HUN,Online TA,TA/TO,0,0,0,F,F,0,No Deposit,7,NULL,0,Transient,175.95,0,2,Check-Out,2016-06-05
City Hotel,0,87,2016,June,23,2,0,3,2,1,0,HB,ITA,Online TA,TA/TO,0,0,0,A,A,0,No Deposit,9,NULL,0,Transient,185.85,0,2,Check-Out,2016-06-05
City Hotel,0,127,2016,June,23,2,0,3,2,1,0,HB,PRT,Online TA,TA/TO,0,0,0,A,D,1,No Deposit,9,NULL,0,Transient,185.85,0,1,Check-Out,2016-06-05
City Hotel,0,16,2016,June,23,2,0,3,2,0,0,BB,SWE,Online TA,TA/TO,0,0,0,D,D,0,No Deposit,9,NULL,0,Transient,152.67,0,1,Check-Out,2016-06-05
City Hotel,0,11,2016,June,23,2,0,3,2,0,0,BB,GBR,Online TA,TA/TO,0,0,0,D,D,0,No Deposit,9,NULL,0,Transient,152.67,0,1,Check-Out,2016-06-05
City Hotel,0,122,2016,May,23,30,1,5,2,1,0,BB,BRA,Online TA,TA/TO,0,0,0,F,F,0,No Deposit,9,NULL,0,Transient,187.85,0,3,Check-Out,2016-06-05
City Hotel,0,93,2016,June,23,3,0,2,3,0,0,BB,DEU,Online TA,TA/TO,0,0,0,D,D,1,No Deposit,9,NULL,0,Transient-Party,159.3,0,0,Check-Out,2016-06-05
City Hotel,0,93,2016,June,23,3,0,2,3,0,0,BB,DEU,Online TA,TA/TO,0,0,0,D,D,1,No Deposit,9,NULL,0,Transient-Party,159.3,0,0,Check-Out,2016-06-05
City Hotel,0,19,2016,June,23,2,0,3,3,0,0,BB,USA,Online TA,TA/TO,0,0,0,D,E,0,No Deposit,9,NULL,0,Transient,170.33,0,1,Check-Out,2016-06-05
City Hotel,0,17,2016,June,23,4,0,1,2,0,0,BB,BGR,Online TA,TA/TO,0,0,0,D,D,0,No Deposit,9,NULL,0,Transient,156.0,0,1,Check-Out,2016-06-05
City Hotel,0,50,2016,June,23,3,0,2,3,0,0,BB,ESP,Online TA,TA/TO,0,0,0,D,G,0,No Deposit,9,NULL,0,Transient,159.3,0,2,Check-Out,2016-06-05
City Hotel,0,13,2016,June,23,2,0,3,3,0,0,BB,FRA,Online TA,TA/TO,0,0,0,D,D,0,No Deposit,9,NULL,0,Transient,173.67,0,1,Check-Out,2016-06-05
City Hotel,0,92,2016,June,23,1,0,4,2,1,0,BB,ITA,Online TA,TA/TO,0,0,0,F,F,2,No Deposit,9,NULL,0,Transient-Party,187.85,0,1,Check-Out,2016-06-05
City Hotel,0,101,2016,June,23,1,1,4,2,0,0,HB,ITA,Online TA,TA/TO,0,0,0,D,D,1,No Deposit,9,NULL,0,Transient,163.2,0,1,Check-Out,2016-06-06
City Hotel,0,68,2016,June,23,4,1,1,3,0,0,BB,FRA,Online TA,TA/TO,0,0,0,F,F,2,No Deposit,9,NULL,0,Transient,194.4,0,3,Check-Out,2016-06-06
City Hotel,0,50,2016,June,23,3,1,2,2,2,0,BB,ITA,Online TA,TA/TO,0,0,0,F,F,1,No Deposit,9,NULL,0,Transient,189.9,0,2,Check-Out,2016-06-06
City Hotel,0,50,2016,June,23,3,1,2,3,0,0,BB,PRT,Online TA,TA/TO,0,0,0,D,D,1,No Deposit,9,NULL,0,Transient,150.3,0,2,Check-Out,2016-06-06
City Hotel,0,59,2016,June,23,3,1,2,3,0,0,BB,ITA,Online TA,TA/TO,0,0,0,D,D,0,No Deposit,9,NULL,0,Transient,156.3,0,2,Check-Out,2016-06-06
City Hotel,0,1,2016,June,23,4,1,1,3,0,0,BB,NZL,Online TA,TA/TO,0,0,0,D,D,0,No Deposit,9,NULL,0,Transient,167.0,0,3,Check-Out,2016-06-06
City Hotel,0,125,2016,June,23,3,2,2,2,2,0,BB,AUT,Online TA,TA/TO,0,0,0,F,F,0,No Deposit,9,NULL,0,Transient,187.85,0,1,Check-Out,2016-06-07
City Hotel,0,1,2016,June,24,8,0,2,2,0,0,HB,SVK,Online TA,TA/TO,0,0,0,D,D,0,No Deposit,9,NULL,0,Transient,183.0,1,0,Check-Out,2016-06-10
City Hotel,0,83,2016,June,24,7,0,3,2,0,0,HB,NLD,Online TA,TA/TO,0,0,0,D,D,0,No Deposit,9,NULL,0,Transient,174.6,0,0,Check-Out,2016-06-10
City Hotel,0,7,2017,May,19,9,0,3,3,0,0,BB,BRA,Direct,Direct,1,0,1,D,D,0,No Deposit,NULL,NULL,0,Transient,215.0,0,3,Check-Out,2017-05-12
City Hotel,0,9,2016,June,24,8,0,2,3,0,0,BB,IRN,Online TA,TA/TO,0,0,0,D,D,0,No Deposit,9,NULL,0,Transient,157.0,0,0,Check-Out,2016-06-10
City Hotel,0,3,2016,June,24,10,0,2,3,0,0,BB,PRT,Online TA,TA/TO,0,0,0,D,D,1,No Deposit,9,NULL,0,Transient,157.0,0,2,Check-Out,2016-06-12
City Hotel,0,1,2016,June,24,10,0,1,2,2,0,BB,PRT,Online TA,TA/TO,0,0,0,F,F,0,No Deposit,9,NULL,0,Transient,200.0,0,0,Check-Out,2016-06-11
City Hotel,0,7,2016,June,24,8,0,3,3,0,0,BB,SWE,Online TA,TA/TO,0,0,0,D,D,0,No Deposit,8,NULL,0,Transient,173.67,0,2,Check-Out,2016-06-11
City Hotel,0,13,2016,June,24,10,0,1,3,0,0,BB,CHN,Online TA,TA/TO,0,0,0,D,D,0,No Deposit,9,NULL,0,Transient,177.0,0,0,Check-Out,2016-06-11
City Hotel,0,0,2016,June,24,9,0,2,3,0,0,HB,NZL,Online TA,TA/TO,0,0,0,D,D,1,No Deposit,9,NULL,0,Transient,157.0,0,1,Check-Out,2016-06-11
City Hotel,0,20,2016,June,24,8,0,4,2,2,0,BB,ITA,Online TA,TA/TO,0,0,0,F,F,0,No Deposit,9,NULL,0,Transient,211.0,0,2,Check-Out,2016-06-12
City Hotel,0,6,2016,June,24,7,0,5,2,0,0,BB,CN,Online TA,TA/TO,0,0,0,F,F,1,No Deposit,9,NULL,0,Transient,213.0,0,2,Check-Out,2016-06-12
City Hotel,0,29,2016,June,24,9,0,3,2,1,0,BB,ISR,Online TA,TA/TO,0,0,0,F,F,0,No Deposit,7,NULL,0,Transient,217.1,0,2,Check-Out,2016-06-12
City Hotel,0,53,2016,June,24,9,0,3,3,0,0,BB,FRA,Online TA,TA/TO,0,0,0,D,D,0,No Deposit,9,NULL,0,Transient,153.3,0,3,Check-Out,2016-06-12
City Hotel,0,3,2016,June,24,11,0,1,2,2,0,BB,PRT,Online TA,TA/TO,0,0,0,F,F,2,No Deposit,15,NULL,0,Transient,160.8,0,0,Check-Out,2016-06-12
City Hotel,0,0,2016,June,24,11,0,1,3,0,0,BB,PRT,Direct,Direct,0,0,0,D,E,0,No Deposit,NULL,NULL,0,Transient,191.0,0,0,Check-Out,2016-06-12
City Hotel,0,1,2016,June,24,11,0,1,2,0,0,BB,PRT,Direct,Direct,0,0,0,D,D,0,No Deposit,NULL,NULL,0,Transient,152.0,0,0,Check-Out,2016-06-12
City Hotel,0,99,2016,June,24,11,0,1,2,2,0,BB,GBR,Online TA,TA/TO,0,0,0,F,F,0,No Deposit,9,NULL,0,Transient,198.9,0,2,Check-Out,2016-06-12
City Hotel,0,58,2016,June,24,10,1,2,3,0,0,BB,ESP,Online TA,TA/TO,0,0,0,D,D,4,No Deposit,9,NULL,0,Transient,159.3,0,2,Check-Out,2016-06-13
City Hotel,0,83,2016,June,24,10,1,2,3,0,0,HB,ESP,Online TA,TA/TO,0,0,0,D,D,0,No Deposit,9,NULL,0,Transient,210.6,0,2,Check-Out,2016-06-13
City Hotel,0,58,2016,June,24,10,1,2,3,0,0,BB,ESP,Online TA,TA/TO,0,0,0,D,D,2,No Deposit,9,NULL,0,Transient,158.53,0,2,Check-Out,2016-06-13
City Hotel,0,59,2016,June,24,11,1,1,3,0,0,BB,PRT,Online TA,TA/TO,0,0,0,D,A,1,No Deposit,9,NULL,0,Transient,159.3,0,2,Check-Out,2016-06-13
City Hotel,0,1,2016,June,24,11,1,1,3,0,0,BB,AUT,Online TA,TA/TO,0,0,0,D,D,0,No Deposit,9,NULL,0,Transient,166.0,0,3,Check-Out,2016-06-13
City Hotel,0,58,2016,June,24,10,1,2,3,0,0,BB,ESP,Online TA,TA/TO,0,0,0,D,D,0,No Deposit,9,NULL,0,Transient,159.3,0,2,Check-Out,2016-06-13
City Hotel,0,7,2016,June,24,9,1,3,2,0,0,BB,FRA,Online TA,TA/TO,0,0,0,D,D,0,No Deposit,9,NULL,0,Transient,151.0,0,1,Check-Out,2016-06-13
City Hotel,0,102,2016,June,24,10,1,2,3,0,0,BB,CHE,Online TA,TA/TO,0,0,0,A,D,0,No Deposit,9,NULL,0,Transient,159.3,0,0,Check-Out,2016-06-13
City Hotel,0,11,2016,June,25,12,2,0,3,0,0,BB,PRT,Direct,Direct,0,0,0,E,E,1,No Deposit,14,NULL,0,Transient,177.45,1,1,Check-Out,2016-06-14
City Hotel,0,54,2016,June,24,9,2,3,2,2,0,BB,FRA,Online TA,TA/TO,0,0,0,F,F,0,No Deposit,9,NULL,0,Transient,198.9,0,2,Check-Out,2016-06-14
City Hotel,0,4,2016,June,24,11,2,1,2,0,0,BB,PRT,Direct,Direct,0,0,0,G,G,0,No Deposit,14,NULL,0,Transient,204.62,1,0,Check-Out,2016-06-14
City Hotel,0,3,2016,June,25,12,2,1,3,0,0,BB,FRA,Online TA,TA/TO,0,0,0,D,D,0,No Deposit,9,NULL,0,Transient,150.33,0,0,Check-Out,2016-06-15
City Hotel,0,96,2016,June,25,13,1,1,3,0,0,BB,ITA,Online TA,TA/TO,0,0,0,D,D,0,No Deposit,9,NULL,0,Transient,159.3,0,2,Check-Out,2016-06-15
City Hotel,0,56,2016,June,25,12,2,1,3,0,0,BB,BEL,Online TA,TA/TO,0,0,0,D,D,0,No Deposit,9,NULL,0,Transient,177.3,0,3,Check-Out,2016-06-15
City Hotel,0,83,2016,June,25,14,0,1,2,0,0,BB,TWN,Online TA,TA/TO,0,0,0,D,D,0,No Deposit,9,NULL,0,Transient,167.4,0,1,Check-Out,2016-06-15
City Hotel,0,14,2016,June,25,12,2,1,3,0,0,BB,GBR,Online TA,TA/TO,0,0,0,D,D,0,No Deposit,9,NULL,0,Transient,159.33,1,2,Check-Out,2016-06-15
City Hotel,0,1,2016,June,25,14,0,2,3,0,0,BB,NLD,Online TA,TA/TO,0,0,0,A,A,0,No Deposit,9,NULL,0,Transient,179.0,0,1,Check-Out,2016-06-16
City Hotel,0,21,2016,June,25,12,2,2,2,0,0,HB,ESP,Online TA,TA/TO,0,0,0,A,A,0,No Deposit,9,NULL,0,Transient,156.5,0,1,Check-Out,2016-06-16
City Hotel,0,0,2016,June,25,13,1,3,2,0,0,BB,CHE,Online TA,TA/TO,0,0,0,F,F,0,No Deposit,7,NULL,0,Transient,150.92,0,1,Check-Out,2016-06-17
City Hotel,0,4,2016,June,25,16,0,1,2,2,0,BB,FRA,Online TA,TA/TO,0,0,0,B,B,2,No Deposit,9,NULL,0,Transient,263.55,0,0,Check-Out,2016-06-17
City Hotel,0,22,2016,June,25,13,1,3,3,0,0,BB,FRA,Online TA,TA/TO,0,0,0,F,F,0,No Deposit,8,NULL,0,Transient,206.0,0,2,Check-Out,2016-06-17
City Hotel,0,102,2016,June,25,12,2,3,3,0,0,BB,USA,Online TA,TA/TO,0,0,0,D,D,2,No Deposit,9,NULL,0,Transient,150.15,0,0,Check-Out,2016-06-17
City Hotel,0,2,2016,June,25,16,0,1,2,1,0,BB,ITA,Online TA,TA/TO,0,0,0,A,E,0,No Deposit,9,NULL,0,Transient,168.0,0,2,Check-Out,2016-06-17
City Hotel,0,0,2016,June,25,17,0,1,3,0,0,BB,FRA,Online TA,TA/TO,0,0,0,D,E,0,No Deposit,9,NULL,0,Transient,177.0,0,0,Check-Out,2016-06-18
City Hotel,0,122,2016,June,25,13,1,4,3,0,0,BB,AUT,Online TA,TA/TO,0,0,0,D,D,0,No Deposit,9,NULL,0,Transient,150.45,0,2,Check-Out,2016-06-18
City Hotel,0,1,2016,June,25,15,0,3,3,0,0,BB,PRT,Online TA,TA/TO,0,0,0,D,D,0,No Deposit,9,NULL,0,Transient,177.0,0,4,Check-Out,2016-06-18
City Hotel,0,4,2016,June,25,16,0,2,2,2,0,BB,CHE,Online TA,TA/TO,0,0,0,F,F,0,No Deposit,9,NULL,0,Transient,220.0,1,2,Check-Out,2016-06-18
City Hotel,0,114,2016,June,25,15,0,4,3,0,0,BB,DEU,Online TA,TA/TO,0,0,0,D,D,0,No Deposit,9,NULL,0,Transient,150.45,0,0,Check-Out,2016-06-19
City Hotel,0,9,2016,June,25,17,0,2,3,0,0,BB,JPN,Online TA,TA/TO,0,0,0,D,D,0,No Deposit,9,NULL,0,Transient,177.0,0,2,Check-Out,2016-06-19
City Hotel,0,45,2016,June,25,17,0,2,3,0,0,BB,ITA,Online TA,TA/TO,0,0,0,D,D,0,No Deposit,9,NULL,0,Transient,159.3,0,2,Check-Out,2016-06-19
City Hotel,0,18,2016,June,25,16,0,3,2,0,0,BB,CHE,Online TA,TA/TO,0,0,0,D,E,1,No Deposit,9,NULL,0,Transient,166.0,0,2,Check-Out,2016-06-19
City Hotel,0,238,2016,June,25,18,0,1,2,1,1,BB,GBR,Online TA,TA/TO,0,0,0,F,F,1,No Deposit,9,NULL,0,Transient,178.2,1,1,Check-Out,2016-06-19
City Hotel,0,1,2016,June,25,18,0,1,2,1,0,BB,PRT,Online TA,TA/TO,0,0,0,A,A,0,No Deposit,9,NULL,0,Transient,168.0,1,2,Check-Out,2016-06-19
City Hotel,0,23,2016,June,25,17,0,2,2,0,1,BB,HUN,Online TA,TA/TO,0,0,0,D,D,1,No Deposit,9,NULL,0,Transient,160.5,0,2,Check-Out,2016-06-19
City Hotel,0,1,2016,June,25,18,0,1,2,1,0,BB,FRA,Online TA,TA/TO,0,0,0,A,F,0,No Deposit,9,NULL,0,Transient,159.0,0,2,Check-Out,2016-06-19
City Hotel,0,26,2016,June,25,16,0,3,3,0,0,BB,IRL,Online TA,TA/TO,0,0,0,D,D,0,No Deposit,9,NULL,0,Transient,177.0,0,2,Check-Out,2016-06-19
City Hotel,0,10,2016,June,25,14,0,5,3,0,0,BB,PRT,Online TA,TA/TO,0,0,0,D,D,0,No Deposit,9,NULL,0,Transient,169.0,0,2,Check-Out,2016-06-19
City Hotel,0,0,2016,June,26,19,1,0,2,0,1,HB,PRT,Direct,Direct,0,0,0,A,F,1,No Deposit,NULL,NULL,0,Transient,199.0,0,0,Check-Out,2016-06-20
City Hotel,0,54,2016,June,25,17,1,2,3,0,0,BB,PRT,Online TA,TA/TO,0,0,0,D,D,0,No Deposit,9,NULL,0,Transient,159.3,0,2,Check-Out,2016-06-20
City Hotel,0,110,2016,June,25,13,2,5,3,0,0,BB,ESP,Online TA,TA/TO,0,0,0,D,D,0,No Deposit,9,NULL,0,Transient-Party,150.45,0,4,Check-Out,2016-06-20
City Hotel,0,27,2016,June,25,18,1,1,3,0,0,BB,DEU,Online TA,TA/TO,0,0,0,D,D,0,No Deposit,9,NULL,0,Transient,177.0,0,1,Check-Out,2016-06-20
City Hotel,0,84,2016,June,25,15,1,4,3,0,0,BB,POL,Online TA,TA/TO,0,0,0,D,D,0,No Deposit,9,NULL,0,Transient,170.1,0,2,Check-Out,2016-06-20
City Hotel,0,6,2016,June,26,19,1,0,2,0,0,BB,DEU,Online TA,TA/TO,0,0,0,D,D,0,No Deposit,9,NULL,0,Transient,156.0,0,1,Check-Out,2016-06-20
City Hotel,0,7,2016,June,26,19,1,0,2,0,0,BB,PRT,Online TA,TA/TO,0,0,0,D,F,0,No Deposit,9,NULL,0,Transient,165.0,0,2,Check-Out,2016-06-20
City Hotel,0,4,2016,June,25,18,1,1,2,0,0,BB,PRT,Online TA,TA/TO,0,0,0,D,E,2,No Deposit,9,NULL,0,Transient,160.5,1,1,Check-Out,2016-06-20
City Hotel,0,96,2016,June,26,19,1,0,3,0,0,BB,ISR,Online TA,TA/TO,0,0,0,D,F,0,No Deposit,9,NULL,0,Transient,168.3,1,2,Check-Out,2016-06-20
City Hotel,0,30,2016,June,25,18,2,1,2,2,0,BB,ITA,Online TA,TA/TO,0,0,0,F,F,1,No Deposit,9,NULL,0,Transient,198.9,0,3,Check-Out,2016-06-21
City Hotel,0,76,2016,June,25,17,2,2,2,0,0,BB,EGY,Online TA,TA/TO,0,0,0,B,B,6,No Deposit,9,NULL,0,Transient,237.2,0,1,Check-Out,2016-06-21
City Hotel,0,93,2016,June,25,16,2,3,2,0,0,HB,ROU,Online TA,TA/TO,0,0,0,A,A,0,No Deposit,9,NULL,0,Transient,157.25,0,1,Check-Out,2016-06-21
City Hotel,0,3,2016,June,26,20,1,0,1,0,0,BB,PRT,Direct,Direct,0,0,0,D,D,0,No Deposit,14,NULL,0,Transient,152.0,0,0,Check-Out,2016-06-21
City Hotel,0,30,2016,June,26,20,1,0,2,2,0,BB,PRT,Online TA,TA/TO,0,0,0,F,F,0,No Deposit,9,NULL,0,Transient,162.35,0,1,Check-Out,2016-06-21
City Hotel,0,4,2016,June,25,16,2,3,2,1,0,BB,FRA,Online TA,TA/TO,0,0,0,A,E,0,No Deposit,9,NULL,0,Transient,168.5,0,2,Check-Out,2016-06-21
City Hotel,0,8,2016,June,25,18,2,1,2,0,0,BB,ESP,Online TA,TA/TO,0,0,0,D,D,0,No Deposit,9,NULL,0,Transient,156.0,0,1,Check-Out,2016-06-21
City Hotel,0,12,2016,June,26,20,1,0,3,0,0,BB,JPN,Online TA,TA/TO,0,0,0,D,D,0,No Deposit,9,NULL,0,Transient,177.0,0,2,Check-Out,2016-06-21
City Hotel,0,47,2016,June,25,18,2,1,3,0,0,BB,DEU,Online TA,TA/TO,0,0,0,D,D,0,No Deposit,9,NULL,0,Transient,150.3,0,2,Check-Out,2016-06-21
City Hotel,0,77,2016,June,26,19,2,0,3,0,0,BB,FRA,Online TA,TA/TO,0,0,0,D,D,0,No Deposit,9,NULL,0,Transient,164.3,0,2,Check-Out,2016-06-21
City Hotel,0,79,2016,June,25,16,2,4,2,0,0,BB,AUT,Online TA,TA/TO,0,0,0,D,D,0,No Deposit,9,NULL,0,Transient,152.4,0,0,Check-Out,2016-06-22
City Hotel,0,0,2016,June,26,21,0,1,3,0,0,BB,AUT,Online TA,TA/TO,0,0,0,D,D,0,No Deposit,9,NULL,0,Transient,177.0,0,1,Check-Out,2016-06-22
City Hotel,0,37,2016,June,26,19,2,1,2,2,0,BB,ZAF,Direct,Direct,0,0,0,E,E,0,No Deposit,14,NULL,0,Transient,157.45,1,1,Check-Out,2016-06-22
City Hotel,0,15,2016,June,26,19,2,1,2,1,0,BB,FRA,Online TA,TA/TO,0,0,0,D,D,2,No Deposit,9,NULL,0,Transient,168.0,1,2,Check-Out,2016-06-22
City Hotel,0,5,2016,June,26,21,0,2,2,0,0,BB,PRT,Online TA,TA/TO,0,0,0,D,D,0,No Deposit,9,NULL,0,Transient,156.0,0,1,Check-Out,2016-06-23
City Hotel,0,6,2017,May,18,4,0,1,1,0,0,BB,ITA,Direct,TA/TO,1,0,1,D,D,0,No Deposit,14,NULL,0,Transient-Party,175.0,0,1,Check-Out,2017-05-05
City Hotel,0,11,2016,June,25,16,2,5,2,0,0,BB,FRA,Online TA,TA/TO,0,0,0,D,D,0,No Deposit,9,NULL,0,Transient,156.0,0,1,Check-Out,2016-06-23
City Hotel,0,15,2016,June,26,19,2,2,2,2,0,HB,GBR,Online TA,TA/TO,0,0,0,F,G,0,No Deposit,9,NULL,0,Transient,278.0,0,2,Check-Out,2016-06-23
City Hotel,0,15,2016,June,26,19,2,2,2,2,0,HB,GBR,Online TA,TA/TO,0,0,0,F,G,0,No Deposit,9,NULL,0,Transient,278.0,0,2,Check-Out,2016-06-23
City Hotel,0,14,2016,June,26,19,2,2,2,0,0,BB,FRA,Online TA,TA/TO,0,0,0,D,D,0,No Deposit,9,NULL,0,Transient,156.0,0,1,Check-Out,2016-06-23
City Hotel,0,7,2016,June,26,19,2,2,2,0,0,BB,FRA,Online TA,TA/TO,0,0,0,D,D,0,No Deposit,9,NULL,0,Transient,156.0,0,1,Check-Out,2016-06-23
City Hotel,0,39,2016,June,26,21,0,2,1,2,0,BB,USA,Direct,Direct,0,0,0,F,F,0,No Deposit,14,NULL,0,Transient,168.3,0,2,Check-Out,2016-06-23
City Hotel,0,109,2016,June,26,21,0,2,3,0,0,BB,PRT,Online TA,TA/TO,0,0,0,A,D,0,No Deposit,9,NULL,0,Transient,159.3,0,1,Check-Out,2016-06-23
City Hotel,0,12,2016,June,26,19,2,2,3,0,0,BB,PRT,Online TA,TA/TO,0,0,0,D,D,0,No Deposit,9,NULL,0,Transient,177.0,0,2,Check-Out,2016-06-23
City Hotel,0,127,2016,June,26,20,1,2,3,0,0,BB,CHE,Online TA,TA/TO,0,0,0,D,D,0,No Deposit,9,NULL,0,Transient,152.4,0,0,Check-Out,2016-06-23
City Hotel,0,9,2016,June,26,20,1,2,2,0,0,HB,JPN,Online TA,TA/TO,0,0,0,A,D,0,No Deposit,9,NULL,0,Transient,179.0,0,2,Check-Out,2016-06-23
City Hotel,0,2,2016,June,26,22,0,2,3,0,0,BB,NLD,Online TA,TA/TO,0,0,0,D,D,0,No Deposit,9,NULL,0,Transient,161.0,0,2,Check-Out,2016-06-24
City Hotel,0,77,2016,June,26,19,2,3,3,0,0,BB,ESP,Online TA,TA/TO,0,0,0,D,D,0,No Deposit,9,NULL,0,Transient,153.18,0,2,Check-Out,2016-06-24
City Hotel,1,26,2016,June,27,26,2,1,2,0,0,BB,DEU,Online TA,TA/TO,0,1,0,D,K,0,No Deposit,9,NULL,0,Transient,152.67,0,0,Canceled,2016-06-24
City Hotel,0,5,2016,June,26,23,0,3,2,2,0,BB,PRT,Direct,Direct,0,0,0,G,G,1,No Deposit,NULL,NULL,0,Transient,193.45,0,2,Check-Out,2016-06-26
City Hotel,0,6,2016,June,27,26,2,0,2,0,0,BB,DEU,Direct,Direct,0,0,0,E,E,0,No Deposit,14,NULL,0,Transient,151.0,0,0,Check-Out,2016-06-28
City Hotel,0,0,2017,April,14,5,0,1,1,0,0,BB,PRT,Direct,Direct,1,0,1,A,A,0,No Deposit,NULL,NULL,0,Transient,155.0,0,0,Check-Out,2017-04-06
City Hotel,0,1,2016,June,27,26,2,1,2,0,0,BB,DEU,Online TA,TA/TO,0,0,0,D,D,0,No Deposit,9,NULL,0,Transient,152.67,0,0,Check-Out,2016-06-29
City Hotel,0,58,2016,June,27,27,1,1,2,2,0,BB,FRA,Online TA,TA/TO,0,0,0,F,F,1,No Deposit,9,NULL,0,Transient,180.9,0,2,Check-Out,2016-06-29
City Hotel,0,41,2016,June,27,27,1,1,2,2,0,BB,TMP,Online TA,TA/TO,0,0,0,F,F,1,No Deposit,9,NULL,0,Transient,189.9,1,3,Check-Out,2016-06-29
City Hotel,0,22,2016,June,27,27,1,1,3,0,0,BB,FRA,Online TA,TA/TO,0,0,0,D,D,0,No Deposit,9,NULL,0,Transient,187.0,0,2,Check-Out,2016-06-29
City Hotel,0,4,2016,June,27,26,2,1,3,0,0,BB,ESP,Direct,Direct,0,0,0,E,E,0,No Deposit,14,NULL,0,Transient,162.88,0,2,Check-Out,2016-06-29
City Hotel,0,41,2016,June,27,28,0,1,2,0,0,BB,PRT,Offline TA/TO,TA/TO,0,0,0,A,A,0,No Deposit,252,NULL,0,Transient-Party,171.2,0,0,Check-Out,2016-06-29
City Hotel,0,23,2016,June,27,27,1,2,2,0,0,BB,CHE,Direct,Direct,0,0,0,D,D,0,No Deposit,14,NULL,0,Transient,162.0,0,1,Check-Out,2016-06-30
City Hotel,0,40,2016,June,27,27,1,2,2,2,0,BB,ESP,Online TA,TA/TO,0,0,0,F,F,0,No Deposit,9,NULL,0,Transient,183.9,0,2,Check-Out,2016-06-30
City Hotel,0,37,2016,June,27,26,2,2,2,0,0,HB,FRA,Online TA,TA/TO,0,0,0,D,D,2,No Deposit,9,NULL,0,Transient,156.6,0,2,Check-Out,2016-06-30
City Hotel,0,1,2016,June,27,28,0,2,2,1,0,BB,ESP,Online TA,TA/TO,0,0,0,A,D,0,No Deposit,9,NULL,0,Transient,167.0,0,1,Check-Out,2016-06-30
City Hotel,0,5,2016,June,27,26,2,2,2,1,0,HB,ESP,Online TA,TA/TO,0,0,0,A,D,1,No Deposit,9,NULL,0,Transient,196.0,0,2,Check-Out,2016-06-30
City Hotel,0,11,2016,June,27,26,2,2,2,0,1,BB,POL,Offline TA/TO,TA/TO,0,0,0,D,E,2,No Deposit,83,NULL,0,Transient,156.8,0,3,Check-Out,2016-06-30
City Hotel,0,17,2016,June,27,29,0,2,3,1,0,BB,USA,Direct,Direct,0,0,0,G,G,0,No Deposit,14,NULL,0,Transient,237.0,0,1,Check-Out,2016-07-01
City Hotel,0,154,2016,June,27,28,0,3,2,2,0,BB,PRT,Online TA,TA/TO,0,0,0,F,F,0,No Deposit,9,NULL,0,Transient,177.3,1,3,Check-Out,2016-07-01
City Hotel,0,124,2016,June,27,27,1,3,2,2,0,BB,PRT,Online TA,TA/TO,0,0,0,F,F,0,No Deposit,9,NULL,0,Transient,158.95,0,2,Check-Out,2016-07-01
City Hotel,0,27,2016,June,27,28,0,3,2,0,0,BB,PRT,Direct,Direct,0,0,0,E,E,0,No Deposit,14,NULL,0,Transient,192.67,1,0,Check-Out,2016-07-01
City Hotel,0,45,2016,June,27,27,1,3,3,0,0,HB,ABW,Online TA,TA/TO,0,0,0,D,D,0,No Deposit,15,NULL,0,Transient,157.68,0,2,Check-Out,2016-07-01
City Hotel,0,7,2016,June,27,30,0,1,2,0,0,BB,PRT,Online TA,TA/TO,0,0,0,A,A,0,No Deposit,9,NULL,0,Transient,151.0,0,1,Check-Out,2016-07-01
City Hotel,0,102,2016,June,27,27,1,3,2,2,0,BB,PRT,Online TA,TA/TO,0,0,0,F,F,0,Non Refund,9,NULL,0,Transient-Party,173.95,0,2,Check-Out,2016-07-01
City Hotel,0,12,2016,June,27,29,0,2,1,0,0,BB,USA,Online TA,TA/TO,0,0,0,D,D,0,No Deposit,8,NULL,0,Transient,151.0,0,2,Check-Out,2016-07-01
City Hotel,0,12,2016,June,27,29,0,2,2,1,0,BB,USA,Online TA,TA/TO,0,0,0,D,D,0,No Deposit,8,NULL,0,Transient,156.0,0,3,Check-Out,2016-07-01
City Hotel,0,160,2016,June,26,25,2,5,2,1,0,BB,POL,Online TA,TA/TO,0,0,0,F,G,1,No Deposit,9,NULL,0,Transient,208.13,0,1,Check-Out,2016-07-02
City Hotel,0,1,2016,June,27,29,0,3,2,2,0,BB,ITA,Online TA,TA/TO,0,0,0,G,G,0,No Deposit,7,NULL,0,Transient,209.1,0,2,Check-Out,2016-07-02
City Hotel,0,33,2016,July,27,1,0,1,2,1,0,BB,FRA,Online TA,TA/TO,0,0,0,A,C,0,No Deposit,9,NULL,0,Transient,152.1,0,2,Check-Out,2016-07-02
City Hotel,0,79,2016,June,27,29,0,3,2,1,0,HB,PRT,Online TA,TA/TO,0,0,0,A,D,0,No Deposit,9,NULL,0,Transient,173.25,0,1,Check-Out,2016-07-02
City Hotel,0,7,2016,June,27,30,0,2,2,0,0,BB,FRA,Online TA,TA/TO,0,0,0,A,A,1,No Deposit,9,NULL,0,Transient,151.0,0,1,Check-Out,2016-07-02
City Hotel,0,21,2016,June,27,28,0,4,3,0,0,BB,FRA,Online TA,TA/TO,0,0,0,D,D,0,No Deposit,9,NULL,0,Transient,182.0,0,3,Check-Out,2016-07-02
City Hotel,0,5,2016,July,27,1,0,1,3,0,0,BB,BEL,Online TA,TA/TO,0,0,0,D,D,0,No Deposit,9,NULL,0,Transient,165.0,0,0,Check-Out,2016-07-02
City Hotel,0,0,2016,July,27,1,0,1,2,1,0,BB,FRA,Online TA,TA/TO,0,0,0,A,D,0,No Deposit,9,NULL,0,Transient,159.0,0,0,Check-Out,2016-07-02
City Hotel,0,2,2016,July,27,1,0,1,2,1,0,BB,AUT,Online TA,TA/TO,0,0,0,A,E,0,No Deposit,9,NULL,0,Transient,167.0,0,1,Check-Out,2016-07-02
City Hotel,0,44,2016,July,27,1,0,1,2,2,0,BB,PRT,Direct,Direct,0,0,0,E,G,0,No Deposit,NULL,NULL,0,Transient-Party,156.95,0,2,Check-Out,2016-07-02
City Hotel,0,3,2016,June,27,28,0,4,2,0,0,BB,PRT,Online TA,TA/TO,0,0,0,D,A,0,No Deposit,9,NULL,0,Transient,158.5,0,2,Check-Out,2016-07-02
City Hotel,0,16,2016,July,27,1,0,2,3,0,0,BB,CN,Online TA,TA/TO,0,0,0,D,D,0,No Deposit,9,NULL,0,Transient,187.0,0,3,Check-Out,2016-07-03
City Hotel,0,16,2016,July,27,1,0,2,2,0,0,BB,PRT,Online TA,TA/TO,0,0,0,D,D,0,No Deposit,9,NULL,0,Transient,166.0,0,2,Check-Out,2016-07-03
City Hotel,0,1,2016,June,27,27,1,5,2,0,0,HB,PRT,Online TA,TA/TO,0,0,0,D,D,0,No Deposit,9,NULL,0,Transient,192.0,0,1,Check-Out,2016-07-03
City Hotel,0,50,2016,June,27,30,0,3,3,0,0,BB,ESP,Online TA,TA/TO,0,0,0,D,D,0,No Deposit,9,NULL,0,Transient,150.3,0,2,Check-Out,2016-07-03
City Hotel,0,18,2016,June,27,30,0,3,2,1,0,BB,NOR,Online TA,TA/TO,0,0,0,A,A,0,No Deposit,9,NULL,0,Transient,169.0,0,1,Check-Out,2016-07-03
City Hotel,0,129,2016,June,27,30,0,3,3,0,0,BB,DEU,Direct,Direct,0,0,0,D,D,0,No Deposit,14,NULL,0,Transient-Party,164.87,0,2,Check-Out,2016-07-03
City Hotel,0,82,2016,July,27,2,0,1,3,0,0,BB,USA,Online TA,TA/TO,0,0,0,G,G,0,No Deposit,7,NULL,0,Transient,185.03,0,2,Check-Out,2016-07-03
City Hotel,0,23,2016,July,27,1,0,2,3,0,0,BB,FRA,Online TA,TA/TO,0,0,0,D,E,0,No Deposit,9,NULL,0,Transient,187.0,0,2,Check-Out,2016-07-03
City Hotel,0,31,2016,June,27,30,1,3,2,0,0,BB,FRA,Online TA,TA/TO,0,0,0,D,D,0,No Deposit,9,NULL,0,Transient,156.15,1,1,Check-Out,2016-07-04
City Hotel,0,53,2016,July,27,1,1,2,3,1,0,BB,NLD,Online TA,TA/TO,0,0,0,G,G,0,No Deposit,7,NULL,0,Transient,188.81,0,1,Check-Out,2016-07-04
City Hotel,0,54,2016,July,28,3,1,0,3,0,0,BB,PRT,Online TA,TA/TO,0,0,0,D,D,0,No Deposit,9,NULL,0,Transient,159.3,1,2,Check-Out,2016-07-04
City Hotel,0,6,2016,July,28,4,1,3,3,0,0,BB,PRT,Direct,Direct,0,0,0,E,E,1,No Deposit,NULL,NULL,0,Transient,174.5,0,2,Check-Out,2016-07-08
City Hotel,0,47,2016,July,27,2,1,1,3,0,0,BB,ESP,Online TA,TA/TO,0,0,0,D,D,0,No Deposit,9,NULL,0,Transient,150.3,0,2,Check-Out,2016-07-04
City Hotel,0,7,2016,June,27,28,1,5,3,0,0,BB,ITA,Online TA,TA/TO,0,0,0,D,D,0,No Deposit,9,NULL,0,Transient,182.0,0,0,Check-Out,2016-07-04
City Hotel,0,1,2016,July,27,2,1,1,2,0,0,BB,GBR,Online TA,TA/TO,0,0,0,D,A,0,No Deposit,9,NULL,0,Transient,166.0,0,0,Check-Out,2016-07-04
City Hotel,0,19,2016,July,27,1,1,2,2,0,0,BB,BEL,Online TA,TA/TO,0,0,0,A,A,0,No Deposit,9,NULL,0,Transient,151.0,0,1,Check-Out,2016-07-04
City Hotel,0,18,2016,July,27,1,1,2,3,0,0,BB,FRA,Online TA,TA/TO,0,0,0,D,D,0,No Deposit,9,NULL,0,Transient,187.0,0,3,Check-Out,2016-07-04
City Hotel,0,158,2016,July,27,1,1,2,2,2,0,BB,BEL,Online TA,TA/TO,0,0,0,F,F,0,No Deposit,9,NULL,0,Transient,168.3,0,1,Check-Out,2016-07-04
City Hotel,0,10,2016,June,27,30,1,3,2,0,0,BB,PRT,Online TA,TA/TO,0,0,0,A,A,0,No Deposit,9,NULL,0,Transient,151.0,0,1,Check-Out,2016-07-04
City Hotel,0,49,2016,July,27,1,1,2,3,0,0,BB,GBR,Online TA,TA/TO,0,0,0,D,E,0,No Deposit,9,NULL,0,Transient,150.3,0,4,Check-Out,2016-07-04
City Hotel,0,18,2016,July,28,3,1,0,2,0,0,BB,FRA,Online TA,TA/TO,0,0,0,A,A,0,No Deposit,9,NULL,0,Transient,151.0,0,1,Check-Out,2016-07-04
City Hotel,0,15,2016,July,27,2,2,1,2,0,0,BB,FRA,Online TA,TA/TO,0,0,0,A,A,0,No Deposit,9,NULL,0,Transient,151.0,0,1,Check-Out,2016-07-05
City Hotel,0,151,2016,July,28,4,1,0,2,2,0,BB,CHE,Direct,Direct,0,0,0,F,F,0,No Deposit,14,NULL,0,Transient,171.9,0,0,Check-Out,2016-07-05
City Hotel,0,11,2016,July,28,4,1,0,2,3,0,BB,USA,Direct,Direct,0,0,0,G,G,0,No Deposit,NULL,NULL,0,Transient,267.0,0,3,Check-Out,2016-07-05
City Hotel,0,36,2016,July,27,2,2,1,2,1,0,BB,FIN,Online TA,TA/TO,0,0,0,A,E,0,No Deposit,9,NULL,0,Transient,152.1,0,2,Check-Out,2016-07-05
City Hotel,0,3,2016,July,28,4,1,0,2,0,0,BB,PRT,Direct,Direct,0,0,0,A,A,0,No Deposit,14,NULL,0,Transient,158.0,1,0,Check-Out,2016-07-05
City Hotel,0,62,2016,July,27,2,2,2,3,0,0,BB,IND,Online TA,TA/TO,0,0,0,D,D,0,No Deposit,9,NULL,0,Transient,150.3,0,2,Check-Out,2016-07-06
City Hotel,0,0,2016,July,28,5,0,1,2,1,0,BB,POL,Online TA,TA/TO,0,0,0,A,G,0,No Deposit,9,NULL,0,Transient,159.0,0,0,Check-Out,2016-07-06
City Hotel,0,20,2016,July,28,5,0,1,2,0,0,BB,PRT,Online TA,TA/TO,0,0,0,A,A,0,No Deposit,9,NULL,0,Transient,160.0,1,1,Check-Out,2016-07-06
City Hotel,0,41,2016,July,27,2,2,2,3,0,0,BB,BEL,Online TA,TA/TO,0,0,0,D,D,0,No Deposit,9,NULL,0,Transient,150.3,0,1,Check-Out,2016-07-06
City Hotel,0,8,2016,June,27,30,2,4,2,0,0,HB,ESP,Online TA,TA/TO,0,0,0,D,D,0,No Deposit,9,NULL,0,Transient,204.0,0,1,Check-Out,2016-07-06
City Hotel,0,27,2016,July,28,4,1,1,2,0,0,BB,CHE,Online TA,TA/TO,0,0,0,A,A,0,No Deposit,9,NULL,0,Transient,151.0,0,1,Check-Out,2016-07-06
City Hotel,0,15,2016,July,28,4,1,1,3,0,0,BB,AUT,Online TA,TA/TO,0,0,0,D,E,0,No Deposit,9,NULL,0,Transient,187.0,1,2,Check-Out,2016-07-06
City Hotel,0,25,2016,July,28,4,1,1,2,3,0,BB,NOR,Direct,Direct,0,0,0,G,G,0,No Deposit,14,NULL,0,Transient,226.95,0,1,Check-Out,2016-07-06
City Hotel,0,10,2016,July,28,3,2,1,2,0,0,BB,SWE,Online TA,TA/TO,0,0,0,D,D,0,No Deposit,9,NULL,0,Transient,166.0,0,1,Check-Out,2016-07-06
City Hotel,0,6,2016,July,27,2,2,2,3,0,0,BB,PRT,Online TA,TA/TO,0,0,0,D,D,0,No Deposit,9,NULL,0,Transient,180.0,0,2,Check-Out,2016-07-06
City Hotel,0,4,2016,July,28,5,0,1,1,0,0,BB,FRA,Online TA,TA/TO,0,0,0,A,A,0,No Deposit,9,NULL,0,Transient,151.0,0,1,Check-Out,2016-07-06
City Hotel,0,221,2016,July,27,2,2,2,2,2,0,BB,DNK,Online TA,TA/TO,0,0,0,F,F,0,No Deposit,9,NULL,0,Contract,187.0,0,0,Check-Out,2016-07-06
City Hotel,0,99,2016,July,28,3,2,1,2,2,0,BB,PRT,Online TA,TA/TO,0,0,0,F,F,0,No Deposit,9,NULL,0,Transient,186.3,0,2,Check-Out,2016-07-06
City Hotel,0,0,2016,July,27,2,2,2,2,0,0,BB,CZE,Online TA,TA/TO,0,0,0,A,K,0,No Deposit,9,NULL,0,Transient,151.0,0,1,Check-Out,2016-07-06
City Hotel,0,128,2016,July,27,1,2,4,2,2,0,BB,USA,Online TA,TA/TO,0,0,0,F,F,0,No Deposit,9,NULL,0,Transient,163.2,0,2,Check-Out,2016-07-07
City Hotel,0,20,2016,July,28,6,0,1,2,2,0,BB,NOR,Online TA,TA/TO,0,0,0,F,G,0,No Deposit,9,NULL,0,Transient,231.0,0,3,Check-Out,2016-07-07
City Hotel,0,20,2016,July,28,6,0,1,2,2,0,BB,NOR,Online TA,TA/TO,0,0,0,F,G,0,No Deposit,9,NULL,0,Transient,231.0,0,1,Check-Out,2016-07-07
City Hotel,0,87,2016,July,28,5,0,2,3,0,0,BB,ARG,Online TA,TA/TO,0,0,0,D,E,2,No Deposit,9,NULL,0,Transient,166.85,0,1,Check-Out,2016-07-07
City Hotel,0,14,2016,July,28,3,2,2,2,0,0,BB,CHE,Online TA,TA/TO,0,0,0,A,A,0,No Deposit,9,NULL,0,Transient,151.0,0,1,Check-Out,2016-07-07
City Hotel,0,6,2016,July,28,3,2,2,1,0,0,BB,DEU,Online TA,TA/TO,0,0,0,D,D,0,No Deposit,9,NULL,0,Transient,156.5,0,1,Check-Out,2016-07-07
City Hotel,0,19,2016,July,28,3,2,2,3,0,0,BB,ESP,Online TA,TA/TO,0,0,0,D,D,0,No Deposit,9,NULL,0,Transient,187.0,0,2,Check-Out,2016-07-07
City Hotel,0,139,2016,July,28,4,1,2,2,2,0,HB,SWE,Online TA,TA/TO,0,0,0,F,G,1,No Deposit,9,NULL,0,Transient,228.6,0,2,Check-Out,2016-07-07
City Hotel,0,14,2016,July,27,2,2,3,2,0,0,BB,DEU,Online TA,TA/TO,0,0,0,A,A,0,No Deposit,9,NULL,0,Transient,151.0,0,2,Check-Out,2016-07-07
City Hotel,0,40,2016,July,28,6,0,1,3,0,0,BB,GBR,Online TA,TA/TO,0,0,0,D,G,0,No Deposit,9,NULL,0,Transient,150.3,0,2,Check-Out,2016-07-07
City Hotel,0,7,2016,July,28,4,1,2,2,1,0,BB,FRA,Online TA,TA/TO,0,0,0,A,D,0,No Deposit,9,NULL,0,Transient,160.33,0,2,Check-Out,2016-07-07
City Hotel,0,51,2016,July,28,3,2,2,2,1,1,BB,PRT,Online TA,TA/TO,0,0,0,A,E,1,No Deposit,9,NULL,0,Transient,150.3,0,3,Check-Out,2016-07-07
City Hotel,0,43,2016,July,28,3,2,2,3,0,0,BB,FRA,Online TA,TA/TO,0,0,0,D,D,0,No Deposit,9,NULL,0,Transient,150.3,0,2,Check-Out,2016-07-07
City Hotel,0,16,2016,June,27,30,2,5,2,0,0,BB,PRT,Online TA,TA/TO,0,0,0,A,A,0,No Deposit,9,NULL,0,Transient,151.0,0,1,Check-Out,2016-07-07
City Hotel,0,1,2016,July,28,7,0,1,3,0,0,BB,DEU,Online TA,TA/TO,0,0,0,D,D,0,No Deposit,9,NULL,0,Transient,197.0,0,0,Check-Out,2016-07-08
City Hotel,0,0,2016,July,28,4,1,3,2,0,0,BB,PRT,Direct,Direct,0,0,0,A,A,0,No Deposit,NULL,NULL,0,Transient,155.5,0,0,Check-Out,2016-07-08
City Hotel,0,37,2016,July,28,7,0,1,2,2,0,BB,NLD,Online TA,TA/TO,0,0,0,F,F,0,No Deposit,9,NULL,0,Transient,216.9,1,3,Check-Out,2016-07-08
City Hotel,0,54,2016,July,28,4,1,3,2,0,0,HB,LUX,Online TA,TA/TO,0,0,0,A,A,0,No Deposit,9,NULL,0,Transient,161.1,1,0,Check-Out,2016-07-08
City Hotel,0,25,2016,July,28,4,1,3,2,0,0,BB,PRT,Online TA,TA/TO,0,0,0,D,D,0,No Deposit,9,NULL,0,Transient,166.0,0,1,Check-Out,2016-07-08
City Hotel,0,25,2016,July,28,7,0,1,2,0,0,BB,PRT,Online TA,TA/TO,0,0,0,A,A,0,No Deposit,9,NULL,0,Transient,151.0,0,1,Check-Out,2016-07-08
City Hotel,0,169,2016,July,28,3,2,3,2,2,0,BB,GBR,Online TA,TA/TO,0,0,0,F,F,0,No Deposit,9,NULL,0,Transient,158.95,0,1,Check-Out,2016-07-08
City Hotel,0,15,2016,July,28,5,0,3,2,0,0,BB,IRL,Online TA,TA/TO,0,0,0,A,A,0,No Deposit,9,NULL,0,Transient,151.0,0,1,Check-Out,2016-07-08
City Hotel,0,73,2016,July,28,4,1,3,3,0,0,BB,ITA,Online TA,TA/TO,0,0,0,D,D,0,No Deposit,9,NULL,0,Transient,150.3,0,2,Check-Out,2016-07-08
City Hotel,0,0,2016,July,28,7,0,1,2,0,0,BB,PRT,Direct,Direct,0,0,0,B,B,0,No Deposit,NULL,NULL,0,Transient,159.0,0,0,Check-Out,2016-07-08
City Hotel,0,151,2016,July,28,3,2,3,2,0,0,HB,FRA,Offline TA/TO,TA/TO,0,0,0,A,D,0,No Deposit,28,NULL,0,Transient,300.0,0,0,Check-Out,2016-07-08
City Hotel,0,0,2016,July,28,7,0,1,2,2,0,BB,PRT,Direct,Direct,0,0,0,G,G,0,No Deposit,NULL,NULL,0,Transient,249.3,0,2,Check-Out,2016-07-08
City Hotel,0,15,2016,July,28,6,0,3,2,0,0,BB,PRT,Online TA,TA/TO,0,0,0,A,A,0,No Deposit,NULL,NULL,0,Transient,151.0,0,0,Check-Out,2016-07-09
City Hotel,0,4,2016,July,28,6,0,3,2,0,0,BB,USA,Online TA,TA/TO,0,0,0,A,A,0,No Deposit,9,NULL,0,Transient,151.0,0,1,Check-Out,2016-07-09
City Hotel,0,169,2016,July,28,5,0,4,2,2,0,BB,ITA,Online TA,TA/TO,0,0,0,F,F,2,No Deposit,9,NULL,0,Transient,167.45,0,2,Check-Out,2016-07-09
City Hotel,0,20,2016,July,28,8,0,1,2,1,0,BB,CN,Direct,Direct,0,0,0,E,E,0,No Deposit,14,NULL,0,Transient,158.95,0,1,Check-Out,2016-07-09
City Hotel,0,173,2016,July,28,8,0,1,2,2,0,BB,PRT,Online TA,TA/TO,0,0,0,F,F,1,No Deposit,9,NULL,0,Transient,177.3,0,2,Check-Out,2016-07-09
City Hotel,0,77,2016,July,28,4,1,4,3,0,0,BB,BRA,Online TA,TA/TO,0,0,0,D,D,0,No Deposit,9,NULL,0,Transient,159.3,1,2,Check-Out,2016-07-09
City Hotel,0,140,2016,July,28,8,0,1,2,2,0,BB,BEL,Online TA,TA/TO,0,0,0,F,F,0,No Deposit,9,NULL,0,Transient,195.3,1,2,Check-Out,2016-07-09
City Hotel,0,17,2016,June,27,30,2,7,2,0,0,BB,NLD,Online TA,TA/TO,0,0,0,A,A,0,No Deposit,9,NULL,0,Transient,151.0,0,2,Check-Out,2016-07-09
City Hotel,0,1,2016,July,28,8,0,1,2,0,0,BB,NLD,Online TA,TA/TO,0,0,0,D,D,0,No Deposit,9,NULL,0,Transient,175.0,1,1,Check-Out,2016-07-09
City Hotel,0,0,2016,July,28,8,0,1,1,0,0,BB,PRT,Direct,Direct,0,0,0,A,D,0,No Deposit,NULL,NULL,0,Transient,157.0,0,0,Check-Out,2016-07-09
City Hotel,0,7,2016,July,28,8,0,1,3,0,0,BB,ITA,Direct,Direct,0,0,0,E,E,0,No Deposit,NULL,NULL,0,Transient,187.25,0,2,Check-Out,2016-07-09
City Hotel,0,19,2016,July,28,5,0,4,3,0,0,BB,PRT,Online TA,TA/TO,0,0,0,D,D,0,No Deposit,9,NULL,0,Transient,187.0,0,0,Check-Out,2016-07-09
City Hotel,0,19,2016,July,28,5,0,4,2,0,0,BB,BEL,Online TA,TA/TO,0,0,0,D,D,0,No Deposit,9,NULL,0,Transient,175.0,1,2,Check-Out,2016-07-09
City Hotel,0,10,2016,July,28,7,0,3,2,0,0,BB,NLD,Online TA,TA/TO,0,0,0,D,D,0,No Deposit,9,NULL,0,Transient,161.33,0,1,Check-Out,2016-07-10
City Hotel,0,12,2016,July,28,7,0,3,3,0,0,BB,PRT,Online TA,TA/TO,0,0,0,D,D,0,No Deposit,9,NULL,0,Transient,182.33,0,2,Check-Out,2016-07-10
City Hotel,0,10,2016,July,28,6,0,4,3,1,0,BB,DEU,Direct,Direct,0,0,0,E,E,0,No Deposit,14,NULL,0,Transient,183.43,0,2,Check-Out,2016-07-10
City Hotel,0,60,2016,July,28,9,0,1,3,0,0,BB,COL,Online TA,TA/TO,0,0,0,D,D,0,No Deposit,9,NULL,0,Transient,152.1,0,2,Check-Out,2016-07-10
City Hotel,0,9,2016,July,28,8,0,2,2,0,0,BB,PRT,Direct,Direct,0,0,0,E,E,1,No Deposit,14,NULL,0,Transient,167.1,1,1,Check-Out,2016-07-10
City Hotel,0,151,2016,July,27,1,2,7,2,2,0,BB,ESP,Online TA,TA/TO,0,0,0,F,F,0,No Deposit,9,NULL,0,Transient,167.45,0,2,Check-Out,2016-07-10
City Hotel,0,8,2016,July,28,7,0,3,1,0,0,BB,BGR,Direct,Direct,0,0,0,E,E,0,No Deposit,14,NULL,0,Transient,182.33,0,0,Check-Out,2016-07-10
City Hotel,0,31,2016,July,28,7,0,3,2,1,0,BB,BRA,Direct,Direct,0,0,0,E,E,0,No Deposit,14,NULL,0,Transient,167.95,1,1,Check-Out,2016-07-10
City Hotel,0,27,2016,July,28,8,0,2,2,0,0,BB,FRA,Online TA,TA/TO,0,0,0,A,A,0,No Deposit,9,NULL,0,Transient,151.0,0,1,Check-Out,2016-07-10
City Hotel,0,13,2016,July,28,9,0,1,2,2,0,BB,PRT,Online TA,TA/TO,0,0,0,F,F,0,No Deposit,9,NULL,0,Transient,231.0,0,3,Check-Out,2016-07-10
City Hotel,0,1,2016,July,28,6,0,4,2,0,0,BB,ROU,Online TA,TA/TO,0,0,0,D,D,0,No Deposit,9,NULL,0,Transient,168.5,0,0,Check-Out,2016-07-10
City Hotel,0,1,2016,July,28,6,0,4,3,0,0,BB,FRA,Online TA,TA/TO,0,0,0,D,D,0,No Deposit,9,NULL,0,Transient,189.5,0,0,Check-Out,2016-07-10
City Hotel,0,82,2016,July,28,9,0,1,3,1,0,BB,CN,Online TA,TA/TO,0,0,0,D,E,2,No Deposit,9,NULL,0,Transient,181.7,0,1,Check-Out,2016-07-10
City Hotel,0,44,2016,July,28,9,0,1,2,1,0,BB,ROU,Online TA,TA/TO,0,0,0,F,F,0,No Deposit,9,NULL,0,Transient,189.9,0,2,Check-Out,2016-07-10
City Hotel,0,54,2016,July,29,10,1,0,2,2,0,BB,DZA,Online TA,TA/TO,0,0,0,F,F,0,No Deposit,7,NULL,0,Transient,156.93,0,2,Check-Out,2016-07-11
City Hotel,0,4,2016,July,28,8,1,2,2,2,0,BB,MEX,Online TA,TA/TO,0,0,0,G,G,0,No Deposit,8,NULL,0,Transient,306.0,0,3,Check-Out,2016-07-11
City Hotel,0,2,2016,July,28,7,1,3,2,0,0,BB,PRT,Online TA,TA/TO,0,0,0,A,A,0,No Deposit,9,NULL,0,Transient,160.0,0,1,Check-Out,2016-07-11
City Hotel,0,5,2016,July,28,8,1,2,2,0,0,BB,CN,Online TA,TA/TO,0,0,0,A,A,0,No Deposit,9,NULL,0,Transient,160.0,1,0,Check-Out,2016-07-11
City Hotel,0,7,2016,July,29,11,1,0,1,0,0,BB,AUT,Online TA,TA/TO,0,0,0,A,A,0,No Deposit,9,NULL,0,Transient,154.0,0,1,Check-Out,2016-07-12
City Hotel,0,60,2016,July,28,9,2,1,3,0,0,BB,PRT,Direct,Direct,0,0,0,E,E,0,No Deposit,14,NULL,0,Transient,177.9,0,1,Check-Out,2016-07-12
City Hotel,0,4,2016,July,29,11,1,0,2,0,0,BB,PRT,Online TA,TA/TO,0,0,0,A,A,0,No Deposit,9,NULL,0,Transient,151.0,0,2,Check-Out,2016-07-12
City Hotel,0,1,2016,July,28,8,2,2,3,0,0,BB,ESP,Online TA,TA/TO,0,0,0,D,D,0,No Deposit,9,NULL,0,Transient,184.5,0,2,Check-Out,2016-07-12
City Hotel,0,7,2016,July,29,11,1,0,2,1,0,BB,BEL,Online TA,TA/TO,0,0,0,A,G,0,No Deposit,9,NULL,0,Transient,169.0,0,2,Check-Out,2016-07-12
City Hotel,0,0,2016,July,28,8,2,2,2,2,0,BB,AIA,Online TA,TA/TO,0,0,0,G,G,0,No Deposit,8,NULL,0,Transient,265.0,0,0,Check-Out,2016-07-12
City Hotel,0,0,2016,July,29,11,1,0,2,2,0,BB,SWE,Online TA,TA/TO,0,0,0,F,F,0,No Deposit,NULL,NULL,0,Transient,177.0,0,0,Check-Out,2016-07-12
City Hotel,0,125,2016,July,29,12,0,1,2,2,0,BB,PRT,Online TA,TA/TO,0,0,0,F,F,0,No Deposit,9,NULL,0,Transient,177.3,0,0,Check-Out,2016-07-13
City Hotel,0,0,2016,July,29,12,0,1,2,0,0,BB,RUS,Online TA,TA/TO,0,0,0,A,A,0,No Deposit,9,NULL,0,Transient,151.0,0,1,Check-Out,2016-07-13
City Hotel,0,51,2016,July,28,9,2,2,3,0,0,BB,ESP,Online TA,TA/TO,0,0,0,D,D,0,No Deposit,9,NULL,0,Transient,154.35,0,1,Check-Out,2016-07-13
City Hotel,0,2,2016,July,29,12,0,1,2,0,0,BB,FRA,Online TA,TA/TO,0,0,0,A,A,0,No Deposit,9,NULL,0,Transient,151.0,0,0,Check-Out,2016-07-13
City Hotel,0,30,2016,July,28,7,2,4,3,0,0,BB,CHE,Online TA,TA/TO,0,0,0,D,D,0,No Deposit,9,NULL,0,Transient,168.3,0,4,Check-Out,2016-07-13
City Hotel,0,6,2016,July,29,11,1,1,1,0,0,BB,DEU,Online TA,TA/TO,0,0,0,D,A,0,No Deposit,9,NULL,0,Transient,166.0,0,1,Check-Out,2016-07-13
City Hotel,0,177,2016,July,29,10,2,1,3,2,0,BB,NOR,Direct,Direct,0,0,0,G,G,0,No Deposit,NULL,NULL,0,Transient,225.9,0,0,Check-Out,2016-07-13
City Hotel,0,1,2016,July,29,11,1,1,2,1,0,BB,DEU,Online TA,TA/TO,0,0,0,A,D,0,No Deposit,9,NULL,0,Transient,169.0,0,2,Check-Out,2016-07-13
City Hotel,0,151,2016,July,29,10,2,1,3,0,0,BB,CHE,Online TA,TA/TO,0,0,0,D,D,2,No Deposit,9,NULL,0,Transient,168.3,0,2,Check-Out,2016-07-13
City Hotel,0,159,2016,July,29,12,0,1,2,2,0,BB,PRT,Direct,Direct,0,0,0,F,G,0,No Deposit,14,NULL,0,Transient,171.9,0,0,Check-Out,2016-07-13
City Hotel,0,55,2016,July,28,9,2,2,2,1,0,BB,GBR,Direct,Direct,0,0,0,E,E,2,No Deposit,14,NULL,0,Transient,161.82,1,1,Check-Out,2016-07-13
City Hotel,0,17,2016,July,29,11,1,1,3,0,0,BB,NOR,Online TA,TA/TO,0,0,0,D,D,0,No Deposit,9,NULL,0,Transient,187.0,0,0,Check-Out,2016-07-13
City Hotel,0,20,2016,July,29,11,1,2,3,0,0,BB,ISR,Online TA,TA/TO,0,0,0,D,D,0,No Deposit,9,NULL,0,Transient,187.0,0,0,Check-Out,2016-07-14
City Hotel,0,3,2016,July,29,12,0,2,2,1,0,BB,FRA,Online TA,TA/TO,0,0,0,A,A,0,No Deposit,9,NULL,0,Transient,173.5,0,2,Check-Out,2016-07-14
City Hotel,0,6,2016,July,29,11,1,2,2,1,0,BB,LBN,Online TA,TA/TO,0,0,0,A,D,1,No Deposit,9,NULL,0,Transient,169.0,0,2,Check-Out,2016-07-14
City Hotel,0,119,2016,July,29,10,2,2,2,3,0,BB,DNK,Direct,Direct,0,0,0,G,G,0,No Deposit,14,NULL,0,Transient,217.6,0,0,Check-Out,2016-07-14
City Hotel,0,7,2016,July,29,11,1,2,2,0,0,BB,RUS,Online TA,TA/TO,0,0,0,A,A,0,No Deposit,9,NULL,0,Transient,151.0,0,0,Check-Out,2016-07-14
City Hotel,0,0,2016,July,29,13,0,1,2,0,0,HB,DEU,Online TA,TA/TO,0,0,0,A,A,0,No Deposit,9,NULL,0,Transient,210.0,0,0,Check-Out,2016-07-14
City Hotel,0,141,2016,July,29,10,2,2,2,2,0,HB,ESP,Online TA,TA/TO,0,0,0,A,E,4,No Deposit,9,NULL,0,Transient,195.25,1,1,Check-Out,2016-07-14
City Hotel,0,89,2016,July,28,7,2,5,2,2,0,BB,ITA,Online TA,TA/TO,0,0,0,F,F,0,No Deposit,9,NULL,0,Transient,183.73,0,1,Check-Out,2016-07-14
City Hotel,0,4,2016,July,29,14,0,1,2,1,0,BB,USA,Online TA,TA/TO,0,0,0,A,A,0,No Deposit,8,NULL,0,Transient,151.0,0,1,Check-Out,2016-07-15
City Hotel,0,101,2016,July,29,13,0,2,2,2,0,BB,CHE,Direct,Direct,0,0,0,F,F,0,No Deposit,14,NULL,0,Transient,173.7,0,1,Check-Out,2016-07-15
City Hotel,0,154,2016,July,29,11,1,3,2,2,0,BB,GBR,Direct,Direct,0,0,0,F,F,0,No Deposit,14,NULL,0,Transient,164.48,0,0,Check-Out,2016-07-15
City Hotel,0,3,2016,July,29,10,2,3,2,2,0,BB,RUS,Online TA,TA/TO,0,0,0,F,F,0,No Deposit,9,NULL,0,Transient,229.0,0,2,Check-Out,2016-07-15
City Hotel,0,52,2016,July,29,13,0,2,3,0,0,BB,FIN,Direct,Direct,0,0,0,E,E,0,No Deposit,14,NULL,0,Transient,176.7,1,1,Check-Out,2016-07-15
City Hotel,0,0,2016,July,29,14,0,1,2,2,0,BB,URY,Direct,Direct,0,0,0,E,E,0,No Deposit,NULL,NULL,0,Transient,176.8,1,2,Check-Out,2016-07-15
City Hotel,0,11,2016,July,29,15,0,1,2,2,0,BB,BRA,Online TA,TA/TO,0,0,0,F,F,0,No Deposit,9,NULL,0,Transient,231.0,0,1,Check-Out,2016-07-16
City Hotel,0,102,2016,July,29,10,2,4,2,0,0,HB,BGR,Online TA,TA/TO,0,0,0,D,D,0,No Deposit,9,NULL,0,Transient,156.0,0,3,Check-Out,2016-07-16
City Hotel,0,58,2016,July,29,15,0,1,2,2,0,BB,FRA,Direct,Direct,0,0,0,E,E,0,No Deposit,NULL,NULL,0,Transient,182.7,1,2,Check-Out,2016-07-16
City Hotel,0,4,2016,July,29,15,0,1,2,2,0,BB,PRT,Online TA,TA/TO,0,0,0,F,F,0,No Deposit,9,NULL,0,Transient,231.0,0,1,Check-Out,2016-07-16
City Hotel,0,16,2016,July,29,14,0,2,2,0,0,BB,ESP,Online TA,TA/TO,0,0,0,A,A,0,No Deposit,9,NULL,0,Transient,160.0,0,1,Check-Out,2016-07-16
City Hotel,0,96,2016,July,29,12,0,4,3,0,0,HB,FRA,Online TA,TA/TO,0,0,0,D,A,0,No Deposit,9,NULL,0,Transient,189.0,0,2,Check-Out,2016-07-16
City Hotel,0,87,2016,July,28,9,2,5,3,0,0,BB,FRA,Online TA,TA/TO,0,0,0,F,F,0,No Deposit,8,NULL,0,Transient,181.16,0,2,Check-Out,2016-07-16
City Hotel,0,24,2016,July,28,9,2,5,3,0,0,BB,ESP,Online TA,TA/TO,0,0,0,D,D,0,No Deposit,9,NULL,0,Transient,184.33,0,2,Check-Out,2016-07-16
City Hotel,0,36,2016,July,29,15,0,1,3,0,0,BB,AUT,Online TA,TA/TO,0,0,0,D,D,0,No Deposit,9,NULL,0,Transient,168.3,0,1,Check-Out,2016-07-16
City Hotel,0,4,2016,July,29,15,0,1,2,0,0,BB,NZL,Online TA,TA/TO,0,0,0,A,A,0,No Deposit,9,NULL,0,Transient,151.0,0,1,Check-Out,2016-07-16
City Hotel,0,36,2016,July,29,14,0,2,3,0,0,BB,CHN,Online TA,TA/TO,0,0,0,D,D,0,No Deposit,9,NULL,0,Transient,168.3,0,2,Check-Out,2016-07-16
City Hotel,0,9,2016,July,29,13,0,3,2,0,0,BB,FRA,Online TA,TA/TO,0,0,0,D,A,0,No Deposit,9,NULL,0,Transient,166.0,0,2,Check-Out,2016-07-16
City Hotel,0,9,2016,July,29,13,0,3,1,0,0,BB,FRA,Online TA,TA/TO,0,0,0,D,A,0,No Deposit,9,NULL,0,Transient,166.0,0,1,Check-Out,2016-07-16
City Hotel,0,9,2016,July,29,14,0,2,2,0,0,BB,PRT,Online TA,TA/TO,0,0,0,D,D,0,No Deposit,9,NULL,0,Transient,166.0,0,0,Check-Out,2016-07-16
City Hotel,0,119,2016,July,29,14,0,2,2,2,0,BB,FRA,Online TA,TA/TO,0,0,0,F,F,0,No Deposit,9,NULL,0,Transient,177.3,0,1,Check-Out,2016-07-16
City Hotel,0,14,2016,July,29,16,0,1,2,1,0,BB,FRA,Online TA,TA/TO,0,0,0,A,D,1,No Deposit,9,NULL,0,Transient,169.0,0,2,Check-Out,2016-07-17
City Hotel,0,11,2016,July,29,14,0,3,2,1,0,BB,PRT,Direct,Direct,0,0,0,A,A,0,No Deposit,14,NULL,0,Transient,164.0,0,1,Check-Out,2016-07-17
City Hotel,0,86,2016,July,29,15,0,2,2,2,0,BB,GBR,Online TA,TA/TO,0,0,0,G,G,0,No Deposit,7,NULL,0,Transient,205.06,0,2,Check-Out,2016-07-17
City Hotel,0,107,2016,July,29,13,0,4,3,0,0,HB,PRT,Online TA,TA/TO,0,0,0,D,D,0,No Deposit,9,NULL,0,Transient,189.0,0,2,Check-Out,2016-07-17
City Hotel,0,184,2016,July,29,16,1,1,3,0,0,HB,PRT,Groups,TA/TO,0,0,0,A,D,1,No Deposit,1,NULL,0,Transient-Party,180.0,0,0,Check-Out,2016-07-18
City Hotel,0,155,2016,July,29,10,3,5,2,2,0,HB,PRT,Online TA,TA/TO,0,0,0,F,F,1,No Deposit,9,NULL,0,Transient,218.03,0,2,Check-Out,2016-07-18
City Hotel,0,70,2016,July,29,14,1,3,3,0,0,BB,DEU,Online TA,TA/TO,0,0,0,G,G,0,No Deposit,7,NULL,0,Transient,165.63,0,2,Check-Out,2016-07-18
City Hotel,0,8,2016,July,29,15,1,2,2,0,0,BB,NLD,Online TA,TA/TO,0,0,0,A,A,0,No Deposit,9,NULL,0,Transient,154.33,0,0,Check-Out,2016-07-18
City Hotel,0,49,2016,July,30,17,1,0,3,0,0,BB,FRA,Online TA,TA/TO,0,0,0,D,D,0,No Deposit,9,NULL,0,Transient,168.3,0,2,Check-Out,2016-07-18
City Hotel,0,20,2016,July,30,17,1,0,1,0,0,BB,FRA,Online TA,TA/TO,0,0,0,A,A,0,No Deposit,9,NULL,0,Transient,154.0,1,1,Check-Out,2016-07-18
City Hotel,0,81,2016,July,29,11,2,5,3,0,0,HB,ESP,Online TA,TA/TO,0,0,0,D,D,0,No Deposit,9,NULL,0,Transient,190.29,0,0,Check-Out,2016-07-18
City Hotel,0,26,2016,July,29,15,1,2,2,0,0,BB,PRT,Online TA,TA/TO,0,0,0,A,A,0,No Deposit,9,NULL,0,Transient,151.0,0,1,Check-Out,2016-07-18
City Hotel,0,140,2016,July,29,15,1,2,2,1,0,BB,PRT,Direct,Direct,0,0,0,E,E,2,No Deposit,14,NULL,0,Transient,159.9,0,1,Check-Out,2016-07-18
City Hotel,0,40,2016,July,29,15,1,2,3,0,0,BB,BEL,Online TA,TA/TO,0,0,0,D,D,0,No Deposit,9,NULL,0,Transient,174.3,0,1,Check-Out,2016-07-18
City Hotel,0,184,2016,July,29,16,1,1,3,0,0,HB,PRT,Groups,TA/TO,0,0,0,A,D,1,No Deposit,1,NULL,0,Transient-Party,180.0,0,0,Check-Out,2016-07-18
City Hotel,0,126,2016,July,29,13,1,4,3,0,0,HB,FRA,Online TA,TA/TO,0,0,0,D,D,0,No Deposit,9,NULL,0,Transient-Party,178.5,0,2,Check-Out,2016-07-18
City Hotel,0,188,2016,July,29,16,2,1,2,2,0,BB,BEL,Online TA,TA/TO,0,0,0,F,F,1,No Deposit,9,NULL,0,Transient,186.3,1,1,Check-Out,2016-07-19
City Hotel,0,8,2016,July,30,17,2,0,2,0,0,BB,ESP,Online TA,TA/TO,0,0,0,A,A,0,No Deposit,9,NULL,0,Transient,160.0,0,1,Check-Out,2016-07-19
City Hotel,0,79,2016,July,29,11,3,5,3,1,0,BB,NOR,Direct,Direct,0,0,0,E,F,0,No Deposit,14,NULL,0,Transient,161.11,0,0,Check-Out,2016-07-19
City Hotel,0,165,2016,July,29,16,2,1,2,2,0,BB,GBR,Online TA,TA/TO,0,0,0,F,F,0,No Deposit,9,NULL,0,Transient,177.3,0,2,Check-Out,2016-07-19
City Hotel,0,7,2016,July,30,17,2,0,3,0,0,BB,CHE,Direct,Direct,0,0,0,G,G,0,No Deposit,14,NULL,0,Transient,267.0,0,0,Check-Out,2016-07-19
City Hotel,0,25,2016,July,30,18,1,0,2,1,0,BB,CHE,Online TA,TA/TO,0,0,0,A,D,0,No Deposit,9,NULL,0,Transient,186.5,0,2,Check-Out,2016-07-19
City Hotel,0,188,2016,July,29,16,2,1,2,2,0,BB,DEU,Online TA,TA/TO,0,0,0,F,F,0,No Deposit,9,NULL,0,Transient,168.3,0,2,Check-Out,2016-07-19
City Hotel,0,154,2016,July,29,16,2,1,2,2,0,BB,SWE,Direct,Direct,0,0,0,F,F,0,No Deposit,14,NULL,0,Transient,189.9,1,1,Check-Out,2016-07-19
City Hotel,0,190,2016,July,30,18,1,1,2,2,0,BB,LUX,Online TA,TA/TO,0,0,0,F,F,0,No Deposit,9,NULL,0,Transient,177.3,1,2,Check-Out,2016-07-20
City Hotel,0,11,2016,July,30,18,1,1,1,0,0,BB,PRT,Offline TA/TO,GDS,0,0,0,E,E,0,No Deposit,195,NULL,0,Transient,181.0,0,0,Check-Out,2016-07-20
City Hotel,0,37,2016,July,29,13,2,5,3,1,0,BB,FRA,Direct,Direct,0,0,0,G,G,0,No Deposit,14,NULL,0,Transient,237.73,0,3,Check-Out,2016-07-20
City Hotel,0,136,2016,July,29,13,2,5,3,0,0,HB,CHE,Online TA,TA/TO,0,0,0,A,A,0,No Deposit,9,NULL,0,Transient-Party,178.5,0,0,Check-Out,2016-07-20
City Hotel,0,3,2016,July,30,19,0,1,2,2,0,BB,SWE,Direct,Direct,0,0,0,G,B,0,No Deposit,14,NULL,0,Transient,235.45,0,2,Check-Out,2016-07-20
City Hotel,0,9,2016,July,29,14,2,5,2,0,0,BB,GBR,Online TA,TA/TO,0,0,0,D,D,0,No Deposit,9,NULL,0,Transient,160.29,0,1,Check-Out,2016-07-21
City Hotel,0,56,2016,July,30,19,0,2,2,2,0,BB,SWE,Online TA,TA/TO,0,0,0,F,F,0,No Deposit,9,NULL,0,Transient,177.3,0,2,Check-Out,2016-07-21
City Hotel,0,1,2016,July,30,20,0,1,2,1,0,BB,PRT,Online TA,TA/TO,0,0,0,F,F,0,No Deposit,9,NULL,0,Transient,191.0,0,2,Check-Out,2016-07-21
City Hotel,0,19,2016,July,30,19,0,2,3,0,0,BB,PRT,Direct,Direct,0,0,0,A,D,3,No Deposit,NULL,NULL,0,Transient,156.5,0,2,Check-Out,2016-07-21
City Hotel,0,41,2016,July,30,19,0,2,2,0,1,HB,ESP,Online TA,TA/TO,0,0,0,A,A,2,No Deposit,9,NULL,0,Transient,161.1,1,2,Check-Out,2016-07-21
City Hotel,0,38,2016,July,30,19,0,2,3,0,0,BB,ESP,Online TA,TA/TO,0,0,0,D,D,0,No Deposit,9,NULL,0,Transient,159.3,1,2,Check-Out,2016-07-21
City Hotel,0,91,2016,July,30,18,1,2,3,0,0,HB,ESP,Online TA,TA/TO,0,0,0,D,D,0,No Deposit,9,NULL,0,Transient,195.0,0,2,Check-Out,2016-07-21
City Hotel,0,38,2016,July,30,19,0,2,3,0,0,BB,AUT,Online TA,TA/TO,0,0,0,D,D,0,No Deposit,9,NULL,0,Transient,159.3,1,1,Check-Out,2016-07-21
City Hotel,0,4,2016,July,30,20,0,1,2,2,0,BB,PRT,Direct,Direct,0,0,0,E,B,1,No Deposit,14,NULL,0,Transient,156.95,0,0,Check-Out,2016-07-21
City Hotel,0,11,2016,July,30,18,1,2,1,0,0,BB,USA,Offline TA/TO,GDS,0,0,0,E,E,0,No Deposit,195,NULL,0,Transient,174.33,0,0,Check-Out,2016-07-21
City Hotel,0,28,2016,July,30,20,0,1,2,2,0,HB,PRT,Online TA,TA/TO,0,0,0,F,F,0,No Deposit,9,NULL,0,Transient,277.0,1,2,Check-Out,2016-07-21
City Hotel,0,14,2016,July,30,21,0,1,2,2,0,BB,NOR,Online TA,TA/TO,0,0,0,F,F,0,No Deposit,9,NULL,0,Transient,231.0,0,2,Check-Out,2016-07-22
City Hotel,0,13,2016,July,30,19,0,3,2,1,0,HB,ESP,Online TA,TA/TO,0,0,0,A,A,0,No Deposit,9,NULL,0,Transient,208.83,0,3,Check-Out,2016-07-22
City Hotel,0,10,2016,July,30,20,0,2,1,0,0,BB,FRA,Online TA,TA/TO,0,0,0,D,E,0,No Deposit,9,NULL,0,Transient,176.0,0,2,Check-Out,2016-07-22
City Hotel,0,11,2016,July,30,21,0,1,3,0,0,BB,DEU,Online TA,TA/TO,0,0,0,D,D,0,No Deposit,9,NULL,0,Transient,196.0,0,2,Check-Out,2016-07-22
City Hotel,0,7,2016,July,30,19,0,3,2,2,0,BB,CHE,Online TA,TA/TO,0,0,0,G,G,0,No Deposit,7,NULL,0,Transient,225.36,0,3,Check-Out,2016-07-22
City Hotel,0,19,2016,July,30,20,0,2,3,0,0,BB,PRT,Online TA,TA/TO,0,0,0,D,D,2,No Deposit,9,NULL,0,Transient,162.0,0,2,Check-Out,2016-07-22
City Hotel,0,50,2016,July,30,20,0,2,2,1,0,BB,PRT,Online TA,TA/TO,0,0,0,D,F,0,No Deposit,8,NULL,0,Transient,157.9,0,2,Check-Out,2016-07-22
City Hotel,0,36,2016,July,30,20,0,2,3,0,0,BB,PRT,Online TA,TA/TO,0,0,0,D,D,0,No Deposit,9,NULL,0,Transient,159.3,0,2,Check-Out,2016-07-22
City Hotel,0,13,2016,July,30,21,0,1,2,0,0,BB,IND,Corporate,Corporate,0,0,0,E,E,0,No Deposit,NULL,106,0,Transient,158.95,0,1,Check-Out,2016-07-22
City Hotel,0,69,2016,July,30,19,0,3,2,2,0,BB,NLD,Online TA,TA/TO,0,0,0,F,F,1,No Deposit,9,NULL,0,Transient,180.3,0,2,Check-Out,2016-07-22
City Hotel,0,13,2016,July,29,13,2,7,3,0,0,BB,FIN,Online TA,TA/TO,0,0,0,G,G,0,No Deposit,8,NULL,0,Transient,265.44,0,2,Check-Out,2016-07-22
City Hotel,0,178,2016,July,30,20,0,2,2,3,0,BB,GBR,Online TA,TA/TO,0,0,0,G,G,0,No Deposit,7,NULL,0,Transient,221.0,0,2,Check-Out,2016-07-22
City Hotel,0,2,2016,July,30,20,0,2,2,2,0,BB,DEU,Online TA,TA/TO,0,0,0,F,E,0,No Deposit,9,NULL,0,Transient,201.0,0,2,Check-Out,2016-07-22
City Hotel,0,47,2016,July,30,17,2,3,3,0,0,BB,GBR,Online TA,TA/TO,0,0,0,D,D,0,No Deposit,9,NULL,0,Transient,161.1,0,2,Check-Out,2016-07-22
City Hotel,0,0,2016,July,30,20,0,2,2,2,0,BB,BEL,Online TA,TA/TO,0,0,0,F,F,0,No Deposit,9,NULL,0,Transient,206.0,0,0,Check-Out,2016-07-22
City Hotel,0,36,2016,July,30,22,0,1,2,2,0,BB,NOR,Online TA,TA/TO,0,0,0,F,F,0,No Deposit,9,NULL,0,Transient,216.9,1,2,Check-Out,2016-07-23
City Hotel,0,30,2016,July,30,19,0,4,3,1,0,BB,LVA,Direct,Direct,0,0,0,E,F,0,No Deposit,14,NULL,0,Transient,180.45,0,2,Check-Out,2016-07-23
City Hotel,0,96,2016,July,29,16,2,5,3,0,0,HB,PRT,Online TA,TA/TO,0,0,0,D,D,0,No Deposit,9,NULL,0,Transient,191.57,0,2,Check-Out,2016-07-23
City Hotel,0,1,2016,July,30,22,0,1,2,0,0,BB,PRT,Direct,Direct,0,0,0,E,E,0,No Deposit,14,NULL,0,Transient,196.0,1,0,Check-Out,2016-07-23
City Hotel,0,89,2016,July,29,16,2,5,2,0,0,HB,ESP,Online TA,TA/TO,0,0,0,D,D,1,No Deposit,9,NULL,0,Transient,155.57,0,2,Check-Out,2016-07-23
City Hotel,0,22,2016,July,30,21,0,2,2,2,0,BB,ESP,Online TA,TA/TO,0,0,0,F,F,0,No Deposit,9,NULL,0,Transient,240.0,0,1,Check-Out,2016-07-23
City Hotel,0,10,2016,July,30,23,0,1,1,0,0,BB,IRL,Online TA,TA/TO,0,0,0,D,E,0,No Deposit,9,NULL,0,Transient,166.0,0,0,Check-Out,2016-07-24
City Hotel,0,5,2016,July,30,23,0,1,2,2,0,BB,GBR,Online TA,TA/TO,0,0,0,F,F,2,No Deposit,9,NULL,0,Transient,231.0,0,2,Check-Out,2016-07-24
City Hotel,0,7,2016,July,30,23,0,1,2,2,0,BB,PRT,Direct,Direct,0,0,0,E,E,0,No Deposit,14,NULL,0,Transient,173.95,0,1,Check-Out,2016-07-24
City Hotel,0,52,2016,July,30,23,0,1,3,0,0,BB,GBR,Online TA,TA/TO,0,0,0,D,E,0,No Deposit,9,NULL,0,Transient,168.3,0,1,Check-Out,2016-07-24
City Hotel,0,27,2016,July,30,23,0,1,3,0,0,BB,PRT,Online TA,TA/TO,0,0,0,D,E,0,No Deposit,9,NULL,0,Transient,187.0,0,2,Check-Out,2016-07-24
City Hotel,0,85,2016,July,30,18,1,5,2,2,0,BB,FRA,Online TA,TA/TO,0,0,0,F,G,0,No Deposit,9,NULL,0,Transient,180.3,0,2,Check-Out,2016-07-24
City Hotel,0,1,2016,July,30,23,0,1,2,0,0,BB,NOR,Online TA,TA/TO,0,0,0,A,A,0,No Deposit,9,NULL,0,Transient,160.0,0,2,Check-Out,2016-07-24
City Hotel,0,51,2016,July,30,23,0,1,3,0,0,HB,PRT,Online TA,TA/TO,0,0,0,D,E,0,No Deposit,9,NULL,0,Transient,228.6,1,2,Check-Out,2016-07-24
City Hotel,0,17,2016,July,30,23,0,1,2,1,0,BB,ESP,Online TA,TA/TO,0,0,0,D,A,3,No Deposit,9,NULL,0,Transient-Party,196.0,1,2,Check-Out,2016-07-24
City Hotel,0,102,2016,July,30,22,1,2,2,2,0,BB,ESP,Online TA,TA/TO,0,0,0,F,F,0,No Deposit,9,NULL,0,Transient,189.3,0,0,Check-Out,2016-07-25
City Hotel,0,31,2016,July,30,23,1,1,2,1,0,BB,FRA,Online TA,TA/TO,0,0,0,A,D,1,No Deposit,9,NULL,0,Transient,161.1,1,0,Check-Out,2016-07-25
City Hotel,0,62,2016,July,30,23,1,1,2,1,0,HB,DEU,Online TA,TA/TO,0,0,0,A,A,0,No Deposit,9,NULL,0,Transient,173.25,1,2,Check-Out,2016-07-25
City Hotel,0,18,2016,July,30,23,1,1,1,2,0,BB,NLD,Online TA,TA/TO,0,0,0,D,E,1,No Deposit,9,NULL,0,Transient,187.0,0,0,Check-Out,2016-07-25
City Hotel,0,99,2016,July,30,22,1,2,2,3,0,BB,DNK,Online TA,TA/TO,0,0,0,G,G,0,No Deposit,8,NULL,0,Transient,269.3,0,2,Check-Out,2016-07-25
City Hotel,0,118,2016,July,31,24,2,0,2,2,0,BB,GBR,Online TA,TA/TO,0,0,0,F,F,0,No Deposit,9,NULL,0,Transient,186.3,0,1,Check-Out,2016-07-26
City Hotel,0,42,2016,July,31,24,2,0,3,0,0,BB,DEU,Online TA,TA/TO,0,0,0,D,D,0,No Deposit,9,NULL,0,Transient,168.3,0,1,Check-Out,2016-07-26
City Hotel,0,13,2016,July,31,24,2,0,3,0,0,BB,DEU,Online TA,TA/TO,0,0,0,D,D,0,No Deposit,9,NULL,0,Transient,187.0,0,1,Check-Out,2016-07-26
City Hotel,0,36,2016,July,31,25,1,0,1,2,0,BB,PRT,Online TA,TA/TO,0,0,0,A,D,2,No Deposit,9,NULL,0,Transient,161.1,0,2,Check-Out,2016-07-26
City Hotel,0,292,2016,July,30,23,2,1,2,2,0,BB,PRT,Online TA,TA/TO,0,0,0,F,F,0,No Deposit,9,NULL,0,Contract,158.4,0,1,Check-Out,2016-07-26
City Hotel,0,20,2016,July,30,23,2,1,2,0,0,BB,BEL,Online TA,TA/TO,0,0,0,A,A,0,No Deposit,9,NULL,0,Transient,151.0,0,1,Check-Out,2016-07-26
City Hotel,0,158,2016,July,30,23,2,2,3,2,0,HB,PRT,Direct,Direct,0,0,0,G,G,1,No Deposit,14,NULL,0,Transient,294.35,1,0,Check-Out,2016-07-27
City Hotel,0,40,2016,July,31,26,0,1,3,0,0,HB,PRT,Offline TA/TO,TA/TO,0,0,0,A,E,1,No Deposit,39,NULL,0,Transient-Party,180.0,0,0,Check-Out,2016-07-27
City Hotel,0,47,2016,July,31,24,2,1,2,0,0,BB,DEU,Online TA,TA/TO,0,0,0,D,D,0,No Deposit,9,NULL,0,Transient,168.3,0,0,Check-Out,2016-07-27
City Hotel,0,22,2016,July,31,24,2,1,3,0,0,BB,ISR,Online TA,TA/TO,0,0,0,D,D,0,No Deposit,9,NULL,0,Transient,196.0,1,2,Check-Out,2016-07-27
City Hotel,0,172,2016,July,30,23,2,2,2,2,0,BB,BEL,Direct,Direct,0,0,0,G,G,0,No Deposit,14,NULL,0,Transient,222.35,1,0,Check-Out,2016-07-27
City Hotel,0,169,2016,July,31,24,2,1,3,0,0,BB,BEL,Direct,Direct,0,0,0,D,D,0,No Deposit,NULL,NULL,0,Transient,152.4,0,2,Check-Out,2016-07-27
City Hotel,0,118,2016,July,31,24,2,1,2,2,0,BB,AUT,Direct,Direct,0,0,0,E,E,0,No Deposit,14,NULL,0,Transient,165.9,0,1,Check-Out,2016-07-27
City Hotel,0,37,2016,July,31,26,0,1,3,1,0,BB,PRT,Direct,Direct,0,0,0,E,F,0,No Deposit,14,NULL,0,Transient,188.95,0,1,Check-Out,2016-07-27
City Hotel,0,28,2016,July,31,27,0,1,2,1,0,BB,BEL,Online TA,TA/TO,0,0,0,A,E,0,No Deposit,9,NULL,0,Transient,169.0,0,1,Check-Out,2016-07-28
City Hotel,0,46,2016,July,31,27,0,1,2,1,0,BB,AUT,Online TA,TA/TO,0,0,0,A,E,0,No Deposit,9,NULL,0,Transient,152.1,0,2,Check-Out,2016-07-28
City Hotel,0,96,2016,July,30,23,2,3,2,2,0,BB,BRA,Online TA,TA/TO,0,0,0,G,G,0,No Deposit,7,NULL,0,Transient,188.16,0,2,Check-Out,2016-07-28
City Hotel,0,173,2016,July,31,25,1,2,2,1,0,HB,FRA,Offline TA/TO,TA/TO,0,0,0,A,D,0,No Deposit,28,NULL,0,Transient-Party,365.0,0,1,Check-Out,2016-07-28
City Hotel,0,173,2016,July,31,25,1,2,2,0,0,HB,FRA,Offline TA/TO,TA/TO,0,0,0,A,A,0,No Deposit,28,NULL,0,Transient-Party,300.0,0,0,Check-Out,2016-07-28
City Hotel,0,0,2016,July,31,27,0,1,1,0,0,BB,PRT,Direct,Direct,0,0,0,A,A,0,No Deposit,NULL,NULL,0,Transient,159.0,0,0,Check-Out,2016-07-28
City Hotel,0,111,2016,July,30,23,2,3,3,0,0,HB,PRT,Online TA,TA/TO,0,0,0,D,A,0,No Deposit,9,NULL,0,Transient,189.0,0,1,Check-Out,2016-07-28
City Hotel,0,0,2016,July,31,27,0,1,2,0,0,BB,PRT,Direct,Direct,0,0,0,A,A,0,No Deposit,NULL,NULL,0,Transient,159.0,0,0,Check-Out,2016-07-28
City Hotel,0,3,2016,July,31,25,1,2,2,2,0,BB,ESP,Direct,Direct,0,0,0,E,E,0,No Deposit,14,NULL,0,Transient,205.33,0,2,Check-Out,2016-07-28
City Hotel,0,0,2016,July,31,25,1,2,2,0,0,BB,AUS,Online TA,TA/TO,0,0,0,A,A,0,No Deposit,9,NULL,0,Transient,161.0,0,0,Check-Out,2016-07-28
City Hotel,0,179,2016,July,31,27,0,1,2,1,0,HB,ITA,Online TA,TA/TO,0,0,0,A,D,1,No Deposit,9,NULL,0,Transient,155.25,0,1,Check-Out,2016-07-28
City Hotel,0,24,2016,July,31,26,0,2,3,0,0,BB,TWN,Online TA,TA/TO,0,0,0,D,D,0,No Deposit,9,NULL,0,Transient,187.0,0,0,Check-Out,2016-07-28
City Hotel,0,17,2016,July,31,26,0,2,2,1,0,BB,ESP,Online TA,TA/TO,0,0,0,A,C,0,No Deposit,9,NULL,0,Transient,178.0,1,2,Check-Out,2016-07-28
City Hotel,0,45,2016,July,31,27,0,1,4,0,0,BB,PRT,Online TA,TA/TO,0,0,0,G,G,0,No Deposit,7,NULL,0,Transient,223.75,0,2,Check-Out,2016-07-28
City Hotel,0,121,2016,July,31,27,0,1,2,1,0,HB,FRA,Online TA,TA/TO,0,0,0,A,E,0,No Deposit,9,NULL,0,Transient,173.25,1,1,Check-Out,2016-07-28
City Hotel,0,1,2016,July,31,24,2,2,1,0,0,BB,PRT,Online TA,TA/TO,0,0,0,D,A,0,No Deposit,9,NULL,0,Transient,163.5,0,0,Check-Out,2016-07-28
City Hotel,0,54,2016,July,31,27,0,2,3,0,0,BB,GRC,Online TA,TA/TO,0,0,0,D,D,0,No Deposit,9,NULL,0,Transient,160.47,1,1,Check-Out,2016-07-29
City Hotel,0,19,2016,July,31,27,0,2,2,1,0,BB,NLD,Online TA,TA/TO,0,0,0,A,D,0,No Deposit,9,NULL,0,Transient,169.0,0,0,Check-Out,2016-07-29
City Hotel,0,15,2016,July,31,26,0,3,2,2,0,BB,FRA,Online TA,TA/TO,0,0,0,G,G,0,No Deposit,7,NULL,0,Transient,225.2,0,2,Check-Out,2016-07-29
City Hotel,0,28,2016,July,31,24,2,3,2,1,0,BB,FRA,Online TA,TA/TO,0,0,0,A,A,0,No Deposit,9,NULL,0,Transient,158.86,0,1,Check-Out,2016-07-29
City Hotel,0,54,2016,July,31,26,0,3,2,2,0,BB,GBR,Direct,Direct,0,0,0,E,E,0,No Deposit,14,NULL,0,Transient,182.95,0,1,Check-Out,2016-07-29
City Hotel,0,199,2016,July,31,26,0,3,2,2,0,BB,CHE,Online TA,TA/TO,0,0,0,F,F,0,No Deposit,9,NULL,0,Transient,168.3,0,1,Check-Out,2016-07-29
City Hotel,0,29,2016,July,31,28,0,1,2,1,0,BB,PRT,Online TA,TA/TO,0,0,0,A,A,0,No Deposit,9,NULL,0,Transient-Party,178.0,0,2,Check-Out,2016-07-29
City Hotel,0,21,2016,July,31,27,0,2,3,0,0,BB,GBR,Online TA,TA/TO,0,0,0,D,D,0,No Deposit,9,NULL,0,Transient,187.0,0,1,Check-Out,2016-07-29
City Hotel,0,133,2016,July,31,26,0,3,3,1,0,BB,IRL,Direct,Direct,0,0,0,F,F,0,No Deposit,14,NULL,0,Transient,180.9,1,1,Check-Out,2016-07-29
City Hotel,0,0,2016,July,31,27,0,2,2,0,0,SC,FRA,Online TA,TA/TO,0,0,0,A,A,0,No Deposit,9,NULL,0,Transient,154.0,0,0,Check-Out,2016-07-29
City Hotel,0,9,2016,July,31,28,0,1,1,2,0,BB,GBR,Online TA,TA/TO,0,0,0,G,G,0,No Deposit,7,NULL,0,Transient,235.63,0,2,Check-Out,2016-07-29
City Hotel,0,39,2016,July,31,29,0,1,2,2,0,BB,DEU,Online TA,TA/TO,0,0,0,F,F,0,No Deposit,9,NULL,0,Transient,216.9,0,2,Check-Out,2016-07-30
City Hotel,0,34,2016,July,31,29,0,1,2,1,0,BB,CN,Online TA,TA/TO,0,0,0,A,D,0,No Deposit,9,NULL,0,Transient,152.1,0,0,Check-Out,2016-07-30
City Hotel,0,34,2016,July,31,29,0,1,2,1,0,BB,PRT,Online TA,TA/TO,0,0,0,A,D,0,No Deposit,9,NULL,0,Transient,152.1,0,0,Check-Out,2016-07-30
City Hotel,0,33,2016,July,31,29,0,1,2,2,0,BB,BEL,Online TA,TA/TO,0,0,0,F,F,0,No Deposit,9,NULL,0,Transient,207.9,0,1,Check-Out,2016-07-30
City Hotel,0,100,2016,July,31,25,1,4,3,0,0,HB,GBR,Direct,Direct,0,0,0,A,A,0,No Deposit,14,NULL,0,Transient,198.0,1,0,Check-Out,2016-07-30
City Hotel,0,20,2016,July,31,25,1,4,2,1,0,BB,PRT,Online TA,TA/TO,0,0,0,A,A,0,No Deposit,9,NULL,0,Transient,159.0,0,1,Check-Out,2016-07-30
City Hotel,0,4,2016,July,31,27,0,3,3,0,0,BB,JPN,Online TA,TA/TO,0,0,0,D,D,0,No Deposit,9,NULL,0,Transient,177.0,1,1,Check-Out,2016-07-30
City Hotel,0,25,2016,July,31,29,0,1,2,2,0,BB,BRA,Direct,Direct,0,0,0,G,G,0,No Deposit,14,NULL,0,Transient,193.45,1,0,Check-Out,2016-07-30
City Hotel,0,15,2016,July,31,29,0,1,2,2,0,BB,GBR,Direct,Direct,0,0,0,G,G,0,No Deposit,14,NULL,0,Transient,201.0,1,0,Check-Out,2016-07-30
City Hotel,0,7,2016,July,31,29,0,1,2,2,0,BB,ITA,Online TA,TA/TO,0,0,0,F,F,0,No Deposit,9,NULL,0,Transient,201.0,0,1,Check-Out,2016-07-30
City Hotel,0,58,2016,July,31,27,0,3,3,1,0,BB,AUT,Online TA,TA/TO,0,0,0,G,G,0,No Deposit,7,NULL,0,Transient,191.9,0,2,Check-Out,2016-07-30
City Hotel,0,0,2016,July,31,25,1,4,2,0,0,BB,PRT,Direct,Direct,0,0,0,A,A,0,No Deposit,NULL,NULL,0,Transient,154.0,1,0,Check-Out,2016-07-30
City Hotel,0,4,2016,July,31,27,0,4,2,0,2,BB,DNK,Online TA,TA/TO,0,0,0,D,D,2,No Deposit,9,NULL,0,Transient,176.0,0,2,Check-Out,2016-07-31
City Hotel,0,2,2016,July,31,29,0,2,2,2,0,BB,FRA,Online TA,TA/TO,0,0,0,F,F,0,No Deposit,9,NULL,0,Transient,220.0,0,2,Check-Out,2016-07-31
City Hotel,0,32,2016,July,31,28,0,3,3,0,0,BB,SWE,Online TA,TA/TO,0,0,0,D,D,0,No Deposit,9,NULL,0,Transient,168.3,0,1,Check-Out,2016-07-31
City Hotel,0,296,2016,July,31,24,2,5,2,2,0,BB,GBR,Online TA,TA/TO,0,0,0,F,F,0,No Deposit,9,NULL,0,Contract,158.4,0,0,Check-Out,2016-07-31
City Hotel,0,0,2016,July,31,30,0,1,2,0,0,BB,PRT,Direct,Direct,0,0,0,D,D,0,No Deposit,NULL,NULL,0,Transient,152.0,0,0,Check-Out,2016-07-31
City Hotel,0,54,2016,July,31,25,1,5,3,0,0,BB,PRT,Online TA,TA/TO,0,0,0,D,D,0,No Deposit,9,NULL,0,Transient,168.3,0,2,Check-Out,2016-07-31
City Hotel,0,1,2016,July,31,30,0,1,2,0,0,BB,PRT,Direct,Direct,0,0,0,E,E,1,No Deposit,NULL,NULL,0,Transient,177.0,1,0,Check-Out,2016-07-31
City Hotel,0,114,2016,July,31,30,0,1,2,1,0,BB,FRA,Online TA,TA/TO,0,0,0,F,F,0,No Deposit,9,NULL,0,Transient-Party,186.3,0,2,Check-Out,2016-07-31
City Hotel,0,20,2016,July,31,29,0,2,2,2,0,BB,JPN,Online TA,TA/TO,0,0,0,G,G,0,No Deposit,7,NULL,0,Transient,210.57,0,2,Check-Out,2016-07-31
City Hotel,0,196,2016,July,31,24,2,5,2,2,0,BB,GBR,Online TA,TA/TO,0,0,0,F,F,0,No Deposit,9,NULL,0,Transient,158.95,0,0,Check-Out,2016-07-31
City Hotel,0,2,2016,July,31,30,0,1,2,0,0,BB,DEU,Online TA,TA/TO,0,0,0,D,D,0,No Deposit,9,NULL,0,Transient,156.0,0,0,Check-Out,2016-07-31
City Hotel,0,17,2016,July,31,28,0,3,3,0,0,BB,DEU,Online TA,TA/TO,0,0,0,D,D,0,No Deposit,9,NULL,0,Transient,173.67,0,1,Check-Out,2016-07-31
City Hotel,0,16,2016,July,31,30,1,1,2,0,0,BB,ITA,Online TA,TA/TO,0,0,0,D,D,0,No Deposit,9,NULL,0,Transient,166.0,0,1,Check-Out,2016-08-01
City Hotel,0,73,2016,July,31,29,1,2,3,1,0,BB,FRA,Direct,Direct,0,0,0,E,E,0,No Deposit,14,NULL,0,Transient,173.7,0,0,Check-Out,2016-08-01
City Hotel,0,144,2016,July,31,30,1,1,3,0,0,BB,NLD,Online TA,TA/TO,0,0,0,D,D,0,No Deposit,9,NULL,0,Transient-Party,155.7,1,1,Check-Out,2016-08-01
City Hotel,0,12,2016,July,31,30,1,1,3,0,0,BB,NLD,Direct,Direct,0,0,0,E,E,0,No Deposit,14,NULL,0,Transient,188.95,0,0,Check-Out,2016-08-01
City Hotel,0,1,2016,July,31,30,2,1,2,1,1,BB,PRT,Direct,Direct,0,0,0,F,G,2,No Deposit,NULL,NULL,0,Transient,184.95,1,0,Check-Out,2016-08-02
City Hotel,0,52,2016,July,32,31,2,0,3,0,0,BB,PRT,Online TA,TA/TO,0,0,0,D,D,0,No Deposit,9,NULL,0,Transient,186.3,0,1,Check-Out,2016-08-02
City Hotel,0,3,2016,August,32,1,1,0,2,2,0,BB,FRA,Online TA,TA/TO,0,0,0,F,F,0,No Deposit,9,NULL,0,Transient,201.0,0,1,Check-Out,2016-08-02
City Hotel,0,36,2016,July,31,26,2,5,3,0,0,BB,ESP,Online TA,TA/TO,0,0,0,D,D,0,No Deposit,9,NULL,0,Transient,168.3,0,1,Check-Out,2016-08-02
City Hotel,0,52,2016,July,32,31,2,0,2,1,0,BB,AUT,Online TA,TA/TO,0,0,0,D,D,0,No Deposit,9,NULL,0,Transient,152.1,0,1,Check-Out,2016-08-02
City Hotel,0,110,2016,July,31,30,2,1,2,2,0,BB,FRA,Online TA,TA/TO,0,0,0,F,F,0,No Deposit,7,NULL,0,Transient,168.1,0,3,Check-Out,2016-08-02
City Hotel,0,1,2016,August,32,2,0,1,1,0,0,BB,AGO,Corporate,Direct,0,0,0,A,A,0,No Deposit,NULL,71,0,Transient,159.0,0,0,Check-Out,2016-08-03
City Hotel,0,1,2016,August,32,2,0,1,1,0,0,BB,AGO,Corporate,Direct,0,0,0,A,A,0,No Deposit,NULL,71,0,Transient,159.0,0,0,Check-Out,2016-08-03
City Hotel,0,4,2016,August,32,2,0,1,3,0,0,BB,USA,Direct,Direct,0,0,0,E,E,0,No Deposit,14,NULL,0,Transient,205.0,1,0,Check-Out,2016-08-03
City Hotel,0,172,2016,July,31,29,2,3,2,0,0,HB,FRA,Offline TA/TO,TA/TO,0,0,0,A,D,0,No Deposit,28,NULL,0,Transient-Party,300.0,0,1,Check-Out,2016-08-03
City Hotel,0,170,2016,July,31,29,2,3,2,0,0,HB,FRA,Offline TA/TO,TA/TO,0,0,0,A,D,0,No Deposit,28,NULL,0,Transient,300.0,0,0,Check-Out,2016-08-03
City Hotel,0,41,2016,July,32,31,2,1,2,0,0,BB,FRA,Direct,Direct,0,0,0,E,E,0,No Deposit,NULL,NULL,0,Transient-Party,177.3,1,0,Check-Out,2016-08-03
City Hotel,0,41,2016,July,32,31,2,1,2,0,0,BB,FRA,Direct,Direct,0,0,0,E,E,0,No Deposit,NULL,NULL,0,Transient-Party,168.3,0,1,Check-Out,2016-08-03
City Hotel,0,131,2016,August,32,1,1,1,2,0,0,HB,PRT,Online TA,TA/TO,0,0,0,D,D,0,No Deposit,9,NULL,0,Transient,162.0,0,3,Check-Out,2016-08-03
City Hotel,0,131,2016,August,32,1,1,1,2,1,0,HB,PRT,Online TA,TA/TO,0,0,0,A,A,0,No Deposit,9,NULL,0,Transient,164.25,0,2,Check-Out,2016-08-03
City Hotel,0,1,2016,August,32,2,0,1,1,2,0,BB,BEL,Online TA,TA/TO,0,0,0,D,D,1,No Deposit,9,NULL,0,Transient,181.0,0,1,Check-Out,2016-08-03
City Hotel,0,68,2016,August,32,1,1,1,3,1,0,BB,BEL,Direct,Direct,0,0,0,E,F,0,No Deposit,14,NULL,0,Transient,189.95,1,0,Check-Out,2016-08-03
City Hotel,0,138,2016,July,31,27,2,5,3,1,0,HB,FRA,Direct,Direct,0,0,0,F,F,1,No Deposit,14,NULL,0,Transient,227.78,0,1,Check-Out,2016-08-03
City Hotel,0,0,2016,August,32,2,0,1,3,0,0,SC,BRA,Direct,Direct,0,0,0,A,A,0,No Deposit,NULL,NULL,0,Transient,174.0,0,0,Check-Out,2016-08-03
City Hotel,0,3,2016,August,32,3,0,1,3,0,0,SC,BRA,Online TA,Direct,0,0,0,A,A,0,No Deposit,9,NULL,0,Transient,174.0,0,1,Check-Out,2016-08-04
City Hotel,0,16,2016,July,32,31,2,1,3,0,0,BB,ESP,Online TA,TA/TO,0,0,0,D,D,0,No Deposit,9,NULL,0,Transient,173.67,0,1,Check-Out,2016-08-03
City Hotel,0,29,2016,August,32,2,0,1,2,1,0,BB,FRA,Direct,Direct,0,0,0,A,D,0,No Deposit,NULL,NULL,0,Transient,162.0,0,2,Check-Out,2016-08-03
City Hotel,0,23,2016,August,32,3,0,1,2,0,0,BB,FRA,Online TA,TA/TO,0,0,0,D,D,0,No Deposit,9,NULL,0,Transient,166.0,0,1,Check-Out,2016-08-04
City Hotel,0,23,2016,August,32,3,0,1,2,0,0,BB,FRA,Online TA,TA/TO,0,0,0,D,A,0,No Deposit,9,NULL,0,Transient,166.0,0,1,Check-Out,2016-08-04
City Hotel,0,67,2016,August,32,1,1,2,3,1,0,BB,IRL,Direct,Direct,0,0,0,G,G,0,No Deposit,14,NULL,0,Transient,222.3,0,0,Check-Out,2016-08-04
City Hotel,0,127,2016,July,32,31,2,2,4,0,0,BB,GBR,Direct,Direct,0,0,0,G,G,1,No Deposit,14,NULL,0,Transient,253.5,0,1,Check-Out,2016-08-04
City Hotel,0,14,2016,August,32,1,1,2,3,0,0,BB,ESP,Online TA,TA/TO,0,0,0,D,D,0,No Deposit,9,NULL,0,Transient,167.0,0,2,Check-Out,2016-08-04
City Hotel,0,158,2016,July,31,28,2,5,3,0,0,BB,DNK,Direct,Direct,0,0,0,E,E,0,No Deposit,14,NULL,0,Transient,160.78,0,2,Check-Out,2016-08-04
City Hotel,0,84,2016,August,32,1,1,2,2,1,0,BB,GBR,Direct,Direct,0,0,0,E,E,0,No Deposit,14,NULL,0,Transient,169.0,0,1,Check-Out,2016-08-04
City Hotel,0,77,2016,July,31,26,2,7,2,2,0,BB,FRA,Direct,Direct,0,0,0,E,E,1,No Deposit,NULL,NULL,0,Transient,160.7,0,2,Check-Out,2016-08-04
City Hotel,0,97,2016,August,32,1,1,2,3,0,0,BB,FRA,Online TA,TA/TO,0,0,0,D,C,0,No Deposit,9,NULL,0,Transient,150.3,0,2,Check-Out,2016-08-04
City Hotel,0,1,2016,August,32,3,0,1,2,0,0,BB,FRA,Online TA,TA/TO,0,0,0,D,B,0,No Deposit,9,NULL,0,Transient,166.0,0,3,Check-Out,2016-08-04
City Hotel,0,174,2016,August,32,2,0,2,3,0,1,BB,ESP,Online TA,TA/TO,0,0,0,D,F,1,No Deposit,9,NULL,0,Transient,166.7,0,2,Check-Out,2016-08-04
City Hotel,0,207,2016,August,32,4,0,1,2,2,0,BB,DEU,Online TA,TA/TO,0,0,0,F,F,0,No Deposit,9,NULL,0,Transient,168.3,0,1,Check-Out,2016-08-05
City Hotel,0,22,2016,August,32,1,1,3,2,1,0,BB,HUN,Online TA,TA/TO,0,0,0,A,A,0,No Deposit,9,NULL,0,Transient,159.0,1,1,Check-Out,2016-08-05
City Hotel,0,1,2016,August,32,4,0,1,2,0,0,BB,BEL,Online TA,TA/TO,0,0,0,A,A,0,No Deposit,9,NULL,0,Transient,151.0,0,1,Check-Out,2016-08-05
City Hotel,0,1,2016,August,32,4,0,1,2,0,0,BB,BEL,Online TA,TA/TO,0,0,0,A,A,0,No Deposit,9,NULL,0,Transient,151.0,0,1,Check-Out,2016-08-05
City Hotel,0,22,2016,August,32,2,0,3,2,1,0,BB,JPN,Online TA,TA/TO,0,0,0,A,D,0,No Deposit,9,NULL,0,Transient,169.0,0,1,Check-Out,2016-08-05
City Hotel,0,20,2016,August,32,3,0,2,2,2,0,BB,FRA,Online TA,TA/TO,0,0,0,F,F,0,No Deposit,9,NULL,0,Transient,240.0,0,0,Check-Out,2016-08-05
City Hotel,0,206,2016,August,32,2,0,3,2,2,0,BB,NLD,Online TA,TA/TO,0,0,0,F,F,0,No Deposit,9,NULL,0,Transient,177.3,1,2,Check-Out,2016-08-05
City Hotel,0,44,2016,August,32,3,0,2,2,1,0,BB,DEU,Online TA,TA/TO,0,0,0,A,D,2,No Deposit,9,NULL,0,Transient,152.1,0,1,Check-Out,2016-08-05
City Hotel,0,108,2016,August,32,2,0,3,3,0,0,BB,CN,Direct,Direct,0,0,0,G,G,0,No Deposit,14,NULL,0,Transient,253.0,0,0,Check-Out,2016-08-05
City Hotel,0,83,2016,August,32,1,1,3,3,0,0,BB,ITA,Online TA,TA/TO,0,0,0,A,A,2,No Deposit,9,NULL,0,Transient,154.7,0,1,Check-Out,2016-08-05
City Hotel,0,83,2016,August,32,1,1,3,1,1,0,BB,ITA,Online TA,TA/TO,0,0,0,A,A,2,No Deposit,9,NULL,0,Transient,167.1,0,1,Check-Out,2016-08-05
City Hotel,0,23,2016,August,32,3,0,2,2,0,0,BB,USA,Online TA,TA/TO,0,0,0,A,A,0,No Deposit,9,NULL,0,Transient,151.0,0,1,Check-Out,2016-08-05
City Hotel,0,25,2016,August,32,3,0,2,2,0,0,BB,POL,Online TA,TA/TO,0,0,0,A,A,0,No Deposit,9,NULL,0,Transient,160.0,1,1,Check-Out,2016-08-05
City Hotel,0,0,2016,August,32,4,0,1,2,2,0,BB,GBR,Direct,Direct,0,0,0,F,F,0,No Deposit,NULL,NULL,0,Transient,201.0,0,0,Check-Out,2016-08-05
City Hotel,0,142,2016,August,32,3,0,3,2,2,0,BB,FRA,Online TA,TA/TO,0,0,0,F,F,0,No Deposit,9,NULL,0,Transient,186.3,1,1,Check-Out,2016-08-06
City Hotel,0,118,2016,August,32,1,1,4,3,0,0,HB,ESP,Online TA,TA/TO,0,0,0,D,D,2,No Deposit,9,NULL,0,Transient,189.0,0,2,Check-Out,2016-08-06
City Hotel,0,81,2016,August,32,3,0,3,2,1,0,BB,ESP,Direct,Direct,0,0,0,E,E,0,No Deposit,14,NULL,0,Transient,159.3,1,0,Check-Out,2016-08-06
City Hotel,0,3,2016,August,32,5,0,1,2,0,0,BB,FRA,Direct,Direct,0,0,0,D,A,0,No Deposit,14,NULL,0,Transient,210.0,0,2,Check-Out,2016-08-06
City Hotel,0,30,2016,August,32,5,0,1,2,1,0,BB,BRA,Online TA,TA/TO,0,0,0,A,B,1,No Deposit,9,NULL,0,Transient,161.1,0,2,Check-Out,2016-08-06
City Hotel,0,134,2016,August,32,1,1,4,2,2,0,BB,ESP,Online TA,TA/TO,0,0,0,F,F,0,No Deposit,9,NULL,0,Transient,176.45,0,1,Check-Out,2016-08-06
City Hotel,0,138,2016,August,32,4,0,2,2,2,0,BB,NLD,Direct,Direct,0,0,0,E,E,0,No Deposit,14,NULL,0,Transient,183.9,1,0,Check-Out,2016-08-06
City Hotel,0,206,2016,August,32,5,0,1,2,2,0,BB,GBR,Online TA,TA/TO,0,0,0,F,F,0,No Deposit,9,NULL,0,Transient,168.3,0,1,Check-Out,2016-08-06
City Hotel,0,4,2016,August,32,5,0,1,2,1,0,BB,FRA,Online TA,TA/TO,0,0,0,D,B,1,No Deposit,9,NULL,0,Transient,183.5,0,1,Check-Out,2016-08-06
City Hotel,0,206,2016,August,32,5,0,1,2,2,0,HB,GBR,Direct,Direct,0,0,0,G,G,1,No Deposit,14,NULL,0,Transient,309.5,1,0,Check-Out,2016-08-06
City Hotel,0,22,2016,August,32,5,0,1,2,2,0,HB,FRA,Online TA,TA/TO,0,0,0,F,F,0,No Deposit,9,NULL,0,Transient,297.0,0,1,Check-Out,2016-08-06
City Hotel,0,196,2016,August,32,2,0,5,2,0,1,HB,PRT,Direct,Direct,0,0,0,E,E,3,No Deposit,NULL,NULL,0,Transient,173.35,1,2,Check-Out,2016-08-07
City Hotel,0,23,2016,August,32,6,0,1,2,2,0,BB,GBR,Direct,Direct,0,0,0,G,G,0,No Deposit,14,NULL,0,Transient,235.95,1,0,Check-Out,2016-08-07
City Hotel,0,7,2016,August,32,6,0,1,2,2,0,BB,USA,Online TA,TA/TO,0,0,0,F,F,0,No Deposit,9,NULL,0,Transient,240.0,1,1,Check-Out,2016-08-07
City Hotel,0,53,2016,August,32,6,0,1,2,0,0,BB,GBR,Online TA,TA/TO,0,0,0,D,D,0,No Deposit,9,NULL,0,Transient,168.3,0,1,Check-Out,2016-08-07
City Hotel,0,145,2016,August,32,4,0,3,2,3,0,BB,POL,Online TA,TA/TO,0,0,0,G,G,0,No Deposit,8,NULL,0,Transient,269.3,0,1,Check-Out,2016-08-07
City Hotel,0,13,2016,August,32,6,0,1,2,0,0,BB,FRA,Online TA,TA/TO,0,0,0,A,A,2,No Deposit,9,NULL,0,Transient,151.0,0,1,Check-Out,2016-08-07
City Hotel,0,112,2016,August,32,1,1,5,3,0,0,BB,NLD,Direct,Direct,0,0,0,D,D,0,No Deposit,14,NULL,0,Transient,159.67,0,0,Check-Out,2016-08-07
City Hotel,0,66,2016,August,32,6,0,1,2,2,0,BB,GBR,Online TA,TA/TO,0,0,0,F,F,0,No Deposit,9,NULL,0,Transient,207.9,0,1,Check-Out,2016-08-07
City Hotel,0,3,2016,August,32,5,0,2,2,0,0,BB,MAR,Online TA,TA/TO,0,0,0,A,A,0,No Deposit,8,NULL,0,Transient,151.0,0,1,Check-Out,2016-08-07
City Hotel,0,10,2016,August,32,5,0,2,2,1,1,BB,PRT,Online TA,TA/TO,0,0,0,D,E,1,No Deposit,9,NULL,0,Transient,186.0,0,1,Check-Out,2016-08-07
City Hotel,0,30,2016,August,32,6,0,1,2,2,0,BB,POL,Online TA,TA/TO,0,0,0,F,F,2,No Deposit,9,NULL,0,Transient,216.9,1,1,Check-Out,2016-08-07
City Hotel,0,45,2016,August,32,3,0,4,2,1,0,BB,ESP,Online TA,TA/TO,0,0,0,A,A,0,No Deposit,9,NULL,0,Transient,161.1,1,1,Check-Out,2016-08-07
City Hotel,0,84,2016,July,32,31,2,5,3,0,0,BB,CN,Online TA,TA/TO,0,0,0,D,D,1,No Deposit,9,NULL,0,Transient,151.59,0,1,Check-Out,2016-08-07
City Hotel,0,2,2016,August,32,6,0,1,2,0,0,BB,FRA,Online TA,TA/TO,0,0,0,A,A,1,No Deposit,9,NULL,0,Transient,179.0,1,2,Check-Out,2016-08-07
City Hotel,0,30,2016,August,32,6,0,1,3,0,0,BB,DEU,Offline TA/TO,TA/TO,0,0,0,E,K,0,No Deposit,83,NULL,0,Transient,163.62,0,0,Check-Out,2016-08-07
City Hotel,0,6,2016,August,32,5,0,2,2,0,0,BB,GBR,Online TA,TA/TO,0,0,0,D,D,0,No Deposit,9,NULL,0,Transient,166.0,0,1,Check-Out,2016-08-07
City Hotel,0,109,2016,August,32,4,0,3,2,1,0,HB,ESP,Online TA,TA/TO,0,0,0,A,A,0,No Deposit,9,NULL,0,Transient,176.25,1,1,Check-Out,2016-08-07
City Hotel,0,2,2016,August,32,6,0,1,2,0,0,BB,ESP,Online TA,TA/TO,0,0,0,A,A,0,No Deposit,9,NULL,0,Transient,171.0,0,1,Check-Out,2016-08-07
City Hotel,0,20,2016,August,32,6,0,1,2,2,0,BB,NLD,Online TA,TA/TO,0,0,0,F,F,0,No Deposit,9,NULL,0,Transient,231.0,0,1,Check-Out,2016-08-07
City Hotel,0,63,2016,August,32,6,0,1,2,1,0,BB,DEU,Online TA,TA/TO,0,0,0,D,D,0,No Deposit,9,NULL,0,Transient,161.1,0,1,Check-Out,2016-08-07
City Hotel,0,97,2016,August,32,5,1,2,3,0,0,BB,IRL,Online TA,TA/TO,0,0,0,D,D,0,No Deposit,9,NULL,0,Transient,150.3,0,1,Check-Out,2016-08-08
City Hotel,0,2,2016,August,32,6,1,1,2,2,0,BB,FRA,Online TA,TA/TO,0,0,0,F,F,0,No Deposit,9,NULL,0,Transient,225.0,1,2,Check-Out,2016-08-08
City Hotel,0,56,2016,August,32,6,1,1,2,1,0,BB,JPN,Online TA,TA/TO,0,0,0,F,F,0,No Deposit,9,NULL,0,Transient,207.9,0,1,Check-Out,2016-08-08
City Hotel,0,64,2016,August,32,6,1,1,2,0,0,BB,FRA,Online TA,TA/TO,0,0,0,A,A,1,No Deposit,9,NULL,0,Transient,154.1,0,1,Check-Out,2016-08-08
City Hotel,0,64,2016,August,32,6,1,1,2,0,0,BB,FRA,Online TA,TA/TO,0,0,0,A,A,1,No Deposit,9,NULL,0,Transient,154.1,0,1,Check-Out,2016-08-08
City Hotel,0,64,2016,August,32,6,1,1,2,2,0,BB,FRA,Online TA,TA/TO,0,0,0,A,A,2,No Deposit,9,NULL,0,Transient,200.1,0,1,Check-Out,2016-08-08
City Hotel,0,2,2016,August,33,7,1,0,2,1,0,HB,PRT,Direct,Direct,0,0,0,A,A,0,No Deposit,14,NULL,0,Transient,171.0,0,4,Check-Out,2016-08-08
City Hotel,0,58,2016,August,32,6,1,1,2,2,0,BB,DEU,Online TA,TA/TO,0,0,0,F,F,0,No Deposit,9,NULL,0,Transient,207.9,0,1,Check-Out,2016-08-08
City Hotel,0,88,2016,August,33,7,1,0,2,2,0,BB,PRT,Online TA,TA/TO,0,0,0,F,F,0,No Deposit,9,NULL,0,Transient,198.9,1,1,Check-Out,2016-08-08
City Hotel,0,5,2016,August,32,4,1,3,3,0,0,HB,ESP,Online TA,TA/TO,0,0,0,E,E,1,No Deposit,83,NULL,0,Transient,228.8,0,0,Check-Out,2016-08-08
City Hotel,0,3,2016,August,32,5,2,2,2,0,0,BB,DEU,Online TA,TA/TO,0,0,0,D,D,0,No Deposit,9,NULL,0,Transient,166.0,0,1,Check-Out,2016-08-09
City Hotel,0,11,2016,August,33,8,1,0,2,2,0,BB,USA,Online TA,TA/TO,0,0,0,F,F,0,No Deposit,7,NULL,0,Transient,191.35,0,1,Check-Out,2016-08-09
City Hotel,0,5,2016,August,32,6,2,1,3,0,0,BB,FRA,Online TA,TA/TO,0,0,0,D,D,0,No Deposit,9,NULL,0,Transient,191.0,0,0,Check-Out,2016-08-09
City Hotel,0,84,2016,August,32,5,2,2,3,0,0,BB,CZE,Online TA,TA/TO,0,0,0,D,D,0,No Deposit,9,NULL,0,Transient,150.3,0,1,Check-Out,2016-08-09
City Hotel,0,13,2016,August,32,6,2,1,2,0,0,HB,ESP,Direct,Direct,0,0,0,A,A,1,No Deposit,14,NULL,0,Transient,204.0,1,0,Check-Out,2016-08-09
City Hotel,0,0,2016,August,33,8,1,0,3,0,0,BB,PRT,Corporate,Corporate,0,0,0,E,E,0,No Deposit,NULL,216,0,Transient,188.0,0,0,Check-Out,2016-08-09
City Hotel,0,43,2016,August,32,5,2,2,3,0,0,BB,BEL,Online TA,TA/TO,0,0,0,D,D,0,No Deposit,9,NULL,0,Transient,168.3,0,2,Check-Out,2016-08-09
City Hotel,0,8,2016,August,33,8,1,0,2,1,0,BB,ESP,Online TA,TA/TO,0,0,0,A,A,0,No Deposit,9,NULL,0,Transient,171.0,0,1,Check-Out,2016-08-09
City Hotel,0,8,2016,August,33,8,1,0,2,1,0,BB,ESP,Online TA,TA/TO,0,0,0,A,A,0,No Deposit,9,NULL,0,Transient,171.0,0,1,Check-Out,2016-08-09
City Hotel,0,31,2016,August,33,7,2,0,3,0,0,BB,DEU,Online TA,TA/TO,0,0,0,D,E,0,No Deposit,9,NULL,0,Transient,168.3,0,0,Check-Out,2016-08-09
City Hotel,0,207,2016,August,33,7,2,0,2,2,0,BB,FRA,Online TA,TA/TO,0,0,0,F,F,0,No Deposit,9,NULL,0,Transient,177.3,1,2,Check-Out,2016-08-09
City Hotel,0,4,2016,August,32,5,2,2,2,0,0,BB,DEU,Online TA,TA/TO,0,0,0,A,A,0,No Deposit,9,NULL,0,Transient,151.0,0,1,Check-Out,2016-08-09
City Hotel,0,91,2016,August,32,6,2,1,3,0,0,BB,ITA,Online TA,TA/TO,0,0,0,D,D,0,No Deposit,9,NULL,0,Transient,152.1,0,0,Check-Out,2016-08-09
City Hotel,0,103,2016,August,32,2,2,5,2,3,0,BB,IRL,Online TA,TA/TO,0,0,0,G,G,0,No Deposit,7,NULL,0,Transient,198.98,0,1,Check-Out,2016-08-09
City Hotel,0,10,2016,August,33,8,1,1,2,2,0,BB,CHN,Online TA,TA/TO,0,0,0,F,F,0,No Deposit,9,NULL,0,Transient,207.9,0,1,Check-Out,2016-08-10
City Hotel,0,188,2016,August,33,8,1,1,2,1,0,HB,ITA,Online TA,TA/TO,0,0,0,A,A,1,No Deposit,9,NULL,0,Transient,164.25,0,1,Check-Out,2016-08-10
City Hotel,0,0,2016,August,33,9,0,1,2,0,0,SC,FRA,Online TA,TA/TO,0,0,0,A,A,0,No Deposit,9,NULL,0,Transient,158.0,0,0,Check-Out,2016-08-10
City Hotel,0,35,2016,August,33,9,0,1,2,1,0,BB,ESP,Online TA,TA/TO,0,0,0,A,A,2,No Deposit,9,NULL,0,Transient,152.1,0,1,Check-Out,2016-08-10
City Hotel,0,4,2016,August,33,8,1,1,2,0,0,SC,PRT,Online TA,TA/TO,0,0,0,A,A,0,No Deposit,9,NULL,0,Transient,168.0,1,2,Check-Out,2016-08-10
City Hotel,0,64,2016,August,33,8,1,1,2,1,0,BB,ESP,Online TA,TA/TO,0,0,0,D,D,0,No Deposit,9,NULL,0,Transient,161.1,1,0,Check-Out,2016-08-10
City Hotel,0,77,2016,August,32,3,2,5,3,0,0,BB,FRA,Online TA,TA/TO,0,0,0,D,D,4,No Deposit,9,NULL,0,Transient,150.3,0,2,Check-Out,2016-08-10
City Hotel,0,87,2016,August,32,1,3,6,3,0,0,BB,PRT,Online TA,TA/TO,0,0,0,D,D,0,No Deposit,9,NULL,0,Transient,152.1,0,1,Check-Out,2016-08-10
City Hotel,0,133,2016,August,33,8,1,1,2,2,0,BB,BRA,Online TA,TA/TO,0,0,0,F,F,0,No Deposit,9,NULL,0,Transient,186.3,0,1,Check-Out,2016-08-10
City Hotel,0,99,2016,August,33,8,1,1,3,0,0,BB,CN,Online TA,TA/TO,0,0,0,D,D,0,No Deposit,9,NULL,0,Transient,150.3,0,2,Check-Out,2016-08-10
City Hotel,0,129,2016,August,32,3,2,5,3,0,0,BB,ESP,Online TA,TA/TO,0,0,0,D,D,0,No Deposit,9,NULL,0,Transient,151.84,1,2,Check-Out,2016-08-10
City Hotel,0,27,2016,August,33,8,1,1,2,1,0,BB,FRA,Online TA,TA/TO,0,0,0,A,A,0,No Deposit,9,NULL,0,Transient,195.5,1,2,Check-Out,2016-08-10
City Hotel,0,10,2016,August,33,8,1,1,2,0,0,BB,FRA,Online TA,TA/TO,0,0,0,A,A,0,No Deposit,9,NULL,0,Transient,160.0,1,1,Check-Out,2016-08-10
City Hotel,0,64,2016,August,33,8,1,1,2,0,0,BB,ESP,Online TA,TA/TO,0,0,0,D,D,0,No Deposit,9,NULL,0,Transient,158.4,0,0,Check-Out,2016-08-10
City Hotel,0,1,2016,August,33,9,0,1,2,0,0,SC,FRA,Online TA,TA/TO,0,0,0,A,G,0,No Deposit,9,NULL,0,Transient,158.0,0,2,Check-Out,2016-08-10
City Hotel,0,103,2016,August,33,7,2,1,3,0,0,BB,GBR,Online TA,TA/TO,0,0,0,D,D,0,No Deposit,9,NULL,0,Transient,150.3,0,1,Check-Out,2016-08-10
City Hotel,0,6,2016,August,33,8,1,1,2,1,0,BB,PRT,Online TA,TA/TO,0,0,0,A,A,0,No Deposit,9,NULL,0,Transient,171.0,0,1,Check-Out,2016-08-10
City Hotel,0,44,2016,August,33,10,0,1,2,2,0,HB,ISR,Online TA,TA/TO,0,0,0,F,F,1,No Deposit,9,NULL,0,Transient,259.2,0,1,Check-Out,2016-08-11
City Hotel,0,44,2016,August,33,10,0,1,3,0,0,HB,ISR,Online TA,TA/TO,0,0,0,D,D,1,No Deposit,9,NULL,0,Transient,219.6,0,2,Check-Out,2016-08-11
City Hotel,0,148,2016,August,32,4,2,5,3,1,0,BB,FRA,Direct,Direct,0,0,0,E,E,0,No Deposit,14,NULL,0,Transient,188.42,1,0,Check-Out,2016-08-11
City Hotel,0,65,2016,August,33,8,1,2,2,2,0,BB,GBR,Online TA,TA/TO,0,0,0,G,G,0,No Deposit,7,NULL,0,Transient,214.76,0,1,Check-Out,2016-08-11
City Hotel,0,19,2016,August,33,10,0,1,2,0,0,HB,FRA,Online TA,TA/TO,0,0,0,D,D,0,No Deposit,9,NULL,0,Transient,204.0,0,1,Check-Out,2016-08-11
City Hotel,0,0,2016,August,33,10,0,1,2,1,0,BB,ESP,Direct,Direct,0,0,0,D,D,0,No Deposit,14,NULL,0,Transient,224.0,1,2,Check-Out,2016-08-11
City Hotel,0,2,2016,August,33,9,0,2,2,0,0,BB,NLD,Online TA,TA/TO,0,0,0,A,A,0,No Deposit,9,NULL,0,Transient,179.0,1,1,Check-Out,2016-08-11
City Hotel,0,87,2016,August,33,8,1,2,3,0,0,BB,FRA,Online TA,TA/TO,0,0,0,D,D,0,No Deposit,9,NULL,0,Transient,159.3,1,1,Check-Out,2016-08-11
City Hotel,0,100,2016,August,33,8,1,2,2,1,0,BB,PRT,Direct,Direct,0,0,0,D,D,0,No Deposit,NULL,NULL,0,Transient,151.8,1,1,Check-Out,2016-08-11
City Hotel,0,158,2016,August,33,8,1,2,2,3,0,BB,NLD,Direct,Direct,0,0,0,G,G,0,No Deposit,14,NULL,0,Transient,252.9,1,0,Check-Out,2016-08-11
City Hotel,0,35,2016,August,33,7,2,2,2,0,0,BB,NLD,Online TA,TA/TO,0,0,0,A,A,1,No Deposit,9,NULL,0,Transient,154.1,1,2,Check-Out,2016-08-11
City Hotel,0,0,2016,August,33,10,0,1,2,0,0,BB,PRT,Direct,Direct,0,0,0,D,D,0,No Deposit,14,NULL,0,Transient,191.0,0,0,Check-Out,2016-08-11
City Hotel,0,9,2016,August,33,8,1,2,2,1,0,BB,CHN,Online TA,TA/TO,0,0,0,A,A,0,No Deposit,9,NULL,0,Transient,171.0,0,2,Check-Out,2016-08-11
City Hotel,0,77,2016,August,33,9,0,2,2,2,0,BB,POL,Online TA,TA/TO,0,0,0,F,F,0,No Deposit,9,NULL,0,Transient,198.9,0,0,Check-Out,2016-08-11
City Hotel,0,26,2016,August,33,7,2,2,2,1,0,BB,DEU,Online TA,TA/TO,0,0,0,A,A,0,No Deposit,9,NULL,0,Transient-Party,169.0,0,2,Check-Out,2016-08-11
City Hotel,0,26,2016,August,33,7,2,2,2,0,0,BB,DEU,Online TA,TA/TO,0,0,0,A,A,0,No Deposit,9,NULL,0,Transient-Party,151.0,0,2,Check-Out,2016-08-11
City Hotel,0,6,2016,August,33,7,2,2,2,1,0,BB,FRA,Online TA,TA/TO,0,0,0,A,A,0,No Deposit,9,NULL,0,Transient,180.0,0,1,Check-Out,2016-08-11
City Hotel,0,0,2016,August,33,10,0,1,2,0,0,SC,PRT,Direct,Direct,0,0,0,A,D,0,No Deposit,14,NULL,0,Transient,158.0,0,1,Check-Out,2016-08-11
City Hotel,0,0,2016,August,33,10,0,1,2,0,0,BB,ITA,Online TA,TA/TO,0,0,0,D,D,0,No Deposit,9,NULL,0,Transient,195.0,0,0,Check-Out,2016-08-11
City Hotel,0,85,2016,August,32,3,2,6,3,0,0,BB,FRA,Online TA,TA/TO,0,0,0,D,E,1,No Deposit,9,NULL,0,Transient,167.8,0,1,Check-Out,2016-08-11
City Hotel,0,38,2016,August,33,10,0,1,2,1,0,BB,ESP,Online TA,TA/TO,0,0,0,A,D,0,No Deposit,9,NULL,0,Transient,152.1,0,1,Check-Out,2016-08-11
City Hotel,0,86,2016,August,33,7,2,2,3,0,0,BB,ESP,Online TA,TA/TO,0,0,0,D,D,0,No Deposit,9,NULL,0,Transient,159.3,0,1,Check-Out,2016-08-11
City Hotel,0,1,2016,August,33,9,0,2,2,0,0,BB,ARG,Direct,Direct,0,0,0,D,D,3,No Deposit,14,NULL,0,Transient-Party,153.85,0,0,Check-Out,2016-08-11
City Hotel,0,1,2016,August,33,10,0,2,2,0,0,BB,ITA,Online TA,TA/TO,0,0,0,A,A,0,No Deposit,9,NULL,0,Transient,170.0,0,2,Check-Out,2016-08-12
City Hotel,0,2,2016,August,33,11,0,1,2,0,0,BB,SWE,Online TA,TA/TO,0,0,0,D,G,0,No Deposit,9,NULL,0,Transient,185.0,0,2,Check-Out,2016-08-12
City Hotel,0,130,2016,August,32,6,2,4,3,0,0,BB,FRA,Online TA,TA/TO,0,0,0,D,D,0,No Deposit,9,NULL,0,Transient,155.7,0,2,Check-Out,2016-08-12
City Hotel,0,114,2016,August,33,10,0,2,3,0,0,HB,FRA,Online TA,TA/TO,0,0,0,D,D,1,No Deposit,9,NULL,0,Transient,207.0,0,2,Check-Out,2016-08-12
City Hotel,0,1,2016,August,33,10,0,2,2,0,0,SC,DEU,Online TA,TA/TO,0,0,0,A,A,0,No Deposit,9,NULL,0,Transient,167.0,1,0,Check-Out,2016-08-12
City Hotel,0,135,2016,August,33,9,0,3,3,0,0,BB,ESP,Online TA,TA/TO,0,0,0,D,D,0,No Deposit,9,NULL,0,Transient,155.7,1,1,Check-Out,2016-08-12
City Hotel,0,157,2016,August,33,10,0,2,3,0,0,BB,FRA,Online TA,TA/TO,0,0,0,A,A,0,No Deposit,9,NULL,0,Transient,155.7,0,2,Check-Out,2016-08-12
City Hotel,0,20,2016,August,33,10,0,2,2,2,0,BB,ISR,Online TA,TA/TO,0,0,0,F,F,0,No Deposit,9,NULL,0,Transient,231.0,0,1,Check-Out,2016-08-12
City Hotel,0,1,2016,August,33,11,0,1,2,0,0,BB,ARG,Direct,Direct,0,0,0,A,A,0,No Deposit,NULL,NULL,0,Transient-Party,162.85,0,0,Check-Out,2016-08-12
City Hotel,0,17,2016,August,33,11,0,1,3,0,0,BB,DEU,Direct,TA/TO,0,0,0,D,E,0,No Deposit,NULL,NULL,0,Transient,170.0,0,2,Check-Out,2016-08-12
City Hotel,0,63,2016,August,33,9,0,3,3,0,0,BB,ESP,Online TA,TA/TO,0,0,0,D,F,0,No Deposit,9,NULL,0,Transient,168.3,0,0,Check-Out,2016-08-12
City Hotel,0,8,2016,August,33,10,0,2,2,2,0,BB,ITA,Online TA,TA/TO,0,0,0,F,F,0,No Deposit,9,NULL,0,Transient,240.0,0,2,Check-Out,2016-08-12
City Hotel,0,106,2016,August,33,9,0,3,3,0,0,BB,FRA,Online TA,TA/TO,0,0,0,D,D,0,No Deposit,9,NULL,0,Transient,159.3,1,2,Check-Out,2016-08-12
City Hotel,0,126,2016,August,32,1,3,8,2,1,0,BB,PRT,Direct,Direct,0,0,0,E,E,1,No Deposit,14,NULL,0,Transient,166.61,1,2,Check-Out,2016-08-12
City Hotel,0,33,2016,August,33,11,0,1,2,1,0,BB,FRA,Online TA,TA/TO,0,0,0,A,K,1,No Deposit,9,NULL,0,Transient,152.1,0,1,Check-Out,2016-08-12
City Hotel,0,111,2016,August,33,11,0,2,3,0,0,BB,ESP,Online TA,TA/TO,0,0,0,D,D,0,No Deposit,9,NULL,0,Transient,155.7,0,1,Check-Out,2016-08-13
City Hotel,0,111,2016,August,33,11,0,2,3,0,0,BB,ESP,Online TA,TA/TO,0,0,0,D,D,0,No Deposit,9,NULL,0,Transient,155.7,1,2,Check-Out,2016-08-13
City Hotel,0,146,2016,August,33,11,0,2,2,2,0,BB,FRA,Online TA,TA/TO,0,0,0,F,F,0,No Deposit,9,NULL,0,Transient,186.3,0,0,Check-Out,2016-08-13
City Hotel,0,113,2016,August,33,11,0,2,2,2,0,BB,RUS,Online TA,TA/TO,0,0,0,F,F,0,No Deposit,9,NULL,0,Transient,186.3,0,1,Check-Out,2016-08-13
City Hotel,0,13,2016,August,33,10,0,3,3,1,0,BB,ESP,Online TA,TA/TO,0,0,0,G,G,0,No Deposit,7,NULL,0,Transient,231.15,0,2,Check-Out,2016-08-13
City Hotel,0,145,2016,August,33,11,0,2,2,2,0,BB,GBR,Online TA,TA/TO,0,0,0,F,F,0,No Deposit,9,NULL,0,Transient,186.3,0,1,Check-Out,2016-08-13
City Hotel,0,280,2016,August,33,12,0,1,2,2,0,BB,GBR,Online TA,TA/TO,0,0,0,B,F,2,No Deposit,8,NULL,0,Transient,198.9,1,2,Check-Out,2016-08-13
City Hotel,0,116,2016,August,33,12,0,1,2,2,0,BB,USA,Online TA,TA/TO,0,0,0,G,G,0,No Deposit,7,NULL,0,Transient,202.74,0,1,Check-Out,2016-08-13
City Hotel,0,4,2016,August,33,13,0,1,2,0,0,SC,ESP,Online TA,TA/TO,0,0,0,A,D,0,No Deposit,9,NULL,0,Transient,167.0,0,1,Check-Out,2016-08-14
City Hotel,0,195,2016,August,33,13,0,1,2,2,0,BB,DEU,Direct,Direct,0,0,0,E,F,0,No Deposit,14,NULL,0,Transient,165.9,0,0,Check-Out,2016-08-14
City Hotel,0,136,2016,August,33,12,0,2,2,2,0,BB,ISR,Online TA,TA/TO,0,0,0,F,F,0,No Deposit,8,NULL,0,Transient,221.3,0,1,Check-Out,2016-08-14
City Hotel,0,103,2016,August,33,11,0,3,3,0,0,HB,FRA,Direct,Direct,0,0,0,A,A,0,No Deposit,NULL,NULL,0,Transient,211.8,0,1,Check-Out,2016-08-14
City Hotel,0,137,2016,August,33,12,0,2,2,2,0,BB,ESP,Direct,Direct,0,0,0,E,E,0,No Deposit,14,NULL,0,Transient,183.9,0,0,Check-Out,2016-08-14
City Hotel,0,39,2016,August,33,13,0,1,2,2,0,BB,DEU,Online TA,TA/TO,0,0,0,G,G,0,No Deposit,7,NULL,0,Transient,223.76,0,1,Check-Out,2016-08-14
City Hotel,0,2,2016,August,33,13,0,1,2,1,0,BB,PRT,Direct,Direct,0,0,0,D,D,0,No Deposit,14,NULL,0,Transient,175.65,0,2,Check-Out,2016-08-14
City Hotel,0,3,2016,August,33,13,0,1,1,0,0,SC,FRA,Online TA,TA/TO,0,0,0,A,A,0,No Deposit,9,NULL,0,Transient,168.0,0,2,Check-Out,2016-08-14
City Hotel,0,3,2016,August,33,13,0,1,2,0,0,SC,FRA,Online TA,TA/TO,0,0,0,A,A,0,No Deposit,9,NULL,0,Transient,168.0,0,2,Check-Out,2016-08-14
City Hotel,0,31,2016,August,33,12,0,2,2,1,0,BB,PRT,Direct,Direct,0,0,0,D,A,2,No Deposit,NULL,NULL,0,Transient,160.5,0,2,Check-Out,2016-08-14
City Hotel,0,6,2016,August,33,13,0,1,2,2,0,HB,IRL,Online TA,TA/TO,0,0,0,F,F,0,No Deposit,9,NULL,0,Transient,316.0,1,0,Check-Out,2016-08-14
City Hotel,0,125,2016,August,32,6,2,6,2,2,0,BB,FRA,Direct,Direct,0,0,0,E,E,0,No Deposit,14,NULL,0,Transient,153.55,0,0,Check-Out,2016-08-14
City Hotel,0,116,2016,August,33,11,1,3,3,0,0,BB,NOR,Direct,Direct,0,0,0,G,G,0,No Deposit,14,NULL,0,Transient,223.55,0,2,Check-Out,2016-08-15
City Hotel,0,121,2016,August,33,8,2,5,3,0,0,BB,PRT,Direct,Direct,0,0,0,E,E,2,No Deposit,14,NULL,0,Transient,166.25,0,0,Check-Out,2016-08-15
City Hotel,0,15,2016,August,34,14,1,0,2,0,0,BB,NLD,Online TA,TA/TO,0,0,0,D,D,0,No Deposit,9,NULL,0,Transient,175.0,0,1,Check-Out,2016-08-15
City Hotel,0,117,2016,August,33,12,1,2,3,0,0,BB,PRT,Online TA,TA/TO,0,0,0,D,D,0,No Deposit,9,NULL,0,Transient,155.7,0,1,Check-Out,2016-08-15
City Hotel,0,8,2016,August,33,13,1,1,2,1,0,BB,ESP,Online TA,TA/TO,0,0,0,A,A,0,No Deposit,83,NULL,0,Transient,159.5,0,0,Check-Out,2016-08-15
City Hotel,0,125,2016,August,33,12,1,2,3,0,0,BB,NLD,Online TA,TA/TO,0,0,0,D,D,0,No Deposit,9,NULL,0,Transient,155.7,1,0,Check-Out,2016-08-15
City Hotel,0,5,2016,August,33,13,1,1,2,0,0,BB,NLD,Online TA,TA/TO,0,0,0,A,A,0,No Deposit,9,NULL,0,Transient,174.0,0,2,Check-Out,2016-08-15
City Hotel,0,10,2016,August,33,13,1,1,2,0,0,BB,FRA,Online TA,TA/TO,0,0,0,A,A,0,No Deposit,9,NULL,0,Transient,156.0,0,2,Check-Out,2016-08-15
City Hotel,0,96,2016,August,33,12,1,2,2,1,0,HB,ESP,Online TA,TA/TO,0,0,0,A,A,0,No Deposit,9,NULL,0,Transient,178.65,0,2,Check-Out,2016-08-15
City Hotel,0,0,2016,August,33,9,1,5,2,0,0,BB,NLD,Online TA,TA/TO,0,0,0,A,A,0,No Deposit,9,NULL,0,Transient,170.0,0,1,Check-Out,2016-08-15
City Hotel,0,40,2016,August,33,13,1,1,2,2,0,HB,ESP,Direct,Direct,0,0,0,E,E,0,No Deposit,14,NULL,0,Transient,245.95,1,0,Check-Out,2016-08-15
City Hotel,0,149,2016,August,33,12,1,2,2,2,0,BB,FRA,Online TA,TA/TO,0,0,0,F,F,0,No Deposit,9,NULL,0,Transient,195.3,1,1,Check-Out,2016-08-15
City Hotel,0,1,2016,August,34,14,1,0,2,1,0,BB,PRT,Direct,Direct,0,0,0,A,A,2,No Deposit,14,NULL,0,Transient,208.0,0,1,Check-Out,2016-08-15
City Hotel,0,6,2016,August,34,14,1,0,1,0,0,BB,GBR,Online TA,TA/TO,0,0,0,A,D,0,No Deposit,9,NULL,0,Transient,164.0,0,1,Check-Out,2016-08-15
City Hotel,0,1,2016,August,34,14,1,0,2,0,0,BB,PRT,Direct,Direct,0,0,0,A,A,2,No Deposit,14,NULL,0,Transient,208.0,0,1,Check-Out,2016-08-15
City Hotel,0,40,2016,August,33,13,1,1,2,0,0,BB,USA,Online TA,TA/TO,0,0,0,G,G,1,No Deposit,7,NULL,0,Transient,205.38,0,1,Check-Out,2016-08-15
City Hotel,0,17,2016,August,33,13,1,1,3,0,0,BB,PRT,Direct,Direct,0,0,0,E,E,2,No Deposit,NULL,NULL,0,Transient,173.95,1,0,Check-Out,2016-08-15
City Hotel,0,145,2016,August,33,8,2,5,2,2,0,BB,FRA,Online TA,TA/TO,0,0,0,F,F,0,No Deposit,9,NULL,0,Transient,184.95,0,1,Check-Out,2016-08-15
City Hotel,0,3,2016,August,33,13,1,1,2,0,0,BB,PRT,Online TA,TA/TO,0,0,0,A,A,0,No Deposit,9,NULL,0,Transient,180.0,0,1,Check-Out,2016-08-15
City Hotel,0,145,2016,August,33,11,1,3,3,1,0,BB,DNK,Direct,Direct,0,0,0,E,E,0,No Deposit,14,NULL,0,Transient,189.9,0,0,Check-Out,2016-08-15
City Hotel,0,7,2016,August,33,12,1,2,2,0,0,BB,PRT,Online TA,TA/TO,0,0,0,A,A,0,No Deposit,9,NULL,0,Transient,175.67,1,1,Check-Out,2016-08-15
City Hotel,0,9,2016,August,33,13,1,1,2,0,0,BB,FRA,Online TA,TA/TO,0,0,0,A,A,0,No Deposit,9,NULL,0,Transient,165.0,1,3,Check-Out,2016-08-15
City Hotel,0,9,2016,August,33,12,1,2,2,0,0,BB,FRA,Online TA,TA/TO,0,0,0,A,A,0,No Deposit,9,NULL,0,Transient,154.33,0,0,Check-Out,2016-08-15
City Hotel,0,152,2016,July,31,30,5,11,3,0,0,HB,FRA,Online TA,TA/TO,0,0,0,A,D,0,No Deposit,9,NULL,0,Transient,184.34,0,2,Check-Out,2016-08-15
City Hotel,0,17,2016,August,33,13,1,1,2,2,0,BB,PRT,Direct,Direct,0,0,0,E,E,1,No Deposit,NULL,NULL,0,Transient,182.95,1,1,Check-Out,2016-08-15
City Hotel,0,41,2016,August,33,13,2,1,3,0,0,BB,FRA,Online TA,TA/TO,0,0,0,D,D,2,No Deposit,9,NULL,0,Transient,168.3,0,2,Check-Out,2016-08-16
City Hotel,0,10,2016,August,34,15,1,0,2,2,1,BB,PRT,Direct,Direct,0,0,0,G,G,0,No Deposit,NULL,NULL,0,Transient,276.0,0,2,Check-Out,2016-08-16
City Hotel,0,9,2016,August,34,14,2,0,2,0,0,SC,ESP,Online TA,TA/TO,0,0,0,A,A,1,No Deposit,9,NULL,0,Transient,153.0,0,2,Check-Out,2016-08-16
City Hotel,0,56,2016,August,33,13,2,1,2,2,0,BB,FRA,Online TA,TA/TO,0,0,0,F,F,0,No Deposit,9,NULL,0,Transient,207.9,0,1,Check-Out,2016-08-16
City Hotel,0,56,2016,August,33,13,2,1,2,2,0,BB,FRA,Online TA,TA/TO,0,0,0,F,F,0,No Deposit,9,NULL,0,Transient,216.9,1,1,Check-Out,2016-08-16
City Hotel,0,12,2016,August,33,13,2,1,3,0,0,BB,ESP,Online TA,TA/TO,0,0,0,D,D,0,No Deposit,9,NULL,0,Transient,200.0,1,1,Check-Out,2016-08-16
City Hotel,0,6,2016,August,33,13,2,1,2,0,0,BB,FRA,Online TA,TA/TO,0,0,0,A,A,0,No Deposit,9,NULL,0,Transient,163.33,0,2,Check-Out,2016-08-16
City Hotel,0,2,2016,August,33,13,2,1,2,0,1,BB,ESP,Direct,Direct,0,0,0,A,A,0,No Deposit,NULL,NULL,0,Transient,169.33,1,2,Check-Out,2016-08-16
City Hotel,0,10,2016,August,34,14,2,0,2,0,0,BB,FRA,Online TA,TA/TO,0,0,0,A,D,1,No Deposit,9,NULL,0,Transient,157.0,0,1,Check-Out,2016-08-16
City Hotel,0,0,2016,August,34,15,1,0,2,0,0,BB,DEU,Online TA,TA/TO,0,0,0,A,A,0,No Deposit,9,NULL,0,Transient,216.0,0,0,Check-Out,2016-08-16
City Hotel,0,84,2016,August,34,14,2,0,2,2,0,BB,GBR,Online TA,TA/TO,0,0,0,F,F,0,No Deposit,9,NULL,0,Transient,189.9,0,1,Check-Out,2016-08-16
City Hotel,0,112,2016,August,34,14,2,0,2,2,0,BB,BEL,Online TA,TA/TO,0,0,0,F,F,0,No Deposit,9,NULL,0,Transient,198.9,1,1,Check-Out,2016-08-16
City Hotel,0,8,2016,August,33,10,2,4,2,0,0,BB,NLD,Direct,Direct,0,0,0,D,D,0,No Deposit,14,NULL,0,Transient,155.7,1,0,Check-Out,2016-08-16
City Hotel,0,7,2016,August,33,12,2,2,2,0,0,BB,ESP,Online TA,TA/TO,0,0,0,A,A,0,No Deposit,9,NULL,0,Transient,174.0,0,1,Check-Out,2016-08-16
City Hotel,0,12,2016,August,34,15,1,0,2,0,0,BB,FRA,Direct,Direct,0,0,0,A,A,1,No Deposit,14,NULL,0,Transient,159.0,0,0,Check-Out,2016-08-16
City Hotel,0,40,2016,August,34,14,2,0,3,0,0,BB,DEU,Online TA,TA/TO,0,0,0,D,D,0,No Deposit,9,NULL,0,Transient,177.3,0,3,Check-Out,2016-08-16
City Hotel,0,34,2016,August,33,13,2,1,2,1,0,BB,ITA,Online TA,TA/TO,0,0,0,A,A,0,No Deposit,9,NULL,0,Transient,152.1,0,0,Check-Out,2016-08-16
City Hotel,0,76,2016,August,34,15,1,1,2,2,0,BB,GBR,Online TA,TA/TO,0,0,0,F,F,0,No Deposit,9,NULL,0,Transient,207.9,0,1,Check-Out,2016-08-17
City Hotel,0,123,2016,August,33,13,2,2,3,0,0,BB,DEU,Online TA,TA/TO,0,0,0,D,D,0,No Deposit,9,NULL,0,Transient,155.7,1,1,Check-Out,2016-08-17
City Hotel,0,65,2016,August,34,16,0,1,3,0,0,BB,GBR,Online TA,TA/TO,0,0,0,D,E,0,No Deposit,9,NULL,0,Transient,168.3,0,2,Check-Out,2016-08-17
City Hotel,0,33,2016,August,33,13,2,2,2,1,0,BB,ESP,Offline TA/TO,TA/TO,0,0,0,E,E,0,No Deposit,83,NULL,0,Transient,150.57,0,0,Check-Out,2016-08-17
City Hotel,0,75,2016,August,33,12,2,3,3,0,0,BB,NLD,Online TA,TA/TO,0,0,0,D,D,0,No Deposit,9,NULL,0,Transient,168.3,0,2,Check-Out,2016-08-17
City Hotel,0,101,2016,August,34,15,1,1,2,3,0,BB,PRT,Direct,Direct,0,0,0,G,G,0,No Deposit,14,NULL,0,Transient,220.65,1,0,Check-Out,2016-08-17
City Hotel,0,28,2016,August,34,16,0,1,2,0,0,HB,FRA,Direct,Direct,0,0,0,D,D,1,No Deposit,14,NULL,0,Transient,210.0,0,2,Check-Out,2016-08-17
City Hotel,0,1,2016,August,34,16,0,1,2,0,0,SC,PRT,Online TA,TA/TO,0,0,0,A,A,0,No Deposit,NULL,NULL,0,Transient,184.5,0,2,Check-Out,2016-08-17
City Hotel,0,5,2016,August,33,13,2,2,2,0,0,BB,FIN,Online TA,TA/TO,0,0,0,A,A,0,No Deposit,8,NULL,0,Transient,170.0,0,1,Check-Out,2016-08-17
City Hotel,0,14,2016,August,34,15,1,1,2,0,0,BB,FRA,Online TA,TA/TO,0,0,0,D,D,0,No Deposit,9,NULL,0,Transient,166.0,0,1,Check-Out,2016-08-17
City Hotel,0,0,2016,August,34,16,0,1,2,0,0,BB,PRT,Online TA,TA/TO,0,0,0,A,A,0,No Deposit,9,NULL,0,Transient,207.0,0,1,Check-Out,2016-08-17
City Hotel,0,0,2016,August,33,10,2,5,2,0,0,BB,PRT,Direct,Direct,0,0,0,A,D,2,No Deposit,NULL,NULL,0,Transient,180.0,0,0,Check-Out,2016-08-17
City Hotel,0,14,2016,August,34,15,1,1,2,0,0,BB,FRA,Online TA,TA/TO,0,0,0,A,D,0,No Deposit,9,NULL,0,Transient,151.0,0,1,Check-Out,2016-08-17
City Hotel,0,0,2016,August,34,16,0,1,2,1,0,BB,FRA,Direct,Direct,0,0,0,A,F,0,No Deposit,14,NULL,0,Transient,238.0,1,0,Check-Out,2016-08-17
City Hotel,0,8,2016,August,34,16,0,1,2,0,0,BB,FRA,Online TA,TA/TO,0,0,0,A,A,0,No Deposit,9,NULL,0,Transient,170.0,0,2,Check-Out,2016-08-17
City Hotel,0,89,2016,August,34,15,1,1,3,0,0,BB,NLD,Online TA,TA/TO,0,0,0,D,D,0,No Deposit,9,NULL,0,Transient,150.3,0,1,Check-Out,2016-08-17
City Hotel,0,6,2016,August,34,15,1,2,2,0,0,BB,USA,Online TA,TA/TO,0,0,0,D,D,0,No Deposit,9,NULL,0,Transient,180.67,0,1,Check-Out,2016-08-18
City Hotel,0,0,2016,August,34,17,0,1,2,2,0,BB,LUX,Online TA,TA/TO,0,0,0,F,F,0,No Deposit,9,NULL,0,Transient,230.0,0,1,Check-Out,2016-08-18
City Hotel,0,191,2016,August,34,14,2,2,2,0,0,HB,ITA,Online TA,TA/TO,0,0,0,D,D,3,No Deposit,9,NULL,0,Transient,153.5,1,1,Check-Out,2016-08-18
City Hotel,0,42,2016,August,34,14,2,2,2,1,0,BB,FRA,Online TA,TA/TO,0,0,0,A,A,0,No Deposit,9,NULL,0,Transient,152.1,0,1,Check-Out,2016-08-18
City Hotel,0,100,2016,August,34,16,0,2,3,0,0,BB,ESP,Online TA,TA/TO,0,0,0,D,E,0,No Deposit,9,NULL,0,Transient,152.1,0,1,Check-Out,2016-08-18
City Hotel,0,1,2016,August,34,16,0,2,2,0,0,BB,FRA,Online TA,TA/TO,0,0,0,A,A,0,No Deposit,9,NULL,0,Transient,168.5,0,2,Check-Out,2016-08-18
City Hotel,0,39,2016,August,33,13,2,3,2,1,0,HB,ESP,Online TA,TA/TO,0,0,0,A,A,0,No Deposit,9,NULL,0,Transient,203.85,0,2,Check-Out,2016-08-18
City Hotel,0,39,2016,August,33,13,2,3,2,0,0,HB,ESP,Online TA,TA/TO,0,0,0,A,A,0,No Deposit,9,NULL,0,Transient,170.1,0,2,Check-Out,2016-08-18
City Hotel,0,3,2016,August,34,15,1,2,2,0,0,HB,ESP,Online TA,TA/TO,0,0,0,A,A,0,No Deposit,9,NULL,0,Transient,228.33,0,1,Check-Out,2016-08-18
City Hotel,0,43,2016,August,34,15,1,2,2,1,0,HB,PRT,Online TA,TA/TO,0,0,0,A,A,0,No Deposit,9,NULL,0,Transient,203.85,1,1,Check-Out,2016-08-18
City Hotel,0,18,2016,August,34,16,0,2,2,0,0,BB,BEL,Online TA,TA/TO,0,0,0,A,A,0,No Deposit,9,NULL,0,Transient,151.0,0,1,Check-Out,2016-08-18
City Hotel,0,28,2016,August,33,13,2,3,3,0,0,HB,ESP,Offline TA/TO,TA/TO,0,0,0,A,A,1,No Deposit,83,NULL,0,Transient,194.8,0,0,Check-Out,2016-08-18
City Hotel,0,47,2016,August,34,14,2,2,2,0,0,HB,SWE,Online TA,TA/TO,0,0,0,A,A,0,No Deposit,9,NULL,0,Transient,170.1,0,1,Check-Out,2016-08-18
City Hotel,0,2,2016,August,34,15,1,2,2,0,0,SC,PRT,Online TA,TA/TO,0,0,0,A,A,0,No Deposit,9,NULL,0,Transient,169.33,0,0,Check-Out,2016-08-18
City Hotel,0,2,2016,August,34,15,1,2,2,0,0,SC,ESP,Online TA,TA/TO,0,0,0,A,A,0,No Deposit,9,NULL,0,Transient,169.33,0,0,Check-Out,2016-08-18
City Hotel,0,38,2016,August,34,17,0,1,3,0,0,BB,DEU,Online TA,TA/TO,0,0,0,D,D,0,No Deposit,9,NULL,0,Transient,168.3,0,0,Check-Out,2016-08-18
City Hotel,0,6,2016,August,34,14,2,2,2,0,0,BB,PRT,Online TA,TA/TO,0,0,0,D,D,0,No Deposit,9,NULL,0,Transient,170.0,0,2,Check-Out,2016-08-18
City Hotel,0,9,2016,August,34,15,1,2,2,0,0,BB,DEU,Online TA,TA/TO,0,0,0,A,A,0,No Deposit,9,NULL,0,Transient,159.0,1,2,Check-Out,2016-08-18
City Hotel,0,42,2016,August,34,16,0,2,2,1,0,BB,PRT,Online TA,TA/TO,0,0,0,A,A,0,No Deposit,9,NULL,0,Transient,152.1,0,1,Check-Out,2016-08-18
City Hotel,0,18,2016,August,34,15,1,2,3,0,0,BB,PRT,Online TA,TA/TO,0,0,0,D,D,0,No Deposit,9,NULL,0,Transient,191.0,0,0,Check-Out,2016-08-18
City Hotel,0,81,2016,August,34,16,0,2,2,1,0,BB,FRA,Online TA,TA/TO,0,0,0,A,A,0,No Deposit,9,NULL,0,Transient,161.1,0,1,Check-Out,2016-08-18
City Hotel,0,2,2016,August,34,16,0,2,2,0,0,BB,FRA,Online TA,TA/TO,0,0,0,A,A,0,No Deposit,9,NULL,0,Transient,177.5,0,1,Check-Out,2016-08-18
City Hotel,0,13,2016,August,34,16,0,2,2,2,0,BB,POL,Online TA,TA/TO,0,0,0,F,F,0,No Deposit,9,NULL,0,Transient,225.0,1,0,Check-Out,2016-08-18
City Hotel,0,28,2016,August,34,14,2,2,2,0,1,BB,JPN,Direct,Direct,0,0,0,E,D,1,No Deposit,14,NULL,0,Transient,187.0,0,0,Check-Out,2016-08-18
City Hotel,0,12,2016,August,34,16,0,2,1,2,0,SC,PRT,Online TA,TA/TO,0,0,0,A,A,1,No Deposit,9,NULL,0,Transient,150.5,1,1,Check-Out,2016-08-18
City Hotel,0,219,2016,August,34,18,0,1,2,2,0,BB,GBR,Online TA,TA/TO,0,0,0,F,F,0,No Deposit,9,NULL,0,Transient,168.3,0,2,Check-Out,2016-08-19
City Hotel,0,145,2016,August,34,17,0,2,2,2,0,BB,ITA,Online TA,TA/TO,0,0,0,F,F,1,No Deposit,9,NULL,0,Transient,190.8,0,2,Check-Out,2016-08-19
City Hotel,0,145,2016,August,34,17,0,2,2,2,0,BB,ITA,Online TA,TA/TO,0,0,0,F,F,1,No Deposit,9,NULL,0,Transient,181.8,0,2,Check-Out,2016-08-19
City Hotel,0,145,2016,August,34,17,0,2,3,0,0,BB,ITA,Online TA,TA/TO,0,0,0,D,D,0,No Deposit,9,NULL,0,Transient,151.2,0,0,Check-Out,2016-08-19
City Hotel,0,0,2016,August,34,16,0,3,2,2,0,BB,PRT,Direct,Direct,0,0,0,F,F,0,No Deposit,NULL,NULL,0,Transient,181.0,0,0,Check-Out,2016-08-19
City Hotel,0,61,2016,August,34,16,0,3,2,2,0,HB,ESP,Direct,Direct,0,0,0,E,E,0,No Deposit,14,NULL,0,Transient,242.0,1,1,Check-Out,2016-08-19
City Hotel,0,8,2016,August,34,16,0,3,3,0,0,HB,PRT,Direct,Direct,0,0,0,D,D,1,No Deposit,14,NULL,0,Transient,215.18,0,3,Check-Out,2016-08-19
City Hotel,0,0,2016,August,34,17,0,2,2,0,0,BB,FIN,Online TA,TA/TO,0,0,0,D,A,0,No Deposit,8,NULL,0,Transient,165.0,0,1,Check-Out,2016-08-19
City Hotel,0,12,2016,August,33,12,2,5,2,0,0,BB,DEU,Online TA,TA/TO,0,0,0,A,A,0,No Deposit,9,NULL,0,Transient,151.0,0,1,Check-Out,2016-08-19
City Hotel,0,120,2016,August,32,5,4,10,2,2,0,BB,FRA,Online TA,TA/TO,0,0,0,G,G,0,No Deposit,7,NULL,0,Transient,220.0,1,1,Check-Out,2016-08-19
City Hotel,0,57,2016,August,34,15,1,3,2,1,0,BB,POL,Online TA,TA/TO,0,0,0,A,A,0,No Deposit,9,NULL,0,Transient,152.1,0,0,Check-Out,2016-08-19
City Hotel,0,148,2016,August,34,15,1,3,2,2,0,BB,FRA,Online TA,TA/TO,0,0,0,F,F,0,No Deposit,9,NULL,0,Transient,182.83,1,1,Check-Out,2016-08-19
City Hotel,0,45,2016,August,34,16,0,3,3,0,0,BB,ESP,Online TA,TA/TO,0,0,0,D,D,0,No Deposit,9,NULL,0,Transient,177.3,0,2,Check-Out,2016-08-19
City Hotel,0,38,2016,August,34,16,0,3,3,1,0,BB,FRA,Direct,Direct,0,0,0,G,G,0,No Deposit,14,NULL,0,Transient,235.95,0,1,Check-Out,2016-08-19
City Hotel,0,307,2016,August,34,14,2,3,2,1,0,BB,BEL,Online TA,TA/TO,0,0,0,F,F,1,No Deposit,9,NULL,0,Contract,158.4,0,1,Check-Out,2016-08-19
City Hotel,0,32,2016,August,34,17,0,2,4,0,0,BB,NLD,Online TA,TA/TO,0,0,0,G,G,0,No Deposit,7,NULL,0,Transient,214.75,0,1,Check-Out,2016-08-19
City Hotel,0,24,2016,August,34,14,2,3,2,1,1,HB,ESP,Direct,Direct,0,0,0,E,E,0,No Deposit,14,NULL,0,Transient,242.0,1,3,Check-Out,2016-08-19
City Hotel,0,14,2016,August,34,14,2,3,2,0,0,BB,FRA,Online TA,TA/TO,0,0,0,D,D,0,No Deposit,9,NULL,0,Transient,166.0,0,1,Check-Out,2016-08-19
City Hotel,0,16,2016,August,34,18,0,1,2,0,1,BB,FRA,Direct,Direct,0,0,0,E,K,1,No Deposit,14,NULL,0,Transient,158.95,0,0,Check-Out,2016-08-19
City Hotel,0,169,2016,August,34,18,0,2,2,2,0,BB,BEL,Online TA,TA/TO,0,0,0,B,B,2,No Deposit,9,NULL,0,Transient,212.86,1,2,Check-Out,2016-08-20
City Hotel,0,12,2016,August,34,19,0,1,2,2,0,BB,GBR,Online TA,TA/TO,0,0,0,F,F,0,No Deposit,9,NULL,0,Transient,220.0,0,0,Check-Out,2016-08-20
City Hotel,0,35,2016,August,34,16,0,4,3,0,0,BB,AUT,Online TA,TA/TO,0,0,0,D,D,0,No Deposit,9,NULL,0,Transient,168.3,0,2,Check-Out,2016-08-20
City Hotel,0,153,2016,August,34,19,0,1,2,2,0,BB,FRA,Online TA,TA/TO,0,0,0,F,F,0,No Deposit,9,NULL,0,Transient,186.3,0,0,Check-Out,2016-08-20
City Hotel,0,153,2016,August,34,19,0,1,2,2,0,BB,FRA,Online TA,TA/TO,0,0,0,F,F,0,No Deposit,9,NULL,0,Transient,186.3,0,0,Check-Out,2016-08-20
City Hotel,0,20,2016,August,34,19,0,1,2,2,0,BB,ESP,Online TA,TA/TO,0,0,0,F,G,0,No Deposit,9,NULL,0,Transient,240.0,1,1,Check-Out,2016-08-20
City Hotel,0,6,2016,August,34,19,0,1,2,0,0,BB,PRT,Online TA,TA/TO,0,0,0,D,A,0,No Deposit,9,NULL,0,Transient,154.0,1,1,Check-Out,2016-08-20
City Hotel,0,88,2016,August,34,19,0,1,3,0,0,BB,BEL,Online TA,TA/TO,0,0,0,D,D,0,No Deposit,9,NULL,0,Transient,150.3,0,1,Check-Out,2016-08-20
City Hotel,0,111,2016,August,33,13,2,5,3,0,0,BB,FRA,Online TA,TA/TO,0,0,0,D,D,0,No Deposit,9,NULL,0,Transient,159.3,0,1,Check-Out,2016-08-20
City Hotel,0,0,2016,August,34,20,0,1,3,0,0,BB,GBR,Online TA,TA/TO,0,0,0,D,D,0,No Deposit,9,NULL,0,Transient,168.3,0,2,Check-Out,2016-08-21
City Hotel,0,79,2016,August,34,17,0,4,1,0,0,BB,GBR,Direct,Direct,0,0,0,E,E,0,No Deposit,14,NULL,0,Transient,159.3,0,0,Check-Out,2016-08-21
City Hotel,0,80,2016,August,34,18,0,3,2,0,0,BB,GBR,Direct,Direct,0,0,0,E,E,1,No Deposit,14,NULL,0,Transient,168.3,0,1,Check-Out,2016-08-21
City Hotel,0,17,2016,August,34,19,0,2,2,2,0,HB,ESP,Direct,Direct,0,0,0,G,G,0,No Deposit,14,NULL,0,Transient,286.2,0,0,Check-Out,2016-08-21
City Hotel,0,79,2016,August,34,18,0,3,3,0,0,BB,SWE,Direct,Direct,0,0,0,E,E,0,No Deposit,14,NULL,0,Transient,198.3,0,1,Check-Out,2016-08-21
City Hotel,0,7,2016,August,34,20,0,1,3,0,0,BB,POL,Online TA,TA/TO,0,0,0,A,A,1,No Deposit,9,NULL,0,Transient,165.0,0,1,Check-Out,2016-08-21
City Hotel,0,40,2016,August,34,19,0,2,3,0,0,HB,ESP,Online TA,TA/TO,0,0,0,D,D,0,No Deposit,9,NULL,0,Transient,228.6,1,2,Check-Out,2016-08-21
City Hotel,0,38,2016,August,34,15,1,5,3,0,0,BB,ESP,Online TA,TA/TO,0,0,0,D,D,0,No Deposit,9,NULL,0,Transient,177.3,1,2,Check-Out,2016-08-21
City Hotel,0,121,2016,August,34,18,0,3,2,0,0,HB,ESP,Online TA,TA/TO,0,0,0,D,D,0,No Deposit,9,NULL,0,Transient,156.0,0,1,Check-Out,2016-08-21
City Hotel,0,12,2016,August,34,19,0,2,2,0,0,HB,ESP,Online TA,TA/TO,0,0,0,A,A,0,No Deposit,9,NULL,0,Transient,187.5,1,1,Check-Out,2016-08-21
City Hotel,0,82,2016,August,34,19,0,2,3,0,0,BB,FRA,Online TA,TA/TO,0,0,0,D,D,0,No Deposit,9,NULL,0,Transient,150.3,0,3,Check-Out,2016-08-21
City Hotel,0,44,2016,August,34,17,0,4,2,1,0,BB,ITA,Online TA,TA/TO,0,0,0,A,D,2,No Deposit,9,NULL,0,Transient,152.1,0,1,Check-Out,2016-08-21
City Hotel,0,60,2016,August,34,15,1,5,2,0,0,BB,BEL,Direct,Direct,0,0,0,E,E,0,No Deposit,NULL,NULL,0,Transient,158.95,0,1,Check-Out,2016-08-21
City Hotel,0,183,2016,August,34,16,0,5,3,0,0,HB,ESP,Online TA,TA/TO,0,0,0,D,D,1,No Deposit,9,NULL,0,Transient,187.5,0,0,Check-Out,2016-08-21
City Hotel,0,29,2016,August,34,20,0,1,2,0,0,BB,GBR,Online TA,TA/TO,0,0,0,A,A,0,No Deposit,9,NULL,0,Transient,151.0,0,0,Check-Out,2016-08-21
City Hotel,0,1,2016,August,34,20,0,1,2,0,0,BB,FRA,Online TA,TA/TO,0,0,0,A,A,0,No Deposit,155,NULL,0,Transient,159.0,0,0,Check-Out,2016-08-21
City Hotel,0,1,2016,August,34,20,0,1,1,0,0,BB,ESP,Direct,Direct,0,0,0,A,D,0,No Deposit,14,NULL,0,Transient,157.0,1,1,Check-Out,2016-08-21
City Hotel,0,0,2016,August,34,18,0,3,1,0,0,BB,DNK,Online TA,TA/TO,0,0,0,D,D,0,No Deposit,9,NULL,0,Transient,178.33,0,1,Check-Out,2016-08-21
City Hotel,0,88,2016,August,34,19,0,2,3,0,0,BB,BRA,Online TA,TA/TO,0,0,0,D,D,0,No Deposit,9,NULL,0,Transient,150.3,0,2,Check-Out,2016-08-21
City Hotel,0,45,2016,August,34,20,0,1,2,2,0,BB,FRA,Online TA,TA/TO,0,0,0,F,F,0,No Deposit,9,NULL,0,Transient,207.9,0,2,Check-Out,2016-08-21
City Hotel,0,21,2016,August,34,15,1,5,2,2,0,HB,ESP,Direct,Direct,0,0,0,E,E,0,No Deposit,14,NULL,0,Transient,242.0,1,1,Check-Out,2016-08-21
City Hotel,0,112,2016,August,34,14,2,5,2,2,0,BB,FRA,Direct,Direct,0,0,0,G,G,0,No Deposit,14,NULL,0,Transient,240.3,0,1,Check-Out,2016-08-21
City Hotel,0,50,2016,August,34,19,1,2,2,2,0,BB,GBR,Direct,Direct,0,0,0,G,G,0,No Deposit,14,NULL,0,Transient,240.3,0,0,Check-Out,2016-08-22
City Hotel,0,17,2016,August,35,21,1,0,2,0,0,BB,GBR,Direct,Direct,0,0,0,A,A,2,No Deposit,14,NULL,0,Transient,155.25,0,0,Check-Out,2016-08-22
City Hotel,0,102,2016,August,34,19,1,2,3,0,0,BB,AUT,Online TA,TA/TO,0,0,0,D,D,0,No Deposit,9,NULL,0,Transient,152.1,0,3,Check-Out,2016-08-22
City Hotel,0,125,2016,August,34,20,1,1,2,2,0,BB,ESP,Online TA,TA/TO,0,0,0,F,F,0,No Deposit,9,NULL,0,Transient,177.3,0,2,Check-Out,2016-08-22
City Hotel,0,0,2016,August,35,21,1,0,2,1,0,SC,PRT,Direct,Direct,0,0,0,A,C,1,No Deposit,NULL,NULL,0,Transient,152.0,0,0,Check-Out,2016-08-22
City Hotel,0,34,2016,August,35,21,1,0,2,2,0,BB,FRA,Online TA,TA/TO,0,0,0,F,F,0,No Deposit,NULL,NULL,0,Transient,207.9,0,1,Check-Out,2016-08-22
City Hotel,0,0,2016,August,35,21,1,0,2,1,0,BB,FRA,Direct,Direct,0,0,0,A,A,2,No Deposit,NULL,NULL,0,Transient,164.0,0,0,Check-Out,2016-08-22
City Hotel,0,120,2016,August,34,16,1,5,3,0,0,HB,FRA,Direct,Direct,0,0,0,D,D,2,No Deposit,NULL,NULL,0,Transient-Party,178.2,0,3,Check-Out,2016-08-22
City Hotel,0,73,2016,August,35,21,1,0,2,2,0,BB,GBR,Online TA,TA/TO,0,0,0,G,G,0,No Deposit,7,NULL,0,Transient,205.38,0,2,Check-Out,2016-08-22
City Hotel,0,42,2016,August,34,20,1,1,2,2,0,BB,FRA,Online TA,TA/TO,0,0,0,F,F,1,No Deposit,9,NULL,0,Transient,216.9,0,2,Check-Out,2016-08-22
City Hotel,0,16,2016,August,34,19,1,2,2,2,0,HB,FRA,Online TA,TA/TO,0,0,0,F,F,1,No Deposit,9,NULL,0,Transient,283.67,1,1,Check-Out,2016-08-22
City Hotel,0,157,2016,August,34,19,1,2,2,0,0,BB,ESP,Direct,Direct,0,0,0,E,E,0,No Deposit,14,NULL,0,Transient,156.9,1,0,Check-Out,2016-08-22
City Hotel,0,90,2016,August,35,21,2,0,3,0,0,BB,GBR,Online TA,TA/TO,0,0,0,D,D,0,No Deposit,9,NULL,0,Transient,150.3,0,2,Check-Out,2016-08-23
City Hotel,0,48,2016,August,34,18,2,3,3,0,0,BB,ESP,Online TA,TA/TO,0,0,0,D,D,0,No Deposit,9,NULL,0,Transient,177.3,1,2,Check-Out,2016-08-23
City Hotel,0,199,2016,August,34,19,2,2,3,0,0,BB,PRT,Direct,Direct,0,0,0,E,E,0,No Deposit,14,NULL,0,Transient,167.35,0,2,Check-Out,2016-08-23
City Hotel,0,97,2016,August,34,20,2,1,3,0,0,BB,FRA,Online TA,TA/TO,0,0,0,D,D,0,No Deposit,9,NULL,0,Transient,159.3,1,2,Check-Out,2016-08-23
City Hotel,0,91,2016,August,35,21,2,0,2,0,0,BB,ESP,Online TA,TA/TO,0,0,0,D,D,0,No Deposit,9,NULL,0,Transient,159.3,0,0,Check-Out,2016-08-23
City Hotel,0,107,2016,August,34,20,2,1,3,0,0,BB,NLD,Online TA,TA/TO,0,0,0,D,D,0,No Deposit,9,NULL,0,Transient,152.1,0,2,Check-Out,2016-08-23
City Hotel,0,49,2016,August,35,21,2,0,2,1,0,BB,FRA,Online TA,TA/TO,0,0,0,A,A,0,No Deposit,9,NULL,0,Transient,161.1,0,1,Check-Out,2016-08-23
City Hotel,0,49,2016,August,35,21,2,0,3,0,0,BB,DEU,Online TA,TA/TO,0,0,0,D,D,0,No Deposit,9,NULL,0,Transient,168.3,0,2,Check-Out,2016-08-23
City Hotel,0,20,2016,August,34,19,2,2,2,0,0,BB,NOR,Online TA,TA/TO,0,0,0,A,A,0,No Deposit,9,NULL,0,Transient,151.0,0,1,Check-Out,2016-08-23
City Hotel,0,153,2016,August,34,20,2,1,2,2,0,BB,GBR,Online TA,TA/TO,0,0,0,F,F,0,No Deposit,9,NULL,0,Transient,186.3,1,2,Check-Out,2016-08-23
City Hotel,0,21,2016,August,34,19,2,2,2,0,0,BB,BEL,Online TA,TA/TO,0,0,0,A,A,0,No Deposit,9,NULL,0,Transient,151.0,0,1,Check-Out,2016-08-23
City Hotel,0,83,2016,August,35,21,2,1,3,0,0,BB,DEU,Online TA,TA/TO,0,0,0,D,D,0,No Deposit,9,NULL,0,Transient,162.3,0,0,Check-Out,2016-08-24
City Hotel,0,110,2016,August,35,22,1,1,3,0,0,BB,FRA,Online TA,TA/TO,0,0,0,A,A,1,No Deposit,9,NULL,0,Transient,153.4,0,0,Check-Out,2016-08-24
City Hotel,0,21,2016,August,34,19,2,3,3,0,0,HB,MAR,Online TA,TA/TO,0,0,0,A,A,1,No Deposit,83,NULL,0,Transient,194.8,0,0,Check-Out,2016-08-24
City Hotel,0,48,2016,August,34,20,2,2,3,0,0,BB,BRA,Online TA,TA/TO,0,0,0,D,D,0,No Deposit,9,NULL,0,Transient,168.3,0,0,Check-Out,2016-08-24
City Hotel,0,146,2016,August,34,20,2,2,3,0,0,BB,DEU,Direct,Direct,0,0,0,E,E,0,No Deposit,14,NULL,0,Transient,181.0,0,1,Check-Out,2016-08-24
City Hotel,0,23,2016,August,35,21,2,1,3,0,0,BB,DEU,Online TA,TA/TO,0,0,0,D,D,0,No Deposit,9,NULL,0,Transient,200.0,1,2,Check-Out,2016-08-24
City Hotel,0,151,2016,August,34,19,2,3,2,2,0,HB,POL,Online TA,TA/TO,0,0,0,F,F,0,No Deposit,9,NULL,0,Transient,217.6,0,2,Check-Out,2016-08-24
City Hotel,0,121,2016,August,35,23,0,1,2,2,0,BB,BEL,Online TA,TA/TO,0,0,0,F,F,0,No Deposit,9,NULL,0,Transient,198.9,1,2,Check-Out,2016-08-24
City Hotel,0,157,2016,August,34,19,2,3,2,2,0,HB,POL,Online TA,TA/TO,0,0,0,F,F,0,No Deposit,9,NULL,0,Transient,217.6,0,2,Check-Out,2016-08-24
City Hotel,0,84,2016,August,35,22,1,1,2,0,0,BB,CN,Direct,Direct,0,0,0,E,F,0,No Deposit,14,NULL,0,Transient,150.3,0,0,Check-Out,2016-08-24
City Hotel,0,90,2016,August,36,28,1,0,2,0,0,BB,CN,Direct,Direct,0,0,1,E,E,1,No Deposit,14,NULL,0,Group,159.3,0,0,Check-Out,2016-08-29
City Hotel,0,0,2016,August,35,23,0,1,2,2,0,BB,PRT,Direct,Direct,0,0,0,E,E,0,No Deposit,NULL,NULL,0,Transient,159.0,0,0,Check-Out,2016-08-24
City Hotel,0,20,2016,August,35,21,2,1,2,0,0,BB,ESP,Online TA,TA/TO,0,0,0,D,D,0,No Deposit,9,NULL,0,Transient,175.0,0,2,Check-Out,2016-08-24
City Hotel,0,0,2016,August,35,23,0,1,3,0,0,BB,FRA,Online TA,TA/TO,0,0,0,D,D,0,No Deposit,NULL,NULL,0,Transient,225.0,0,2,Check-Out,2016-08-24
City Hotel,0,17,2016,August,35,22,1,1,2,2,0,BB,ESP,Direct,Direct,0,0,0,F,F,0,No Deposit,14,NULL,0,Transient,184.45,0,0,Check-Out,2016-08-24
City Hotel,0,85,2016,August,34,19,2,4,3,0,0,HB,FRA,Online TA,TA/TO,0,0,0,D,D,0,No Deposit,9,NULL,0,Transient,210.6,0,1,Check-Out,2016-08-25
City Hotel,0,34,2016,August,34,16,2,7,3,0,0,BB,ITA,Online TA,TA/TO,0,0,0,D,D,0,No Deposit,9,NULL,0,Transient,168.3,0,1,Check-Out,2016-08-25
City Hotel,0,4,2016,August,35,24,0,1,3,0,0,BB,DEU,Online TA,TA/TO,0,0,0,D,D,0,No Deposit,9,NULL,0,Transient,198.0,0,2,Check-Out,2016-08-25
City Hotel,0,1,2016,August,35,24,0,1,2,2,0,BB,FRA,Online TA,TA/TO,0,0,0,F,F,0,No Deposit,9,NULL,0,Transient,228.0,1,2,Check-Out,2016-08-25
City Hotel,0,51,2016,August,35,22,1,2,2,1,0,BB,ROU,Online TA,TA/TO,0,0,0,A,C,0,No Deposit,9,NULL,0,Transient,152.1,0,1,Check-Out,2016-08-25
City Hotel,0,85,2016,August,34,19,2,4,3,0,0,HB,FRA,Online TA,TA/TO,0,0,0,D,D,0,No Deposit,9,NULL,0,Transient,201.6,0,1,Check-Out,2016-08-25
City Hotel,0,4,2016,August,35,23,0,2,2,0,0,BB,AUT,Online TA,TA/TO,0,0,0,A,A,0,No Deposit,9,NULL,0,Transient,157.0,1,1,Check-Out,2016-08-25
City Hotel,0,0,2016,August,35,24,0,1,2,1,0,BB,PRT,Direct,Direct,0,0,0,D,F,0,No Deposit,14,NULL,0,Transient,155.25,1,1,Check-Out,2016-08-25
City Hotel,0,42,2016,August,35,22,1,2,2,2,0,BB,ESP,Direct,Direct,0,0,0,E,E,0,No Deposit,14,NULL,0,Transient,192.3,1,2,Check-Out,2016-08-25
City Hotel,0,21,2016,August,35,21,2,2,2,0,1,BB,ESP,Online TA,TA/TO,0,0,0,A,A,1,No Deposit,9,NULL,0,Transient,160.0,0,2,Check-Out,2016-08-25
City Hotel,0,85,2016,August,35,24,0,1,3,0,0,BB,CHE,Online TA,TA/TO,0,0,0,D,D,2,No Deposit,9,NULL,0,Transient,177.3,0,0,Check-Out,2016-08-25
City Hotel,0,3,2016,August,35,24,0,1,3,0,0,BB,PRT,Online TA,TA/TO,0,0,0,D,D,0,No Deposit,9,NULL,0,Transient,188.0,1,3,Check-Out,2016-08-25
City Hotel,0,51,2016,August,35,23,0,2,2,0,0,BB,ESP,Online TA,TA/TO,0,0,0,D,D,1,No Deposit,9,NULL,0,Transient,158.4,1,1,Check-Out,2016-08-25
City Hotel,0,14,2016,August,34,19,2,4,2,0,0,BB,NLD,Online TA,TA/TO,0,0,0,D,D,0,No Deposit,9,NULL,0,Transient,155.83,0,1,Check-Out,2016-08-25
City Hotel,0,12,2016,August,35,22,1,2,2,0,0,BB,ITA,Online TA,TA/TO,0,0,0,D,D,0,No Deposit,9,NULL,0,Transient,156.0,0,1,Check-Out,2016-08-25
City Hotel,0,115,2016,August,34,20,2,4,2,1,0,BB,FRA,Online TA,TA/TO,0,0,0,D,D,0,No Deposit,8,NULL,0,Transient,165.3,0,1,Check-Out,2016-08-26
City Hotel,0,3,2016,August,35,25,0,1,3,0,0,BB,FRA,Direct,Direct,0,0,0,D,D,0,No Deposit,NULL,NULL,0,Transient,179.0,1,1,Check-Out,2016-08-26
City Hotel,0,11,2016,August,35,25,0,1,2,0,0,BB,DEU,Online TA,TA/TO,0,0,0,D,D,0,No Deposit,9,NULL,0,Transient,155.0,0,1,Check-Out,2016-08-26
City Hotel,0,32,2016,August,35,23,0,3,2,2,0,BB,USA,Direct,Direct,0,0,0,E,E,2,No Deposit,14,NULL,0,Transient,182.95,1,2,Check-Out,2016-08-26
City Hotel,0,31,2016,August,35,25,0,1,3,1,0,BB,ESP,Online TA,TA/TO,0,0,0,F,F,0,No Deposit,8,NULL,0,Transient,225.4,0,1,Check-Out,2016-08-26
City Hotel,0,210,2016,August,35,25,0,1,3,1,0,BB,PRT,Direct,Direct,0,0,0,E,E,0,No Deposit,NULL,NULL,0,Transient,180.9,1,2,Check-Out,2016-08-26
City Hotel,0,115,2016,August,35,23,0,3,2,2,0,HB,PRT,Direct,Direct,0,0,0,E,E,1,No Deposit,14,NULL,0,Transient,222.0,1,1,Check-Out,2016-08-26
City Hotel,0,17,2016,August,35,22,1,3,2,2,0,BB,FRA,Online TA,TA/TO,0,0,0,F,F,0,No Deposit,9,NULL,0,Transient,230.0,1,1,Check-Out,2016-08-26
City Hotel,0,12,2016,August,35,24,0,2,2,1,0,BB,PRT,Online TA,TA/TO,0,0,0,D,D,3,No Deposit,9,NULL,0,Transient,164.0,1,3,Check-Out,2016-08-26
City Hotel,0,2,2016,August,35,24,0,2,2,0,1,BB,PRT,Online TA,TA/TO,0,0,0,D,D,1,No Deposit,9,NULL,0,Transient,164.0,0,1,Check-Out,2016-08-26
City Hotel,0,17,2016,August,35,24,0,2,2,2,0,HB,ESP,Direct,Direct,0,0,0,F,F,1,No Deposit,14,NULL,0,Transient,280.0,1,0,Check-Out,2016-08-26
City Hotel,0,33,2016,August,35,24,0,3,2,2,0,BB,RUS,Online TA,TA/TO,0,0,0,F,F,0,No Deposit,9,NULL,0,Transient,207.9,0,2,Check-Out,2016-08-27
City Hotel,0,10,2016,August,35,22,1,4,3,0,0,BB,USA,Online TA,TA/TO,0,0,0,G,G,0,No Deposit,7,NULL,0,Transient,160.16,0,1,Check-Out,2016-08-27
City Hotel,0,41,2016,August,35,24,0,3,3,0,0,BB,ESP,Online TA,TA/TO,0,0,0,D,D,0,No Deposit,9,NULL,0,Transient-Party,177.3,0,1,Check-Out,2016-08-27
City Hotel,0,43,2016,August,35,22,1,4,2,1,0,BB,FRA,Online TA,TA/TO,0,0,0,A,A,0,No Deposit,9,NULL,0,Transient,152.1,0,0,Check-Out,2016-08-27
City Hotel,0,16,2016,August,35,24,0,3,2,2,0,HB,ESP,Direct,Direct,0,0,0,E,E,0,No Deposit,14,NULL,0,Transient,232.0,1,2,Check-Out,2016-08-27
City Hotel,0,12,2016,August,35,26,0,1,2,0,0,BB,NZL,Online TA,TA/TO,0,0,0,D,E,0,No Deposit,9,NULL,0,Transient,164.0,0,1,Check-Out,2016-08-27
City Hotel,0,17,2016,August,35,24,0,3,2,0,0,BB,DEU,Online TA,TA/TO,0,0,0,D,D,0,No Deposit,9,NULL,0,Transient,165.0,0,1,Check-Out,2016-08-27
City Hotel,0,11,2016,August,35,24,0,3,4,0,0,BB,CN,Online TA,TA/TO,0,0,0,G,G,0,No Deposit,7,NULL,0,Transient,227.15,0,1,Check-Out,2016-08-27
City Hotel,0,46,2016,August,35,24,0,3,3,0,0,BB,FRA,Online TA,TA/TO,0,0,0,D,D,0,No Deposit,9,NULL,0,Transient,168.3,0,2,Check-Out,2016-08-27
City Hotel,0,5,2016,August,35,22,1,4,2,0,0,BB,DEU,Online TA,TA/TO,0,0,0,D,D,0,No Deposit,9,NULL,0,Transient,155.0,0,2,Check-Out,2016-08-27
City Hotel,0,0,2016,August,35,27,0,1,2,2,1,BB,FRA,Online TA,TA/TO,0,0,0,F,F,1,No Deposit,9,NULL,0,Transient,168.3,0,2,Check-Out,2016-08-28
City Hotel,0,85,2016,August,35,22,1,5,3,0,0,BB,AUT,Online TA,TA/TO,0,0,0,D,D,0,No Deposit,9,NULL,0,Transient,165.3,0,0,Check-Out,2016-08-28
City Hotel,0,200,2016,August,35,24,0,4,3,0,0,HB,ESP,Online TA,TA/TO,0,0,0,D,D,1,No Deposit,9,NULL,0,Transient,187.5,0,1,Check-Out,2016-08-28
City Hotel,0,42,2016,August,35,23,0,5,3,0,0,BB,ESP,Online TA,TA/TO,0,0,0,D,D,0,No Deposit,9,NULL,0,Transient,168.3,0,0,Check-Out,2016-08-28
City Hotel,0,48,2016,August,35,24,0,4,3,0,0,BB,NLD,Online TA,TA/TO,0,0,0,D,D,0,No Deposit,9,NULL,0,Transient,168.3,0,1,Check-Out,2016-08-28
City Hotel,0,181,2016,August,35,23,0,5,2,1,0,HB,PRT,Online TA,TA/TO,0,0,0,A,A,1,No Deposit,9,NULL,0,Transient,162.15,0,2,Check-Out,2016-08-28
City Hotel,0,3,2016,August,35,26,0,2,2,0,0,BB,FRA,Online TA,TA/TO,0,0,0,A,A,0,No Deposit,9,NULL,0,Transient,169.0,0,1,Check-Out,2016-08-28
City Hotel,0,110,2016,August,35,21,2,5,2,2,0,BB,FRA,Online TA,TA/TO,0,0,0,G,G,0,No Deposit,7,NULL,0,Transient,205.38,0,2,Check-Out,2016-08-28
City Hotel,0,122,2016,August,35,25,0,3,2,2,0,BB,ESP,Online TA,TA/TO,0,0,0,F,F,1,No Deposit,9,NULL,0,Transient,198.9,1,2,Check-Out,2016-08-28
City Hotel,0,1,2016,August,35,26,1,2,1,0,0,BB,USA,Online TA,TA/TO,0,0,0,D,D,0,No Deposit,9,NULL,0,Transient,174.0,0,1,Check-Out,2016-08-29
City Hotel,0,53,2016,August,35,25,1,3,3,0,0,BB,FRA,Online TA,TA/TO,0,0,0,D,D,0,No Deposit,9,NULL,0,Transient,161.78,0,1,Check-Out,2016-08-29
City Hotel,0,230,2016,August,35,25,1,3,2,2,0,BB,GBR,Online TA,TA/TO,0,0,0,F,F,0,No Deposit,9,NULL,0,Transient,158.95,0,0,Check-Out,2016-08-29
City Hotel,0,4,2016,August,35,26,1,2,3,0,0,BB,BRA,Offline TA/TO,TA/TO,0,0,0,D,D,2,No Deposit,289,NULL,0,Transient,155.6,0,1,Check-Out,2016-08-29
City Hotel,0,29,2016,August,35,26,1,2,2,0,0,BB,FRA,Online TA,TA/TO,0,0,0,D,D,2,No Deposit,9,NULL,0,Transient,150.8,0,1,Check-Out,2016-08-29
City Hotel,0,3,2016,August,35,26,1,2,2,0,0,BB,AUS,Direct,Direct,0,0,0,E,E,0,No Deposit,14,NULL,0,Transient,195.0,0,2,Check-Out,2016-08-29
City Hotel,0,108,2016,August,35,27,1,1,3,0,0,BB,BEL,Online TA,TA/TO,0,0,0,D,D,0,No Deposit,9,NULL,0,Transient,150.3,0,3,Check-Out,2016-08-29
City Hotel,0,100,2016,August,35,25,1,3,3,0,0,BB,AUT,Online TA,TA/TO,0,0,0,D,D,0,No Deposit,9,NULL,0,Transient,150.3,0,1,Check-Out,2016-08-29
City Hotel,0,30,2016,August,35,23,1,5,2,0,0,HB,ESP,Online TA,TA/TO,0,0,0,D,D,0,No Deposit,9,NULL,0,Transient,179.25,0,1,Check-Out,2016-08-29
City Hotel,0,47,2016,August,35,23,1,5,3,0,0,BB,ESP,Online TA,TA/TO,0,0,0,D,D,0,No Deposit,9,NULL,0,Transient,163.95,0,0,Check-Out,2016-08-29
City Hotel,0,217,2016,August,35,27,1,1,2,2,0,BB,GBR,Online TA,TA/TO,0,0,0,F,F,0,No Deposit,9,NULL,0,Transient,168.3,0,1,Check-Out,2016-08-29
City Hotel,0,1,2016,August,35,27,1,1,2,2,0,BB,FRA,Direct,Direct,0,0,0,E,E,2,No Deposit,14,NULL,0,Transient,228.0,1,1,Check-Out,2016-08-29
City Hotel,0,42,2016,August,35,21,4,5,3,0,0,BB,PRT,Online TA,TA/TO,0,0,0,D,D,0,No Deposit,9,NULL,0,Transient,162.5,0,2,Check-Out,2016-08-30
City Hotel,0,41,2016,August,35,26,2,2,3,0,0,BB,GBR,Online TA,TA/TO,0,0,0,D,D,0,No Deposit,9,NULL,0,Transient,157.28,0,0,Check-Out,2016-08-30
City Hotel,0,88,2016,August,35,23,2,5,3,0,0,BB,ITA,Online TA,TA/TO,0,0,0,D,D,0,No Deposit,9,NULL,0,Transient,152.87,0,0,Check-Out,2016-08-30
City Hotel,0,9,2016,August,35,25,2,3,1,2,0,HB,FRA,Online TA,TA/TO,0,0,0,D,D,0,No Deposit,8,NULL,0,Transient,176.42,0,2,Check-Out,2016-08-30
City Hotel,0,48,2016,August,35,25,2,3,2,1,0,BB,FRA,Online TA,TA/TO,0,0,0,G,G,0,No Deposit,7,NULL,0,Transient,184.26,0,2,Check-Out,2016-08-30
City Hotel,0,56,2016,August,35,26,2,2,3,0,0,BB,ITA,Online TA,TA/TO,0,0,0,D,D,0,No Deposit,9,NULL,0,Transient,162.0,0,2,Check-Out,2016-08-30
City Hotel,0,100,2016,August,35,26,2,2,3,0,0,BB,ESP,Online TA,TA/TO,0,0,0,D,D,0,No Deposit,9,NULL,0,Transient,150.3,0,1,Check-Out,2016-08-30
City Hotel,0,40,2016,August,35,27,2,1,3,0,0,BB,ITA,Online TA,TA/TO,0,0,0,D,D,0,No Deposit,9,NULL,0,Transient,153.6,0,3,Check-Out,2016-08-30
City Hotel,0,4,2016,August,36,29,1,0,3,0,0,BB,PRT,Online TA,TA/TO,0,0,0,D,D,0,No Deposit,9,NULL,0,Transient,184.0,1,0,Check-Out,2016-08-30
City Hotel,0,0,2016,August,36,29,1,0,2,0,0,BB,CHE,Online TA,TA/TO,0,0,0,D,D,0,No Deposit,9,NULL,0,Transient,164.0,0,0,Check-Out,2016-08-30
City Hotel,0,186,2016,August,35,26,2,2,2,1,0,BB,GBR,Online TA,TA/TO,0,0,0,B,B,2,No Deposit,9,NULL,0,Transient-Party,167.66,0,0,Check-Out,2016-08-30
City Hotel,0,6,2016,August,36,28,2,1,2,2,0,BB,ESP,Online TA,TA/TO,0,0,0,F,F,0,No Deposit,9,NULL,0,Transient,228.0,0,3,Check-Out,2016-08-31
City Hotel,0,51,2016,August,36,29,1,1,3,1,0,BB,IND,Online TA,TA/TO,0,0,0,G,G,0,No Deposit,7,NULL,0,Transient,181.19,0,0,Check-Out,2016-08-31
City Hotel,0,152,2016,August,36,28,2,1,3,1,0,BB,GBR,Direct,Direct,0,0,0,G,G,0,No Deposit,14,NULL,0,Transient,218.7,0,0,Check-Out,2016-08-31
City Hotel,0,119,2016,August,35,24,2,5,2,0,0,BB,GBR,Direct,Direct,0,0,0,E,E,0,No Deposit,14,NULL,0,Transient,150.3,0,0,Check-Out,2016-08-31
City Hotel,0,26,2016,August,36,29,1,1,2,2,0,BB,FRA,Online TA,TA/TO,0,0,0,F,F,0,No Deposit,9,NULL,0,Transient,206.5,0,4,Check-Out,2016-08-31
City Hotel,0,38,2016,August,35,22,3,6,3,0,0,BB,DZA,Online TA,TA/TO,0,0,0,D,D,0,No Deposit,9,NULL,0,Transient,159.6,0,0,Check-Out,2016-08-31
City Hotel,0,29,2016,August,36,28,2,1,3,0,0,BB,CHN,Online TA,TA/TO,0,0,0,D,D,0,No Deposit,9,NULL,0,Transient,150.17,0,3,Check-Out,2016-08-31
City Hotel,0,0,2016,August,36,30,0,1,2,0,0,BB,AGO,Direct,Direct,0,0,0,E,E,0,No Deposit,14,NULL,0,Transient,175.0,0,1,Check-Out,2016-08-31
City Hotel,0,4,2016,August,36,30,0,2,3,0,0,BB,GBR,Online TA,TA/TO,0,0,0,D,D,0,No Deposit,9,NULL,0,Transient,175.0,0,0,Check-Out,2016-09-01
City Hotel,0,4,2016,August,36,30,0,2,3,0,0,BB,FRA,Online TA,TA/TO,0,0,0,D,D,0,No Deposit,9,NULL,0,Transient,175.0,0,2,Check-Out,2016-09-01
City Hotel,0,22,2016,August,36,30,0,2,2,1,0,BB,USA,Online TA,TA/TO,0,0,0,G,G,0,No Deposit,7,NULL,0,Group,199.82,0,1,Check-Out,2016-09-01
City Hotel,0,34,2016,August,36,28,2,2,3,0,0,BB,ESP,Online TA,TA/TO,0,0,0,D,D,0,No Deposit,9,NULL,0,Transient,150.98,0,2,Check-Out,2016-09-01
City Hotel,0,219,2016,August,36,30,0,2,3,0,0,BB,DEU,Online TA,TA/TO,0,0,0,F,F,0,No Deposit,7,NULL,0,Transient,152.99,0,1,Check-Out,2016-09-01
City Hotel,0,8,2016,August,36,31,0,1,2,2,0,BB,ESP,Direct,Direct,0,0,0,E,E,0,No Deposit,14,NULL,0,Transient,177.13,1,0,Check-Out,2016-09-01
City Hotel,0,52,2016,August,35,26,2,4,3,0,0,BB,FRA,Online TA,TA/TO,0,0,0,D,D,0,No Deposit,9,NULL,0,Transient,150.9,0,0,Check-Out,2016-09-01
City Hotel,0,156,2016,August,36,28,2,2,2,1,0,BB,LUX,Online TA,TA/TO,0,0,0,F,F,0,No Deposit,9,NULL,0,Transient,158.95,0,1,Check-Out,2016-09-01
City Hotel,0,63,2016,August,36,30,0,2,2,0,0,HB,POL,Online TA,TA/TO,0,0,0,D,D,0,No Deposit,9,NULL,0,Transient,174.6,0,1,Check-Out,2016-09-01
City Hotel,0,11,2016,August,36,28,2,2,3,1,0,BB,ESP,Direct,Direct,0,0,0,G,G,0,No Deposit,14,NULL,0,Transient,246.0,0,0,Check-Out,2016-09-01
City Hotel,0,151,2016,August,36,28,2,2,2,2,0,HB,AUT,Online TA,TA/TO,0,0,0,F,F,0,No Deposit,9,NULL,0,Transient,226.35,0,2,Check-Out,2016-09-01
City Hotel,0,176,2016,September,36,1,0,1,3,0,0,BB,DEU,Online TA,TA/TO,0,0,0,D,F,0,No Deposit,9,NULL,0,Transient,159.3,0,2,Check-Out,2016-09-02
City Hotel,0,50,2016,August,36,30,0,3,2,2,0,BB,GBR,Online TA,TA/TO,0,0,0,F,F,0,No Deposit,9,NULL,0,Transient,181.8,0,0,Check-Out,2016-09-02
City Hotel,0,26,2016,August,36,28,2,3,3,0,0,BB,USA,Direct,Direct,0,0,0,E,E,0,No Deposit,14,NULL,0,Transient,165.83,0,0,Check-Out,2016-09-02
City Hotel,0,121,2016,August,35,26,2,5,3,0,0,BB,FRA,Direct,Direct,0,0,0,F,F,0,No Deposit,NULL,NULL,0,Transient,187.0,0,2,Check-Out,2016-09-02
City Hotel,0,79,2016,August,36,28,2,3,2,2,0,HB,ESP,Direct,Direct,0,0,0,E,E,0,No Deposit,14,NULL,0,Transient,236.0,1,2,Check-Out,2016-09-02
City Hotel,0,45,2016,August,36,30,0,3,3,0,0,BB,DEU,Online TA,TA/TO,0,0,0,D,D,0,No Deposit,9,NULL,0,Transient,151.2,0,2,Check-Out,2016-09-02
City Hotel,0,330,2016,August,36,31,0,2,2,1,0,BB,DEU,Online TA,TA/TO,0,0,0,F,F,1,No Deposit,9,NULL,0,Contract,172.8,0,0,Check-Out,2016-09-02
City Hotel,0,0,2016,August,35,26,2,5,2,0,0,BB,FRA,Direct,Direct,0,0,0,D,D,0,No Deposit,NULL,NULL,0,Transient,159.0,0,0,Check-Out,2016-09-02
City Hotel,0,0,2016,August,35,26,2,5,2,0,0,BB,FRA,Direct,Direct,0,0,0,A,A,0,No Deposit,NULL,NULL,0,Transient,159.0,0,0,Check-Out,2016-09-02
City Hotel,0,38,2016,August,36,31,0,3,3,1,0,BB,SWE,Online TA,TA/TO,0,0,0,F,F,0,No Deposit,8,NULL,0,Transient,199.3,0,1,Check-Out,2016-09-03
City Hotel,0,30,2016,September,36,1,0,2,2,0,0,HB,ESP,Online TA,TA/TO,0,0,0,A,A,0,No Deposit,9,NULL,0,Transient,153.0,0,2,Check-Out,2016-09-03
City Hotel,0,2,2016,September,36,2,0,1,2,2,0,BB,PRT,Online TA,TA/TO,0,0,0,F,F,0,No Deposit,9,NULL,0,Transient,249.0,1,1,Check-Out,2016-09-03
City Hotel,0,2,2016,September,36,2,0,1,2,2,0,BB,PRT,Online TA,TA/TO,0,0,0,F,F,0,No Deposit,9,NULL,0,Transient,258.0,1,1,Check-Out,2016-09-03
City Hotel,0,50,2016,September,36,1,0,3,2,0,0,BB,FRA,Direct,Direct,0,0,0,E,E,0,No Deposit,14,NULL,0,Transient,158.0,0,0,Check-Out,2016-09-04
City Hotel,0,141,2016,August,36,31,0,4,3,0,0,BB,FRA,Online TA,TA/TO,0,0,0,D,D,0,No Deposit,9,NULL,0,Transient,167.4,1,0,Check-Out,2016-09-04
City Hotel,0,30,2016,September,36,1,0,3,1,2,0,BB,ESP,Online TA,TA/TO,0,0,0,F,F,0,No Deposit,9,NULL,0,Transient,181.8,0,1,Check-Out,2016-09-04
City Hotel,0,30,2016,September,36,2,0,2,2,1,1,HB,PRT,Online TA,TA/TO,0,0,0,F,F,1,No Deposit,9,NULL,0,Transient,233.1,0,1,Check-Out,2016-09-04
City Hotel,0,28,2016,September,36,1,0,3,1,0,0,BB,GBR,Direct,Direct,0,0,0,E,E,1,No Deposit,14,NULL,0,Transient,173.2,0,0,Check-Out,2016-09-04
City Hotel,0,96,2016,September,36,1,1,3,3,0,0,BB,SWE,Online TA,TA/TO,0,0,0,D,D,0,No Deposit,9,NULL,0,Transient,166.05,0,4,Check-Out,2016-09-05
City Hotel,0,52,2016,September,36,1,1,3,2,0,0,HB,ESP,Online TA,TA/TO,0,0,0,D,D,0,No Deposit,9,NULL,0,Transient,166.5,1,2,Check-Out,2016-09-05
City Hotel,0,22,2016,August,36,30,1,5,2,1,0,HB,ITA,Direct,Direct,0,0,0,E,E,1,No Deposit,14,NULL,0,Transient,198.0,1,2,Check-Out,2016-09-05
City Hotel,0,50,2016,September,36,2,1,2,3,0,0,HB,ESP,Online TA,TA/TO,0,0,0,D,D,0,No Deposit,9,NULL,0,Transient,193.5,0,0,Check-Out,2016-09-05
City Hotel,0,31,2016,September,36,2,1,2,2,2,0,HB,ESP,Online TA,TA/TO,0,0,0,F,F,0,No Deposit,9,NULL,0,Transient,233.1,0,1,Check-Out,2016-09-05
City Hotel,0,77,2016,September,36,2,1,2,3,0,0,BB,FRA,Online TA,TA/TO,0,0,0,D,E,1,No Deposit,9,NULL,0,Transient,168.3,0,2,Check-Out,2016-09-05
City Hotel,0,14,2016,September,36,1,1,3,2,2,0,BB,ESP,Online TA,TA/TO,0,0,0,F,G,0,No Deposit,9,NULL,0,Transient,210.0,0,1,Check-Out,2016-09-05
City Hotel,0,92,2016,September,36,2,1,2,2,1,0,BB,GBR,Online TA,TA/TO,0,0,0,A,A,0,No Deposit,9,NULL,0,Transient,152.1,0,2,Check-Out,2016-09-05
City Hotel,0,15,2016,September,36,2,1,2,2,0,0,BB,NOR,Online TA,TA/TO,0,0,0,D,D,0,No Deposit,9,NULL,0,Transient,153.0,0,0,Check-Out,2016-09-05
City Hotel,0,208,2016,September,36,3,2,1,2,0,0,HB,ITA,Online TA,TA/TO,0,0,0,A,A,1,No Deposit,9,NULL,0,Transient,161.1,0,1,Check-Out,2016-09-06
City Hotel,0,33,2016,September,36,3,2,1,2,2,0,BB,ESP,Online TA,TA/TO,0,0,0,F,F,0,No Deposit,9,NULL,0,Transient,190.8,1,0,Check-Out,2016-09-06
City Hotel,0,91,2016,September,37,4,2,0,3,0,0,BB,ITA,Online TA,TA/TO,0,0,0,D,D,0,No Deposit,9,NULL,0,Transient,168.3,0,1,Check-Out,2016-09-06
City Hotel,0,5,2016,September,36,3,2,1,2,2,0,BB,ESP,Online TA,TA/TO,0,0,0,F,F,0,No Deposit,8,NULL,0,Transient,209.7,0,1,Check-Out,2016-09-06
City Hotel,0,124,2016,September,37,4,2,1,2,0,0,HB,BEL,Online TA,TA/TO,0,0,0,A,A,0,No Deposit,9,NULL,0,Transient,163.8,0,4,Check-Out,2016-09-07
City Hotel,0,4,2016,September,36,2,2,3,2,0,0,BB,NLD,Online TA,TA/TO,0,0,0,D,D,0,No Deposit,9,NULL,0,Transient,162.0,0,0,Check-Out,2016-09-07
City Hotel,0,13,2016,September,37,4,2,1,2,0,0,BB,PRT,Online TA,TA/TO,0,0,0,D,D,0,No Deposit,9,NULL,0,Transient,160.0,0,1,Check-Out,2016-09-07
City Hotel,0,8,2016,September,37,6,0,1,2,0,0,BB,PRT,Direct,Direct,0,0,0,D,D,0,No Deposit,NULL,NULL,0,Transient,168.3,0,1,Check-Out,2016-09-07
City Hotel,0,165,2016,September,36,2,2,3,3,0,0,BB,GBR,Online TA,TA/TO,0,0,0,D,D,0,No Deposit,9,NULL,0,Transient,150.45,0,0,Check-Out,2016-09-07
City Hotel,0,0,2016,September,37,6,0,1,2,0,0,BB,PRT,Direct,Direct,0,0,0,F,F,0,No Deposit,NULL,NULL,0,Transient,200.0,0,0,Check-Out,2016-09-07
City Hotel,0,163,2016,September,37,5,1,2,2,0,0,HB,FRA,Online TA,TA/TO,0,0,0,A,A,0,No Deposit,9,NULL,0,Transient,161.1,0,2,Check-Out,2016-09-08
City Hotel,0,31,2016,September,37,5,1,2,4,0,0,BB,PRT,Online TA,TA/TO,0,0,0,G,G,0,No Deposit,7,NULL,0,Transient,197.65,0,1,Check-Out,2016-09-08
City Hotel,0,46,2016,September,37,4,2,2,2,1,0,HB,ESP,Direct,Direct,0,0,0,D,D,1,No Deposit,14,NULL,0,Transient,172.03,0,0,Check-Out,2016-09-08
City Hotel,0,141,2016,September,37,5,1,2,3,0,0,BB,DEU,Online TA,TA/TO,0,0,0,D,D,0,No Deposit,9,NULL,0,Transient,168.3,1,2,Check-Out,2016-09-08
City Hotel,0,5,2016,September,37,7,0,1,2,0,0,BB,PRT,Online TA,TA/TO,0,0,0,D,F,0,No Deposit,9,NULL,0,Transient,184.0,0,2,Check-Out,2016-09-08
City Hotel,0,10,2016,September,37,5,1,2,2,0,0,BB,IRL,Online TA,TA/TO,0,0,0,D,D,0,No Deposit,9,NULL,0,Transient,164.0,0,1,Check-Out,2016-09-08
City Hotel,0,15,2016,September,40,26,1,2,2,0,0,BB,PRT,Online TA,TA/TO,1,0,1,D,D,0,No Deposit,9,NULL,0,Transient,164.0,0,0,Check-Out,2016-09-29
City Hotel,0,73,2016,September,37,6,0,2,3,0,0,BB,CHE,Online TA,TA/TO,0,0,0,D,D,0,No Deposit,9,NULL,0,Transient,168.3,0,2,Check-Out,2016-09-08
City Hotel,0,72,2016,September,37,6,0,2,3,0,0,BB,POL,Online TA,TA/TO,0,0,0,D,D,0,No Deposit,9,NULL,0,Transient,168.3,0,1,Check-Out,2016-09-08
City Hotel,0,32,2016,September,36,2,2,5,3,1,0,BB,USA,Direct,Direct,0,0,0,G,G,2,No Deposit,14,NULL,0,Transient,232.59,1,0,Check-Out,2016-09-09
City Hotel,0,40,2016,September,37,7,0,2,2,0,0,BB,USA,Direct,Direct,0,0,0,E,E,0,No Deposit,14,NULL,0,Transient,158.4,1,0,Check-Out,2016-09-09
City Hotel,0,103,2016,September,37,6,0,3,3,0,0,HB,ESP,Offline TA/TO,TA/TO,0,0,0,A,A,0,No Deposit,6,NULL,0,Transient,159.84,0,1,Check-Out,2016-09-09
City Hotel,0,90,2016,September,37,8,0,1,2,0,0,BB,ITA,Online TA,TA/TO,0,0,0,D,E,0,No Deposit,9,NULL,0,Transient,167.4,1,2,Check-Out,2016-09-09
City Hotel,0,157,2016,September,37,5,1,3,2,0,0,HB,FRA,Online TA,TA/TO,0,0,0,A,A,0,No Deposit,9,NULL,0,Transient,161.1,0,2,Check-Out,2016-09-09
City Hotel,0,71,2016,September,36,1,2,6,2,1,0,BB,MAR,Online TA,TA/TO,0,0,0,A,A,0,No Deposit,9,NULL,0,Transient,150.98,0,3,Check-Out,2016-09-09
City Hotel,0,46,2016,September,37,5,1,3,4,0,0,BB,CHE,Online TA,TA/TO,0,0,0,G,G,0,No Deposit,7,NULL,0,Transient,186.77,0,1,Check-Out,2016-09-09
City Hotel,0,9,2016,September,37,8,0,1,2,0,0,BB,POL,Online TA,TA/TO,0,0,0,A,B,0,No Deposit,9,NULL,0,Transient,168.0,1,3,Check-Out,2016-09-09
City Hotel,0,9,2016,September,37,8,0,1,1,0,0,BB,POL,Online TA,TA/TO,0,0,0,A,B,0,No Deposit,9,NULL,0,Transient,169.0,1,3,Check-Out,2016-09-09
City Hotel,0,66,2016,September,37,4,2,3,2,1,1,BB,FIN,Online TA,TA/TO,0,0,0,F,F,2,No Deposit,9,NULL,0,Transient,177.66,0,3,Check-Out,2016-09-09
City Hotel,0,44,2016,September,38,15,0,2,2,2,0,BB,PRT,Direct,TA/TO,0,0,1,E,E,0,No Deposit,14,NULL,0,Transient,158.95,0,1,Check-Out,2016-09-17
City Hotel,0,4,2016,September,37,9,0,1,2,0,1,BB,FIN,Direct,Direct,0,0,0,D,D,0,No Deposit,NULL,NULL,0,Transient,180.0,0,2,Check-Out,2016-09-10
City Hotel,0,8,2016,December,53,30,1,2,2,1,0,BB,PRT,Corporate,Direct,1,0,1,G,G,1,No Deposit,NULL,NULL,0,Transient,220.0,1,2,Check-Out,2017-01-02
City Hotel,0,1,2016,September,37,9,0,1,2,0,0,BB,BRA,Direct,Direct,0,0,0,D,D,0,No Deposit,NULL,NULL,0,Transient,166.0,0,1,Check-Out,2016-09-10
City Hotel,0,8,2016,September,37,9,0,1,2,0,0,SC,DEU,Online TA,TA/TO,0,0,0,A,A,0,No Deposit,9,NULL,0,Transient,158.0,1,2,Check-Out,2016-09-10
City Hotel,0,128,2016,September,37,6,0,4,3,0,0,BB,FRA,Online TA,TA/TO,0,0,0,D,E,1,No Deposit,9,NULL,0,Transient,162.0,0,2,Check-Out,2016-09-10
City Hotel,0,11,2016,September,37,10,0,1,3,1,0,BB,DEU,Direct,Direct,0,0,0,G,G,0,No Deposit,NULL,NULL,0,Transient,245.0,0,1,Check-Out,2016-09-11
City Hotel,0,20,2016,September,37,9,0,2,2,1,0,HB,ESP,Online TA,TA/TO,0,0,0,A,A,0,No Deposit,9,NULL,0,Transient,193.05,0,2,Check-Out,2016-09-11
City Hotel,0,179,2016,September,37,8,0,3,3,0,0,BB,FRA,Online TA,TA/TO,0,0,0,D,D,2,No Deposit,9,NULL,0,Transient,150.45,0,2,Check-Out,2016-09-11
City Hotel,0,32,2016,September,37,5,1,5,2,0,0,BB,FRA,Direct,Direct,0,0,0,E,E,2,No Deposit,14,NULL,0,Transient,170.68,0,0,Check-Out,2016-09-11
City Hotel,0,56,2016,September,37,8,0,3,2,2,0,BB,ITA,Online TA,TA/TO,0,0,0,F,F,0,No Deposit,9,NULL,0,Transient,207.9,0,1,Check-Out,2016-09-11
City Hotel,0,21,2016,September,37,7,0,4,3,1,0,HB,PRT,Direct,Direct,0,0,0,G,G,0,No Deposit,14,NULL,0,Transient,345.0,1,0,Check-Out,2016-09-11
City Hotel,0,21,2016,September,37,9,0,2,2,0,0,HB,ESP,Online TA,TA/TO,0,0,0,A,A,1,No Deposit,9,NULL,0,Transient,183.15,0,1,Check-Out,2016-09-11
City Hotel,0,4,2016,September,37,8,0,3,2,0,0,BB,FRA,Online TA,TA/TO,0,0,0,F,F,1,No Deposit,9,NULL,0,Transient,249.0,0,1,Check-Out,2016-09-11
City Hotel,0,25,2016,September,37,10,0,1,2,0,0,BB,PRT,Direct,Direct,0,0,0,A,E,1,No Deposit,14,NULL,0,Transient,168.0,1,2,Check-Out,2016-09-11
City Hotel,0,89,2016,September,37,9,0,2,3,0,0,BB,BEL,Online TA,TA/TO,0,0,0,D,D,0,No Deposit,9,NULL,0,Transient,168.3,0,2,Check-Out,2016-09-11
City Hotel,0,59,2016,September,37,6,1,5,2,0,0,HB,DEU,Online TA,TA/TO,0,0,0,D,D,0,No Deposit,9,NULL,0,Transient,171.0,0,2,Check-Out,2016-09-12
City Hotel,0,71,2016,September,38,11,1,0,3,0,0,BB,FRA,Online TA,TA/TO,0,0,0,D,E,0,No Deposit,9,NULL,0,Transient,168.3,0,0,Check-Out,2016-09-12
City Hotel,0,54,2016,September,37,10,1,1,3,0,0,BB,ESP,Direct,Direct,0,0,0,D,D,0,No Deposit,NULL,NULL,0,Transient,192.0,0,4,Check-Out,2016-09-12
City Hotel,0,54,2016,September,37,10,1,1,2,0,0,BB,ESP,Direct,Direct,0,0,0,D,E,0,No Deposit,NULL,NULL,0,Transient,167.0,0,5,Check-Out,2016-09-12
City Hotel,0,6,2016,September,37,8,1,3,2,0,0,BB,BEL,Online TA,TA/TO,0,0,0,A,A,0,No Deposit,9,NULL,0,Transient,161.5,0,2,Check-Out,2016-09-12
City Hotel,0,3,2016,September,38,11,1,0,2,0,0,BB,ESP,Online TA,TA/TO,0,0,0,A,A,0,No Deposit,9,NULL,0,Transient,155.0,0,3,Check-Out,2016-09-12
City Hotel,0,55,2016,September,37,10,1,1,3,0,0,BB,BEL,Online TA,TA/TO,0,0,0,D,D,0,No Deposit,9,NULL,0,Transient,168.3,0,1,Check-Out,2016-09-12
City Hotel,0,68,2016,September,37,9,1,2,3,0,0,BB,CHE,Online TA,TA/TO,0,0,0,D,D,0,No Deposit,9,NULL,0,Transient,168.3,0,1,Check-Out,2016-09-12
City Hotel,0,6,2016,September,37,8,1,3,2,0,0,BB,PRT,Online TA,TA/TO,0,0,0,A,A,0,No Deposit,9,NULL,0,Transient,161.5,0,2,Check-Out,2016-09-12
City Hotel,0,2,2016,September,38,11,1,0,2,1,0,BB,PRT,Online TA,TA/TO,0,0,0,A,A,0,No Deposit,9,NULL,0,Transient,175.0,0,1,Check-Out,2016-09-12
City Hotel,0,58,2016,September,37,5,2,5,3,0,0,BB,POL,Online TA,TA/TO,0,0,0,D,D,0,No Deposit,9,NULL,0,Transient,153.77,0,0,Check-Out,2016-09-12
City Hotel,0,48,2016,September,37,6,1,5,2,2,0,BB,AUS,Online TA,TA/TO,0,0,0,F,F,0,No Deposit,9,NULL,0,Transient,195.3,0,2,Check-Out,2016-09-12
City Hotel,0,38,2016,September,37,10,1,1,2,0,0,BB,USA,Direct,Direct,0,0,0,D,D,1,No Deposit,14,NULL,0,Transient,170.57,0,2,Check-Out,2016-09-12
City Hotel,0,54,2016,September,37,10,1,1,3,0,0,BB,ESP,Direct,Direct,0,0,0,D,D,0,No Deposit,NULL,NULL,0,Transient,201.0,0,4,Check-Out,2016-09-12
City Hotel,0,69,2016,September,37,8,1,3,3,0,0,BB,FRA,Online TA,TA/TO,0,0,0,D,D,0,No Deposit,9,NULL,0,Transient,168.3,0,2,Check-Out,2016-09-12
City Hotel,0,38,2016,September,37,9,1,2,2,0,0,HB,GBR,Online TA,TA/TO,0,0,0,A,A,0,No Deposit,9,NULL,0,Transient,170.1,0,1,Check-Out,2016-09-12
City Hotel,0,87,2016,September,37,6,2,5,2,0,0,HB,FRA,Online TA,TA/TO,0,0,0,D,D,0,No Deposit,9,NULL,0,Transient,183.6,0,1,Check-Out,2016-09-13
City Hotel,0,27,2016,September,37,9,2,2,3,0,0,BB,PRT,Online TA,TA/TO,0,0,0,E,E,0,No Deposit,86,NULL,0,Transient-Party,167.2,0,0,Check-Out,2016-09-13
City Hotel,0,27,2016,September,37,9,2,2,2,0,0,BB,IRN,Online TA,TA/TO,0,0,0,E,E,0,No Deposit,86,NULL,0,Transient-Party,167.2,0,0,Check-Out,2016-09-13
City Hotel,0,62,2016,September,38,11,2,0,2,1,0,BB,DEU,Online TA,TA/TO,0,0,0,A,A,0,No Deposit,9,NULL,0,Transient,152.1,0,1,Check-Out,2016-09-13
City Hotel,0,19,2016,September,37,6,2,5,2,0,0,HB,DNK,Online TA,TA/TO,0,0,0,A,A,0,No Deposit,9,NULL,0,Transient,162.29,0,2,Check-Out,2016-09-13
City Hotel,0,0,2016,September,38,11,2,0,2,0,0,BB,NLD,Online TA,TA/TO,0,0,0,A,A,0,No Deposit,9,NULL,0,Transient,155.0,0,1,Check-Out,2016-09-13
City Hotel,0,78,2016,September,38,11,2,0,3,0,0,BB,USA,Online TA,TA/TO,0,0,0,F,F,0,No Deposit,7,NULL,0,Transient,160.08,0,1,Check-Out,2016-09-13
City Hotel,0,60,2016,September,37,6,2,5,3,0,0,HB,ESP,Online TA,TA/TO,0,0,0,D,D,0,No Deposit,15,NULL,0,Transient,167.04,0,0,Check-Out,2016-09-13
City Hotel,0,0,2016,September,38,12,1,0,1,0,0,BB,BEL,Online TA,TA/TO,0,0,0,A,A,0,No Deposit,9,NULL,0,Transient,159.0,0,1,Check-Out,2016-09-13
City Hotel,0,39,2016,September,37,9,2,2,3,0,0,BB,BEL,Online TA,TA/TO,0,0,0,D,D,0,No Deposit,9,NULL,0,Transient,168.3,0,1,Check-Out,2016-09-13
City Hotel,0,46,2016,September,37,9,2,3,2,0,0,BB,DEU,Online TA,TA/TO,0,0,0,D,D,0,No Deposit,9,NULL,0,Transient,158.4,0,0,Check-Out,2016-09-14
City Hotel,0,61,2016,September,37,7,2,5,2,2,0,BB,PRT,Online TA,TA/TO,0,0,0,F,F,0,No Deposit,9,NULL,0,Transient,207.64,1,1,Check-Out,2016-09-14
City Hotel,0,14,2016,September,38,13,0,1,1,0,0,BB,GBR,Online TA,GDS,0,0,0,E,E,0,No Deposit,195,NULL,0,Transient,209.0,0,0,Check-Out,2016-09-14
City Hotel,0,8,2016,September,38,12,1,1,2,1,0,BB,PRT,Online TA,TA/TO,0,0,0,D,A,0,No Deposit,8,NULL,0,Transient,187.55,0,1,Check-Out,2016-09-14
City Hotel,0,1,2016,September,38,13,0,1,2,0,0,BB,PRT,Corporate,Corporate,0,0,0,A,B,0,No Deposit,NULL,81,0,Transient,184.0,0,1,Check-Out,2016-09-14
City Hotel,0,4,2016,September,38,12,1,1,2,0,0,BB,FRA,Online TA,TA/TO,0,0,0,D,D,0,No Deposit,9,NULL,0,Transient,170.0,0,2,Check-Out,2016-09-14
City Hotel,0,0,2016,September,38,13,0,1,2,0,0,BB,PRT,Direct,Direct,0,0,0,A,A,1,No Deposit,NULL,NULL,0,Transient,169.0,0,0,Check-Out,2016-09-14
City Hotel,0,7,2016,September,37,9,2,3,2,0,1,BB,CHE,Online TA,TA/TO,0,0,0,F,F,1,No Deposit,9,NULL,0,Transient,237.0,0,2,Check-Out,2016-09-14
City Hotel,0,7,2016,September,38,13,0,1,1,0,0,BB,GBR,Online TA,TA/TO,0,0,0,D,E,0,No Deposit,9,NULL,0,Transient,184.0,0,2,Check-Out,2016-09-14
City Hotel,0,204,2016,September,38,12,1,1,3,0,0,BB,MEX,Online TA,TA/TO,0,0,0,D,D,0,No Deposit,9,NULL,0,Transient,168.3,0,2,Check-Out,2016-09-14
City Hotel,0,21,2016,September,38,14,0,1,1,0,0,BB,GBR,Direct,Direct,0,0,0,F,F,0,No Deposit,14,NULL,0,Group,205.63,0,0,Check-Out,2016-09-15
City Hotel,0,67,2016,September,37,8,2,4,2,0,0,HB,FRA,Online TA,TA/TO,0,0,0,D,D,0,No Deposit,9,NULL,0,Transient,183.6,0,2,Check-Out,2016-09-14
City Hotel,0,0,2016,September,38,12,1,1,2,0,0,BB,AUT,Direct,Direct,0,0,0,A,C,1,No Deposit,NULL,NULL,0,Transient,160.0,0,0,Check-Out,2016-09-14
City Hotel,0,47,2016,September,38,11,2,1,3,0,0,BB,PRT,Online TA,TA/TO,0,0,0,D,D,0,No Deposit,9,NULL,0,Transient,168.3,0,1,Check-Out,2016-09-14
City Hotel,0,3,2016,September,38,12,1,1,2,0,0,BB,ESP,Direct,Direct,0,0,0,E,E,0,No Deposit,14,NULL,0,Transient,167.13,0,2,Check-Out,2016-09-14
City Hotel,0,40,2016,September,38,11,2,1,2,1,1,BB,IND,Direct,Direct,0,0,0,E,E,2,No Deposit,14,NULL,0,Transient,158.95,0,0,Check-Out,2016-09-14
City Hotel,0,33,2016,September,37,10,2,2,2,2,0,BB,MAR,Online TA,TA/TO,0,0,0,F,F,0,No Deposit,9,NULL,0,Transient,207.9,0,2,Check-Out,2016-09-14
City Hotel,0,6,2016,September,38,12,1,1,3,0,0,BB,EST,Online TA,TA/TO,0,0,0,D,D,0,No Deposit,7,NULL,0,Transient,169.93,0,1,Check-Out,2016-09-14
City Hotel,0,10,2016,September,38,11,2,1,2,0,0,BB,GBR,Online TA,TA/TO,0,0,0,D,D,0,No Deposit,9,NULL,0,Transient,164.0,0,2,Check-Out,2016-09-14
City Hotel,0,45,2016,September,38,11,2,2,2,1,0,BB,GBR,Online TA,TA/TO,0,0,0,A,A,0,No Deposit,9,NULL,0,Transient,162.79,0,2,Check-Out,2016-09-15
City Hotel,0,51,2016,September,38,11,2,2,2,2,0,BB,BEL,Online TA,TA/TO,0,0,0,F,F,0,No Deposit,9,NULL,0,Transient,207.9,0,2,Check-Out,2016-09-15
City Hotel,0,175,2016,September,38,11,2,2,2,0,0,HB,POL,Online TA,TA/TO,0,0,0,A,A,0,No Deposit,9,NULL,0,Transient,152.15,0,1,Check-Out,2016-09-15
City Hotel,0,34,2016,September,38,11,2,2,3,1,0,BB,CHE,Direct,Direct,0,0,0,G,G,0,No Deposit,NULL,NULL,0,Transient,226.95,0,0,Check-Out,2016-09-15
City Hotel,0,5,2016,September,38,13,0,2,2,0,0,BB,PRT,Online TA,TA/TO,0,0,0,D,D,0,No Deposit,9,NULL,0,Transient,184.0,0,1,Check-Out,2016-09-15
City Hotel,0,28,2016,September,38,13,0,2,2,2,0,BB,AUS,Online TA,TA/TO,0,0,0,F,F,0,No Deposit,9,NULL,0,Transient,231.0,0,1,Check-Out,2016-09-15
City Hotel,0,28,2016,September,38,13,0,2,2,2,0,BB,AUS,Online TA,TA/TO,0,0,0,F,F,0,No Deposit,9,NULL,0,Transient,235.5,0,1,Check-Out,2016-09-15
City Hotel,0,0,2016,September,38,14,0,1,1,0,0,BB,SWE,Direct,Direct,0,0,0,A,D,0,No Deposit,NULL,NULL,0,Transient,220.0,0,0,Check-Out,2016-09-15
City Hotel,0,14,2016,September,38,15,0,1,3,0,0,BB,FRA,Online TA,TA/TO,0,0,0,D,F,0,No Deposit,9,NULL,0,Transient,205.0,0,2,Check-Out,2016-09-16
City Hotel,0,4,2016,September,38,15,0,1,1,0,0,BB,PRT,Online TA,TA/TO,0,0,0,A,A,0,No Deposit,9,NULL,0,Transient,159.0,0,2,Check-Out,2016-09-16
City Hotel,0,8,2016,September,38,15,0,1,3,1,0,BB,PRT,Direct,Direct,0,0,0,E,F,1,No Deposit,14,NULL,0,Transient,235.0,0,0,Check-Out,2016-09-16
City Hotel,0,8,2016,September,38,15,0,1,1,0,0,BB,PRT,Direct,Direct,0,0,0,A,A,0,No Deposit,14,NULL,0,Transient,159.0,0,0,Check-Out,2016-09-16
City Hotel,0,4,2016,September,38,15,0,1,1,0,0,BB,ESP,Online TA,TA/TO,0,0,0,A,A,0,No Deposit,9,NULL,0,Transient,159.0,0,0,Check-Out,2016-09-16
City Hotel,0,4,2016,September,38,12,1,3,2,0,0,BB,FRA,Online TA,TA/TO,0,0,0,D,D,0,No Deposit,9,NULL,0,Transient,179.0,0,1,Check-Out,2016-09-16
City Hotel,0,22,2016,September,37,8,2,6,2,0,0,BB,DEU,Online TA,TA/TO,0,0,0,G,G,0,No Deposit,7,NULL,0,Transient,155.77,0,1,Check-Out,2016-09-16
City Hotel,0,4,2016,September,38,15,0,1,1,0,0,BB,PRT,Online TA,TA/TO,0,0,0,A,A,0,No Deposit,9,NULL,0,Transient,159.0,0,2,Check-Out,2016-09-16
City Hotel,0,5,2016,September,38,15,0,1,1,0,0,BB,PRT,Online TA,TA/TO,0,0,0,A,A,0,No Deposit,9,NULL,0,Transient,159.0,0,1,Check-Out,2016-09-16
City Hotel,0,1,2016,September,38,15,0,1,1,0,0,SC,CHE,Online TA,TA/TO,0,0,0,A,A,0,No Deposit,9,NULL,0,Transient,159.0,0,1,Check-Out,2016-09-16
City Hotel,0,1,2016,September,38,15,0,1,2,0,0,SC,PRT,Online TA,TA/TO,0,0,0,A,A,0,No Deposit,9,NULL,0,Transient,159.0,0,1,Check-Out,2016-09-16
City Hotel,0,2,2016,September,38,14,0,2,1,0,0,BB,PRT,Corporate,Corporate,0,0,0,F,F,0,No Deposit,303,NULL,0,Transient,159.07,0,0,Check-Out,2016-09-16
City Hotel,0,0,2016,September,38,15,0,1,2,0,0,BB,FRA,Online TA,TA/TO,0,0,0,A,A,0,No Deposit,9,NULL,0,Transient,179.0,0,2,Check-Out,2016-09-16
City Hotel,0,5,2016,September,38,13,0,3,2,0,0,BB,FRA,Online TA,TA/TO,0,0,0,D,D,0,No Deposit,9,NULL,0,Transient,184.0,0,1,Check-Out,2016-09-16
City Hotel,0,0,2016,September,38,15,0,1,1,0,0,SC,PRT,Online TA,TA/TO,0,0,0,A,A,0,No Deposit,9,NULL,0,Transient,159.0,0,0,Check-Out,2016-09-16
City Hotel,0,1,2016,September,38,15,0,1,2,0,0,BB,ITA,Online TA,Corporate,0,0,0,A,B,1,No Deposit,NULL,120,0,Transient,169.0,0,1,Check-Out,2016-09-16
City Hotel,0,3,2016,September,38,15,0,1,2,0,0,BB,PRT,Online TA,TA/TO,0,0,0,A,A,0,No Deposit,9,NULL,0,Transient,178.0,0,1,Check-Out,2016-09-16
City Hotel,0,48,2016,September,38,14,0,2,3,0,0,BB,ESP,Offline TA/TO,TA/TO,0,0,0,E,E,2,No Deposit,281,NULL,0,Transient-Party,175.0,0,0,Check-Out,2016-09-16
City Hotel,0,48,2016,September,38,14,0,2,3,0,0,BB,ESP,Offline TA/TO,TA/TO,0,0,0,E,E,3,No Deposit,281,NULL,0,Transient-Party,175.0,0,0,Check-Out,2016-09-16
City Hotel,0,1,2016,September,38,15,0,1,2,0,0,BB,PRT,Online TA,Corporate,0,0,0,A,B,1,No Deposit,NULL,120,0,Transient,169.0,0,1,Check-Out,2016-09-16
City Hotel,0,55,2016,September,38,15,0,1,2,1,0,BB,NZL,Online TA,TA/TO,0,0,0,A,B,1,No Deposit,9,NULL,0,Transient,152.1,0,1,Check-Out,2016-09-16
City Hotel,0,2,2016,September,38,15,0,1,2,0,0,SC,DEU,Direct,Direct,0,0,0,A,A,0,No Deposit,14,NULL,0,Transient,159.0,0,0,Check-Out,2016-09-16
City Hotel,0,30,2016,September,38,13,0,3,2,0,0,BB,AUS,Direct,Direct,0,0,0,G,G,0,No Deposit,14,NULL,0,Transient,240.3,0,0,Check-Out,2016-09-16
City Hotel,0,1,2016,September,38,14,0,2,2,0,0,SC,PRT,Online TA,TA/TO,0,0,0,A,A,0,No Deposit,9,NULL,0,Transient,154.0,0,0,Check-Out,2016-09-16
City Hotel,0,1,2016,September,38,15,0,1,1,0,0,SC,PRT,Direct,Direct,0,0,0,A,D,1,No Deposit,NULL,NULL,0,Transient,159.0,0,0,Check-Out,2016-09-16
City Hotel,0,4,2016,September,38,13,0,3,2,0,0,BB,FRA,Online TA,TA/TO,0,0,0,D,D,0,No Deposit,9,NULL,0,Transient,174.67,0,1,Check-Out,2016-09-16
City Hotel,0,45,2016,September,38,15,0,1,2,1,0,BB,FIN,Online TA,TA/TO,0,0,0,A,A,0,No Deposit,9,NULL,0,Transient,152.1,0,1,Check-Out,2016-09-16
City Hotel,0,2,2016,September,38,15,0,1,2,0,0,SC,PRT,Online TA,TA/TO,0,0,0,A,A,0,No Deposit,9,NULL,0,Transient,159.0,0,1,Check-Out,2016-09-16
City Hotel,0,22,2016,September,38,15,0,1,2,0,0,BB,GBR,Online TA,TA/TO,0,0,0,A,B,0,No Deposit,9,NULL,0,Transient,159.0,0,3,Check-Out,2016-09-16
City Hotel,0,45,2016,September,38,12,1,3,2,1,0,BB,SWE,Online TA,TA/TO,0,0,0,A,A,0,No Deposit,9,NULL,0,Transient,162.79,0,1,Check-Out,2016-09-16
City Hotel,0,1,2016,September,38,15,0,1,2,0,0,SC,ITA,Online TA,TA/TO,0,0,0,A,A,0,No Deposit,9,NULL,0,Transient,159.0,0,1,Check-Out,2016-09-16
City Hotel,0,2,2016,September,38,15,0,1,1,0,0,BB,CZE,Online TA,GDS,0,0,0,A,A,0,No Deposit,195,NULL,0,Transient,163.0,0,0,Check-Out,2016-09-16
City Hotel,0,2,2016,September,38,15,0,1,1,0,0,BB,CZE,Online TA,GDS,0,0,0,A,A,0,No Deposit,195,NULL,0,Transient,163.0,0,0,Check-Out,2016-09-16
City Hotel,0,15,2016,September,38,15,0,1,2,0,0,BB,PRT,Direct,Direct,0,0,0,A,A,0,No Deposit,14,NULL,0,Transient,170.0,1,2,Check-Out,2016-09-16
City Hotel,0,19,2016,September,38,15,0,2,2,0,0,BB,PRT,Online TA,TA/TO,0,0,0,D,D,0,No Deposit,9,NULL,0,Transient,174.0,0,2,Check-Out,2016-09-17
City Hotel,0,1,2016,September,38,16,0,1,2,0,0,SC,GBR,Online TA,TA/TO,0,0,0,A,A,0,No Deposit,9,NULL,0,Transient,159.0,0,0,Check-Out,2016-09-17
City Hotel,0,60,2016,September,38,12,1,4,2,0,0,BB,BRA,Online TA,TA/TO,0,0,0,D,D,0,No Deposit,9,NULL,0,Transient,168.3,0,4,Check-Out,2016-09-17
City Hotel,0,3,2016,September,38,15,0,2,2,0,0,BB,CHN,Online TA,TA/TO,0,0,0,A,A,0,No Deposit,8,NULL,0,Transient,169.0,0,1,Check-Out,2016-09-17
City Hotel,0,187,2016,September,38,12,1,4,2,0,0,HB,GBR,Online TA,TA/TO,0,0,0,A,A,0,No Deposit,9,NULL,0,Transient,152.15,0,2,Check-Out,2016-09-17
City Hotel,0,1,2016,September,38,15,0,2,2,0,0,BB,AUS,Online TA,TA/TO,0,0,0,A,A,0,No Deposit,8,NULL,0,Transient,179.0,0,1,Check-Out,2016-09-17
City Hotel,0,51,2016,September,38,15,0,2,1,0,0,HB,PRT,Direct,Direct,0,0,0,E,E,0,No Deposit,14,NULL,0,Transient,185.95,0,0,Check-Out,2016-09-17
City Hotel,0,7,2016,September,38,15,0,2,2,0,0,SC,BRA,Online TA,TA/TO,0,0,0,A,A,0,No Deposit,9,NULL,0,Transient,153.5,0,2,Check-Out,2016-09-17
City Hotel,0,31,2016,September,37,10,2,5,2,0,0,BB,FRA,Online TA,TA/TO,0,0,0,G,G,0,No Deposit,7,NULL,0,Transient,178.42,0,1,Check-Out,2016-09-17
City Hotel,0,14,2016,September,38,15,0,2,2,0,0,BB,GBR,Online TA,TA/TO,0,0,0,E,E,0,No Deposit,83,NULL,0,Transient,167.2,0,0,Check-Out,2016-09-17
City Hotel,0,9,2016,September,38,14,0,3,2,2,0,BB,FRA,Online TA,TA/TO,0,0,0,F,F,0,No Deposit,9,NULL,0,Transient,249.0,0,1,Check-Out,2016-09-17
City Hotel,0,17,2016,September,38,16,0,1,2,0,0,BB,FRA,Online TA,TA/TO,0,0,0,D,D,0,No Deposit,9,NULL,0,Transient,183.0,0,1,Check-Out,2016-09-17
City Hotel,0,62,2016,September,38,15,0,3,2,2,0,BB,BRA,Online TA,TA/TO,0,0,0,F,F,0,No Deposit,9,NULL,0,Transient,207.9,0,2,Check-Out,2016-09-18
City Hotel,0,74,2016,September,38,14,0,4,3,0,0,BB,SWE,Online TA,TA/TO,0,0,0,D,D,0,No Deposit,9,NULL,0,Transient,168.3,0,0,Check-Out,2016-09-18
City Hotel,0,30,2016,September,38,16,0,2,2,0,0,BB,FRA,Direct,Direct,0,0,0,E,E,0,No Deposit,14,NULL,0,Transient,172.63,1,0,Check-Out,2016-09-18
City Hotel,0,64,2016,September,38,16,0,2,2,0,0,BB,ESP,Online TA,TA/TO,0,0,0,D,D,0,No Deposit,9,NULL,0,Transient,168.3,0,1,Check-Out,2016-09-18
City Hotel,0,88,2016,September,38,16,0,2,2,0,0,BB,ISR,Online TA,TA/TO,0,0,0,D,B,0,No Deposit,9,NULL,0,Transient,158.4,1,1,Check-Out,2016-09-18
City Hotel,0,105,2016,September,38,16,0,2,3,0,0,BB,BEL,Online TA,TA/TO,0,0,0,D,E,0,No Deposit,9,NULL,0,Transient,168.3,0,2,Check-Out,2016-09-18
City Hotel,0,24,2016,September,38,17,0,1,1,0,0,BB,PRT,Direct,Direct,0,0,0,E,E,0,No Deposit,NULL,NULL,0,Transient,170.63,0,0,Check-Out,2016-09-18
City Hotel,0,34,2016,September,38,15,0,3,2,0,0,BB,ESP,Online TA,TA/TO,0,0,0,E,E,2,No Deposit,83,NULL,0,Transient,152.8,0,0,Check-Out,2016-09-18
City Hotel,0,20,2016,September,38,16,0,2,2,0,0,BB,FRA,Online TA,TA/TO,0,0,0,D,D,0,No Deposit,9,NULL,0,Transient,174.0,0,1,Check-Out,2016-09-18
City Hotel,0,84,2016,September,38,13,0,5,3,0,0,BB,BRA,Online TA,TA/TO,0,0,0,D,D,0,No Deposit,9,NULL,0,Transient,168.3,0,2,Check-Out,2016-09-18
City Hotel,0,111,2016,September,38,16,0,2,3,0,0,BB,USA,Online TA,TA/TO,0,0,0,D,A,0,No Deposit,9,NULL,0,Transient,168.3,0,3,Check-Out,2016-09-18
City Hotel,0,22,2016,September,38,16,0,2,2,2,0,BB,GBR,Online TA,TA/TO,0,0,0,F,F,0,No Deposit,9,NULL,0,Transient,239.0,0,2,Check-Out,2016-09-18
City Hotel,0,4,2016,September,38,16,0,2,2,0,0,BB,ESP,Online TA,TA/TO,0,0,0,A,B,0,No Deposit,9,NULL,0,Transient,183.0,0,1,Check-Out,2016-09-18
City Hotel,0,36,2016,September,38,16,0,2,2,0,0,BB,ITA,Online TA,TA/TO,0,0,0,G,G,0,No Deposit,8,NULL,0,Transient,243.9,0,2,Check-Out,2016-09-18
City Hotel,0,8,2016,September,38,17,0,1,2,0,0,BB,PRT,Online TA,TA/TO,0,0,0,D,D,0,No Deposit,9,NULL,0,Transient,184.0,0,0,Check-Out,2016-09-18
City Hotel,0,10,2016,September,38,15,0,3,3,0,0,BB,CHE,Online TA,TA/TO,0,0,0,G,G,1,No Deposit,8,NULL,0,Transient,289.0,0,2,Check-Out,2016-09-18
City Hotel,0,28,2016,September,38,16,0,2,2,0,0,BB,GBR,Online TA,TA/TO,0,0,0,A,A,0,No Deposit,8,NULL,0,Transient,159.0,0,1,Check-Out,2016-09-18
City Hotel,0,44,2016,September,38,15,0,3,2,2,0,BB,GBR,Online TA,TA/TO,0,0,0,F,F,0,No Deposit,9,NULL,0,Transient,207.9,0,1,Check-Out,2016-09-18
City Hotel,0,40,2016,September,38,13,0,5,3,0,0,BB,CZE,Groups,TA/TO,0,0,0,A,A,4,No Deposit,86,NULL,0,Transient-Party,163.0,0,0,Check-Out,2016-09-18
City Hotel,0,64,2016,September,38,16,0,2,2,0,0,BB,ESP,Online TA,TA/TO,0,0,0,D,D,0,No Deposit,9,NULL,0,Transient,158.4,0,1,Check-Out,2016-09-18
City Hotel,0,64,2016,September,38,16,0,2,3,0,0,BB,ESP,Online TA,TA/TO,0,0,0,D,D,0,No Deposit,9,NULL,0,Transient,168.3,0,1,Check-Out,2016-09-18
City Hotel,0,19,2016,September,38,17,0,1,2,0,0,BB,DEU,Direct,Direct,0,0,0,A,A,1,No Deposit,14,NULL,0,Transient,189.0,0,2,Check-Out,2016-09-18
City Hotel,0,37,2016,September,38,15,0,3,2,0,0,BB,GBR,Direct,Direct,0,0,0,E,E,0,No Deposit,14,NULL,0,Transient,168.3,0,0,Check-Out,2016-09-18
City Hotel,0,3,2016,September,38,15,0,3,2,0,0,SC,AGO,Online TA,TA/TO,0,0,0,A,A,0,No Deposit,9,NULL,0,Transient,161.33,1,2,Check-Out,2016-09-18
City Hotel,0,26,2016,September,38,17,0,1,2,0,1,BB,ESP,Online TA,TA/TO,0,0,0,A,A,1,No Deposit,9,NULL,0,Transient,159.0,0,2,Check-Out,2016-09-18
City Hotel,0,18,2016,September,38,15,0,3,2,0,0,BB,ITA,Online TA,TA/TO,0,0,0,D,D,0,No Deposit,9,NULL,0,Transient,174.0,0,2,Check-Out,2016-09-18
City Hotel,0,25,2016,September,39,18,1,0,3,0,0,BB,GBR,Online TA,TA/TO,0,0,0,D,D,0,No Deposit,9,NULL,0,Transient,185.0,0,0,Check-Out,2016-09-19
City Hotel,0,0,2016,September,38,16,1,2,1,0,0,BB,GRC,Direct,Direct,0,0,0,A,A,1,No Deposit,14,NULL,0,Transient,174.33,0,0,Check-Out,2016-09-19
City Hotel,0,25,2016,September,38,16,1,2,2,0,0,BB,CHE,Online TA,TA/TO,0,0,0,A,A,0,No Deposit,9,NULL,0,Transient,155.67,0,4,Check-Out,2016-09-19
City Hotel,0,5,2016,September,38,17,1,1,2,0,0,SC,GBR,Online TA,TA/TO,0,0,0,A,A,0,No Deposit,9,NULL,0,Transient,154.0,0,4,Check-Out,2016-09-19
City Hotel,0,5,2016,September,38,17,1,1,2,0,0,SC,GBR,Online TA,TA/TO,0,0,0,A,A,0,No Deposit,9,NULL,0,Transient,154.0,1,4,Check-Out,2016-09-19
City Hotel,0,0,2016,September,38,17,1,1,1,0,0,SC,GAB,Direct,Direct,0,0,0,A,B,0,No Deposit,14,NULL,0,Transient,172.0,0,0,Check-Out,2016-09-19
City Hotel,0,1,2016,September,39,18,1,0,2,0,1,SC,ESP,Direct,Direct,0,0,0,A,A,0,No Deposit,NULL,NULL,0,Transient,172.0,0,2,Check-Out,2016-09-19
City Hotel,0,14,2016,September,38,14,1,4,3,0,0,BB,DEU,Online TA,TA/TO,0,0,0,F,F,0,No Deposit,7,NULL,0,Transient,153.38,0,1,Check-Out,2016-09-19
City Hotel,0,25,2016,September,38,15,1,3,2,0,0,BB,NLD,Online TA,TA/TO,0,0,0,A,A,0,No Deposit,9,NULL,0,Transient,165.5,1,2,Check-Out,2016-09-19
City Hotel,0,39,2016,September,38,16,1,2,2,2,0,BB,DNK,Direct,Direct,0,0,0,G,G,0,No Deposit,14,NULL,0,Transient,226.95,0,2,Check-Out,2016-09-19
City Hotel,0,70,2016,September,38,16,1,2,2,0,0,BB,NLD,Online TA,TA/TO,0,0,0,D,D,0,No Deposit,9,NULL,0,Transient,158.4,1,1,Check-Out,2016-09-19
City Hotel,0,1,2016,September,38,17,1,1,2,0,0,BB,USA,Online TA,TA/TO,0,0,0,D,D,0,No Deposit,7,NULL,0,Transient,155.54,0,2,Check-Out,2016-09-19
City Hotel,0,7,2016,September,38,16,1,2,2,0,0,BB,DEU,Online TA,TA/TO,0,0,0,F,F,0,No Deposit,7,NULL,0,Transient,191.73,0,2,Check-Out,2016-09-19
City Hotel,0,80,2016,September,38,15,1,3,2,0,0,BB,FRA,Online TA,TA/TO,0,0,0,D,D,1,No Deposit,9,NULL,0,Transient,168.3,0,0,Check-Out,2016-09-19
City Hotel,0,220,2016,September,38,17,2,1,2,0,0,HB,ITA,Offline TA/TO,TA/TO,0,0,0,A,A,0,No Deposit,177,NULL,0,Transient-Party,156.0,0,1,Check-Out,2016-09-20
City Hotel,0,51,2016,September,38,16,2,2,2,2,0,BB,CHN,Online TA,TA/TO,0,0,0,F,F,0,No Deposit,9,NULL,0,Transient,187.11,0,2,Check-Out,2016-09-20
City Hotel,0,8,2016,September,39,18,2,0,2,1,0,BB,DEU,Online TA,TA/TO,0,0,0,A,A,0,No Deposit,9,NULL,0,Transient,196.0,0,2,Check-Out,2016-09-20
City Hotel,0,220,2016,September,38,17,2,1,2,0,0,HB,ITA,Offline TA/TO,TA/TO,0,0,0,A,A,0,No Deposit,177,NULL,0,Transient-Party,156.0,0,1,Check-Out,2016-09-20
City Hotel,0,25,2016,September,38,17,2,1,2,0,0,HB,ITA,Groups,TA/TO,0,0,0,A,B,1,No Deposit,177,NULL,0,Transient-Party,156.0,0,1,Check-Out,2016-09-20
City Hotel,0,220,2016,September,38,17,2,1,3,0,0,HB,ITA,Offline TA/TO,TA/TO,0,0,0,A,C,1,No Deposit,177,NULL,0,Transient-Party,213.0,0,1,Check-Out,2016-09-20
City Hotel,0,25,2016,September,38,17,2,1,2,0,0,HB,ITA,Groups,TA/TO,0,0,0,A,B,1,No Deposit,177,NULL,0,Transient-Party,156.0,0,1,Check-Out,2016-09-20
City Hotel,0,95,2016,September,38,13,2,5,2,0,0,HB,IRL,Online TA,TA/TO,0,0,0,D,D,0,No Deposit,9,NULL,0,Transient,183.6,0,1,Check-Out,2016-09-20
City Hotel,0,220,2016,September,38,17,2,1,2,0,0,HB,ITA,Offline TA/TO,TA/TO,0,0,0,A,A,0,No Deposit,177,NULL,0,Transient-Party,156.0,0,1,Check-Out,2016-09-20
City Hotel,0,25,2016,September,39,18,2,0,2,0,0,BB,ITA,Online TA,TA/TO,0,0,0,A,A,1,No Deposit,9,NULL,0,Transient,158.0,0,1,Check-Out,2016-09-20
City Hotel,0,34,2016,September,38,17,2,1,2,2,0,BB,GBR,Online TA,TA/TO,0,0,0,F,F,0,No Deposit,9,NULL,0,Transient,207.9,0,0,Check-Out,2016-09-20
City Hotel,0,25,2016,September,38,16,2,2,2,0,0,BB,ESP,Online TA,TA/TO,0,0,0,A,A,0,No Deposit,9,NULL,0,Transient,154.0,0,0,Check-Out,2016-09-20
City Hotel,0,11,2016,September,39,19,1,0,2,1,0,BB,PRT,Online TA,TA/TO,0,0,0,A,A,0,No Deposit,9,NULL,0,Transient,187.0,0,2,Check-Out,2016-09-20
City Hotel,0,10,2016,December,51,11,1,0,2,2,0,BB,PRT,Online TA,TA/TO,1,0,1,F,F,0,No Deposit,9,NULL,0,Group,174.0,0,2,Check-Out,2016-12-12
City Hotel,0,119,2016,September,39,19,1,0,3,0,0,BB,ESP,Online TA,TA/TO,0,0,0,D,D,0,No Deposit,9,NULL,0,Transient,162.0,0,1,Check-Out,2016-09-20
City Hotel,0,119,2016,September,39,19,1,0,3,0,0,BB,ESP,Online TA,TA/TO,0,0,0,D,D,0,No Deposit,9,NULL,0,Transient,162.0,0,1,Check-Out,2016-09-20
City Hotel,0,4,2016,September,38,15,2,3,2,0,0,BB,GBR,Online TA,TA/TO,0,0,0,A,A,0,No Deposit,9,NULL,0,Transient,169.0,0,0,Check-Out,2016-09-20
City Hotel,0,6,2016,September,39,19,1,0,2,0,0,SC,DEU,Online TA,TA/TO,0,0,0,A,A,0,No Deposit,10,NULL,0,Transient,183.1,1,0,Check-Out,2016-09-20
City Hotel,0,220,2016,September,38,17,2,1,2,0,0,HB,ITA,Offline TA/TO,TA/TO,0,0,0,A,A,0,No Deposit,177,NULL,0,Transient-Party,156.0,0,1,Check-Out,2016-09-20
City Hotel,0,5,2016,September,39,19,1,0,1,0,0,BB,CHE,Online TA,TA/TO,0,0,0,A,A,0,No Deposit,9,NULL,0,Transient,159.0,0,1,Check-Out,2016-09-20
City Hotel,0,35,2016,September,39,18,2,0,2,2,0,BB,CHL,Online TA,TA/TO,0,0,0,B,B,2,No Deposit,9,NULL,0,Transient-Party,248.49,0,1,Check-Out,2016-09-20
City Hotel,0,0,2016,September,39,19,1,0,2,0,0,BB,PRT,Direct,Direct,0,0,0,F,F,0,No Deposit,NULL,NULL,0,Transient,270.0,0,0,Check-Out,2016-09-20
City Hotel,0,4,2016,September,39,20,0,1,2,1,0,SC,PRT,Offline TA/TO,TA/TO,0,0,0,A,A,0,No Deposit,15,NULL,0,Transient,152.2,0,0,Check-Out,2016-09-21
City Hotel,0,168,2016,September,39,19,1,1,3,0,0,BB,AUT,Online TA,TA/TO,0,0,0,D,D,0,No Deposit,9,NULL,0,Transient,159.3,0,0,Check-Out,2016-09-21
City Hotel,0,0,2016,September,39,20,0,1,1,0,0,BB,FRA,Direct,Direct,0,0,0,A,A,0,No Deposit,NULL,NULL,0,Transient,190.0,0,0,Check-Out,2016-09-21
City Hotel,0,10,2016,September,39,18,2,1,2,0,1,BB,POL,Online TA,TA/TO,0,0,0,A,A,2,No Deposit,9,NULL,0,Transient,171.33,0,2,Check-Out,2016-09-21
City Hotel,0,10,2016,September,39,18,2,1,2,0,1,BB,GBR,Online TA,TA/TO,0,0,0,A,A,2,No Deposit,9,NULL,0,Transient,162.33,0,3,Check-Out,2016-09-21
City Hotel,0,0,2016,September,39,19,1,1,2,0,0,BB,PRT,Direct,Direct,0,0,0,A,E,0,No Deposit,NULL,NULL,0,Transient,160.0,0,0,Check-Out,2016-09-21
City Hotel,0,1,2016,September,39,20,0,1,1,0,0,BB,CHE,Online TA,TA/TO,0,0,0,A,A,0,No Deposit,9,NULL,0,Transient,169.0,0,1,Check-Out,2016-09-21
City Hotel,0,78,2016,September,39,18,2,1,3,0,0,BB,PRT,Online TA,TA/TO,0,0,0,D,D,0,No Deposit,9,NULL,0,Transient,177.3,1,1,Check-Out,2016-09-21
City Hotel,0,0,2016,September,39,19,1,1,1,0,0,BB,GBR,Corporate,Corporate,0,0,0,A,A,0,No Deposit,NULL,311,0,Transient,185.0,0,0,Check-Out,2016-09-21
City Hotel,0,4,2016,September,38,16,2,3,3,0,0,BB,PRT,Direct,Direct,0,0,0,A,A,1,No Deposit,14,NULL,0,Transient,181.38,0,0,Check-Out,2016-09-21
City Hotel,0,12,2016,September,39,19,1,1,2,0,0,BB,NLD,Online TA,TA/TO,0,0,0,A,A,0,No Deposit,9,NULL,0,Transient,159.0,0,0,Check-Out,2016-09-21
City Hotel,0,2,2016,September,39,18,2,1,2,0,0,BB,GBR,Online TA,TA/TO,0,0,0,D,D,0,No Deposit,9,NULL,0,Transient,194.0,0,1,Check-Out,2016-09-21
City Hotel,0,0,2016,September,39,20,0,1,2,0,0,BB,PRT,Direct,Direct,0,0,0,G,G,2,No Deposit,NULL,NULL,0,Transient,275.0,0,0,Check-Out,2016-09-21
City Hotel,0,0,2016,September,39,19,1,1,2,0,0,SC,ESP,Online TA,TA/TO,0,0,0,A,A,0,No Deposit,9,NULL,0,Transient,168.0,0,2,Check-Out,2016-09-21
City Hotel,0,0,2016,September,39,20,0,1,2,1,0,BB,PRT,Direct,Direct,0,0,0,A,E,0,No Deposit,NULL,NULL,0,Transient,210.0,0,0,Check-Out,2016-09-21
City Hotel,0,12,2016,September,39,18,2,1,2,0,0,BB,DEU,Online TA,TA/TO,0,0,0,A,A,0,No Deposit,9,NULL,0,Transient,171.33,0,1,Check-Out,2016-09-21
City Hotel,0,0,2016,September,39,20,0,1,2,0,0,SC,PRT,Online TA,TA/TO,0,0,0,A,C,0,No Deposit,9,NULL,0,Transient,180.0,0,0,Check-Out,2016-09-21
City Hotel,0,1,2016,September,39,20,0,1,2,2,0,BB,PRT,Online TA,TA/TO,0,0,0,F,F,0,No Deposit,9,NULL,0,Transient,275.0,0,1,Check-Out,2016-09-21
City Hotel,0,2,2017,July,28,13,0,1,2,2,0,BB,PRT,Online TA,TA/TO,1,0,1,F,F,1,No Deposit,9,NULL,0,Transient,230.0,0,1,Check-Out,2017-07-14
City Hotel,0,21,2016,September,38,17,2,2,2,0,0,BB,DEU,Direct,Direct,0,0,0,D,D,0,No Deposit,14,NULL,0,Transient,162.5,0,0,Check-Out,2016-09-21
City Hotel,0,1,2016,September,39,20,0,1,1,0,0,BB,PRT,Online TA,TA/TO,0,0,0,A,A,0,No Deposit,9,NULL,0,Transient,179.0,0,2,Check-Out,2016-09-21
City Hotel,0,78,2016,September,39,18,2,1,2,0,0,BB,DEU,Online TA,TA/TO,0,0,0,D,D,1,No Deposit,9,NULL,0,Transient,158.4,1,1,Check-Out,2016-09-21
City Hotel,0,17,2016,September,38,17,2,2,2,0,0,BB,AUS,Online TA,TA/TO,0,0,0,G,G,0,No Deposit,8,NULL,0,Transient,238.15,0,2,Check-Out,2016-09-21
City Hotel,0,3,2016,September,39,20,0,1,2,0,0,SC,PRT,Direct,Direct,0,0,0,A,A,0,No Deposit,14,NULL,0,Transient,159.0,0,2,Check-Out,2016-09-21
City Hotel,0,4,2016,September,39,20,0,1,2,0,0,BB,NLD,Online TA,TA/TO,0,0,0,A,A,0,No Deposit,9,NULL,0,Transient,169.0,0,1,Check-Out,2016-09-21
City Hotel,0,6,2016,September,39,18,2,1,2,0,0,BB,BEL,Online TA,TA/TO,0,0,0,A,A,0,No Deposit,9,NULL,0,Transient,162.33,0,2,Check-Out,2016-09-21
City Hotel,0,39,2016,September,39,21,0,1,2,1,0,HB,DEU,Online TA,TA/TO,0,0,0,A,D,0,No Deposit,9,NULL,0,Transient,194.85,0,0,Check-Out,2016-09-22
City Hotel,0,26,2016,September,39,19,1,2,2,2,0,BB,GBR,Online TA,TA/TO,0,0,0,F,F,0,No Deposit,9,NULL,0,Transient,232.33,0,0,Check-Out,2016-09-22
City Hotel,0,0,2016,September,39,21,0,1,3,0,0,BB,PRT,Online TA,TA/TO,0,0,0,F,F,0,No Deposit,7,NULL,0,Transient,201.16,0,1,Check-Out,2016-09-22
City Hotel,0,0,2016,September,39,19,1,2,1,0,0,BB,GBR,Corporate,Corporate,0,0,0,A,A,0,No Deposit,NULL,311,0,Transient,185.0,0,0,Check-Out,2016-09-22
City Hotel,0,200,2016,September,39,19,1,2,2,0,0,HB,ITA,Online TA,TA/TO,0,0,0,A,A,0,No Deposit,9,NULL,0,Transient,161.1,0,2,Check-Out,2016-09-22
City Hotel,0,0,2016,September,39,21,0,1,2,0,0,SC,PRT,Online TA,TA/TO,0,0,0,A,A,0,No Deposit,9,NULL,0,Transient,175.0,0,2,Check-Out,2016-09-22
City Hotel,0,11,2016,September,39,20,0,2,2,0,2,BB,PRT,Online TA,TA/TO,0,0,0,F,F,1,No Deposit,9,NULL,0,Transient,248.0,0,2,Check-Out,2016-09-22
City Hotel,0,17,2016,September,39,21,0,1,2,2,0,BB,CHN,Online TA,TA/TO,0,0,0,F,G,0,No Deposit,9,NULL,0,Transient,224.1,0,2,Check-Out,2016-09-22
City Hotel,0,17,2016,September,39,21,0,1,2,2,0,BB,PRT,Online TA,TA/TO,0,0,0,F,G,0,No Deposit,9,NULL,0,Transient,224.1,0,2,Check-Out,2016-09-22
City Hotel,0,8,2016,September,39,21,0,2,1,0,0,BB,PRT,Corporate,Corporate,0,0,0,D,D,0,No Deposit,NULL,304,0,Transient-Party,169.38,0,0,Check-Out,2016-09-23
City Hotel,0,8,2016,September,39,21,0,2,1,0,0,BB,ITA,Corporate,Corporate,0,0,0,D,D,0,No Deposit,NULL,304,0,Transient-Party,169.38,0,0,Check-Out,2016-09-23
City Hotel,0,111,2016,September,38,17,2,4,3,0,0,BB,ARG,Online TA,TA/TO,0,0,0,D,A,0,No Deposit,9,NULL,0,Transient,168.3,0,1,Check-Out,2016-09-23
City Hotel,0,3,2016,September,39,22,0,1,1,0,0,BB,PRT,Corporate,Corporate,0,0,0,D,D,0,No Deposit,NULL,308,0,Transient,166.25,0,0,Check-Out,2016-09-23
City Hotel,0,1,2016,September,39,22,0,1,1,0,0,BB,PRT,Online TA,TA/TO,0,0,0,E,E,0,No Deposit,86,NULL,0,Transient,188.0,0,0,Check-Out,2016-09-23
City Hotel,0,2,2016,September,39,22,0,1,1,0,0,BB,FRA,Online TA,TA/TO,0,0,0,D,E,0,No Deposit,7,NULL,0,Transient,153.62,0,1,Check-Out,2016-09-23
City Hotel,0,64,2016,September,39,19,1,3,3,0,0,BB,AUT,Online TA,TA/TO,0,0,0,D,D,2,No Deposit,9,NULL,0,Transient,168.3,0,2,Check-Out,2016-09-23
City Hotel,0,3,2016,September,39,22,0,1,2,0,0,BB,MEX,Online TA,TA/TO,0,0,0,D,D,0,No Deposit,9,313,0,Transient,194.0,0,2,Check-Out,2016-09-23
City Hotel,0,1,2016,September,39,22,0,1,1,0,0,SC,PRT,Online TA,TA/TO,0,0,0,A,B,1,No Deposit,9,NULL,0,Transient,175.0,0,1,Check-Out,2016-09-23
City Hotel,0,4,2016,September,39,19,1,3,1,0,0,BB,ITA,Corporate,Corporate,0,0,0,E,E,0,No Deposit,NULL,NULL,0,Transient,181.79,0,0,Check-Out,2016-09-23
City Hotel,0,4,2016,September,39,19,1,3,1,0,0,BB,ITA,Corporate,Corporate,0,0,0,E,E,0,No Deposit,NULL,NULL,0,Transient,181.79,0,0,Check-Out,2016-09-23
City Hotel,0,1,2016,September,39,22,0,1,1,0,0,BB,PRT,Online TA,TA/TO,0,0,0,D,D,0,No Deposit,9,NULL,0,Transient,210.0,0,1,Check-Out,2016-09-23
City Hotel,0,2,2016,September,39,22,0,1,1,0,0,BB,ESP,Direct,Direct,0,0,0,E,E,0,No Deposit,NULL,NULL,0,Transient,179.38,0,0,Check-Out,2016-09-23
City Hotel,0,1,2016,September,39,22,0,1,1,0,0,SC,CHN,Online TA,TA/TO,0,0,0,A,B,1,No Deposit,9,NULL,0,Transient,175.0,0,1,Check-Out,2016-09-23
City Hotel,0,1,2016,September,39,22,0,1,1,0,0,BB,BRA,Online TA,TA/TO,0,0,0,A,D,0,No Deposit,9,NULL,0,Transient,185.0,0,2,Check-Out,2016-09-23
City Hotel,0,200,2016,September,39,19,1,3,2,0,0,HB,FRA,Online TA,TA/TO,0,0,0,A,A,0,No Deposit,9,NULL,0,Transient,152.15,0,2,Check-Out,2016-09-23
City Hotel,0,6,2016,September,39,22,0,1,2,0,0,SC,ITA,Online TA,TA/TO,0,0,0,A,A,0,No Deposit,9,NULL,0,Transient,159.0,0,3,Check-Out,2016-09-23
City Hotel,0,0,2016,September,39,22,0,1,2,0,0,BB,PRT,Direct,Direct,0,0,0,G,G,0,No Deposit,NULL,NULL,0,Transient,185.0,0,0,Check-Out,2016-09-23
City Hotel,1,0,2016,October,42,10,1,2,1,0,0,BB,PRT,Corporate,Corporate,1,0,1,A,D,0,No Deposit,NULL,329,0,Transient,153.0,0,0,No-Show,2016-10-10
City Hotel,0,3,2016,September,39,22,0,1,2,0,0,BB,FRA,Direct,Direct,0,0,0,E,E,0,No Deposit,14,NULL,0,Transient,230.0,0,0,Check-Out,2016-09-23
City Hotel,0,0,2016,September,39,22,0,1,2,0,1,BB,PRT,Direct,Direct,0,0,0,F,F,0,No Deposit,NULL,NULL,0,Transient,250.0,0,0,Check-Out,2016-09-23
City Hotel,0,0,2016,September,39,22,0,1,1,0,0,BB,FRA,Online TA,TA/TO,0,0,0,A,A,0,No Deposit,9,NULL,0,Transient,190.0,0,2,Check-Out,2016-09-23
City Hotel,0,16,2016,September,39,22,0,1,2,0,0,BB,DEU,Online TA,TA/TO,0,0,0,D,D,0,No Deposit,9,NULL,0,Transient,184.0,0,1,Check-Out,2016-09-23
City Hotel,0,2,2016,September,39,22,0,1,2,0,0,BB,PRT,Online TA,TA/TO,0,0,0,A,F,1,No Deposit,9,NULL,0,Transient,195.0,0,1,Check-Out,2016-09-23
City Hotel,0,87,2016,September,39,21,0,2,2,0,0,BB,AUT,Online TA,TA/TO,0,0,0,D,D,0,No Deposit,9,NULL,0,Transient,158.4,1,1,Check-Out,2016-09-23
City Hotel,0,8,2016,September,39,21,0,2,2,0,0,BB,ITA,Online TA,TA/TO,0,0,0,D,D,0,No Deposit,9,NULL,0,Transient,184.0,0,1,Check-Out,2016-09-23
City Hotel,0,3,2016,September,39,22,0,1,2,0,0,BB,PRT,Online TA,TA/TO,0,0,0,D,D,0,No Deposit,9,NULL,0,Transient,194.0,0,1,Check-Out,2016-09-23
City Hotel,0,14,2016,September,39,22,0,1,2,0,0,BB,BEL,Online TA,TA/TO,0,0,0,D,D,0,No Deposit,9,NULL,0,Transient,184.0,0,0,Check-Out,2016-09-23
City Hotel,0,196,2016,September,39,19,1,3,3,0,0,BB,NLD,Online TA,TA/TO,0,0,0,A,A,0,No Deposit,9,NULL,0,Transient,150.45,0,1,Check-Out,2016-09-23
City Hotel,0,2,2016,September,39,22,0,1,2,0,0,BB,PRT,Online TA,TA/TO,0,0,0,D,F,0,No Deposit,9,NULL,0,Transient,210.0,0,2,Check-Out,2016-09-23
City Hotel,0,3,2016,September,39,22,0,1,1,0,0,BB,ROU,Online TA,TA/TO,0,0,0,D,D,0,No Deposit,7,NULL,0,Transient,161.7,0,1,Check-Out,2016-09-23
City Hotel,0,2,2016,September,39,22,0,1,2,0,0,SC,IRL,Online TA,TA/TO,0,0,0,D,D,0,No Deposit,152,NULL,0,Transient,155.81,0,0,Check-Out,2016-09-23
City Hotel,0,26,2016,September,39,19,1,3,2,0,0,BB,GBR,Online TA,TA/TO,0,0,0,D,D,0,No Deposit,9,NULL,0,Transient,169.0,0,1,Check-Out,2016-09-23
City Hotel,0,2,2016,September,39,22,0,1,1,0,0,BB,AGO,Online TA,TA/TO,0,0,0,A,A,0,No Deposit,9,NULL,0,Transient,194.0,0,3,Check-Out,2016-09-23
City Hotel,0,3,2016,September,39,20,0,3,1,0,0,BB,PRT,Online TA,TA/TO,0,0,0,B,B,1,No Deposit,9,NULL,0,Transient,155.68,0,4,Check-Out,2016-09-23
City Hotel,0,3,2016,September,39,20,0,3,0,2,0,BB,PRT,Online TA,TA/TO,0,0,0,B,B,0,No Deposit,9,NULL,0,Transient,155.68,0,4,Check-Out,2016-09-23
City Hotel,0,89,2016,September,39,20,0,3,3,0,0,BB,PRT,Online TA,TA/TO,0,0,0,D,D,0,No Deposit,9,NULL,0,Transient,168.3,0,1,Check-Out,2016-09-23
City Hotel,0,89,2016,September,39,20,0,3,3,0,0,BB,FRA,Online TA,TA/TO,0,0,0,D,D,0,No Deposit,9,NULL,0,Transient,168.3,0,1,Check-Out,2016-09-23
City Hotel,0,133,2016,September,39,19,1,4,2,1,0,BB,JPN,Online TA,TA/TO,0,0,0,A,A,0,No Deposit,9,NULL,0,Transient,156.15,0,3,Check-Out,2016-09-24
City Hotel,0,7,2016,September,39,20,0,4,2,0,0,BB,BEL,Direct,Direct,0,0,0,E,E,0,No Deposit,NULL,NULL,0,Transient,173.55,0,0,Check-Out,2016-09-24
City Hotel,0,1,2016,September,39,22,0,2,3,0,0,BB,ARG,Offline TA/TO,TA/TO,0,0,0,D,D,0,No Deposit,315,NULL,0,Transient-Party,198.0,0,0,Check-Out,2016-09-24
City Hotel,0,19,2016,September,39,22,0,2,2,0,0,BB,FRA,Online TA,TA/TO,0,0,0,A,A,0,No Deposit,9,NULL,0,Transient,169.0,0,2,Check-Out,2016-09-24
City Hotel,0,181,2016,September,39,23,0,2,3,0,0,BB,BEL,Direct,Direct,0,0,0,A,E,0,No Deposit,14,NULL,0,Transient,169.0,0,0,Check-Out,2016-09-25
City Hotel,0,236,2016,September,39,22,0,3,3,0,0,BB,GBR,Online TA,TA/TO,0,0,0,D,D,0,No Deposit,9,NULL,0,Transient,159.3,0,0,Check-Out,2016-09-25
City Hotel,0,141,2016,September,39,23,0,2,2,0,0,BB,GBR,Online TA,TA/TO,0,0,0,D,D,0,No Deposit,9,NULL,0,Transient,163.8,0,1,Check-Out,2016-09-25
City Hotel,0,33,2016,September,39,24,0,1,2,1,0,BB,PRT,Direct,Direct,0,0,0,E,F,0,No Deposit,14,NULL,0,Transient,179.63,1,0,Check-Out,2016-09-25
City Hotel,0,141,2016,September,39,23,0,2,2,0,0,BB,GBR,Online TA,TA/TO,0,0,0,D,D,2,No Deposit,9,NULL,0,Transient,163.8,0,1,Check-Out,2016-09-25
City Hotel,0,19,2016,September,39,23,0,2,2,0,0,SC,GBR,Online TA,TA/TO,0,0,0,A,E,0,No Deposit,9,NULL,0,Transient,158.0,1,3,Check-Out,2016-09-25
City Hotel,0,141,2016,September,39,23,0,2,3,0,0,BB,GBR,Online TA,TA/TO,0,0,0,D,D,3,No Deposit,9,NULL,0,Transient,163.8,0,1,Check-Out,2016-09-25
City Hotel,0,141,2016,September,39,23,0,2,3,0,0,BB,ITA,Online TA,TA/TO,0,0,0,D,D,3,No Deposit,9,NULL,0,Transient,163.8,0,1,Check-Out,2016-09-25
City Hotel,0,141,2016,September,39,23,0,2,3,0,0,BB,DNK,Online TA,TA/TO,0,0,0,D,D,2,No Deposit,9,NULL,0,Transient,163.8,0,1,Check-Out,2016-09-25
City Hotel,0,141,2016,September,39,23,0,2,3,0,0,BB,DEU,Online TA,TA/TO,0,0,0,D,D,2,No Deposit,9,NULL,0,Transient,163.8,0,1,Check-Out,2016-09-25
City Hotel,0,141,2016,September,39,23,0,2,3,0,0,BB,GBR,Online TA,TA/TO,0,0,0,D,D,2,No Deposit,9,NULL,0,Transient,163.8,0,1,Check-Out,2016-09-25
City Hotel,0,141,2016,September,39,23,0,2,3,0,0,BB,POL,Online TA,TA/TO,0,0,0,D,D,2,No Deposit,9,NULL,0,Transient,163.8,0,1,Check-Out,2016-09-25
City Hotel,0,141,2016,September,39,23,0,2,3,0,0,BB,HUN,Online TA,TA/TO,0,0,0,D,D,2,No Deposit,9,NULL,0,Transient,163.8,0,1,Check-Out,2016-09-25
City Hotel,0,6,2016,September,39,22,0,3,2,0,0,BB,GBR,Direct,Direct,0,0,0,G,G,0,No Deposit,14,NULL,0,Transient,295.0,0,0,Check-Out,2016-09-25
City Hotel,0,132,2016,September,39,22,0,3,3,0,0,BB,GBR,Online TA,TA/TO,0,0,0,D,D,0,No Deposit,9,NULL,0,Transient,162.0,0,2,Check-Out,2016-09-25
City Hotel,0,135,2016,September,40,25,2,0,3,0,0,BB,GBR,Online TA,TA/TO,0,0,0,D,D,1,No Deposit,9,NULL,0,Transient,162.0,0,2,Check-Out,2016-09-27
City Hotel,0,123,2016,September,39,23,0,2,2,0,0,BB,USA,Direct,Direct,0,0,0,E,E,1,No Deposit,14,NULL,0,Transient,162.0,0,0,Check-Out,2016-09-25
City Hotel,0,132,2016,September,39,22,0,3,3,0,0,BB,GBR,Online TA,TA/TO,0,0,0,D,D,0,No Deposit,9,NULL,0,Transient,162.0,0,2,Check-Out,2016-09-25
City Hotel,0,141,2016,September,39,23,0,2,3,0,0,BB,ITA,Online TA,TA/TO,0,0,0,D,D,2,No Deposit,9,NULL,0,Transient,163.8,0,1,Check-Out,2016-09-25
City Hotel,0,132,2016,September,39,22,0,3,3,0,0,BB,GBR,Online TA,TA/TO,0,0,0,D,D,0,No Deposit,9,NULL,0,Transient,162.0,0,2,Check-Out,2016-09-25
City Hotel,0,132,2016,September,39,22,0,3,3,0,0,BB,GBR,Online TA,TA/TO,0,0,0,D,D,0,No Deposit,9,NULL,0,Transient,162.0,0,2,Check-Out,2016-09-25
City Hotel,0,132,2016,September,39,22,0,3,3,0,0,BB,BRA,Online TA,TA/TO,0,0,0,D,D,0,No Deposit,9,NULL,0,Transient,162.0,0,2,Check-Out,2016-09-25
City Hotel,0,3,2016,September,39,22,0,3,2,0,0,BB,DEU,Online TA,TA/TO,0,0,0,G,G,2,No Deposit,7,NULL,0,Transient,218.72,0,1,Check-Out,2016-09-25
City Hotel,0,67,2017,March,11,17,1,2,3,0,0,BB,PRT,Online TA,TA/TO,1,0,1,G,G,0,No Deposit,7,NULL,0,Transient,166.78,0,2,Check-Out,2017-03-20
City Hotel,0,21,2016,September,39,23,0,2,2,0,0,BB,FRA,Online TA,TA/TO,0,0,0,A,D,1,No Deposit,9,NULL,0,Transient,170.0,1,2,Check-Out,2016-09-25
City Hotel,0,0,2016,September,39,24,0,1,2,0,0,BB,PRT,Direct,Direct,0,0,0,A,A,0,No Deposit,14,NULL,0,Transient,234.0,0,3,Check-Out,2016-09-25
City Hotel,0,28,2016,September,39,22,1,3,2,2,0,BB,FRA,Online TA,TA/TO,0,0,0,F,F,0,No Deposit,9,NULL,0,Transient,220.53,0,1,Check-Out,2016-09-26
City Hotel,0,18,2016,September,39,22,1,3,2,0,0,BB,ITA,Online TA,TA/TO,0,0,0,A,A,1,No Deposit,9,NULL,0,Transient,150.5,0,1,Check-Out,2016-09-26
City Hotel,0,26,2016,September,39,24,1,1,2,0,0,BB,BRA,Direct,Direct,0,0,0,E,D,0,No Deposit,14,NULL,0,Transient,157.94,0,0,Check-Out,2016-09-26
City Hotel,0,33,2016,September,39,24,1,1,2,0,0,BB,NOR,Direct,Direct,0,0,0,E,D,0,No Deposit,14,NULL,0,Transient,162.45,0,0,Check-Out,2016-09-26
City Hotel,0,23,2016,September,39,24,1,1,2,0,0,BB,CHN,Online TA,TA/TO,0,0,0,D,D,0,No Deposit,9,NULL,0,Transient,169.0,0,2,Check-Out,2016-09-26
City Hotel,0,5,2016,September,39,24,1,1,2,0,0,BB,FRA,Online TA,TA/TO,0,0,0,F,F,1,No Deposit,9,NULL,0,Transient,239.0,0,3,Check-Out,2016-09-26
City Hotel,0,27,2016,September,39,23,1,2,2,2,0,BB,POL,Online TA,TA/TO,0,0,0,G,G,0,No Deposit,7,NULL,0,Transient,234.35,0,1,Check-Out,2016-09-26
City Hotel,0,217,2016,September,39,23,1,2,3,0,0,BB,DEU,Online TA,TA/TO,0,0,0,D,D,0,No Deposit,9,NULL,0,Transient,159.3,0,1,Check-Out,2016-09-26
City Hotel,0,0,2016,September,40,25,1,0,2,0,0,SC,GBR,Online TA,TA/TO,0,0,0,A,A,0,No Deposit,9,NULL,0,Transient,160.0,0,0,Check-Out,2016-09-26
City Hotel,0,234,2016,September,39,23,1,2,3,0,0,BB,GBR,Online TA,TA/TO,0,0,0,D,D,0,No Deposit,9,NULL,0,Transient,159.3,0,2,Check-Out,2016-09-26
City Hotel,0,21,2016,September,39,24,1,1,2,0,0,BB,PRT,Online TA,TA/TO,0,0,0,A,A,0,No Deposit,9,NULL,0,Transient,163.0,0,2,Check-Out,2016-09-26
City Hotel,0,1,2016,September,39,22,1,3,2,0,0,BB,BRA,Offline TA/TO,TA/TO,0,0,0,A,A,0,No Deposit,315,NULL,0,Transient-Party,176.0,0,0,Check-Out,2016-09-26
City Hotel,0,0,2016,September,39,24,1,1,2,0,0,BB,PRT,Direct,Direct,0,0,0,A,A,3,No Deposit,NULL,NULL,0,Transient,180.0,0,0,Check-Out,2016-09-26
City Hotel,0,1,2016,September,39,22,1,3,3,0,0,BB,BRA,Offline TA/TO,TA/TO,0,0,0,D,D,0,No Deposit,315,NULL,0,Transient-Party,198.0,0,0,Check-Out,2016-09-26
City Hotel,0,1,2016,September,39,22,1,3,2,0,0,BB,PRT,Offline TA/TO,TA/TO,0,0,0,A,A,0,No Deposit,315,NULL,0,Transient-Party,176.0,0,0,Check-Out,2016-09-26
City Hotel,0,151,2016,September,39,23,2,2,3,0,0,BB,FRA,Online TA,TA/TO,0,0,0,D,D,0,No Deposit,9,NULL,0,Transient,162.0,0,2,Check-Out,2016-09-27
City Hotel,0,151,2016,September,39,23,2,2,3,0,0,BB,FRA,Online TA,TA/TO,0,0,0,D,D,0,No Deposit,9,NULL,0,Transient,162.0,0,1,Check-Out,2016-09-27
City Hotel,0,135,2016,September,40,25,2,0,3,0,0,BB,GBR,Online TA,TA/TO,0,0,0,D,D,1,No Deposit,9,NULL,0,Transient,162.0,0,2,Check-Out,2016-09-27
City Hotel,0,3,2016,September,40,26,1,0,1,0,0,SC,GBR,Online TA,GDS,0,0,0,E,E,0,No Deposit,195,NULL,0,Transient,195.0,0,0,Check-Out,2016-09-27
City Hotel,0,4,2016,September,40,25,2,0,2,0,0,SC,ESP,Online TA,TA/TO,0,0,0,A,A,1,No Deposit,9,NULL,0,Transient,160.0,0,0,Check-Out,2016-09-27
City Hotel,0,4,2016,September,40,25,2,0,2,0,0,SC,ARG,Online TA,TA/TO,0,0,0,A,A,1,No Deposit,9,NULL,0,Transient,160.0,0,0,Check-Out,2016-09-27
City Hotel,0,3,2016,September,40,26,1,0,1,0,0,SC,PRT,Online TA,GDS,0,0,0,E,E,0,No Deposit,195,NULL,0,Transient,195.0,0,0,Check-Out,2016-09-27
City Hotel,0,22,2016,September,39,24,2,1,2,0,0,BB,DEU,Direct,Direct,0,0,0,A,A,1,No Deposit,14,NULL,0,Transient,150.63,1,0,Check-Out,2016-09-27
City Hotel,0,1,2016,September,40,26,1,0,1,0,0,SC,GBR,Online TA,GDS,0,0,0,E,E,0,No Deposit,195,NULL,0,Transient,195.0,0,0,Check-Out,2016-09-27
City Hotel,0,1,2016,September,40,26,1,0,1,0,0,SC,GBR,Online TA,GDS,0,0,0,E,E,0,No Deposit,195,NULL,0,Transient,195.0,0,0,Check-Out,2016-09-27
City Hotel,0,29,2016,September,40,25,2,1,3,0,0,BB,BRA,Online TA,TA/TO,0,0,0,D,D,0,No Deposit,9,NULL,0,Transient,154.93,0,2,Check-Out,2016-09-28
City Hotel,0,29,2016,September,40,25,2,1,3,0,0,BB,BRA,Online TA,TA/TO,0,0,0,D,D,0,No Deposit,9,NULL,0,Transient,154.93,0,2,Check-Out,2016-09-28
City Hotel,0,6,2016,September,40,25,2,1,1,0,0,SC,PRT,Online TA,TA/TO,0,0,0,A,A,0,No Deposit,9,312,0,Transient,159.0,0,2,Check-Out,2016-09-28
City Hotel,0,3,2016,September,40,26,1,1,1,0,0,BB,PRT,Corporate,Corporate,0,0,0,E,E,0,No Deposit,NULL,317,0,Transient,166.25,0,0,Check-Out,2016-09-28
City Hotel,0,57,2016,September,40,26,1,1,3,0,0,HB,FRA,Online TA,TA/TO,0,0,0,D,D,0,No Deposit,9,NULL,0,Transient,228.6,1,2,Check-Out,2016-09-28
City Hotel,0,22,2016,September,39,24,2,2,2,0,0,BB,POL,Online TA,TA/TO,0,0,0,D,A,0,No Deposit,9,NULL,0,Transient,161.5,0,1,Check-Out,2016-09-28
City Hotel,0,0,2016,September,40,27,0,1,2,0,0,BB,PRT,Corporate,Corporate,0,0,0,A,D,2,No Deposit,174,NULL,0,Transient-Party,160.0,0,0,Check-Out,2016-09-28
City Hotel,0,0,2016,September,40,27,0,1,2,0,0,BB,PRT,Corporate,Corporate,0,0,0,D,D,3,No Deposit,174,NULL,0,Transient-Party,160.0,0,0,Check-Out,2016-09-28
City Hotel,0,0,2016,September,40,27,0,1,2,0,0,BB,PRT,Corporate,Corporate,0,0,0,A,A,2,No Deposit,174,NULL,0,Transient-Party,160.0,0,0,Check-Out,2016-09-28
City Hotel,0,0,2016,September,40,27,0,1,2,0,0,BB,PRT,Corporate,Corporate,0,0,0,A,A,2,No Deposit,174,NULL,0,Transient-Party,160.0,0,0,Check-Out,2016-09-28
City Hotel,0,1,2016,September,40,26,1,1,2,0,0,SC,FRA,Online TA,TA/TO,0,0,0,A,B,0,No Deposit,9,NULL,0,Transient,170.0,0,1,Check-Out,2016-09-28
City Hotel,0,4,2016,September,40,25,2,1,2,0,0,BB,LBN,Online TA,TA/TO,0,0,0,A,A,0,No Deposit,9,NULL,0,Transient,180.0,0,1,Check-Out,2016-09-28
City Hotel,0,0,2016,September,40,27,0,1,3,0,0,BB,PRT,Corporate,Corporate,0,0,0,D,D,2,No Deposit,174,NULL,0,Transient-Party,205.0,0,0,Check-Out,2016-09-28
City Hotel,0,0,2016,September,40,27,0,1,2,0,0,BB,PRT,Corporate,Corporate,0,0,0,A,A,2,No Deposit,174,NULL,0,Transient-Party,160.0,0,0,Check-Out,2016-09-28
City Hotel,0,3,2016,September,40,26,1,1,2,0,0,BB,DEU,Online TA,TA/TO,0,0,0,D,D,0,No Deposit,9,NULL,0,Transient,195.0,0,1,Check-Out,2016-09-28
City Hotel,0,1,2016,September,40,27,0,1,2,0,0,BB,PRT,Online TA,TA/TO,0,0,0,A,A,0,No Deposit,9,NULL,0,Transient,190.0,0,1,Check-Out,2016-09-28
City Hotel,0,0,2016,September,40,27,0,1,2,0,0,BB,PRT,Corporate,Corporate,0,0,0,A,D,1,No Deposit,174,NULL,0,Transient-Party,160.0,0,0,Check-Out,2016-09-28
City Hotel,0,0,2016,September,40,27,0,1,2,0,0,BB,PRT,Corporate,Corporate,0,0,0,A,A,1,No Deposit,174,NULL,0,Transient-Party,160.0,0,0,Check-Out,2016-09-28
City Hotel,0,0,2016,September,40,27,0,1,2,0,0,BB,PRT,Corporate,Corporate,0,0,0,A,A,2,No Deposit,174,NULL,0,Transient-Party,160.0,0,0,Check-Out,2016-09-28
City Hotel,0,19,2016,September,40,26,1,1,2,0,0,BB,IRN,Online TA,TA/TO,0,0,0,E,E,0,No Deposit,86,NULL,0,Transient,151.2,0,0,Check-Out,2016-09-28
City Hotel,0,4,2016,September,40,27,0,1,1,0,0,BB,PRT,Direct,Direct,0,0,0,D,D,0,No Deposit,14,NULL,0,Transient,166.25,0,0,Check-Out,2016-09-28
City Hotel,0,13,2016,September,40,27,0,2,1,0,0,BB,GBR,Online TA,TA/TO,0,0,0,F,F,0,No Deposit,7,NULL,0,Transient,176.33,0,0,Check-Out,2016-09-29
City Hotel,0,1,2016,September,40,27,0,2,1,0,0,BB,FRA,Online TA,TA/TO,0,0,0,D,D,0,No Deposit,8,NULL,0,Transient,205.0,0,1,Check-Out,2016-09-29
City Hotel,0,17,2016,September,40,25,2,2,2,0,0,BB,ESP,Online TA,TA/TO,0,0,0,A,A,0,No Deposit,9,NULL,0,Transient,158.0,0,2,Check-Out,2016-09-29
City Hotel,0,15,2016,September,40,28,0,1,2,0,0,BB,FRA,Online TA,TA/TO,0,0,0,D,D,0,No Deposit,9,NULL,0,Transient,164.0,0,0,Check-Out,2016-09-29
City Hotel,0,15,2016,September,40,28,0,1,2,0,0,BB,PRT,Online TA,TA/TO,0,0,0,D,D,0,No Deposit,9,NULL,0,Transient,164.0,0,0,Check-Out,2016-09-29
City Hotel,0,29,2016,September,40,26,1,2,3,0,0,BB,PRT,Online TA,TA/TO,0,0,0,G,F,0,No Deposit,7,NULL,0,Transient,184.06,0,1,Check-Out,2016-09-29
City Hotel,0,128,2016,September,39,24,2,3,3,0,0,BB,DEU,Online TA,TA/TO,0,0,0,D,A,0,No Deposit,9,NULL,0,Transient,162.0,0,2,Check-Out,2016-09-29
City Hotel,0,1,2016,September,40,27,0,2,2,0,0,BB,ISR,Offline TA/TO,TA/TO,0,0,0,E,E,0,No Deposit,37,NULL,0,Transient,170.0,0,2,Check-Out,2016-09-29
City Hotel,0,0,2016,September,40,28,0,1,2,0,0,BB,PRT,Direct,Direct,0,0,0,F,F,0,No Deposit,NULL,NULL,0,Transient,185.0,0,2,Check-Out,2016-09-29
City Hotel,0,6,2016,September,40,25,2,2,1,0,0,BB,PRT,Online TA,TA/TO,0,0,0,G,G,1,No Deposit,7,NULL,0,Transient,211.41,0,1,Check-Out,2016-09-29
City Hotel,0,42,2016,September,40,27,0,2,2,0,0,BB,ISR,Online TA,TA/TO,0,0,0,D,D,0,No Deposit,9,NULL,0,Transient,158.4,1,1,Check-Out,2016-09-29
City Hotel,0,3,2016,September,40,26,1,2,3,0,0,BB,GBR,Online TA,TA/TO,0,0,0,F,G,1,No Deposit,9,NULL,0,Transient,266.67,0,5,Check-Out,2016-09-29
City Hotel,0,40,2016,September,40,28,0,2,2,0,0,BB,BEL,Online TA,TA/TO,0,0,0,D,E,1,No Deposit,9,NULL,0,Transient,165.6,1,2,Check-Out,2016-09-30
City Hotel,0,0,2016,September,40,29,0,1,1,0,0,BB,PRT,Online TA,Corporate,0,0,0,A,A,1,No Deposit,NULL,120,0,Transient,170.0,0,0,Check-Out,2016-09-30
City Hotel,0,0,2016,September,40,29,0,1,2,0,0,SC,PRT,Online TA,TA/TO,0,0,0,A,A,0,No Deposit,9,NULL,0,Transient,170.0,0,0,Check-Out,2016-09-30
City Hotel,0,12,2016,September,40,28,0,2,2,0,0,BB,FRA,Online TA,TA/TO,0,0,0,E,E,0,No Deposit,86,NULL,0,Transient,160.2,0,1,Check-Out,2016-09-30
City Hotel,0,28,2016,September,40,28,0,2,2,0,0,BB,RUS,Online TA,TA/TO,0,0,0,D,D,0,No Deposit,8,NULL,0,Transient,163.0,0,1,Check-Out,2016-09-30
City Hotel,0,55,2016,September,40,28,0,2,3,0,0,BB,FRA,Online TA,TA/TO,0,0,0,D,D,0,No Deposit,9,NULL,0,Transient,168.3,0,2,Check-Out,2016-09-30
City Hotel,0,22,2016,September,39,24,2,4,2,0,0,BB,FRA,Online TA,TA/TO,0,0,0,D,A,0,No Deposit,9,NULL,0,Transient,159.0,0,2,Check-Out,2016-09-30
City Hotel,0,86,2016,September,40,25,2,3,3,0,0,HB,GBR,Offline TA/TO,TA/TO,0,0,0,D,D,1,No Deposit,83,NULL,0,Transient,182.53,0,0,Check-Out,2016-09-30
City Hotel,0,62,2016,September,39,24,2,4,2,2,0,BB,DEU,Online TA,TA/TO,0,0,0,F,G,0,No Deposit,9,NULL,0,Transient,207.9,0,1,Check-Out,2016-09-30
City Hotel,0,35,2016,September,40,25,2,3,3,0,0,BB,ESP,Online TA,TA/TO,0,0,0,D,D,0,No Deposit,9,NULL,0,Transient,156.24,0,2,Check-Out,2016-09-30
City Hotel,0,58,2016,September,40,26,1,3,3,0,0,BB,GBR,Online TA,TA/TO,0,0,0,F,F,0,No Deposit,7,NULL,0,Transient,152.08,0,1,Check-Out,2016-09-30
City Hotel,0,0,2016,September,40,29,0,1,2,0,0,SC,PRT,Direct,Direct,0,0,0,A,A,1,No Deposit,NULL,NULL,0,Transient,170.0,0,0,Check-Out,2016-09-30
City Hotel,0,58,2016,September,40,29,0,1,2,1,0,BB,IRL,Direct,Direct,0,0,0,D,D,0,No Deposit,14,NULL,0,Transient,160.8,0,2,Check-Out,2016-09-30
City Hotel,0,13,2016,September,40,28,0,2,2,1,0,HB,PRT,Online TA,TA/TO,0,0,0,A,A,0,No Deposit,9,NULL,0,Transient,190.93,1,3,Check-Out,2016-09-30
City Hotel,0,36,2016,September,40,30,0,1,2,0,0,BB,DEU,Direct,Direct,0,0,0,E,G,0,No Deposit,14,NULL,0,Transient,166.5,0,1,Check-Out,2016-10-01
City Hotel,0,8,2016,September,40,30,0,1,1,0,0,BB,BRA,Online TA,TA/TO,0,0,0,F,G,0,No Deposit,7,NULL,0,Transient,200.2,0,1,Check-Out,2016-10-01
City Hotel,0,45,2016,September,40,30,0,1,3,0,0,BB,BRA,Online TA,TA/TO,0,0,0,D,E,0,No Deposit,9,NULL,0,Transient,151.2,0,0,Check-Out,2016-10-01
City Hotel,0,0,2016,September,40,30,0,1,1,0,0,BB,SWE,Direct,Direct,0,0,0,D,D,1,No Deposit,NULL,NULL,0,Transient,179.0,0,0,Check-Out,2016-10-01
City Hotel,0,29,2016,September,40,30,0,1,2,0,0,BB,PRT,Direct,Direct,0,0,0,E,E,0,No Deposit,14,NULL,0,Transient,179.38,0,0,Check-Out,2016-10-01
City Hotel,0,22,2016,September,40,25,2,4,2,2,0,BB,BEL,Online TA,TA/TO,0,0,0,F,F,0,No Deposit,9,NULL,0,Transient,224.0,0,1,Check-Out,2016-10-01
City Hotel,0,58,2016,September,40,28,0,3,2,0,0,BB,BEL,Online TA,TA/TO,0,0,0,D,D,0,No Deposit,9,NULL,0,Transient,152.7,0,1,Check-Out,2016-10-01
City Hotel,0,48,2016,September,40,26,1,4,2,0,0,BB,FRA,Online TA,TA/TO,0,0,0,D,D,0,No Deposit,9,NULL,0,Transient,154.98,0,2,Check-Out,2016-10-01
City Hotel,0,18,2016,September,40,28,0,3,1,0,0,HB,GBR,Online TA,TA/TO,0,0,0,D,D,0,No Deposit,7,NULL,0,Transient,160.67,0,1,Check-Out,2016-10-01
City Hotel,0,2,2016,September,40,30,0,1,2,0,0,BB,PRT,Online TA,TA/TO,0,0,0,D,D,0,No Deposit,9,NULL,0,Transient,205.0,0,1,Check-Out,2016-10-01
City Hotel,0,4,2016,September,40,25,2,4,2,0,0,BB,CHE,Direct,Direct,0,0,0,E,E,1,No Deposit,NULL,NULL,0,Transient,187.25,0,0,Check-Out,2016-10-01
City Hotel,0,36,2016,September,39,24,2,5,2,2,0,BB,FRA,Online TA,TA/TO,0,0,0,F,F,0,No Deposit,7,NULL,0,Transient,177.77,0,1,Check-Out,2016-10-01
City Hotel,0,2,2016,September,40,30,0,2,1,0,0,BB,PRT,Online TA,TA/TO,0,0,0,D,D,0,No Deposit,9,NULL,0,Transient,205.0,0,2,Check-Out,2016-10-02
City Hotel,0,7,2016,September,40,30,0,2,2,0,0,BB,BRA,Offline TA/TO,TA/TO,0,0,0,E,E,0,No Deposit,83,NULL,0,Transient,176.0,0,0,Check-Out,2016-10-02
City Hotel,0,1,2016,September,40,29,0,3,1,0,0,BB,CHE,Online TA,TA/TO,0,0,0,D,D,0,No Deposit,7,NULL,0,Transient,157.85,0,1,Check-Out,2016-10-02
City Hotel,0,11,2016,September,40,30,0,2,2,0,1,BB,DEU,Direct,Direct,0,0,0,E,A,1,No Deposit,14,NULL,0,Transient,218.0,1,0,Check-Out,2016-10-02
City Hotel,0,10,2016,September,40,30,0,2,2,0,0,BB,PRT,Online TA,TA/TO,0,0,0,D,D,0,No Deposit,9,NULL,0,Transient,204.0,0,2,Check-Out,2016-10-02
City Hotel,0,29,2016,October,40,1,0,1,2,0,0,BB,GBR,Direct,Direct,0,0,0,E,E,0,No Deposit,14,NULL,0,Transient,179.38,0,3,Check-Out,2016-10-02
City Hotel,0,2,2016,September,40,30,0,2,2,0,0,BB,KAZ,Online TA,TA/TO,0,0,0,D,D,1,No Deposit,9,NULL,0,Transient,209.5,0,2,Check-Out,2016-10-02
City Hotel,0,10,2016,September,40,29,0,3,2,0,0,BB,PRT,Online TA,TA/TO,0,0,0,D,D,0,No Deposit,83,NULL,0,Transient,152.53,0,0,Check-Out,2016-10-02
City Hotel,0,1,2016,September,40,29,1,3,2,0,0,BB,PRT,Direct,Direct,0,0,0,D,D,1,No Deposit,NULL,NULL,0,Transient,190.0,0,0,Check-Out,2016-10-03
City Hotel,0,6,2016,October,40,1,1,1,1,0,0,BB,GBR,Online TA,TA/TO,0,0,0,D,D,0,No Deposit,86,NULL,0,Transient,152.0,0,0,Check-Out,2016-10-03
City Hotel,0,1,2016,September,40,30,1,2,1,0,0,BB,USA,Direct,Direct,0,0,0,E,E,1,No Deposit,14,NULL,0,Transient,215.0,0,0,Check-Out,2016-10-03
City Hotel,0,0,2016,September,40,29,1,3,1,0,0,BB,DEU,Direct,Direct,0,0,0,F,F,3,No Deposit,NULL,NULL,0,Transient,225.0,0,0,Check-Out,2016-10-03
City Hotel,0,40,2016,October,41,2,1,0,3,0,0,BB,DEU,Online TA,TA/TO,0,0,0,D,D,0,No Deposit,9,NULL,0,Transient,158.4,0,1,Check-Out,2016-10-03
City Hotel,0,51,2016,October,42,13,0,1,3,0,0,BB,DEU,Online TA,TA/TO,0,0,1,D,D,0,No Deposit,9,NULL,0,Transient,158.4,0,1,Check-Out,2016-10-14
City Hotel,0,1,2016,October,40,1,1,1,2,0,0,BB,RUS,Online TA,TA/TO,0,0,0,A,D,0,No Deposit,9,NULL,0,Transient,184.0,1,3,Check-Out,2016-10-03
City Hotel,0,0,2016,October,41,3,1,0,2,0,0,SC,PRT,Direct,Direct,1,0,0,A,E,0,No Deposit,NULL,NULL,0,Transient,170.0,0,0,Check-Out,2016-10-04
City Hotel,0,0,2016,October,42,12,0,1,1,0,0,SC,PRT,Direct,Direct,1,0,2,A,D,1,No Deposit,NULL,NULL,0,Transient,160.0,0,0,Check-Out,2016-10-13
City Hotel,0,0,2016,October,40,1,1,1,2,0,0,BB,FRA,Online TA,TA/TO,0,0,0,A,C,0,No Deposit,9,NULL,0,Transient,165.0,0,0,Check-Out,2016-10-03
City Hotel,0,9,2016,October,40,1,2,1,2,3,0,BB,USA,Direct,Direct,0,0,0,G,G,0,No Deposit,14,NULL,0,Transient,278.33,0,0,Check-Out,2016-10-04
City Hotel,0,0,2016,October,41,3,1,0,1,0,0,BB,PRT,Online TA,TA/TO,0,0,0,E,E,0,No Deposit,86,NULL,0,Transient,156.0,0,0,Check-Out,2016-10-04
City Hotel,0,121,2016,September,40,29,2,3,2,1,0,HB,FRA,Online TA,TA/TO,0,0,0,A,A,0,No Deposit,9,NULL,0,Transient,181.17,0,2,Check-Out,2016-10-04
City Hotel,0,15,2016,October,40,1,2,1,3,0,0,BB,GBR,Online TA,TA/TO,0,0,0,F,F,0,No Deposit,7,NULL,0,Transient,182.14,0,0,Check-Out,2016-10-04
City Hotel,0,29,2016,September,40,30,2,2,3,0,0,BB,PRT,Online TA,TA/TO,0,0,0,F,F,0,No Deposit,7,NULL,0,Transient,150.61,0,1,Check-Out,2016-10-04
City Hotel,0,10,2016,September,40,30,2,2,2,2,0,BB,DEU,Online TA,TA/TO,0,0,0,F,F,0,No Deposit,9,NULL,0,Transient,254.5,0,1,Check-Out,2016-10-04
City Hotel,0,45,2016,October,41,3,1,0,3,0,0,BB,GBR,Online TA,TA/TO,0,0,0,D,D,0,No Deposit,9,NULL,0,Transient,158.4,0,1,Check-Out,2016-10-04
City Hotel,0,0,2016,October,40,1,2,1,2,0,0,BB,DEU,Online TA,TA/TO,0,0,0,A,D,1,No Deposit,9,NULL,0,Transient,162.0,0,0,Check-Out,2016-10-04
City Hotel,0,51,2016,October,41,2,2,0,3,0,0,BB,GBR,Online TA,TA/TO,0,0,0,D,D,0,No Deposit,9,NULL,0,Transient,151.2,0,1,Check-Out,2016-10-04
City Hotel,0,26,2016,October,41,2,2,0,2,0,0,BB,GBR,Online TA,TA/TO,0,0,0,A,A,0,No Deposit,9,NULL,0,Transient,160.0,0,1,Check-Out,2016-10-04
City Hotel,0,5,2016,October,40,1,2,2,2,0,0,BB,USA,Online TA,TA/TO,0,0,0,G,G,0,No Deposit,7,NULL,0,Transient,221.38,0,2,Check-Out,2016-10-05
City Hotel,0,9,2016,September,40,30,2,3,2,2,0,BB,FRA,Online TA,TA/TO,0,0,0,F,F,0,No Deposit,9,NULL,0,Transient,245.0,0,1,Check-Out,2016-10-05
City Hotel,0,20,2016,October,41,2,2,1,2,0,0,BB,USA,Online TA,TA/TO,0,0,0,D,D,0,No Deposit,9,NULL,0,Transient,164.0,0,0,Check-Out,2016-10-05
City Hotel,0,1,2016,October,41,4,0,1,2,0,0,BB,DEU,Direct,Direct,0,0,0,E,E,0,No Deposit,14,NULL,0,Transient,204.0,0,0,Check-Out,2016-10-05
City Hotel,0,86,2016,October,41,2,2,1,3,0,0,BB,NLD,Online TA,TA/TO,0,0,0,D,D,0,No Deposit,9,NULL,0,Transient,151.2,0,2,Check-Out,2016-10-05
City Hotel,0,34,2016,October,41,2,2,1,3,0,0,BB,ISR,Online TA,TA/TO,0,0,0,D,D,0,No Deposit,9,NULL,0,Transient,158.4,0,1,Check-Out,2016-10-05
City Hotel,0,1,2016,October,41,2,2,1,1,0,0,BB,USA,Online TA,GDS,0,0,0,A,A,0,No Deposit,195,NULL,0,Transient,154.0,0,1,Check-Out,2016-10-05
City Hotel,0,37,2016,October,41,2,2,1,3,0,0,BB,MAR,Online TA,TA/TO,0,0,0,D,D,0,No Deposit,9,NULL,0,Transient,158.4,0,1,Check-Out,2016-10-05
City Hotel,0,0,2016,October,41,3,1,1,2,0,0,BB,PRT,Direct,Direct,0,0,0,A,E,0,No Deposit,NULL,NULL,0,Transient,180.0,0,0,Check-Out,2016-10-05
City Hotel,0,6,2016,October,41,3,1,1,2,0,0,BB,ISR,Online TA,TA/TO,0,0,0,A,A,0,No Deposit,9,NULL,0,Transient,164.5,1,3,Check-Out,2016-10-05
City Hotel,0,21,2016,October,41,4,0,2,2,1,0,BB,ITA,Online TA,TA/TO,0,0,0,A,D,0,No Deposit,9,NULL,0,Transient,169.0,0,1,Check-Out,2016-10-06
City Hotel,0,26,2016,October,41,3,1,2,2,0,0,BB,FRA,Online TA,TA/TO,0,0,0,A,A,0,No Deposit,9,NULL,0,Transient,153.0,0,2,Check-Out,2016-10-06
City Hotel,0,4,2016,October,41,3,1,2,2,0,0,BB,PRT,Online TA,TA/TO,0,0,0,A,A,0,No Deposit,9,NULL,0,Transient,160.0,0,1,Check-Out,2016-10-06
City Hotel,0,16,2016,October,41,5,0,1,2,0,0,HB,PRT,Direct,Direct,0,0,0,A,A,0,No Deposit,14,NULL,0,Transient,179.0,0,2,Check-Out,2016-10-06
City Hotel,0,9,2016,October,41,4,0,2,2,0,0,BB,GBR,Online TA,TA/TO,0,0,0,A,A,0,No Deposit,9,NULL,0,Transient,160.0,0,1,Check-Out,2016-10-06
City Hotel,0,5,2016,October,40,1,2,3,2,1,0,BB,PRT,Direct,Direct,0,0,0,E,E,0,No Deposit,14,NULL,0,Transient,175.88,0,0,Check-Out,2016-10-06
City Hotel,0,0,2016,October,41,6,0,1,1,0,0,BB,PRT,Direct,Direct,0,0,0,A,D,1,No Deposit,NULL,NULL,0,Transient,170.0,0,0,Check-Out,2016-10-07
City Hotel,0,111,2016,October,41,6,0,1,2,2,0,BB,DEU,Online TA,TA/TO,0,0,0,B,G,0,No Deposit,9,NULL,0,Transient,221.4,0,1,Check-Out,2016-10-07
City Hotel,0,35,2016,October,41,3,1,3,3,0,0,BB,DEU,Online TA,TA/TO,0,0,0,D,D,0,No Deposit,9,NULL,0,Transient,158.4,0,2,Check-Out,2016-10-07
City Hotel,0,37,2016,October,41,5,0,2,3,0,0,BB,AUT,Online TA,TA/TO,0,0,0,D,E,0,No Deposit,9,NULL,0,Transient,158.4,0,2,Check-Out,2016-10-07
City Hotel,0,34,2016,October,41,4,0,3,2,0,0,BB,FRA,Online TA,TA/TO,0,0,0,D,D,0,No Deposit,9,NULL,0,Transient,160.2,1,1,Check-Out,2016-10-07
City Hotel,0,34,2016,October,41,4,0,3,2,0,0,BB,FRA,Online TA,TA/TO,0,0,0,D,D,0,No Deposit,9,NULL,0,Transient,151.2,0,1,Check-Out,2016-10-07
City Hotel,0,0,2016,October,41,6,0,1,1,0,0,BB,USA,Direct,Direct,0,0,0,A,A,0,No Deposit,14,NULL,0,Transient,158.0,1,0,Check-Out,2016-10-07
City Hotel,0,0,2016,October,41,6,0,1,2,2,0,BB,ISR,Online TA,TA/TO,0,0,0,F,F,0,No Deposit,9,NULL,0,Transient,216.0,0,0,Check-Out,2016-10-07
City Hotel,0,29,2016,October,41,5,0,2,3,0,0,BB,FRA,Online TA,TA/TO,0,0,0,D,D,1,No Deposit,9,NULL,0,Transient,186.2,0,3,Check-Out,2016-10-07
City Hotel,0,29,2016,October,41,5,0,2,2,0,0,BB,FRA,Online TA,TA/TO,0,0,0,A,A,0,No Deposit,9,NULL,0,Transient,152.0,0,2,Check-Out,2016-10-07
City Hotel,0,29,2016,October,41,5,0,2,2,0,0,BB,FRA,Online TA,TA/TO,0,0,0,D,D,0,No Deposit,9,NULL,0,Transient,166.25,0,3,Check-Out,2016-10-07
City Hotel,0,29,2016,October,41,5,0,2,2,0,0,BB,FRA,Online TA,TA/TO,0,0,0,A,A,0,No Deposit,9,NULL,0,Transient,152.0,0,2,Check-Out,2016-10-07
City Hotel,0,29,2016,October,41,5,0,2,3,0,0,BB,FRA,Online TA,TA/TO,0,0,0,D,D,0,No Deposit,9,NULL,0,Transient,201.25,0,3,Check-Out,2016-10-07
City Hotel,0,29,2016,October,41,5,0,2,2,0,0,BB,FRA,Online TA,TA/TO,0,0,0,A,A,0,No Deposit,9,NULL,0,Transient,152.0,0,2,Check-Out,2016-10-07
City Hotel,0,29,2016,October,41,5,0,2,3,0,0,BB,FRA,Online TA,TA/TO,0,0,0,D,D,0,No Deposit,9,NULL,0,Transient,201.25,0,3,Check-Out,2016-10-07
City Hotel,0,29,2016,October,41,5,0,2,2,0,0,BB,GBR,Online TA,TA/TO,0,0,0,D,D,0,No Deposit,9,NULL,0,Transient,166.25,0,3,Check-Out,2016-10-07
City Hotel,0,29,2016,October,41,5,0,2,3,0,0,BB,PRT,Online TA,TA/TO,0,0,0,D,D,0,No Deposit,9,NULL,0,Transient,201.25,0,3,Check-Out,2016-10-07
City Hotel,0,29,2016,October,41,5,0,2,2,0,0,BB,FRA,Online TA,TA/TO,0,0,0,A,A,0,No Deposit,9,NULL,0,Transient,152.0,0,2,Check-Out,2016-10-07
City Hotel,0,29,2016,October,41,5,0,2,2,0,0,BB,FRA,Online TA,TA/TO,0,0,0,A,A,0,No Deposit,9,NULL,0,Transient,152.0,0,2,Check-Out,2016-10-07
City Hotel,0,29,2016,October,41,5,0,2,2,0,0,BB,FRA,Online TA,TA/TO,0,0,0,A,A,0,No Deposit,9,NULL,0,Transient,152.0,0,2,Check-Out,2016-10-07
City Hotel,0,29,2016,October,41,5,0,2,2,0,0,BB,FRA,Online TA,TA/TO,0,0,0,A,A,0,No Deposit,9,NULL,0,Transient,152.0,0,2,Check-Out,2016-10-07
City Hotel,0,29,2016,October,41,5,0,2,2,0,0,BB,FRA,Online TA,TA/TO,0,0,0,A,A,0,No Deposit,9,NULL,0,Transient-Party,152.0,0,2,Check-Out,2016-10-07
City Hotel,0,29,2016,October,41,5,0,2,2,0,0,BB,GBR,Online TA,TA/TO,0,0,0,A,A,2,No Deposit,9,NULL,0,Transient,152.0,0,2,Check-Out,2016-10-07
City Hotel,0,29,2016,October,41,5,0,2,2,0,0,BB,FRA,Online TA,TA/TO,0,0,0,A,A,0,No Deposit,9,NULL,0,Transient,152.0,0,2,Check-Out,2016-10-07
City Hotel,0,32,2016,October,41,2,2,3,2,0,0,HB,FRA,Online TA,TA/TO,0,0,0,D,D,1,No Deposit,83,NULL,0,Transient,152.98,0,0,Check-Out,2016-10-07
City Hotel,0,1,2016,October,41,6,0,2,1,0,0,BB,GBR,Online TA,TA/TO,0,0,0,E,E,0,No Deposit,157,NULL,0,Transient,164.0,0,0,Check-Out,2016-10-08
City Hotel,0,31,2016,October,41,7,0,1,2,0,0,BB,NOR,Online TA,TA/TO,0,0,0,D,D,0,No Deposit,9,NULL,0,Transient,157.5,0,0,Check-Out,2016-10-08
City Hotel,0,31,2016,October,41,7,0,1,2,0,0,BB,NOR,Online TA,TA/TO,0,0,0,D,D,0,No Deposit,9,NULL,0,Transient,157.5,0,3,Check-Out,2016-10-08
City Hotel,0,2,2016,October,41,4,0,4,2,0,0,BB,FRA,Online TA,TA/TO,0,0,0,F,F,0,No Deposit,7,NULL,0,Transient,175.56,0,1,Check-Out,2016-10-08
City Hotel,0,30,2016,October,41,5,0,3,2,0,0,BB,JPN,Online TA,TA/TO,0,0,0,D,D,0,No Deposit,9,NULL,0,Transient,157.5,0,2,Check-Out,2016-10-08
City Hotel,0,233,2016,October,41,7,0,1,3,0,0,BB,DEU,Online TA,TA/TO,0,0,0,D,D,0,No Deposit,9,NULL,0,Transient,168.3,1,0,Check-Out,2016-10-08
City Hotel,0,54,2016,October,41,6,0,2,2,0,0,BB,GBR,Online TA,TA/TO,0,0,0,F,F,2,No Deposit,9,NULL,0,Transient,190.8,0,3,Check-Out,2016-10-08
City Hotel,0,135,2016,October,41,6,0,2,3,0,0,BB,IND,Online TA,TA/TO,0,0,0,D,D,1,No Deposit,9,NULL,0,Transient,151.2,0,2,Check-Out,2016-10-08
City Hotel,0,32,2016,October,41,6,0,2,2,0,0,BB,POL,Online TA,TA/TO,0,0,0,D,D,0,No Deposit,9,NULL,0,Transient,157.5,0,2,Check-Out,2016-10-08
City Hotel,0,106,2016,October,41,6,0,2,3,0,0,BB,DEU,Direct,Direct,0,0,0,D,D,0,No Deposit,NULL,NULL,0,Transient-Party,151.0,0,3,Check-Out,2016-10-08
City Hotel,0,9,2016,October,41,7,0,2,2,0,0,HB,BEL,Online TA,TA/TO,0,0,0,D,D,2,No Deposit,9,NULL,0,Transient,243.0,0,2,Check-Out,2016-10-09
City Hotel,0,253,2016,October,41,8,0,1,2,2,0,BB,DEU,Online TA,TA/TO,0,0,0,F,F,0,No Deposit,9,NULL,0,Transient,198.9,0,1,Check-Out,2016-10-09
City Hotel,0,0,2016,October,41,8,0,1,2,0,0,SC,USA,Direct,Direct,0,0,0,A,A,0,No Deposit,14,NULL,0,Transient,180.0,0,0,Check-Out,2016-10-09
City Hotel,0,15,2016,October,41,7,0,2,2,0,0,BB,PRT,Online TA,TA/TO,0,0,0,D,D,0,No Deposit,9,NULL,0,Transient,170.0,0,2,Check-Out,2016-10-09
City Hotel,0,45,2016,October,41,6,0,3,2,2,0,BB,DEU,Online TA,TA/TO,0,0,0,F,F,0,No Deposit,9,NULL,0,Transient,204.0,0,2,Check-Out,2016-10-09
City Hotel,0,5,2016,October,41,7,0,2,2,0,0,BB,ITA,Online TA,TA/TO,0,0,0,A,A,0,No Deposit,9,NULL,0,Transient,190.0,0,2,Check-Out,2016-10-09
City Hotel,0,34,2016,October,41,6,0,3,2,0,0,BB,DEU,Online TA,TA/TO,0,0,0,E,E,0,No Deposit,83,NULL,0,Transient,153.0,0,0,Check-Out,2016-10-09
City Hotel,0,4,2016,October,41,7,0,2,2,1,0,BB,ESP,Online TA,TA/TO,0,0,0,A,B,1,No Deposit,83,NULL,0,Transient,151.5,0,0,Check-Out,2016-10-09
City Hotel,0,9,2016,October,41,7,0,2,2,0,0,BB,FRA,Online TA,TA/TO,0,0,0,D,D,0,No Deposit,9,NULL,0,Transient,175.0,0,2,Check-Out,2016-10-09
City Hotel,0,211,2016,October,41,7,0,2,3,0,0,HB,ITA,Online TA,TA/TO,0,0,0,E,E,3,No Deposit,9,NULL,0,Transient,224.1,0,2,Check-Out,2016-10-09
City Hotel,0,85,2016,October,41,7,0,2,3,0,0,BB,GBR,Online TA,TA/TO,0,0,0,D,D,0,No Deposit,9,NULL,0,Transient,151.2,0,1,Check-Out,2016-10-09
City Hotel,0,3,2016,October,41,6,0,3,2,0,0,BB,GBR,Online TA,TA/TO,0,0,0,F,F,0,No Deposit,7,NULL,0,Transient,175.56,0,1,Check-Out,2016-10-09
City Hotel,0,85,2016,October,41,7,0,2,3,0,0,BB,GBR,Online TA,TA/TO,0,0,0,D,D,0,No Deposit,9,NULL,0,Transient,151.2,0,2,Check-Out,2016-10-09
City Hotel,0,35,2016,October,41,7,0,2,2,0,0,BB,GBR,Online TA,TA/TO,0,0,0,D,D,0,No Deposit,9,NULL,0,Transient,157.5,0,1,Check-Out,2016-10-09
City Hotel,0,204,2016,October,41,7,0,2,2,2,0,BB,GBR,Online TA,TA/TO,0,0,0,F,F,0,No Deposit,9,NULL,0,Transient,180.9,0,1,Check-Out,2016-10-09
City Hotel,0,3,2016,October,41,8,0,1,2,1,0,BB,PRT,Direct,Direct,0,0,0,D,D,0,No Deposit,NULL,NULL,0,Transient,185.0,0,0,Check-Out,2016-10-09
City Hotel,0,204,2016,October,41,7,0,2,2,2,0,BB,GBR,Online TA,TA/TO,0,0,0,F,F,0,No Deposit,9,NULL,0,Transient,180.9,0,1,Check-Out,2016-10-09
City Hotel,0,9,2016,October,41,7,0,2,2,0,0,BB,ISR,Online TA,TA/TO,0,0,0,D,D,0,No Deposit,9,NULL,0,Transient,184.0,0,2,Check-Out,2016-10-09
City Hotel,0,1,2016,October,41,7,0,2,2,0,0,SC,ISR,Online TA,TA/TO,0,0,0,A,A,2,No Deposit,9,NULL,0,Transient,160.0,0,2,Check-Out,2016-10-09
City Hotel,0,3,2016,October,40,1,3,6,2,0,0,BB,AGO,Direct,Direct,0,0,0,A,A,1,No Deposit,NULL,NULL,0,Transient,158.0,0,0,Check-Out,2016-10-10
City Hotel,0,59,2016,October,42,9,1,0,2,0,0,BB,USA,Online TA,TA/TO,0,0,0,D,D,0,No Deposit,9,NULL,0,Transient,151.2,0,0,Check-Out,2016-10-10
City Hotel,0,9,2016,October,41,7,1,2,2,0,0,BB,FRA,Direct,Direct,0,0,0,D,D,0,No Deposit,14,NULL,0,Transient,166.67,0,0,Check-Out,2016-10-10
City Hotel,0,2,2016,October,41,8,1,1,1,0,0,BB,BEL,Online TA,TA/TO,0,0,0,A,A,0,No Deposit,9,NULL,0,Transient,160.0,0,2,Check-Out,2016-10-10
City Hotel,0,3,2016,October,42,9,1,0,2,0,0,BB,ISR,Online TA,TA/TO,0,0,0,E,F,1,No Deposit,NULL,NULL,0,Transient,195.0,0,2,Check-Out,2016-10-10
City Hotel,0,95,2016,October,41,7,1,2,3,0,0,BB,USA,Online TA,TA/TO,0,0,0,D,D,0,No Deposit,9,NULL,0,Transient,151.2,0,2,Check-Out,2016-10-10
City Hotel,0,185,2016,October,41,2,3,5,3,0,0,HB,DEU,Offline TA/TO,TA/TO,0,0,0,A,D,0,No Deposit,16,NULL,0,Transient,150.4,0,0,Check-Out,2016-10-10
City Hotel,0,3,2016,October,41,7,1,2,2,0,0,BB,DEU,Online TA,TA/TO,0,0,0,G,G,0,No Deposit,7,NULL,0,Transient,204.82,0,1,Check-Out,2016-10-10
City Hotel,0,75,2016,October,41,8,1,1,3,0,0,BB,DEU,Online TA,TA/TO,0,0,0,D,D,0,No Deposit,9,NULL,0,Transient,151.2,0,1,Check-Out,2016-10-10
City Hotel,0,78,2016,October,41,7,1,2,3,0,0,BB,CHE,Online TA,TA/TO,0,0,0,D,D,0,No Deposit,9,NULL,0,Transient,151.2,0,2,Check-Out,2016-10-10
City Hotel,0,75,2016,October,41,8,1,1,3,0,0,BB,DEU,Online TA,TA/TO,0,0,0,D,D,1,No Deposit,9,NULL,0,Transient,151.2,0,1,Check-Out,2016-10-10
City Hotel,0,28,2016,October,41,8,1,1,2,0,0,BB,BEL,Online TA,TA/TO,0,0,0,E,F,0,No Deposit,86,NULL,0,Transient,171.87,0,0,Check-Out,2016-10-10
City Hotel,0,28,2016,October,41,8,1,1,2,0,0,BB,BEL,Online TA,TA/TO,0,0,0,E,G,0,No Deposit,86,NULL,0,Transient,171.87,0,0,Check-Out,2016-10-10
City Hotel,0,7,2016,October,41,7,1,2,2,0,0,BB,GBR,Online TA,TA/TO,0,0,0,D,D,0,No Deposit,9,NULL,0,Transient,205.0,0,2,Check-Out,2016-10-10
City Hotel,0,0,2016,October,42,9,1,0,2,0,0,BB,ESP,Direct,Direct,0,0,0,D,D,1,No Deposit,NULL,NULL,0,Transient,155.0,0,0,Check-Out,2016-10-10
City Hotel,0,29,2016,October,41,5,1,4,2,0,0,BB,POL,Online TA,TA/TO,0,0,0,D,D,0,No Deposit,9,NULL,0,Transient,161.0,0,2,Check-Out,2016-10-10
City Hotel,0,147,2016,October,41,7,1,2,3,0,0,BB,GBR,Online TA,TA/TO,0,0,0,D,D,0,No Deposit,9,NULL,0,Transient,151.2,0,0,Check-Out,2016-10-10
City Hotel,0,28,2016,October,41,6,1,3,1,0,0,HB,FRA,Online TA,TA/TO,0,0,0,D,D,0,No Deposit,9,NULL,0,Transient,205.0,0,1,Check-Out,2016-10-10
City Hotel,0,3,2016,October,41,7,1,2,3,0,0,BB,ESP,Online TA,TA/TO,0,0,0,A,E,0,No Deposit,83,NULL,0,Transient,166.0,0,1,Check-Out,2016-10-10
City Hotel,0,8,2016,October,41,7,2,2,2,0,0,BB,ITA,Online TA,TA/TO,0,0,0,D,D,1,No Deposit,9,NULL,0,Transient,179.0,1,2,Check-Out,2016-10-11
City Hotel,0,32,2016,October,41,4,2,5,3,0,0,BB,RUS,Online TA,TA/TO,0,0,0,D,D,0,No Deposit,9,NULL,0,Transient,171.13,0,2,Check-Out,2016-10-11
City Hotel,0,34,2016,October,41,7,2,2,2,0,0,BB,DEU,Online TA,TA/TO,0,0,0,D,D,0,No Deposit,9,NULL,0,Transient,153.0,0,2,Check-Out,2016-10-11
City Hotel,0,35,2016,October,41,8,2,1,2,0,0,BB,IRL,Online TA,TA/TO,0,0,0,D,D,0,No Deposit,9,NULL,0,Transient,151.5,0,1,Check-Out,2016-10-11
City Hotel,0,3,2016,October,41,7,2,2,3,0,0,BB,GBR,Online TA,TA/TO,0,0,0,G,G,0,No Deposit,7,NULL,0,Transient,215.6,0,1,Check-Out,2016-10-11
City Hotel,0,40,2016,October,42,10,1,0,3,0,0,BB,DEU,Direct,Direct,0,0,0,D,D,0,No Deposit,NULL,NULL,0,Transient,163.91,1,0,Check-Out,2016-10-11
City Hotel,0,133,2016,October,42,10,1,0,3,0,0,BB,CHE,Online TA,TA/TO,0,0,0,D,D,0,No Deposit,9,NULL,0,Transient,151.2,0,3,Check-Out,2016-10-11
City Hotel,0,45,2016,October,41,8,2,1,3,0,0,HB,FRA,Online TA,TA/TO,0,0,0,D,D,1,No Deposit,83,NULL,0,Transient,185.6,0,0,Check-Out,2016-10-11
City Hotel,0,14,2016,October,41,4,2,5,2,0,0,HB,ITA,Online TA,TA/TO,0,0,0,A,D,0,No Deposit,6,NULL,0,Transient,153.03,0,0,Check-Out,2016-10-11
City Hotel,0,6,2016,October,41,7,2,3,3,0,0,BB,BRA,Direct,Direct,0,0,0,D,D,0,No Deposit,NULL,NULL,0,Transient,150.45,0,1,Check-Out,2016-10-12
City Hotel,0,181,2016,October,42,11,0,1,1,0,0,BB,FRA,Offline TA/TO,TA/TO,0,0,0,A,A,1,No Deposit,234,NULL,0,Transient-Party,250.0,0,1,Check-Out,2016-10-12
City Hotel,0,1,2016,October,42,11,0,1,2,0,0,BB,FRA,Direct,Direct,0,0,0,D,D,0,No Deposit,NULL,NULL,0,Transient,153.0,0,2,Check-Out,2016-10-12
City Hotel,0,3,2016,October,42,11,0,1,1,0,0,BB,FRA,Online TA,TA/TO,0,0,0,F,F,1,No Deposit,9,NULL,0,Transient,240.0,0,0,Check-Out,2016-10-12
City Hotel,0,13,2016,October,42,9,2,1,2,0,0,BB,CHE,Online TA,TA/TO,0,0,0,A,A,1,No Deposit,9,NULL,0,Transient,177.62,0,1,Check-Out,2016-10-12
City Hotel,0,13,2016,October,42,9,2,1,2,0,0,BB,CHE,Online TA,TA/TO,0,0,0,A,A,1,No Deposit,9,NULL,0,Transient,177.62,0,1,Check-Out,2016-10-12
City Hotel,0,158,2016,October,42,9,2,1,3,0,0,BB,FRA,Online TA,TA/TO,0,0,0,D,D,0,No Deposit,9,NULL,0,Transient,151.2,0,2,Check-Out,2016-10-12
City Hotel,0,30,2016,October,41,7,2,3,2,0,0,BB,ESP,Direct,Direct,0,0,0,D,D,0,No Deposit,14,NULL,0,Transient,164.13,1,1,Check-Out,2016-10-12
City Hotel,0,2,2016,October,42,11,0,1,2,0,0,BB,PRT,Online TA,TA/TO,0,0,0,A,A,0,No Deposit,9,NULL,0,Transient,169.0,1,2,Check-Out,2016-10-12
City Hotel,0,28,2016,October,41,7,2,4,2,0,0,BB,DEU,Online TA,TA/TO,0,0,0,D,D,0,No Deposit,9,NULL,0,Transient,164.5,0,2,Check-Out,2016-10-13
City Hotel,0,19,2016,October,42,10,1,2,2,0,0,BB,FRA,Direct,Direct,0,0,0,D,D,0,No Deposit,14,NULL,0,Transient,159.0,0,1,Check-Out,2016-10-13
City Hotel,0,19,2016,October,42,10,1,2,1,0,0,BB,ESP,Direct,Direct,0,0,0,D,D,1,No Deposit,14,NULL,0,Transient,159.0,0,0,Check-Out,2016-10-13
City Hotel,0,19,2016,October,42,12,0,1,2,0,0,BB,FRA,Direct,Direct,0,0,0,E,E,0,No Deposit,14,NULL,0,Transient,184.0,0,0,Check-Out,2016-10-13
City Hotel,0,13,2016,October,42,10,1,2,2,0,0,BB,USA,Corporate,Corporate,0,0,0,A,A,0,No Deposit,NULL,332,0,Transient,159.0,0,0,Check-Out,2016-10-13
City Hotel,0,181,2016,October,42,11,0,2,1,0,0,BB,GBR,Offline TA/TO,TA/TO,0,0,0,A,A,2,No Deposit,234,NULL,0,Transient-Party,250.0,0,0,Check-Out,2016-10-13
City Hotel,0,17,2016,October,42,10,1,2,1,0,0,BB,DNK,Online TA,TA/TO,0,0,0,F,F,0,No Deposit,7,NULL,0,Transient,176.33,0,1,Check-Out,2016-10-13
City Hotel,0,4,2016,October,42,10,1,2,1,0,0,BB,ESP,Corporate,Corporate,0,0,0,A,A,0,No Deposit,NULL,332,0,Transient,159.0,0,0,Check-Out,2016-10-13
City Hotel,0,36,2016,October,42,9,2,2,3,0,0,BB,CHE,Online TA,TA/TO,0,0,0,D,A,0,No Deposit,9,NULL,0,Transient,171.9,0,3,Check-Out,2016-10-13
City Hotel,0,36,2016,October,42,9,2,2,2,0,0,BB,CHE,Online TA,TA/TO,0,0,0,D,A,0,No Deposit,9,NULL,0,Transient,153.0,0,2,Check-Out,2016-10-13
City Hotel,0,32,2016,October,41,7,2,4,2,0,0,BB,FRA,Direct,Direct,0,0,0,D,D,0,No Deposit,14,NULL,0,Transient,185.67,1,0,Check-Out,2016-10-13
City Hotel,0,3,2016,October,42,11,0,2,1,0,0,BB,PRT,Online TA,TA/TO,0,0,0,A,A,0,No Deposit,8,NULL,0,Transient,154.0,0,1,Check-Out,2016-10-13
City Hotel,0,22,2016,October,42,10,1,3,3,0,0,BB,CHE,Online TA,TA/TO,0,0,0,D,D,0,No Deposit,9,NULL,0,Transient,213.0,0,0,Check-Out,2016-10-14
City Hotel,0,57,2016,October,42,12,0,2,3,0,0,HB,ITA,Online TA,TA/TO,0,0,0,D,D,0,No Deposit,9,NULL,0,Transient,202.5,0,2,Check-Out,2016-10-14
City Hotel,0,53,2016,October,42,10,1,3,3,0,0,BB,DEU,Online TA,TA/TO,0,0,0,D,D,0,No Deposit,9,NULL,0,Transient,151.2,0,2,Check-Out,2016-10-14
City Hotel,0,113,2016,October,42,9,2,3,3,0,0,BB,DEU,Online TA,TA/TO,0,0,0,D,D,0,No Deposit,9,NULL,0,Transient,151.2,0,0,Check-Out,2016-10-14
City Hotel,0,41,2016,October,42,11,0,3,2,0,0,BB,PRT,Online TA,TA/TO,0,0,0,D,D,0,No Deposit,9,NULL,0,Transient,151.5,0,3,Check-Out,2016-10-14
City Hotel,0,2,2016,October,42,13,0,1,1,0,0,BB,ESP,Direct,Direct,0,0,0,D,D,2,No Deposit,NULL,NULL,0,Transient,170.0,0,1,Check-Out,2016-10-14
City Hotel,0,0,2016,October,42,13,0,1,1,0,0,BB,PRT,Direct,Direct,0,0,0,A,B,0,No Deposit,NULL,NULL,0,Transient,170.0,0,0,Check-Out,2016-10-14
City Hotel,0,0,2016,October,42,13,0,1,1,0,0,BB,PRT,Direct,Direct,0,0,0,A,B,0,No Deposit,NULL,NULL,0,Transient,170.0,0,0,Check-Out,2016-10-14
City Hotel,0,0,2016,October,42,13,0,1,1,0,0,BB,FRA,Direct,Direct,0,0,0,A,B,0,No Deposit,NULL,NULL,0,Transient,170.0,0,0,Check-Out,2016-10-14
City Hotel,0,0,2016,October,42,13,0,1,1,0,0,BB,BEL,Direct,Direct,0,0,0,A,B,0,No Deposit,NULL,NULL,0,Transient,170.0,0,0,Check-Out,2016-10-14
City Hotel,0,24,2016,October,42,11,0,3,2,0,0,BB,DEU,Direct,Direct,0,0,0,D,D,0,No Deposit,14,NULL,0,Transient,160.0,0,0,Check-Out,2016-10-14
City Hotel,0,49,2016,October,42,10,1,3,3,0,0,BB,DEU,Online TA,TA/TO,0,0,0,D,A,0,No Deposit,9,NULL,0,Transient,158.4,0,0,Check-Out,2016-10-14
City Hotel,0,84,2016,October,42,12,0,2,3,0,0,BB,CHE,Online TA,TA/TO,0,0,0,D,D,1,No Deposit,9,NULL,0,Transient,176.3,1,0,Check-Out,2016-10-14
City Hotel,0,81,2016,October,42,10,1,3,2,2,0,BB,NLD,Online TA,TA/TO,0,0,0,F,F,0,No Deposit,9,NULL,0,Transient,190.8,0,1,Check-Out,2016-10-14
City Hotel,0,21,2016,October,42,10,1,3,2,0,0,BB,NLD,Online TA,TA/TO,0,0,0,D,D,0,No Deposit,9,NULL,0,Transient,164.0,0,2,Check-Out,2016-10-14
City Hotel,0,25,2016,October,42,13,0,1,2,2,0,BB,CHE,Online TA,TA/TO,0,0,0,F,F,0,No Deposit,9,NULL,0,Transient,229.0,0,2,Check-Out,2016-10-14
City Hotel,0,2,2016,October,42,10,1,3,2,0,0,BB,CHE,Online TA,TA/TO,0,0,0,D,A,0,No Deposit,9,NULL,0,Transient,175.0,0,0,Check-Out,2016-10-14
City Hotel,0,0,2016,October,42,13,0,1,2,0,0,BB,RUS,Online TA,TA/TO,0,0,0,D,D,0,No Deposit,9,NULL,0,Transient,155.0,0,1,Check-Out,2016-10-14
City Hotel,0,68,2016,October,42,9,2,3,3,0,0,BB,IRL,Online TA,TA/TO,0,0,0,D,D,0,No Deposit,9,NULL,0,Transient,151.2,0,2,Check-Out,2016-10-14
City Hotel,0,20,2016,October,42,12,0,2,2,0,0,BB,IRL,Direct,Direct,0,0,0,D,D,0,No Deposit,14,NULL,0,Transient,169.0,0,1,Check-Out,2016-10-14
City Hotel,0,2,2016,October,42,12,0,3,2,0,0,BB,ESP,Direct,Direct,0,0,0,D,D,0,No Deposit,14,NULL,0,Transient,163.33,0,0,Check-Out,2016-10-15
City Hotel,0,7,2016,October,42,13,0,2,2,2,0,BB,GBR,Online TA,TA/TO,0,0,0,G,G,0,No Deposit,7,NULL,0,Transient,231.78,0,1,Check-Out,2016-10-15
City Hotel,0,34,2016,October,42,13,0,2,1,0,0,BB,ATA,Direct,Direct,0,0,0,E,E,0,No Deposit,14,NULL,0,Transient,175.5,0,0,Check-Out,2016-10-15
City Hotel,0,34,2016,October,42,13,0,2,2,0,0,BB,GBR,Direct,Direct,0,0,0,E,E,2,No Deposit,14,NULL,0,Transient,175.5,0,0,Check-Out,2016-10-15
City Hotel,0,92,2016,October,42,13,0,2,1,0,0,BB,DEU,Direct,Direct,0,0,0,E,E,0,No Deposit,14,NULL,0,Transient,154.35,0,0,Check-Out,2016-10-15
City Hotel,0,135,2016,October,42,13,0,2,3,0,0,BB,BEL,Online TA,TA/TO,0,0,0,D,D,0,No Deposit,9,NULL,0,Transient,151.2,0,3,Check-Out,2016-10-15
City Hotel,0,5,2016,October,42,13,0,2,2,0,0,BB,USA,Online TA,TA/TO,0,0,0,G,G,0,No Deposit,7,NULL,0,Transient,215.6,0,1,Check-Out,2016-10-15
City Hotel,0,3,2016,October,42,15,0,1,3,0,0,BB,PRT,Online TA,TA/TO,0,0,0,D,E,0,No Deposit,7,NULL,0,Transient,157.27,0,1,Check-Out,2016-10-16
City Hotel,0,99,2016,October,42,12,0,4,1,0,0,BB,USA,Direct,Direct,0,0,0,E,E,3,No Deposit,14,NULL,0,Transient,152.78,0,0,Check-Out,2016-10-16
City Hotel,0,99,2016,October,42,12,0,4,2,0,0,BB,USA,Direct,Direct,0,0,0,E,E,2,No Deposit,14,NULL,0,Transient,152.78,0,0,Check-Out,2016-10-16
City Hotel,0,38,2016,October,42,14,0,2,1,0,0,BB,GBR,Online TA,TA/TO,0,0,0,D,D,0,No Deposit,9,NULL,0,Transient,157.5,0,2,Check-Out,2016-10-16
City Hotel,0,96,2016,October,42,13,0,3,2,0,0,BB,ARG,Online TA,TA/TO,0,0,0,F,F,1,No Deposit,9,NULL,0,Transient,190.8,0,2,Check-Out,2016-10-16
City Hotel,0,3,2016,October,42,12,0,4,2,0,0,BB,CHE,Online TA,TA/TO,0,0,0,D,D,0,No Deposit,9,NULL,0,Transient,175.0,0,3,Check-Out,2016-10-16
City Hotel,0,110,2016,October,42,14,0,2,2,0,0,BB,GBR,Online TA,TA/TO,0,0,0,F,F,0,No Deposit,8,NULL,0,Transient-Party,190.8,0,1,Check-Out,2016-10-16
City Hotel,0,110,2016,October,42,14,0,2,2,0,0,BB,GBR,Online TA,TA/TO,0,0,0,F,F,0,No Deposit,8,NULL,0,Transient-Party,190.8,0,2,Check-Out,2016-10-16
City Hotel,0,35,2016,October,42,12,0,4,2,0,0,BB,BRA,Online TA,TA/TO,0,0,0,D,D,0,No Deposit,9,NULL,0,Transient,170.0,0,2,Check-Out,2016-10-16
City Hotel,0,5,2016,October,42,14,0,2,2,0,0,BB,DEU,Online TA,TA/TO,0,0,0,D,D,0,No Deposit,9,NULL,0,Transient,175.0,0,2,Check-Out,2016-10-16
City Hotel,0,100,2016,October,42,13,0,3,2,0,0,BB,USA,Direct,Direct,0,0,0,E,F,4,No Deposit,14,NULL,0,Transient,152.46,0,0,Check-Out,2016-10-16
City Hotel,0,83,2016,October,42,13,1,3,1,0,0,BB,GBR,Direct,Direct,0,0,0,E,E,0,No Deposit,14,NULL,0,Transient,152.78,0,0,Check-Out,2016-10-17
City Hotel,0,122,2016,October,42,12,1,4,3,0,0,BB,DEU,Online TA,TA/TO,0,0,0,D,D,0,No Deposit,9,NULL,0,Transient,151.2,0,2,Check-Out,2016-10-17
City Hotel,0,33,2016,October,42,14,1,2,2,2,0,BB,BRA,Online TA,TA/TO,0,0,0,F,F,0,No Deposit,9,NULL,0,Transient,235.33,0,0,Check-Out,2016-10-17
City Hotel,0,53,2016,October,41,8,3,6,2,0,0,BB,USA,Direct,Direct,0,0,0,G,G,0,No Deposit,14,NULL,0,Transient,223.2,0,1,Check-Out,2016-10-17
City Hotel,0,39,2016,October,42,13,1,3,1,0,0,BB,SWE,Direct,Direct,0,0,0,E,E,0,No Deposit,14,NULL,0,Transient,157.95,0,0,Check-Out,2016-10-17
City Hotel,0,108,2016,October,42,14,1,2,1,2,0,BB,DEU,Online TA,TA/TO,0,0,0,F,G,0,No Deposit,9,NULL,0,Transient,190.8,0,1,Check-Out,2016-10-17
City Hotel,0,26,2016,October,42,15,1,1,2,0,0,BB,FRA,Online TA,TA/TO,0,0,0,D,D,0,No Deposit,9,NULL,0,Transient,159.0,0,2,Check-Out,2016-10-17
City Hotel,0,37,2016,October,42,15,1,1,3,0,0,BB,ESP,Online TA,TA/TO,0,0,0,D,D,0,No Deposit,9,NULL,0,Transient,175.5,0,1,Check-Out,2016-10-17
City Hotel,0,53,2016,October,42,15,1,1,2,0,0,BB,PRT,Online TA,TA/TO,0,0,0,D,E,1,No Deposit,9,NULL,0,Transient,183.5,1,1,Check-Out,2016-10-17
City Hotel,0,35,2016,October,42,15,1,1,3,0,0,BB,PRT,Online TA,TA/TO,0,0,0,D,E,0,No Deposit,9,NULL,0,Transient,175.5,0,1,Check-Out,2016-10-17
City Hotel,0,108,2016,October,42,14,1,2,1,2,0,BB,DEU,Online TA,TA/TO,0,0,0,F,F,0,No Deposit,9,NULL,0,Transient,190.8,0,1,Check-Out,2016-10-17
City Hotel,0,12,2016,October,43,16,1,0,2,0,0,BB,FRA,Online TA,TA/TO,0,0,0,A,A,0,No Deposit,9,NULL,0,Transient,160.0,0,1,Check-Out,2016-10-17
City Hotel,0,38,2016,October,42,15,2,1,2,0,0,BB,DEU,Direct,Direct,0,0,0,D,D,0,No Deposit,14,NULL,0,Transient,157.33,0,0,Check-Out,2016-10-18
City Hotel,0,160,2016,October,42,13,2,3,2,0,0,BB,FRA,Online TA,TA/TO,0,0,0,D,D,0,No Deposit,9,NULL,0,Transient,200.7,0,2,Check-Out,2016-10-18
City Hotel,0,45,2016,October,43,17,1,0,3,0,0,BB,DEU,Online TA,TA/TO,0,0,0,D,D,0,No Deposit,9,NULL,0,Transient,185.4,1,2,Check-Out,2016-10-18
City Hotel,0,13,2016,October,42,15,2,1,2,0,0,BB,FRA,Online TA,TA/TO,0,0,0,A,A,0,No Deposit,9,NULL,0,Transient,160.0,0,2,Check-Out,2016-10-18
City Hotel,0,50,2016,October,43,18,0,1,3,0,0,BB,DEU,Online TA,TA/TO,0,0,0,D,D,0,No Deposit,9,NULL,0,Transient,158.4,0,1,Check-Out,2016-10-19
City Hotel,0,60,2016,October,42,15,2,2,3,0,0,BB,CHE,Online TA,TA/TO,0,0,0,D,D,0,No Deposit,9,NULL,0,Transient,151.2,0,2,Check-Out,2016-10-19
City Hotel,0,48,2016,October,42,15,2,2,2,0,0,HB,FRA,Online TA,TA/TO,0,0,0,D,D,0,No Deposit,9,NULL,0,Transient,173.7,0,2,Check-Out,2016-10-19
City Hotel,0,1,2016,October,43,18,0,1,2,0,1,BB,ESP,Direct,Direct,0,0,0,D,D,0,No Deposit,NULL,NULL,0,Transient,159.0,0,0,Check-Out,2016-10-19
City Hotel,0,48,2016,October,42,15,2,2,3,0,0,BB,GBR,Online TA,TA/TO,0,0,0,D,D,0,No Deposit,9,NULL,0,Transient,158.4,0,0,Check-Out,2016-10-19
City Hotel,0,52,2016,October,43,17,1,1,3,0,0,BB,DEU,Online TA,TA/TO,0,0,0,D,D,1,No Deposit,9,NULL,0,Transient,158.4,0,2,Check-Out,2016-10-19
City Hotel,0,25,2016,October,43,17,1,1,2,0,0,SC,DEU,Online TA,TA/TO,0,0,0,A,A,0,No Deposit,9,NULL,0,Transient,154.0,0,1,Check-Out,2016-10-19
City Hotel,0,48,2016,October,43,17,1,1,3,0,0,BB,DEU,Online TA,TA/TO,0,0,0,D,D,0,No Deposit,9,NULL,0,Transient,158.4,0,2,Check-Out,2016-10-19
City Hotel,0,95,2016,October,43,17,1,2,3,0,0,BB,DEU,Online TA,TA/TO,0,0,0,D,D,0,No Deposit,9,NULL,0,Transient,151.2,0,2,Check-Out,2016-10-20
City Hotel,0,27,2016,October,43,17,1,2,2,0,0,HB,NLD,Online TA,TA/TO,0,0,0,A,A,0,No Deposit,9,NULL,0,Transient,177.0,0,2,Check-Out,2016-10-20
City Hotel,0,43,2016,October,43,17,1,2,3,0,0,BB,DEU,Direct,Direct,0,0,0,D,D,0,No Deposit,14,NULL,0,Transient,179.63,0,1,Check-Out,2016-10-20
City Hotel,0,43,2016,October,43,17,1,2,3,0,0,BB,DEU,Direct,Direct,0,0,0,D,D,0,No Deposit,14,NULL,0,Transient,179.63,0,1,Check-Out,2016-10-20
City Hotel,0,26,2016,October,43,17,1,2,2,0,0,HB,ESP,Online TA,TA/TO,0,0,0,A,A,0,No Deposit,9,NULL,0,Transient,180.0,0,2,Check-Out,2016-10-20
City Hotel,0,79,2016,October,43,16,2,2,3,0,0,BB,NLD,Online TA,TA/TO,0,0,0,D,D,0,No Deposit,9,NULL,0,Transient,151.2,0,1,Check-Out,2016-10-20
City Hotel,0,127,2016,October,43,18,0,2,3,0,0,BB,NLD,Online TA,TA/TO,0,0,0,D,D,0,No Deposit,9,NULL,0,Transient,160.2,1,1,Check-Out,2016-10-20
City Hotel,0,1,2016,October,43,18,0,2,1,0,0,BB,DEU,Online TA,TA/TO,0,0,0,A,A,0,No Deposit,9,NULL,0,Transient,154.5,0,0,Check-Out,2016-10-20
City Hotel,0,28,2016,October,43,18,0,3,2,1,0,BB,NLD,Online TA,TA/TO,0,0,0,F,F,0,No Deposit,7,NULL,0,Transient,160.2,0,1,Check-Out,2016-10-21
City Hotel,0,57,2016,October,43,17,1,3,3,0,0,BB,CHE,Online TA,TA/TO,0,0,0,D,D,0,No Deposit,9,NULL,0,Transient,158.4,0,1,Check-Out,2016-10-21
City Hotel,0,154,2016,October,43,17,1,3,3,0,0,BB,DEU,Online TA,TA/TO,0,0,0,D,D,0,No Deposit,9,NULL,0,Transient,151.2,0,2,Check-Out,2016-10-21
City Hotel,0,39,2016,October,43,17,1,3,3,0,0,BB,DNK,Online TA,TA/TO,0,0,0,G,G,0,No Deposit,8,NULL,0,Transient,242.77,0,1,Check-Out,2016-10-21
City Hotel,0,67,2016,October,43,17,1,3,3,0,0,BB,PRT,Online TA,TA/TO,0,0,0,D,D,0,No Deposit,9,NULL,0,Transient,151.2,0,2,Check-Out,2016-10-21
City Hotel,0,119,2016,October,43,16,2,3,3,0,0,BB,DEU,Online TA,TA/TO,0,0,0,D,D,0,No Deposit,9,NULL,0,Transient,151.2,0,2,Check-Out,2016-10-21
City Hotel,0,9,2016,October,43,17,1,3,2,0,0,BB,ESP,Online TA,TA/TO,0,0,0,A,A,0,No Deposit,9,NULL,0,Transient,155.0,0,1,Check-Out,2016-10-21
City Hotel,0,45,2016,October,43,17,1,3,1,2,0,BB,CHE,Direct,Direct,0,0,0,E,E,0,No Deposit,14,NULL,0,Transient,182.18,0,0,Check-Out,2016-10-21
City Hotel,0,1,2016,October,43,16,2,3,2,0,0,BB,FRA,Online TA,TA/TO,0,0,0,A,A,0,No Deposit,9,NULL,0,Transient,156.0,0,1,Check-Out,2016-10-21
City Hotel,0,69,2016,October,43,16,2,3,2,1,0,BB,DEU,Online TA,TA/TO,0,0,0,F,F,0,No Deposit,7,NULL,0,Transient,153.05,0,1,Check-Out,2016-10-21
City Hotel,0,50,2016,October,43,16,2,3,2,2,0,BB,FIN,Online TA,TA/TO,0,0,0,F,F,0,No Deposit,9,NULL,0,Transient,198.0,0,3,Check-Out,2016-10-21
City Hotel,0,86,2016,October,43,20,0,3,4,0,0,BB,CHE,Online TA,TA/TO,0,0,0,G,G,1,No Deposit,7,NULL,0,Transient,192.86,0,1,Check-Out,2016-10-23
City Hotel,0,132,2016,October,43,21,0,1,2,0,0,BB,BRA,Online TA,TA/TO,0,0,0,A,E,1,No Deposit,9,NULL,0,Transient,179.0,1,3,Check-Out,2016-10-22
City Hotel,0,7,2016,October,43,18,0,4,2,0,0,BB,TUR,Online TA,TA/TO,0,0,0,A,A,0,No Deposit,9,NULL,0,Transient,160.0,0,1,Check-Out,2016-10-22
City Hotel,0,5,2016,October,43,20,0,2,2,0,0,BB,BEL,Online TA,TA/TO,0,0,0,A,A,0,No Deposit,9,NULL,0,Transient,160.0,0,3,Check-Out,2016-10-22
City Hotel,0,40,2016,October,43,21,0,1,3,0,0,BB,CHE,Online TA,TA/TO,0,0,0,D,D,0,No Deposit,9,NULL,0,Transient,196.0,0,1,Check-Out,2016-10-22
City Hotel,0,5,2016,October,43,17,1,4,2,0,0,BB,FRA,Online TA,TA/TO,0,0,0,A,A,0,No Deposit,9,NULL,0,Transient,160.0,0,2,Check-Out,2016-10-22
City Hotel,0,66,2016,October,43,20,0,2,2,2,0,BB,RUS,Online TA,TA/TO,0,0,0,F,F,0,No Deposit,9,NULL,0,Transient,190.8,0,1,Check-Out,2016-10-22
City Hotel,0,4,2016,October,43,17,1,4,2,0,0,BB,FRA,Online TA,TA/TO,0,0,0,A,A,0,No Deposit,9,NULL,0,Transient,160.0,0,1,Check-Out,2016-10-22
City Hotel,0,18,2016,October,43,21,0,1,2,0,0,BB,FRA,Online TA,TA/TO,0,0,0,A,A,0,No Deposit,9,NULL,0,Transient,160.0,0,1,Check-Out,2016-10-22
City Hotel,0,2,2016,October,43,19,0,3,3,1,0,BB,FRA,Online TA,TA/TO,0,0,0,F,F,0,No Deposit,7,NULL,0,Transient,198.28,0,1,Check-Out,2016-10-22
City Hotel,0,129,2016,October,42,15,2,5,3,0,0,BB,FRA,Direct,Direct,0,0,0,G,G,0,No Deposit,14,NULL,0,Transient,203.0,0,0,Check-Out,2016-10-22
City Hotel,0,41,2016,October,42,15,2,5,2,2,0,BB,GBR,Online TA,TA/TO,0,0,0,G,G,0,No Deposit,8,NULL,0,Transient,249.63,0,1,Check-Out,2016-10-22
City Hotel,0,6,2016,October,43,20,0,3,2,0,0,BB,GBR,Online TA,TA/TO,0,0,0,A,A,0,No Deposit,9,NULL,0,Transient,160.0,0,2,Check-Out,2016-10-23
City Hotel,0,10,2016,October,43,19,0,4,2,1,0,BB,NLD,Online TA,TA/TO,0,0,0,A,A,0,No Deposit,9,NULL,0,Transient,180.0,0,1,Check-Out,2016-10-23
City Hotel,0,12,2016,October,43,21,0,2,2,1,0,BB,DEU,Online TA,TA/TO,0,0,0,A,A,0,No Deposit,9,NULL,0,Transient,180.0,0,1,Check-Out,2016-10-23
City Hotel,0,88,2016,October,43,20,0,3,3,0,0,BB,GBR,Online TA,TA/TO,0,0,0,D,D,1,No Deposit,9,NULL,0,Transient,151.2,0,1,Check-Out,2016-10-23
City Hotel,0,15,2016,October,43,21,0,2,2,1,0,BB,FRA,Online TA,TA/TO,0,0,0,A,A,1,No Deposit,9,NULL,0,Transient,180.0,0,2,Check-Out,2016-10-23
City Hotel,0,153,2016,October,43,17,2,5,3,0,0,BB,IRL,Online TA,TA/TO,0,0,0,D,D,8,No Deposit,9,NULL,0,Transient,151.2,0,3,Check-Out,2016-10-24
City Hotel,0,71,2016,October,43,22,1,1,3,0,0,HB,CN,Offline TA/TO,TA/TO,0,0,0,D,D,0,No Deposit,39,NULL,0,Transient-Party,183.5,0,0,Check-Out,2016-10-24
City Hotel,0,18,2016,October,43,22,1,1,2,2,0,BB,GBR,Online TA,TA/TO,0,0,0,G,G,0,No Deposit,8,NULL,0,Transient,300.0,0,4,Check-Out,2016-10-24
City Hotel,0,128,2016,October,43,18,1,5,3,0,0,BB,BEL,Online TA,TA/TO,0,0,0,D,D,0,No Deposit,9,NULL,0,Transient,151.2,0,1,Check-Out,2016-10-24
City Hotel,0,79,2016,October,43,20,1,3,3,0,0,BB,ISR,Online TA,TA/TO,0,0,0,D,D,0,No Deposit,9,NULL,0,Transient,151.2,0,3,Check-Out,2016-10-24
City Hotel,0,48,2016,October,43,22,1,1,3,0,0,BB,FRA,Online TA,TA/TO,0,0,0,F,F,0,No Deposit,7,NULL,0,Transient,158.0,0,1,Check-Out,2016-10-24
City Hotel,0,55,2016,October,43,18,1,5,2,2,0,BB,ESP,Online TA,TA/TO,0,0,0,F,F,0,No Deposit,9,NULL,0,Transient,207.0,1,2,Check-Out,2016-10-24
City Hotel,0,146,2016,October,43,19,1,4,3,0,0,HB,FRA,Online TA,TA/TO,0,0,0,D,D,0,No Deposit,9,NULL,0,Transient,202.5,0,1,Check-Out,2016-10-24
City Hotel,0,146,2016,October,43,19,1,4,2,0,0,HB,FRA,Online TA,TA/TO,0,0,0,D,D,0,No Deposit,9,NULL,0,Transient,166.5,0,2,Check-Out,2016-10-24
City Hotel,0,14,2016,October,43,22,1,1,2,1,0,BB,NLD,Online TA,TA/TO,0,0,0,F,F,0,No Deposit,7,NULL,0,Transient,168.25,0,1,Check-Out,2016-10-24
City Hotel,0,80,2016,October,43,21,2,2,3,0,0,BB,FRA,Online TA,TA/TO,0,0,0,D,D,0,No Deposit,9,NULL,0,Transient,151.2,0,0,Check-Out,2016-10-25
City Hotel,0,71,2016,October,43,22,2,1,2,2,0,BB,CHE,Online TA,TA/TO,0,0,0,F,F,0,No Deposit,9,NULL,0,Transient,190.8,0,1,Check-Out,2016-10-25
City Hotel,0,4,2016,October,44,25,0,2,2,1,0,BB,FRA,Online TA,TA/TO,0,0,0,A,A,0,No Deposit,9,NULL,0,Transient,169.0,1,1,Check-Out,2016-10-27
City Hotel,0,66,2016,October,44,24,1,2,2,2,0,BB,NLD,Online TA,TA/TO,0,0,0,G,G,0,No Deposit,7,NULL,0,Transient,184.52,0,1,Check-Out,2016-10-27
City Hotel,0,66,2016,October,44,23,2,2,2,1,0,BB,GBR,Online TA,TA/TO,0,0,0,G,G,0,No Deposit,8,NULL,0,Transient,213.1,0,1,Check-Out,2016-10-27
City Hotel,0,54,2016,October,44,24,1,3,2,0,0,BB,BEL,Direct,Direct,0,0,0,E,E,0,No Deposit,14,NULL,0,Transient,155.7,1,1,Check-Out,2016-10-28
City Hotel,0,100,2016,October,44,24,1,3,2,1,0,HB,DEU,Online TA,TA/TO,0,0,0,F,F,0,No Deposit,9,NULL,0,Transient,221.18,0,0,Check-Out,2016-10-28
City Hotel,0,176,2016,October,44,24,1,3,2,2,0,BB,FRA,Online TA,TA/TO,0,0,0,F,F,0,No Deposit,9,NULL,0,Transient,169.88,0,3,Check-Out,2016-10-28
City Hotel,0,92,2016,October,43,17,3,8,1,2,0,HB,DEU,Direct,Direct,0,0,0,D,D,1,No Deposit,14,NULL,0,Transient,187.09,0,0,Check-Out,2016-10-28
City Hotel,0,86,2016,October,44,24,1,3,2,2,0,HB,FRA,Online TA,TA/TO,0,0,0,F,F,0,No Deposit,9,NULL,0,Transient,221.18,0,0,Check-Out,2016-10-28
City Hotel,0,7,2016,October,44,27,0,1,2,1,0,BB,SVN,Online TA,TA/TO,0,0,0,A,E,0,No Deposit,9,NULL,0,Transient,160.0,0,2,Check-Out,2016-10-28
City Hotel,0,26,2016,October,44,27,0,2,3,0,0,BB,EST,Online TA,TA/TO,0,0,0,A,A,1,No Deposit,9,NULL,0,Transient,165.0,0,0,Check-Out,2016-10-29
City Hotel,0,197,2016,October,44,28,0,1,2,2,0,BB,GBR,Online TA,TA/TO,0,0,0,F,F,0,No Deposit,9,NULL,0,Transient,168.3,0,1,Check-Out,2016-10-29
City Hotel,0,213,2016,October,43,22,2,5,2,2,0,BB,FRA,Online TA,TA/TO,0,0,0,G,G,0,No Deposit,7,NULL,0,Transient,175.14,0,1,Check-Out,2016-10-29
City Hotel,0,184,2016,October,44,25,0,4,2,2,0,BB,HRV,Online TA,TA/TO,0,0,0,F,F,0,No Deposit,9,NULL,0,Transient,162.9,0,1,Check-Out,2016-10-29
City Hotel,0,12,2016,October,44,26,0,4,2,2,0,BB,GBR,Direct,Direct,0,0,0,E,E,0,No Deposit,NULL,NULL,0,Transient,168.0,0,0,Check-Out,2016-10-30
City Hotel,0,0,2016,October,44,29,0,1,2,1,1,BB,FRA,Direct,Direct,0,0,0,F,F,1,No Deposit,14,NULL,0,Transient,239.0,1,1,Check-Out,2016-10-30
City Hotel,0,37,2016,October,44,27,0,3,2,0,0,BB,ESP,Online TA,TA/TO,0,0,0,D,D,1,No Deposit,9,NULL,0,Transient,153.0,1,3,Check-Out,2016-10-30
City Hotel,0,1,2016,October,44,29,0,1,3,0,0,HB,BRA,Online TA,TA/TO,0,0,0,D,D,0,No Deposit,7,NULL,0,Transient,203.81,0,1,Check-Out,2016-10-30
City Hotel,0,5,2016,October,44,28,1,2,2,0,0,HB,ESP,Online TA,TA/TO,0,0,0,A,B,0,No Deposit,9,NULL,0,Transient,200.33,1,2,Check-Out,2016-10-31
City Hotel,0,5,2016,October,44,28,1,2,2,0,0,HB,FRA,Online TA,TA/TO,0,0,0,A,B,0,No Deposit,9,NULL,0,Transient,200.33,0,2,Check-Out,2016-10-31
City Hotel,0,52,2016,October,44,28,1,2,2,2,0,BB,FRA,Online TA,TA/TO,0,0,0,G,G,0,No Deposit,7,NULL,0,Transient,192.59,0,1,Check-Out,2016-10-31
City Hotel,0,4,2016,October,44,28,1,2,2,2,0,BB,PRT,Online TA,TA/TO,0,0,0,F,F,0,No Deposit,9,NULL,0,Transient,233.33,0,0,Check-Out,2016-10-31
City Hotel,0,8,2016,October,44,29,1,1,2,1,0,BB,GBR,Online TA,TA/TO,0,0,0,A,D,2,No Deposit,9,NULL,0,Transient,170.0,0,2,Check-Out,2016-10-31
City Hotel,0,1,2016,October,44,28,1,2,2,2,0,BB,DZA,Online TA,TA/TO,0,0,0,F,F,0,No Deposit,7,NULL,0,Transient,211.76,0,1,Check-Out,2016-10-31
City Hotel,0,5,2016,October,44,27,1,3,1,0,0,BB,SWE,Online TA,TA/TO,0,0,0,A,K,0,No Deposit,9,NULL,0,Transient,159.0,0,2,Check-Out,2016-10-31
City Hotel,0,9,2016,October,45,30,2,0,2,0,0,HB,FRA,Online TA,TA/TO,0,0,0,A,B,0,No Deposit,9,NULL,0,Transient,178.0,0,2,Check-Out,2016-11-01
City Hotel,0,32,2016,October,44,29,2,1,2,1,0,BB,ESP,Online TA,TA/TO,0,0,0,G,G,0,No Deposit,7,NULL,0,Transient,214.21,0,1,Check-Out,2016-11-01
City Hotel,0,5,2016,October,44,29,2,1,2,2,0,BB,ESP,Direct,Direct,0,0,0,E,E,0,No Deposit,14,NULL,0,Transient,178.58,1,0,Check-Out,2016-11-01
City Hotel,0,7,2016,October,44,29,2,1,2,0,0,HB,ESP,Online TA,TA/TO,0,0,0,A,A,0,No Deposit,7,NULL,0,Transient,151.19,0,1,Check-Out,2016-11-01
City Hotel,0,8,2016,October,44,29,2,1,2,2,0,BB,PRT,Online TA,TA/TO,0,0,0,F,F,0,No Deposit,7,NULL,0,Transient,188.01,0,1,Check-Out,2016-11-01
City Hotel,0,79,2016,October,43,21,4,7,2,2,0,BB,FRA,Online TA,TA/TO,0,0,0,F,F,0,No Deposit,9,NULL,0,Transient,172.23,0,1,Check-Out,2016-11-01
City Hotel,0,54,2016,October,44,28,2,2,2,0,0,BB,ESP,Online TA,TA/TO,0,0,0,G,G,0,No Deposit,8,NULL,0,Transient,191.2,0,1,Check-Out,2016-11-01
City Hotel,0,0,2016,November,45,1,0,1,2,0,0,BB,PRT,Direct,Direct,0,0,0,D,D,1,No Deposit,NULL,NULL,0,Transient,160.0,0,0,Check-Out,2016-11-02
City Hotel,0,98,2016,October,45,30,2,1,2,2,0,BB,SVN,Online TA,TA/TO,0,0,0,F,F,0,No Deposit,9,NULL,0,Transient,156.6,0,1,Check-Out,2016-11-02
City Hotel,0,178,2016,October,44,28,2,3,2,2,0,BB,FRA,Online TA,TA/TO,0,0,0,F,F,0,No Deposit,9,NULL,0,Transient,162.9,0,2,Check-Out,2016-11-02
City Hotel,0,17,2016,October,45,30,2,2,3,0,0,BB,BEL,Online TA,TA/TO,0,0,0,F,F,0,No Deposit,7,NULL,0,Transient,153.62,0,1,Check-Out,2016-11-03
City Hotel,0,130,2016,October,45,31,1,2,2,1,0,BB,LUX,Online TA,TA/TO,0,0,0,F,F,1,No Deposit,9,NULL,0,Transient,153.3,0,1,Check-Out,2016-11-03
City Hotel,0,130,2016,October,45,31,1,2,2,2,0,BB,LUX,Online TA,TA/TO,0,0,0,F,F,0,No Deposit,9,NULL,0,Transient,153.3,0,2,Check-Out,2016-11-03
City Hotel,0,16,2016,October,45,31,1,3,2,0,0,HB,FRA,Direct,Direct,0,0,0,A,A,1,No Deposit,14,NULL,0,Transient,161.0,0,0,Check-Out,2016-11-04
City Hotel,0,8,2016,November,45,5,0,1,3,0,0,BB,CHN,Offline TA/TO,TA/TO,0,0,0,A,A,1,No Deposit,359,NULL,0,Transient-Party,160.0,0,0,Check-Out,2016-11-06
City Hotel,0,38,2016,November,45,4,0,2,2,2,0,BB,ESP,Online TA,TA/TO,0,0,0,F,F,0,No Deposit,9,NULL,0,Transient,187.0,1,0,Check-Out,2016-11-06
City Hotel,0,35,2016,November,45,4,1,2,2,0,0,BB,FRA,Direct,Direct,0,0,0,D,D,0,No Deposit,14,NULL,0,Transient,155.0,0,3,Check-Out,2016-11-07
City Hotel,0,6,2016,November,46,7,1,0,1,0,0,BB,GBR,Online TA,TA/TO,0,0,0,A,A,0,No Deposit,9,NULL,0,Transient,197.0,0,0,Check-Out,2016-11-08
City Hotel,0,18,2016,November,46,6,2,0,2,0,0,BB,AUT,Online TA,TA/TO,0,0,0,A,A,0,No Deposit,9,NULL,0,Transient,155.0,0,2,Check-Out,2016-11-08
City Hotel,0,1,2016,November,46,6,2,0,3,0,0,BB,CHE,Online TA,TA/TO,0,0,0,D,D,0,No Deposit,9,NULL,0,Transient,232.5,0,1,Check-Out,2016-11-08
City Hotel,0,5,2016,November,46,8,0,1,2,0,0,BB,PRT,Online TA,TA/TO,0,0,0,D,D,0,No Deposit,9,NULL,0,Transient,224.0,1,3,Check-Out,2016-11-09
City Hotel,0,26,2016,November,46,7,1,1,1,0,0,BB,FRA,Online TA,TA/TO,0,0,0,A,A,0,No Deposit,7,NULL,0,Transient,153.23,0,1,Check-Out,2016-11-09
City Hotel,0,26,2016,November,46,7,1,1,1,0,0,BB,FRA,Online TA,TA/TO,0,0,0,A,A,0,No Deposit,7,NULL,0,Transient,153.23,0,1,Check-Out,2016-11-09
City Hotel,0,14,2016,November,46,7,1,1,1,0,0,BB,BEL,Online TA,TA/TO,0,0,0,A,A,0,No Deposit,9,NULL,0,Transient,189.5,0,1,Check-Out,2016-11-09
City Hotel,0,7,2016,November,46,7,1,1,2,0,0,BB,FRA,Online TA,TA/TO,0,0,0,D,D,0,No Deposit,9,NULL,0,Transient,215.0,0,1,Check-Out,2016-11-09
City Hotel,0,16,2016,November,46,6,2,1,1,0,0,BB,CN,Online TA,TA/TO,0,0,0,A,A,0,No Deposit,9,NULL,0,Transient,163.17,0,2,Check-Out,2016-11-09
City Hotel,0,90,2016,November,46,7,1,1,2,0,0,BB,PRT,Online TA,TA/TO,0,0,0,A,A,0,No Deposit,9,NULL,0,Transient,171.9,0,1,Check-Out,2016-11-09
City Hotel,0,106,2016,November,46,8,0,1,2,0,0,BB,DEU,Online TA,TA/TO,0,0,0,A,A,0,No Deposit,9,NULL,0,Transient,171.9,0,1,Check-Out,2016-11-09
City Hotel,0,1,2016,November,46,8,0,1,1,0,0,BB,ESP,Corporate,Corporate,0,0,0,A,A,0,No Deposit,NULL,362,0,Transient,161.88,0,0,Check-Out,2016-11-09
City Hotel,0,24,2016,November,45,5,2,3,2,0,0,BB,PRT,Online TA,TA/TO,0,0,0,D,D,0,No Deposit,9,NULL,0,Transient,174.9,0,3,Check-Out,2016-11-10
City Hotel,0,75,2016,November,46,7,1,2,3,0,0,BB,PRT,Online TA,TA/TO,0,0,0,A,A,2,No Deposit,83,NULL,0,Transient,157.25,0,3,Check-Out,2016-11-10
City Hotel,0,209,2016,November,46,6,2,2,1,0,0,BB,SVK,Online TA,TA/TO,0,0,0,A,A,0,No Deposit,9,NULL,0,Transient-Party,152.1,0,1,Check-Out,2016-11-10
City Hotel,0,2,2016,November,46,9,0,1,1,0,0,BB,DEU,Direct,Direct,0,0,0,A,A,0,No Deposit,NULL,NULL,0,Transient,175.0,0,0,Check-Out,2016-11-10
City Hotel,0,13,2016,November,46,8,0,2,1,0,0,BB,GBR,Corporate,Corporate,0,0,0,A,A,0,No Deposit,NULL,NULL,0,Transient,161.0,0,0,Check-Out,2016-11-10
City Hotel,0,15,2016,November,46,8,0,2,1,0,0,BB,GBR,Direct,Direct,0,0,0,A,A,1,No Deposit,14,NULL,0,Transient,190.0,0,0,Check-Out,2016-11-10
City Hotel,0,95,2016,November,46,7,1,2,2,0,0,BB,DNK,Online TA,TA/TO,0,0,0,D,D,0,No Deposit,9,NULL,0,Transient,185.4,0,1,Check-Out,2016-11-10
City Hotel,0,24,2016,November,46,10,0,1,2,0,0,BB,PRT,Direct,Direct,0,0,0,D,D,1,No Deposit,NULL,NULL,0,Transient,185.4,0,1,Check-Out,2016-11-11
City Hotel,0,34,2016,November,46,6,2,2,2,0,0,BB,FIN,Direct,Direct,0,0,0,A,K,0,No Deposit,NULL,NULL,0,Transient,176.25,0,0,Check-Out,2016-11-10
City Hotel,0,15,2016,November,46,8,0,2,1,0,0,BB,GBR,Direct,Direct,0,0,0,A,A,2,No Deposit,14,NULL,0,Transient,190.0,0,1,Check-Out,2016-11-10
City Hotel,0,6,2016,November,46,9,0,1,2,0,0,BB,JPN,Corporate,Corporate,0,0,0,A,A,0,No Deposit,NULL,358,0,Transient,179.38,0,0,Check-Out,2016-11-10
City Hotel,0,34,2016,November,46,7,1,2,1,0,0,BB,DEU,Online TA,GDS,0,0,0,A,A,0,No Deposit,195,NULL,0,Transient,169.2,0,0,Check-Out,2016-11-10
City Hotel,0,23,2016,November,46,6,2,2,1,0,0,BB,NLD,Online TA,GDS,0,0,0,A,A,0,No Deposit,195,NULL,0,Transient,180.25,0,0,Check-Out,2016-11-10
City Hotel,0,61,2016,November,46,8,0,2,1,0,0,BB,FRA,Direct,Direct,0,0,0,D,D,0,No Deposit,14,NULL,0,Transient,205.0,0,1,Check-Out,2016-11-10
City Hotel,0,21,2016,November,46,7,1,2,2,0,0,BB,NLD,Online TA,TA/TO,0,0,0,A,A,1,No Deposit,9,NULL,0,Transient,200.0,0,1,Check-Out,2016-11-10
City Hotel,0,34,2016,November,46,7,1,2,1,0,0,BB,DEU,Online TA,GDS,0,0,0,A,A,0,No Deposit,195,NULL,0,Transient,169.2,0,0,Check-Out,2016-11-10
City Hotel,0,23,2016,November,46,6,2,2,1,0,0,BB,NLD,Online TA,GDS,0,0,0,A,A,0,No Deposit,195,NULL,0,Transient,180.25,0,0,Check-Out,2016-11-10
City Hotel,0,61,2016,November,46,8,0,2,1,0,0,BB,FRA,Direct,Direct,0,0,0,D,D,0,No Deposit,14,NULL,0,Transient,179.38,0,0,Check-Out,2016-11-10
City Hotel,0,11,2016,November,46,7,1,2,2,0,0,BB,FRA,Online TA,TA/TO,0,0,0,A,A,0,No Deposit,9,NULL,0,Transient,205.0,0,2,Check-Out,2016-11-10
City Hotel,0,63,2016,November,46,7,1,2,1,0,0,BB,FRA,Online TA,TA/TO,0,0,0,F,F,0,No Deposit,159,NULL,0,Transient,193.68,0,0,Check-Out,2016-11-10
City Hotel,0,27,2016,November,46,7,1,2,1,0,0,BB,ESP,Direct,Direct,0,0,0,A,A,1,No Deposit,14,NULL,0,Transient-Party,195.0,0,0,Check-Out,2016-11-10
City Hotel,0,41,2016,November,46,7,1,2,1,0,0,BB,ESP,Online TA,GDS,0,0,0,A,A,0,No Deposit,195,NULL,0,Transient,169.2,0,0,Check-Out,2016-11-10
City Hotel,0,146,2016,November,46,6,2,2,2,0,0,BB,GBR,Direct,Direct,0,0,0,D,D,0,No Deposit,14,NULL,0,Transient,161.33,0,1,Check-Out,2016-11-10
City Hotel,0,27,2016,November,46,7,1,2,1,0,0,BB,BEL,Direct,Direct,0,0,0,A,A,1,No Deposit,14,361,0,Transient-Party,195.0,0,0,Check-Out,2016-11-10
City Hotel,0,123,2016,November,46,6,2,2,2,0,0,BB,ESP,Online TA,TA/TO,0,0,0,A,A,0,No Deposit,9,NULL,0,Transient,151.43,0,1,Check-Out,2016-11-10
City Hotel,0,21,2016,November,46,7,1,2,2,0,0,BB,NLD,Online TA,TA/TO,0,0,0,A,A,1,No Deposit,9,NULL,0,Transient,200.0,0,1,Check-Out,2016-11-10
City Hotel,0,33,2016,November,46,7,1,2,1,0,0,BB,RUS,Online TA,TA/TO,0,0,0,A,A,0,No Deposit,9,NULL,0,Transient,197.0,0,2,Check-Out,2016-11-10
City Hotel,0,33,2016,November,46,7,1,2,1,0,0,BB,CHE,Online TA,TA/TO,0,0,0,A,A,0,No Deposit,9,NULL,0,Transient,197.0,0,2,Check-Out,2016-11-10
City Hotel,0,63,2016,November,46,7,1,2,1,0,0,BB,FRA,Online TA,TA/TO,0,0,0,F,F,0,No Deposit,159,NULL,0,Transient,193.68,0,0,Check-Out,2016-11-10
City Hotel,0,4,2016,November,46,9,0,1,2,0,0,BB,PRT,Online TA,TA/TO,0,0,0,A,A,0,No Deposit,9,NULL,0,Transient,205.0,0,1,Check-Out,2016-11-10
City Hotel,0,24,2016,November,46,7,1,2,1,0,0,BB,NOR,Online TA,TA/TO,0,0,0,A,A,0,No Deposit,7,NULL,0,Transient,153.23,0,1,Check-Out,2016-11-10
City Hotel,0,18,2016,November,46,7,1,2,1,0,0,BB,GBR,Online TA,TA/TO,0,0,0,D,D,0,No Deposit,9,NULL,0,Transient,210.0,0,2,Check-Out,2016-11-10
City Hotel,0,56,2016,November,46,7,1,2,1,0,0,BB,LVA,Online TA,TA/TO,0,0,0,D,D,0,No Deposit,9,NULL,0,Transient,209.0,0,2,Check-Out,2016-11-10
City Hotel,0,60,2016,November,46,7,1,2,1,0,0,SC,FRA,Online TA,GDS,0,0,0,E,E,0,No Deposit,195,NULL,0,Transient,204.0,0,0,Check-Out,2016-11-10
City Hotel,0,99,2016,November,46,7,1,2,1,0,0,BB,CHE,Online TA,TA/TO,0,0,0,A,A,0,No Deposit,9,NULL,0,Transient,171.9,0,2,Check-Out,2016-11-10
City Hotel,0,99,2016,November,46,7,1,2,2,0,0,SC,FRA,Online TA,TA/TO,0,0,0,A,A,0,No Deposit,9,NULL,0,Transient,161.1,0,2,Check-Out,2016-11-10
City Hotel,0,3,2016,November,46,7,1,2,2,0,0,SC,CN,Direct,Direct,0,0,0,A,A,0,No Deposit,14,NULL,0,Transient,195.0,0,0,Check-Out,2016-11-10
City Hotel,0,15,2016,November,46,7,1,2,2,0,0,BB,SVN,Online TA,TA/TO,0,0,0,A,A,0,No Deposit,9,NULL,0,Transient,200.0,0,2,Check-Out,2016-11-10
City Hotel,0,63,2016,November,46,7,1,2,1,0,0,BB,FRA,Online TA,TA/TO,0,0,0,F,F,0,No Deposit,159,NULL,0,Transient,193.68,0,0,Check-Out,2016-11-10
City Hotel,0,42,2016,November,46,7,1,2,2,0,0,BB,CHL,Online TA,TA/TO,0,0,0,A,A,0,No Deposit,9,NULL,0,Transient,174.25,0,2,Check-Out,2016-11-10
City Hotel,0,209,2016,November,46,6,2,2,1,0,0,BB,SVK,Online TA,TA/TO,0,0,0,A,A,0,No Deposit,9,NULL,0,Transient-Party,152.1,0,1,Check-Out,2016-11-10
City Hotel,0,40,2016,November,46,7,1,2,1,0,0,BB,FRA,Online TA,GDS,0,0,0,A,A,0,No Deposit,195,NULL,0,Transient,169.2,0,0,Check-Out,2016-11-10
City Hotel,0,33,2016,November,46,7,1,2,1,0,0,BB,PRT,Online TA,TA/TO,0,0,0,A,A,0,No Deposit,9,NULL,0,Transient,197.0,0,2,Check-Out,2016-11-10
City Hotel,0,15,2016,November,46,7,1,2,2,0,0,BB,SVN,Online TA,TA/TO,0,0,0,A,A,0,No Deposit,9,NULL,0,Transient,200.0,0,2,Check-Out,2016-11-10
City Hotel,0,13,2016,November,46,8,0,2,1,0,0,BB,GBR,Corporate,Corporate,0,0,0,A,A,0,No Deposit,NULL,NULL,0,Transient,170.0,0,0,Check-Out,2016-11-10
City Hotel,0,21,2016,November,46,7,1,2,1,0,0,BB,NLD,Online TA,TA/TO,0,0,0,D,D,0,No Deposit,9,NULL,0,Transient,210.0,0,1,Check-Out,2016-11-10
City Hotel,0,20,2016,November,46,8,0,2,2,0,0,SC,FRA,Online TA,TA/TO,0,0,0,A,A,0,No Deposit,9,NULL,0,Transient,185.0,0,1,Check-Out,2016-11-10
City Hotel,0,21,2016,November,46,7,1,2,1,0,0,BB,NLD,Online TA,TA/TO,0,0,0,D,D,0,No Deposit,9,NULL,0,Transient,210.0,0,1,Check-Out,2016-11-10
City Hotel,0,145,2016,November,46,7,1,3,2,0,0,BB,USA,Online TA,TA/TO,0,0,0,A,A,0,No Deposit,9,NULL,0,Transient,174.15,1,2,Check-Out,2016-11-11
City Hotel,0,20,2016,November,46,7,1,3,1,0,0,SC,USA,Online TA,TA/TO,0,0,0,A,A,0,No Deposit,9,NULL,0,Transient,171.13,0,2,Check-Out,2016-11-11
City Hotel,0,16,2016,November,46,6,2,3,1,0,0,BB,CN,Online TA,TA/TO,0,0,0,A,A,2,No Deposit,9,NULL,0,Transient,165.6,0,2,Check-Out,2016-11-11
City Hotel,0,16,2016,November,46,6,2,3,1,0,0,SC,EGY,Online TA,TA/TO,0,0,0,A,A,1,No Deposit,9,NULL,0,Transient,155.6,0,2,Check-Out,2016-11-11
City Hotel,0,88,2016,November,46,7,1,3,1,0,0,BB,ITA,Online TA,GDS,0,0,0,A,A,0,No Deposit,195,NULL,0,Transient,167.4,0,1,Check-Out,2016-11-11
City Hotel,0,168,2016,November,46,7,1,3,2,0,0,BB,IRL,Online TA,TA/TO,0,0,0,A,A,0,No Deposit,9,NULL,0,Transient,171.9,0,1,Check-Out,2016-11-11
City Hotel,0,13,2016,November,46,10,0,1,2,0,0,BB,DNK,Online TA,TA/TO,0,0,0,G,G,0,No Deposit,8,NULL,0,Transient,260.0,0,2,Check-Out,2016-11-11
City Hotel,0,76,2016,November,46,6,2,3,2,0,0,SC,KWT,Online TA,TA/TO,0,0,0,A,A,0,No Deposit,9,NULL,0,Transient,153.72,0,1,Check-Out,2016-11-11
City Hotel,0,39,2016,November,46,7,1,3,2,0,0,BB,IRL,Online TA,TA/TO,0,0,0,A,A,0,No Deposit,9,NULL,0,Transient,174.25,0,2,Check-Out,2016-11-11
City Hotel,0,72,2016,November,46,9,0,2,2,0,0,BB,USA,Online TA,TA/TO,0,0,0,A,A,0,No Deposit,9,NULL,0,Transient,175.5,0,2,Check-Out,2016-11-11
City Hotel,0,35,2016,November,46,7,1,3,1,0,0,BB,GBR,Online TA,TA/TO,0,0,0,A,A,0,No Deposit,9,NULL,0,Transient,174.25,0,1,Check-Out,2016-11-11
City Hotel,0,2,2016,October,43,19,6,17,1,0,0,BB,JPN,Corporate,Corporate,0,0,0,E,E,4,No Deposit,NULL,358,0,Transient,170.0,0,0,Check-Out,2016-11-11
City Hotel,0,119,2016,November,46,10,0,1,2,0,0,SC,ITA,Online TA,TA/TO,0,0,0,A,A,0,No Deposit,9,NULL,0,Transient,161.1,0,1,Check-Out,2016-11-11
City Hotel,0,34,2016,November,46,6,2,3,1,0,0,BB,IRL,Online TA,TA/TO,0,0,0,A,A,0,No Deposit,9,NULL,0,Transient,161.5,0,1,Check-Out,2016-11-11
City Hotel,0,119,2016,November,46,10,0,1,2,0,0,SC,ITA,Online TA,TA/TO,0,0,0,A,A,0,No Deposit,9,NULL,0,Transient,161.1,0,1,Check-Out,2016-11-11
City Hotel,0,66,2016,November,46,7,1,3,2,0,0,BB,POL,Online TA,TA/TO,0,0,0,A,A,0,No Deposit,9,NULL,0,Transient,179.1,0,2,Check-Out,2016-11-11
City Hotel,0,66,2016,November,46,7,1,3,2,0,0,BB,POL,Online TA,TA/TO,0,0,0,A,A,0,No Deposit,9,NULL,0,Transient,179.1,0,2,Check-Out,2016-11-11
City Hotel,0,66,2016,November,46,7,1,3,2,0,0,BB,POL,Online TA,TA/TO,0,0,0,A,A,0,No Deposit,9,NULL,0,Transient,179.1,0,2,Check-Out,2016-11-11
City Hotel,0,61,2016,November,46,6,2,3,1,0,0,BB,GBR,Online TA,TA/TO,0,0,0,A,A,0,No Deposit,9,NULL,0,Transient,155.52,0,3,Check-Out,2016-11-11
City Hotel,0,103,2016,November,46,7,1,3,1,0,0,BB,FIN,Online TA,TA/TO,0,0,0,A,B,1,No Deposit,8,NULL,0,Transient,186.0,0,2,Check-Out,2016-11-11
City Hotel,0,62,2016,November,46,6,2,3,1,0,0,BB,CHE,Online TA,TA/TO,0,0,0,A,A,0,No Deposit,9,NULL,0,Transient,155.52,0,1,Check-Out,2016-11-11
City Hotel,0,35,2016,November,46,7,1,3,1,0,0,BB,GBR,Online TA,TA/TO,0,0,0,A,A,0,No Deposit,8,NULL,0,Transient,199.0,0,2,Check-Out,2016-11-11
City Hotel,0,35,2016,November,46,7,1,3,1,0,0,BB,GBR,Online TA,TA/TO,0,0,0,A,A,0,No Deposit,8,NULL,0,Transient,199.0,0,2,Check-Out,2016-11-11
City Hotel,0,93,2016,November,46,7,1,3,2,0,0,BB,GRC,Corporate,Corporate,0,0,0,A,A,0,No Deposit,NULL,356,0,Transient,161.15,1,1,Check-Out,2016-11-11
City Hotel,0,49,2016,November,46,6,2,3,2,0,0,BB,BEL,Online TA,TA/TO,0,0,0,A,A,0,No Deposit,9,NULL,0,Transient,157.76,0,2,Check-Out,2016-11-11
City Hotel,0,53,2016,November,46,7,1,3,2,0,0,BB,FRA,Direct,Direct,0,0,0,A,D,0,No Deposit,NULL,NULL,0,Transient,166.0,0,0,Check-Out,2016-11-11
City Hotel,0,88,2016,November,46,7,1,3,2,0,0,BB,PRT,Direct,Direct,0,0,0,A,A,1,No Deposit,14,NULL,0,Transient,169.65,0,1,Check-Out,2016-11-11
City Hotel,0,16,2016,November,46,6,2,3,1,0,0,BB,DEU,Online TA,TA/TO,0,0,0,A,A,0,No Deposit,9,NULL,0,Transient,169.6,0,1,Check-Out,2016-11-11
City Hotel,0,16,2016,November,46,6,2,3,1,0,0,SC,DEU,Online TA,TA/TO,0,0,0,A,A,1,No Deposit,9,NULL,0,Transient,155.6,0,2,Check-Out,2016-11-11
City Hotel,0,119,2016,November,46,10,0,1,2,0,0,SC,ITA,Online TA,TA/TO,0,0,0,A,A,0,No Deposit,9,NULL,0,Transient,170.1,0,1,Check-Out,2016-11-11
City Hotel,0,139,2016,November,46,7,1,3,2,0,0,BB,CHE,Online TA,TA/TO,0,0,0,A,A,0,No Deposit,9,NULL,0,Transient,171.9,0,1,Check-Out,2016-11-11
City Hotel,0,119,2016,November,46,10,0,1,2,0,0,SC,ITA,Online TA,TA/TO,0,0,0,A,A,0,No Deposit,9,NULL,0,Transient,170.1,0,1,Check-Out,2016-11-11
City Hotel,0,103,2016,November,46,7,1,3,2,0,0,BB,FIN,Online TA,TA/TO,0,0,0,A,B,2,No Deposit,8,NULL,0,Transient,188.5,0,2,Check-Out,2016-11-11
City Hotel,0,103,2016,November,46,7,1,3,1,0,0,BB,FIN,Online TA,TA/TO,0,0,0,A,A,0,No Deposit,8,NULL,0,Transient,187.25,0,2,Check-Out,2016-11-11
City Hotel,0,74,2016,November,46,7,1,3,1,0,0,BB,PRT,Online TA,TA/TO,0,0,0,A,A,2,No Deposit,9,NULL,0,Transient,177.3,0,0,Check-Out,2016-11-11
City Hotel,0,6,2016,November,46,6,2,3,1,0,0,BB,ESP,Online TA,TA/TO,0,0,0,A,A,0,No Deposit,9,NULL,0,Transient,155.2,0,2,Check-Out,2016-11-11
City Hotel,0,6,2016,November,46,6,2,3,1,0,0,BB,ESP,Online TA,TA/TO,0,0,0,A,A,0,No Deposit,9,NULL,0,Transient,164.2,0,2,Check-Out,2016-11-11
City Hotel,0,1,2016,November,46,10,0,1,2,2,0,BB,MAR,Online TA,TA/TO,0,0,0,F,G,0,No Deposit,9,NULL,0,Transient,230.0,0,1,Check-Out,2016-11-11
City Hotel,0,57,2016,November,46,9,0,2,0,0,0,SC,SGP,Direct,Direct,0,0,0,A,K,0,No Deposit,14,NULL,0,Transient,165.38,0,2,Check-Out,2016-11-11
City Hotel,0,74,2016,November,46,7,1,3,0,0,0,SC,LUX,Online TA,TA/TO,0,0,0,A,K,3,No Deposit,9,NULL,0,Transient,168.3,0,1,Check-Out,2016-11-11
City Hotel,0,19,2016,November,46,10,0,2,2,0,0,BB,PRT,Online TA,TA/TO,0,0,0,D,D,0,No Deposit,9,NULL,0,Transient,165.0,0,1,Check-Out,2016-11-12
City Hotel,0,26,2016,November,46,11,0,1,2,0,0,BB,PRT,Online TA,TA/TO,0,0,0,D,D,1,No Deposit,9,NULL,0,Transient,170.0,0,3,Check-Out,2016-11-12
City Hotel,0,1,2016,November,46,8,0,4,2,0,0,SC,AUS,Online TA,TA/TO,0,0,0,A,A,0,No Deposit,9,NULL,0,Transient,159.38,0,2,Check-Out,2016-11-12
City Hotel,0,9,2016,November,46,9,0,3,2,0,0,SC,BEL,Online TA,TA/TO,0,0,0,A,A,0,No Deposit,9,NULL,0,Transient,155.0,0,1,Check-Out,2016-11-12
City Hotel,0,0,2016,November,46,7,1,4,2,0,0,BB,BEL,Direct,Direct,0,0,0,A,A,0,No Deposit,NULL,NULL,0,Transient,189.0,0,0,Check-Out,2016-11-12
City Hotel,0,11,2016,November,46,8,0,4,1,0,0,BB,TWN,Online TA,TA/TO,0,0,0,D,D,0,No Deposit,8,NULL,0,Transient,163.63,0,1,Check-Out,2016-11-12
City Hotel,0,14,2016,November,46,11,0,1,1,0,0,BB,NOR,Online TA,TA/TO,0,0,0,A,A,0,No Deposit,9,NULL,0,Transient,152.0,0,2,Check-Out,2016-11-12
City Hotel,0,3,2016,November,46,9,0,4,2,2,0,BB,FRA,Online TA,TA/TO,0,0,0,F,F,0,No Deposit,9,NULL,0,Transient,246.25,0,1,Check-Out,2016-11-13
City Hotel,0,9,2016,November,46,10,0,3,3,0,0,BB,JPN,Direct,Direct,0,0,0,G,G,0,No Deposit,14,NULL,0,Transient,250.0,0,0,Check-Out,2016-11-13
City Hotel,0,8,2016,November,46,10,0,3,2,0,0,BB,IRL,Direct,Direct,0,0,0,A,D,1,No Deposit,14,NULL,0,Transient,156.67,0,3,Check-Out,2016-11-13
City Hotel,0,29,2016,November,46,9,0,4,2,0,0,BB,SGP,Online TA,TA/TO,0,0,0,A,A,0,No Deposit,9,NULL,0,Transient,150.06,0,1,Check-Out,2016-11-13
City Hotel,0,80,2016,November,46,11,0,2,2,2,0,HB,PRT,Online TA,TA/TO,0,0,0,F,F,0,No Deposit,9,NULL,0,Transient,207.9,0,1,Check-Out,2016-11-13
City Hotel,0,21,2016,November,46,11,1,2,2,0,0,HB,FRA,Online TA,TA/TO,0,0,0,D,D,0,No Deposit,9,NULL,0,Transient,162.67,0,2,Check-Out,2016-11-14
City Hotel,0,71,2016,November,46,8,1,5,2,1,0,BB,USA,Online TA,TA/TO,0,0,0,F,F,0,No Deposit,7,NULL,0,Transient,155.49,0,1,Check-Out,2016-11-14
City Hotel,0,20,2016,November,46,11,2,4,2,2,0,BB,AUT,Online TA,TA/TO,0,0,0,F,F,1,No Deposit,9,NULL,0,Transient,196.67,0,4,Check-Out,2016-11-17
City Hotel,0,46,2016,November,47,18,0,2,2,2,0,BB,FRA,Online TA,TA/TO,0,0,0,F,F,0,No Deposit,9,NULL,0,Transient,156.6,0,0,Check-Out,2016-11-20
City Hotel,0,3,2016,November,47,18,1,2,2,2,0,BB,ISR,Online TA,TA/TO,0,0,0,F,F,0,No Deposit,9,NULL,0,Transient,178.67,0,2,Check-Out,2016-11-21
City Hotel,0,64,2016,November,47,18,1,2,2,1,0,BB,ITA,Online TA,TA/TO,0,0,0,F,F,2,No Deposit,9,NULL,0,Transient,162.4,0,1,Check-Out,2016-11-21
City Hotel,0,212,2016,November,47,18,2,5,2,0,0,BB,IRL,Groups,Corporate,0,0,0,A,F,2,No Deposit,NULL,233,0,Transient-Party,165.0,0,0,Check-Out,2016-11-25
City Hotel,0,6,2016,November,48,24,0,1,2,0,0,HB,PRT,Online TA,TA/TO,0,0,0,D,D,0,No Deposit,9,NULL,0,Transient,152.0,0,0,Check-Out,2016-11-25
City Hotel,0,1,2016,November,48,25,0,1,2,2,0,BB,PRT,Online TA,TA/TO,0,0,0,F,G,0,No Deposit,9,NULL,0,Transient,181.0,0,2,Check-Out,2016-11-26
City Hotel,0,5,2016,November,48,25,0,1,3,0,0,BB,PRT,Online TA,TA/TO,0,0,0,D,D,0,No Deposit,9,NULL,0,Transient,161.0,0,2,Check-Out,2016-11-26
City Hotel,0,6,2016,November,48,25,0,1,3,0,0,BB,PRT,Online TA,TA/TO,0,0,0,D,E,0,No Deposit,9,NULL,0,Transient,161.0,0,0,Check-Out,2016-11-26
City Hotel,0,47,2016,November,48,25,0,2,2,0,0,BB,PRT,Online TA,TA/TO,0,0,0,F,F,1,No Deposit,9,NULL,0,Transient,156.6,0,2,Check-Out,2016-11-27
City Hotel,0,2,2016,November,48,25,0,2,2,1,0,BB,PRT,Offline TA/TO,TA/TO,0,0,0,F,F,2,No Deposit,15,NULL,0,Transient,153.8,0,0,Check-Out,2016-11-27
City Hotel,0,132,2016,November,48,25,0,2,2,0,0,BB,NLD,Online TA,TA/TO,0,0,0,F,F,1,No Deposit,9,NULL,0,Transient,153.0,0,2,Check-Out,2016-11-27
City Hotel,0,9,2016,November,48,26,2,1,2,2,0,BB,PRT,Online TA,TA/TO,0,0,0,F,G,0,No Deposit,83,NULL,0,Transient,150.07,0,0,Check-Out,2016-11-29
City Hotel,0,5,2016,November,49,28,1,0,2,2,0,BB,CHE,Online TA,TA/TO,0,0,0,F,F,0,No Deposit,9,NULL,0,Transient,174.0,0,0,Check-Out,2016-11-29
City Hotel,0,31,2016,November,49,27,2,0,3,0,0,BB,FRA,Online TA,TA/TO,0,0,0,D,D,0,No Deposit,9,NULL,0,Transient,154.0,0,1,Check-Out,2016-11-29
City Hotel,0,0,2016,November,48,26,2,3,2,0,0,BB,USA,Direct,Direct,0,0,0,F,F,1,No Deposit,NULL,NULL,0,Transient,169.75,0,0,Check-Out,2016-12-01
City Hotel,0,1,2016,December,49,1,0,1,2,2,0,BB,PRT,Online TA,TA/TO,0,0,0,F,F,0,No Deposit,9,NULL,0,Transient,174.0,0,0,Check-Out,2016-12-02
City Hotel,0,18,2016,November,49,30,0,2,2,0,0,BB,MYS,Online TA,TA/TO,0,0,0,D,B,1,No Deposit,9,NULL,0,Transient-Party,154.0,0,0,Check-Out,2016-12-02
City Hotel,0,14,2016,December,49,2,0,1,2,2,0,BB,GBR,Online TA,TA/TO,0,0,0,F,F,0,No Deposit,9,NULL,0,Transient,174.0,0,0,Check-Out,2016-12-03
City Hotel,0,3,2016,December,49,1,0,3,3,0,0,BB,PRT,Online TA,TA/TO,0,0,0,D,D,0,No Deposit,9,NULL,0,Transient,156.33,0,2,Check-Out,2016-12-04
City Hotel,0,4,2016,December,49,3,0,1,2,2,0,BB,AUT,Online TA,TA/TO,0,0,0,F,G,0,No Deposit,9,NULL,0,Transient,190.0,0,0,Check-Out,2016-12-04
City Hotel,0,5,2016,December,49,2,0,2,3,0,0,BB,PRT,Online TA,TA/TO,0,0,0,D,D,0,No Deposit,9,NULL,0,Transient,166.5,0,2,Check-Out,2016-12-04
City Hotel,0,17,2016,December,49,2,0,2,3,0,0,BB,FRA,Online TA,TA/TO,0,0,0,D,E,0,No Deposit,9,NULL,0,Transient,157.5,0,2,Check-Out,2016-12-04
City Hotel,0,1,2016,December,49,3,1,1,2,1,0,HB,ESP,Online TA,TA/TO,0,0,0,A,A,0,No Deposit,9,NULL,0,Transient,189.0,1,2,Check-Out,2016-12-05
City Hotel,0,5,2016,December,49,3,2,1,2,2,0,BB,ESP,Online TA,TA/TO,0,0,0,F,F,0,No Deposit,9,NULL,0,Transient,185.33,0,0,Check-Out,2016-12-06
City Hotel,0,8,2016,December,49,3,2,1,2,2,0,HB,ESP,Direct,Direct,0,0,0,E,E,0,No Deposit,14,NULL,0,Transient,185.33,0,1,Check-Out,2016-12-06
City Hotel,0,31,2016,December,49,3,2,2,2,2,0,HB,ESP,Online TA,TA/TO,0,0,0,F,F,1,No Deposit,9,NULL,0,Transient,237.75,0,0,Check-Out,2016-12-07
City Hotel,0,0,2016,December,50,6,0,1,2,2,0,BB,PRT,Online TA,TA/TO,0,0,0,F,F,0,No Deposit,9,NULL,0,Transient,174.0,0,0,Check-Out,2016-12-07
City Hotel,0,1,2016,December,50,6,0,1,3,0,0,BB,PRT,Online TA,TA/TO,0,0,0,D,D,0,No Deposit,9,NULL,0,Transient,154.0,0,2,Check-Out,2016-12-07
City Hotel,0,50,2016,December,49,3,2,3,2,2,0,BB,ESP,Online TA,TA/TO,0,0,0,F,F,0,No Deposit,9,NULL,0,Transient,156.9,1,1,Check-Out,2016-12-08
City Hotel,0,76,2016,December,50,5,1,2,2,2,0,BB,ESP,Online TA,TA/TO,0,0,0,F,G,0,No Deposit,9,NULL,0,Transient,165.6,0,1,Check-Out,2016-12-08
City Hotel,0,8,2016,December,50,8,0,1,3,0,0,BB,ESP,Online TA,TA/TO,0,0,0,D,D,0,No Deposit,9,NULL,0,Transient,154.0,0,0,Check-Out,2016-12-09
City Hotel,0,5,2016,December,50,8,0,2,2,1,0,BB,PRT,Online TA,TA/TO,0,0,0,F,F,0,No Deposit,9,NULL,0,Transient,190.0,0,2,Check-Out,2016-12-10
City Hotel,0,5,2016,December,50,8,0,2,2,1,0,BB,PRT,Online TA,TA/TO,0,0,0,F,F,0,No Deposit,9,NULL,0,Transient,181.0,0,0,Check-Out,2016-12-10
City Hotel,0,17,2016,December,50,8,0,3,2,0,0,BB,ESP,Direct,Direct,0,0,0,E,E,0,No Deposit,14,NULL,0,Transient,150.67,0,0,Check-Out,2016-12-11
City Hotel,0,109,2016,December,50,8,0,3,4,0,0,BB,ARG,Online TA,TA/TO,0,0,0,G,G,0,No Deposit,7,NULL,0,Transient,182.18,0,1,Check-Out,2016-12-11
City Hotel,0,1,2016,December,50,10,0,1,2,2,0,BB,PRT,Online TA,TA/TO,0,0,0,F,F,0,No Deposit,9,NULL,0,Transient,202.0,0,0,Check-Out,2016-12-11
City Hotel,0,101,2016,December,50,8,0,3,2,2,0,BB,ESP,Online TA,TA/TO,0,0,0,F,F,0,No Deposit,9,NULL,0,Transient,165.6,0,1,Check-Out,2016-12-11
City Hotel,0,70,2016,December,50,8,0,3,2,1,0,BB,PRT,Online TA,TA/TO,0,0,0,F,F,0,No Deposit,9,NULL,0,Transient,156.6,0,2,Check-Out,2016-12-11
City Hotel,0,4,2016,December,50,8,0,3,2,2,0,BB,ESP,Direct,Direct,0,0,0,F,F,0,No Deposit,14,NULL,0,Transient,178.0,0,2,Check-Out,2016-12-11
City Hotel,0,22,2016,December,51,17,0,1,2,2,0,BB,PRT,Online TA,TA/TO,0,0,0,F,G,0,No Deposit,9,NULL,0,Transient,174.0,0,1,Check-Out,2016-12-18
City Hotel,0,59,2016,December,51,13,0,5,2,2,1,HB,ITA,Online TA,TA/TO,0,0,0,F,F,2,No Deposit,9,NULL,0,Transient,196.35,0,2,Check-Out,2016-12-18
City Hotel,0,101,2016,December,51,15,2,3,2,0,0,BB,USA,Direct,Direct,0,0,0,G,G,0,No Deposit,14,NULL,0,Transient,200.0,0,0,Check-Out,2016-12-20
City Hotel,0,86,2016,December,51,17,2,1,3,0,0,BB,FRA,Direct,Direct,0,0,0,F,F,0,No Deposit,14,NULL,0,Transient,193.08,0,3,Check-Out,2016-12-20
City Hotel,0,110,2016,December,51,16,2,3,2,2,0,BB,BRA,Online TA,TA/TO,0,0,0,B,B,4,No Deposit,9,NULL,0,Transient,155.72,0,2,Check-Out,2016-12-21
City Hotel,0,18,2016,December,52,23,0,2,4,0,0,BB,USA,Online TA,TA/TO,0,0,0,G,G,0,No Deposit,7,NULL,0,Transient,199.43,0,2,Check-Out,2016-12-25
City Hotel,0,8,2016,December,52,24,0,1,2,0,1,FB,CUB,Direct,Direct,0,0,0,D,D,0,No Deposit,NULL,NULL,0,Transient,215.5,0,2,Check-Out,2016-12-25
City Hotel,0,197,2016,December,52,21,1,4,3,0,0,HB,FRA,Offline TA/TO,TA/TO,0,0,0,A,D,3,No Deposit,3,NULL,0,Transient-Party,160.6,0,0,Check-Out,2016-12-26
City Hotel,0,197,2016,December,52,21,1,4,3,0,0,HB,FRA,Offline TA/TO,TA/TO,0,0,0,A,D,3,No Deposit,3,NULL,0,Transient-Party,160.6,0,0,Check-Out,2016-12-26
City Hotel,0,30,2016,December,52,22,1,3,2,2,0,BB,KOR,Online TA,TA/TO,0,0,0,F,F,0,No Deposit,9,NULL,0,Transient,156.9,0,0,Check-Out,2016-12-26
City Hotel,0,18,2016,December,52,23,1,2,3,0,0,BB,ESP,Online TA,TA/TO,0,0,0,D,D,0,No Deposit,9,NULL,0,Transient,191.0,1,1,Check-Out,2016-12-26
City Hotel,0,0,2016,December,53,27,0,2,2,2,0,BB,GBR,Online TA,TA/TO,1,0,0,F,F,4,No Deposit,9,NULL,0,Transient,178.5,0,1,Check-Out,2016-12-29
City Hotel,0,163,2016,December,52,23,2,2,2,2,0,HB,ITA,Online TA,TA/TO,0,0,0,F,G,0,No Deposit,9,NULL,0,Transient,192.95,0,0,Check-Out,2016-12-27
City Hotel,0,11,2016,December,53,27,0,1,2,2,0,BB,USA,Direct,Direct,0,0,0,F,F,1,No Deposit,NULL,NULL,0,Transient,209.0,0,0,Check-Out,2016-12-28
City Hotel,0,74,2016,December,53,25,2,1,4,0,0,BB,PRT,Online TA,TA/TO,0,0,0,G,G,0,No Deposit,7,NULL,0,Transient,174.42,0,2,Check-Out,2016-12-28
City Hotel,0,1,2016,December,53,26,1,1,3,0,0,BB,ESP,Online TA,TA/TO,0,0,0,D,D,0,No Deposit,9,NULL,0,Transient,161.0,0,1,Check-Out,2016-12-28
City Hotel,0,0,2016,December,53,27,0,1,2,0,0,HB,PRT,Direct,Direct,0,0,0,D,D,0,No Deposit,14,NULL,0,Transient,157.0,0,2,Check-Out,2016-12-28
City Hotel,0,79,2016,December,53,27,0,1,2,2,0,BB,ITA,Online TA,TA/TO,0,0,0,F,F,1,No Deposit,9,NULL,0,Transient,156.6,0,1,Check-Out,2016-12-28
City Hotel,0,35,2016,December,53,28,0,1,2,0,0,HB,FRA,Online TA,TA/TO,0,0,0,A,A,0,No Deposit,9,NULL,0,Transient,183.0,0,1,Check-Out,2016-12-29
City Hotel,0,0,2016,December,53,28,0,1,2,2,0,BB,FRA,Direct,Direct,0,0,0,F,F,0,No Deposit,NULL,NULL,0,Transient,168.0,0,0,Check-Out,2016-12-29
City Hotel,0,116,2016,December,52,24,2,3,3,0,0,HB,BEL,Online TA,TA/TO,0,0,0,D,D,0,No Deposit,9,NULL,0,Transient,172.85,0,2,Check-Out,2016-12-29
City Hotel,0,4,2016,December,53,28,0,1,2,2,0,BB,ESP,Online TA,TA/TO,0,0,0,F,F,0,No Deposit,9,NULL,0,Transient,185.0,0,0,Check-Out,2016-12-29
City Hotel,0,151,2016,December,53,26,1,3,3,0,0,HB,FRA,Online TA,TA/TO,0,0,0,D,D,0,No Deposit,9,NULL,0,Transient,164.05,0,2,Check-Out,2016-12-30
City Hotel,0,107,2016,December,53,27,0,3,3,0,0,HB,ITA,Direct,Direct,0,0,0,D,D,1,No Deposit,14,NULL,0,Transient,207.67,0,0,Check-Out,2016-12-30
City Hotel,0,65,2016,December,53,26,1,3,3,0,0,BB,ITA,Online TA,TA/TO,0,0,0,F,F,1,No Deposit,9,NULL,0,Transient,156.61,0,1,Check-Out,2016-12-30
City Hotel,0,173,2016,December,53,26,1,3,3,1,0,BB,BRA,Direct,Direct,0,0,0,G,K,2,No Deposit,NULL,NULL,0,Transient,197.5,0,1,Check-Out,2016-12-30
City Hotel,0,1,2016,December,53,29,0,1,2,2,0,BB,ITA,Online TA,TA/TO,0,0,0,F,F,0,No Deposit,9,NULL,0,Transient,208.0,0,0,Check-Out,2016-12-30
City Hotel,0,1,2016,December,53,29,0,2,3,0,0,BB,USA,Online TA,TA/TO,0,0,0,D,A,1,No Deposit,9,NULL,0,Transient,188.0,0,1,Check-Out,2016-12-31
City Hotel,0,36,2016,December,53,30,0,1,2,2,0,BB,USA,Online TA,TA/TO,0,0,0,F,F,0,No Deposit,9,NULL,0,Transient,206.0,0,0,Check-Out,2016-12-31
City Hotel,0,119,2016,December,53,28,0,3,2,1,0,HB,CHE,Direct,Direct,0,0,0,E,G,1,No Deposit,14,NULL,0,Transient,202.33,0,1,Check-Out,2016-12-31
City Hotel,0,119,2016,December,53,28,0,3,2,1,0,HB,CHE,Direct,Direct,0,0,0,E,E,2,No Deposit,14,NULL,0,Transient,202.33,0,1,Check-Out,2016-12-31
City Hotel,0,24,2016,December,53,30,0,1,2,2,0,BB,BRA,Online TA,TA/TO,0,0,0,F,F,0,No Deposit,9,NULL,0,Transient,206.0,0,0,Check-Out,2016-12-31
City Hotel,0,18,2016,December,53,30,0,1,2,1,0,BB,DEU,Online TA,TA/TO,0,0,0,A,D,0,No Deposit,9,NULL,0,Transient,158.0,0,1,Check-Out,2016-12-31
City Hotel,0,23,2016,December,53,30,0,1,3,0,0,BB,USA,Online TA,TA/TO,0,0,0,D,D,0,No Deposit,9,NULL,0,Transient,188.0,0,2,Check-Out,2016-12-31
City Hotel,0,6,2016,December,53,30,0,2,2,1,0,BB,THA,Online TA,TA/TO,0,0,0,A,A,0,No Deposit,9,NULL,0,Transient,158.0,0,2,Check-Out,2017-01-01
City Hotel,0,39,2016,December,53,28,0,4,2,0,0,HB,BEL,Online TA,TA/TO,0,0,0,A,A,0,No Deposit,9,NULL,0,Transient,192.95,0,0,Check-Out,2017-01-01
City Hotel,0,43,2016,December,53,29,0,3,2,2,0,HB,BEL,Online TA,TA/TO,0,0,0,F,F,0,No Deposit,9,NULL,0,Transient,349.63,0,1,Check-Out,2017-01-01
City Hotel,0,7,2016,December,53,30,0,2,2,1,0,BB,FRA,Online TA,TA/TO,0,0,0,A,A,0,No Deposit,9,NULL,0,Transient,158.0,0,0,Check-Out,2017-01-01
City Hotel,0,36,2016,December,53,28,0,4,2,0,0,BB,FRA,Online TA,TA/TO,0,0,0,A,A,0,No Deposit,9,NULL,0,Transient,168.73,0,0,Check-Out,2017-01-01
City Hotel,0,36,2016,December,53,28,0,4,2,0,0,BB,FRA,Online TA,TA/TO,0,0,0,A,A,0,No Deposit,9,NULL,0,Transient,168.73,0,0,Check-Out,2017-01-01
City Hotel,0,190,2016,December,53,28,0,4,2,0,0,BB,DEU,Direct,Direct,0,0,0,D,D,0,No Deposit,NULL,NULL,0,Transient,167.8,0,1,Check-Out,2017-01-01
City Hotel,0,21,2016,December,53,30,0,2,3,0,0,BB,FRA,Online TA,TA/TO,0,0,0,D,D,0,No Deposit,9,NULL,0,Transient,375.5,0,0,Check-Out,2017-01-01
City Hotel,0,58,2016,December,53,28,0,4,2,0,0,BB,ESP,Direct,Direct,0,0,0,D,A,1,No Deposit,14,NULL,0,Transient,238.5,0,1,Check-Out,2017-01-01
City Hotel,0,326,2016,December,53,30,0,2,2,2,0,BB,DEU,Online TA,TA/TO,0,0,0,F,G,2,No Deposit,9,NULL,0,Transient,188.88,0,1,Check-Out,2017-01-01
City Hotel,0,190,2016,December,53,28,0,4,2,0,0,BB,DEU,Direct,Direct,0,0,0,D,D,0,No Deposit,NULL,NULL,0,Transient,167.8,0,1,Check-Out,2017-01-01
City Hotel,0,190,2016,December,53,28,0,4,2,0,0,BB,DEU,Direct,Direct,0,0,0,D,D,0,No Deposit,NULL,NULL,0,Transient,167.8,0,1,Check-Out,2017-01-01
City Hotel,0,17,2016,December,53,31,0,1,2,0,0,BB,PRT,Online TA,TA/TO,0,0,0,F,G,1,No Deposit,9,NULL,0,Transient,208.0,0,0,Check-Out,2017-01-01
City Hotel,0,190,2016,December,53,28,0,4,2,0,0,BB,SWE,Direct,Direct,0,0,0,D,D,0,No Deposit,NULL,NULL,0,Transient,167.8,0,0,Check-Out,2017-01-01
City Hotel,0,249,2016,December,53,27,0,5,3,0,0,BB,FRA,Offline TA/TO,TA/TO,0,0,0,A,A,1,No Deposit,22,NULL,0,Transient,184.65,0,0,Check-Out,2017-01-01
City Hotel,0,18,2016,December,53,30,0,2,2,0,0,BB,ESP,Online TA,TA/TO,0,0,0,D,D,0,No Deposit,9,NULL,0,Transient,157.0,1,2,Check-Out,2017-01-01
City Hotel,0,115,2016,December,53,27,0,5,2,2,0,BB,BRA,Online TA,TA/TO,0,0,0,G,G,0,No Deposit,7,NULL,0,Transient,170.63,0,2,Check-Out,2017-01-01
City Hotel,0,244,2016,December,53,29,1,3,3,0,0,BB,ESP,Offline TA/TO,TA/TO,0,0,0,A,A,2,No Deposit,83,NULL,0,Transient,176.04,0,1,Check-Out,2017-01-02
City Hotel,0,207,2016,December,53,30,1,2,2,0,0,BB,FRA,Offline TA/TO,TA/TO,0,0,0,A,A,2,No Deposit,104,NULL,0,Transient,161.67,0,0,Check-Out,2017-01-02
City Hotel,0,64,2017,January,1,1,1,0,2,2,0,BB,DEU,Online TA,TA/TO,0,0,0,F,G,0,No Deposit,9,NULL,0,Transient,185.4,0,0,Check-Out,2017-01-02
City Hotel,0,207,2016,December,53,30,1,2,2,0,0,HB,FRA,Offline TA/TO,TA/TO,0,0,0,A,A,1,No Deposit,104,NULL,0,Transient,183.0,0,0,Check-Out,2017-01-02
City Hotel,0,207,2016,December,53,30,1,2,2,0,0,BB,FRA,Offline TA/TO,TA/TO,0,0,0,A,A,0,No Deposit,104,NULL,0,Transient,161.67,0,0,Check-Out,2017-01-02
City Hotel,0,207,2016,December,53,30,1,2,2,0,0,BB,FRA,Offline TA/TO,TA/TO,0,0,0,A,A,0,No Deposit,104,NULL,0,Transient,161.67,0,0,Check-Out,2017-01-02
City Hotel,0,20,2016,December,53,31,1,1,2,0,0,BB,GBR,Online TA,TA/TO,0,0,0,F,F,1,No Deposit,9,NULL,0,Transient,208.0,0,1,Check-Out,2017-01-02
City Hotel,0,207,2016,December,53,30,1,2,2,0,0,BB,FRA,Offline TA/TO,TA/TO,0,0,0,A,D,0,No Deposit,104,NULL,0,Transient,161.67,0,0,Check-Out,2017-01-02
City Hotel,0,81,2016,December,53,31,1,1,2,2,0,BB,PRT,Direct,Direct,0,0,0,E,E,1,No Deposit,NULL,NULL,0,Transient-Party,451.5,0,4,Check-Out,2017-01-02
City Hotel,0,81,2016,December,53,31,1,1,2,0,0,BB,PRT,Direct,Direct,0,0,0,A,A,0,No Deposit,NULL,NULL,0,Transient-Party,254.0,0,4,Check-Out,2017-01-02
City Hotel,0,207,2016,December,53,30,1,2,2,0,0,BB,FRA,Offline TA/TO,TA/TO,0,0,0,A,A,0,No Deposit,104,NULL,0,Transient-Party,161.67,0,0,Check-Out,2017-01-02
City Hotel,0,207,2016,December,53,30,1,2,2,0,0,BB,FRA,Offline TA/TO,TA/TO,0,0,0,A,A,2,No Deposit,104,NULL,0,Transient,161.67,0,0,Check-Out,2017-01-02
City Hotel,0,57,2016,December,53,30,1,2,2,0,0,HB,FRA,Online TA,TA/TO,0,0,0,D,D,0,No Deposit,9,NULL,0,Transient,314.1,0,0,Check-Out,2017-01-02
City Hotel,0,39,2016,December,53,29,1,3,2,0,0,BB,ESP,Online TA,TA/TO,0,0,0,D,D,0,No Deposit,9,NULL,0,Transient,201.08,0,0,Check-Out,2017-01-02
City Hotel,0,207,2016,December,53,30,1,2,2,0,0,BB,FRA,Offline TA/TO,TA/TO,0,0,0,A,A,0,No Deposit,104,NULL,0,Transient-Party,161.67,0,0,Check-Out,2017-01-02
City Hotel,0,1,2016,December,53,31,1,1,1,0,0,BB,USA,Direct,Direct,0,0,0,D,D,1,No Deposit,14,NULL,0,Transient,172.8,0,0,Check-Out,2017-01-02
City Hotel,0,29,2016,December,53,30,1,2,2,0,0,BB,FRA,Offline TA/TO,TA/TO,0,0,0,A,A,0,No Deposit,104,NULL,0,Transient-Party,161.67,0,0,Check-Out,2017-01-02
City Hotel,0,61,2016,December,53,29,2,3,3,0,0,BB,BRA,Direct,Direct,0,0,0,E,E,3,No Deposit,14,NULL,0,Transient,255.48,1,1,Check-Out,2017-01-03
City Hotel,0,58,2016,December,53,29,2,3,2,0,0,BB,GBR,Online TA,TA/TO,0,0,0,D,D,0,No Deposit,9,NULL,0,Transient,178.56,0,2,Check-Out,2017-01-03
City Hotel,0,84,2017,January,1,2,1,0,2,2,1,BB,JPN,Online TA,TA/TO,0,0,0,F,G,1,No Deposit,9,NULL,0,Transient,156.6,0,1,Check-Out,2017-01-03
City Hotel,0,65,2017,January,1,2,1,0,2,2,0,BB,JPN,Online TA,TA/TO,0,0,0,F,G,0,No Deposit,9,NULL,0,Transient,156.6,0,0,Check-Out,2017-01-03
City Hotel,0,66,2017,January,1,3,0,1,2,2,0,BB,JPN,Online TA,TA/TO,0,0,0,F,G,0,No Deposit,9,NULL,0,Group,156.6,0,0,Check-Out,2017-01-04
City Hotel,0,103,2016,December,53,31,2,1,3,0,0,BB,ESP,Offline TA/TO,TA/TO,0,0,0,A,D,0,No Deposit,28,NULL,0,Transient,205.0,0,0,Check-Out,2017-01-03
City Hotel,0,240,2016,December,53,31,2,1,3,0,0,BB,BRA,Online TA,TA/TO,0,0,0,D,D,0,No Deposit,9,NULL,0,Transient,253.1,1,2,Check-Out,2017-01-03
City Hotel,0,103,2016,December,53,31,2,1,2,0,0,BB,ESP,Offline TA/TO,TA/TO,0,0,0,A,D,0,No Deposit,28,NULL,0,Transient,150.67,0,0,Check-Out,2017-01-03
City Hotel,0,99,2016,December,53,31,2,1,2,0,0,BB,FRA,Offline TA/TO,TA/TO,0,0,0,A,D,0,No Deposit,28,NULL,0,Transient,150.67,0,1,Check-Out,2017-01-03
City Hotel,0,88,2017,January,1,2,1,1,2,2,0,BB,USA,Online TA,TA/TO,0,0,0,G,G,0,No Deposit,7,NULL,0,Transient,168.33,0,1,Check-Out,2017-01-04
City Hotel,0,0,2017,January,1,3,0,1,1,0,0,BB,PRT,Direct,Direct,0,0,0,A,A,1,No Deposit,NULL,NULL,0,Transient,176.0,0,0,Check-Out,2017-01-04
City Hotel,0,7,2017,January,1,1,2,2,3,0,0,HB,ITA,Online TA,TA/TO,0,0,0,E,F,0,No Deposit,9,NULL,0,Transient,161.5,0,0,Check-Out,2017-01-05
City Hotel,0,130,2017,January,1,3,0,2,2,2,0,BB,DEU,Online TA,TA/TO,0,0,0,F,G,0,No Deposit,9,NULL,0,Transient,165.6,0,2,Check-Out,2017-01-05
City Hotel,0,96,2016,December,53,31,2,3,2,0,0,HB,CHE,Offline TA/TO,TA/TO,0,0,0,A,D,0,No Deposit,28,NULL,0,Transient,166.0,0,0,Check-Out,2017-01-05
City Hotel,0,53,2016,December,53,30,2,4,2,0,0,HB,FRA,Direct,Direct,0,0,0,E,E,3,No Deposit,14,NULL,0,Transient,208.17,0,0,Check-Out,2017-01-05
City Hotel,0,53,2016,December,53,31,2,3,2,0,0,HB,FRA,Online TA,TA/TO,0,0,0,D,D,0,No Deposit,9,NULL,0,Transient,194.4,0,3,Check-Out,2017-01-05
City Hotel,0,2,2017,January,1,4,0,2,3,0,0,BB,CHN,Online TA,TA/TO,0,0,0,D,D,0,No Deposit,9,NULL,0,Transient,156.0,0,0,Check-Out,2017-01-06
City Hotel,0,7,2017,January,1,3,0,3,3,0,0,BB,RUS,Online TA,TA/TO,0,0,0,D,D,0,No Deposit,9,NULL,0,Transient,165.0,1,2,Check-Out,2017-01-06
City Hotel,0,104,2017,January,1,2,1,3,3,1,0,BB,ESP,Direct,Direct,0,0,0,G,G,2,No Deposit,14,NULL,0,Transient,188.1,1,0,Check-Out,2017-01-06
City Hotel,0,177,2016,December,53,30,2,5,3,1,0,BB,PRT,Direct,Direct,0,0,0,G,F,0,No Deposit,NULL,NULL,0,Transient,197.5,0,1,Check-Out,2017-01-06
City Hotel,0,183,2017,January,1,1,2,4,2,2,0,BB,RUS,Online TA,TA/TO,0,0,0,F,F,0,No Deposit,9,NULL,0,Transient,153.5,1,1,Check-Out,2017-01-07
City Hotel,0,65,2017,January,1,1,2,4,2,2,0,BB,CHE,Direct,Direct,0,0,0,F,F,1,No Deposit,14,NULL,0,Transient,152.5,0,0,Check-Out,2017-01-07
City Hotel,0,6,2017,January,1,4,0,3,2,2,0,BB,BEL,Online TA,TA/TO,0,0,0,G,G,0,No Deposit,83,NULL,0,Transient,173.8,0,0,Check-Out,2017-01-07
City Hotel,0,16,2017,January,1,6,0,1,3,0,0,BB,PRT,Online TA,TA/TO,0,0,0,D,D,0,No Deposit,9,NULL,0,Transient,156.0,0,1,Check-Out,2017-01-07
City Hotel,0,28,2017,January,1,5,0,3,2,0,0,HB,ESP,Online TA,TA/TO,0,0,0,A,A,0,No Deposit,9,NULL,0,Transient,153.0,1,1,Check-Out,2017-01-08
City Hotel,0,15,2017,January,1,5,0,3,2,2,0,BB,NLD,Online TA,TA/TO,0,0,0,F,G,0,No Deposit,9,NULL,0,Transient,176.0,0,1,Check-Out,2017-01-08
City Hotel,0,25,2017,January,1,6,0,2,2,0,0,BB,GBR,Direct,Direct,0,0,0,G,G,0,No Deposit,14,NULL,0,Transient,198.0,0,0,Check-Out,2017-01-08
City Hotel,0,11,2017,January,1,7,0,1,2,2,0,HB,PRT,Online TA,TA/TO,0,0,0,F,F,0,No Deposit,9,NULL,0,Transient,236.0,0,0,Check-Out,2017-01-08
City Hotel,0,23,2017,January,1,7,2,2,2,2,0,BB,BRA,Online TA,TA/TO,0,0,0,G,G,0,No Deposit,83,NULL,0,Transient,164.8,0,0,Check-Out,2017-01-11
City Hotel,0,22,2017,January,1,7,2,2,3,0,0,BB,BRA,Online TA,TA/TO,0,0,0,G,G,1,No Deposit,83,NULL,0,Transient,159.7,0,2,Check-Out,2017-01-11
City Hotel,0,23,2017,January,2,8,2,3,2,1,0,HB,ITA,Direct,Direct,0,0,0,E,E,0,No Deposit,14,NULL,0,Transient,168.0,1,1,Check-Out,2017-01-13
City Hotel,0,4,2017,January,2,12,0,1,3,0,0,HB,PRT,Direct,Direct,0,0,0,D,D,1,No Deposit,14,NULL,0,Transient,187.0,0,0,Check-Out,2017-01-13
City Hotel,0,0,2017,January,2,13,0,2,2,2,0,BB,PRT,Direct,Direct,0,0,0,F,F,0,No Deposit,14,NULL,0,Transient,174.0,0,0,Check-Out,2017-01-15
City Hotel,0,1,2017,January,2,14,0,1,2,2,0,BB,PRT,Online TA,TA/TO,0,0,0,F,F,0,No Deposit,9,NULL,0,Transient,179.0,0,0,Check-Out,2017-01-15
City Hotel,0,9,2017,January,2,14,0,1,2,0,0,HB,PRT,Direct,Direct,0,0,0,E,E,0,No Deposit,14,NULL,0,Transient,160.0,0,2,Check-Out,2017-01-15
City Hotel,0,1,2017,January,2,14,2,1,2,0,0,HB,FRA,Online TA,TA/TO,0,0,0,F,F,0,No Deposit,83,NULL,0,Transient,175.2,0,0,Check-Out,2017-01-17
City Hotel,0,72,2017,January,3,16,1,2,2,2,0,BB,ESP,Online TA,TA/TO,0,0,0,F,F,0,No Deposit,9,NULL,0,Transient,165.6,0,0,Check-Out,2017-01-19
City Hotel,0,4,2017,January,3,17,0,2,2,1,0,BB,PRT,Direct,Direct,0,0,0,E,E,0,No Deposit,14,NULL,0,Transient,152.0,0,2,Check-Out,2017-01-19
City Hotel,0,15,2017,January,3,21,1,1,3,2,0,HB,PRT,Offline TA/TO,TA/TO,0,0,0,G,G,0,No Deposit,404,NULL,0,Transient,284.2,0,1,Check-Out,2017-01-23
City Hotel,0,31,2017,January,3,20,0,2,2,0,0,HB,FRA,Online TA,TA/TO,0,0,0,D,D,0,No Deposit,9,NULL,0,Transient,154.75,0,2,Check-Out,2017-01-22
City Hotel,0,14,2017,January,3,20,0,2,2,2,0,BB,GBR,Direct,Direct,0,0,0,F,F,0,No Deposit,14,NULL,0,Transient,187.0,1,1,Check-Out,2017-01-22
City Hotel,0,9,2017,January,3,16,2,5,2,0,0,BB,GBR,Direct,Direct,0,0,0,G,G,1,No Deposit,14,NULL,0,Transient,172.29,0,0,Check-Out,2017-01-23
City Hotel,0,2,2017,January,3,18,1,4,2,0,0,HB,CHE,Direct,Direct,0,0,0,E,E,0,No Deposit,14,NULL,0,Transient,201.0,0,3,Check-Out,2017-01-23
City Hotel,0,10,2017,January,3,20,1,2,3,0,0,BB,HUN,Online TA,TA/TO,0,0,0,D,D,0,No Deposit,9,NULL,0,Transient,164.33,0,0,Check-Out,2017-01-23
City Hotel,0,42,2017,January,3,19,1,3,2,2,0,BB,BRA,Online TA,TA/TO,0,0,0,F,G,2,No Deposit,9,NULL,0,Transient,150.24,0,1,Check-Out,2017-01-23
City Hotel,0,62,2017,January,4,23,1,4,2,2,0,BB,BRA,Online TA,TA/TO,0,0,0,F,F,0,No Deposit,7,NULL,0,Transient,160.95,0,2,Check-Out,2017-01-28
City Hotel,0,28,2017,January,5,29,2,0,3,0,0,BB,NLD,Online TA,TA/TO,0,0,0,D,D,2,No Deposit,9,NULL,0,Transient,151.75,0,1,Check-Out,2017-01-31
City Hotel,0,30,2017,January,4,28,2,1,2,2,0,BB,FRA,Online TA,TA/TO,0,0,0,F,F,0,No Deposit,9,NULL,0,Transient,170.33,0,2,Check-Out,2017-01-31
City Hotel,0,10,2017,January,5,31,0,2,3,1,0,BB,CHN,Direct,Direct,0,0,0,E,E,0,No Deposit,14,NULL,0,Transient,183.0,0,2,Check-Out,2017-02-02
City Hotel,0,1,2017,February,5,2,0,3,3,0,0,BB,PRT,Online TA,TA/TO,1,0,0,F,F,1,No Deposit,7,NULL,0,Group,152.46,0,3,Check-Out,2017-02-05
City Hotel,0,106,2017,February,5,3,0,1,4,0,0,BB,BRA,Online TA,TA/TO,0,0,0,G,G,0,No Deposit,7,NULL,0,Transient,192.8,0,1,Check-Out,2017-02-04
City Hotel,0,1,2017,February,5,2,0,2,3,0,0,BB,PRT,Online TA,TA/TO,0,0,0,D,D,0,No Deposit,9,NULL,0,Transient,158.0,0,1,Check-Out,2017-02-04
City Hotel,0,83,2017,January,5,30,1,4,2,1,0,HB,DEU,Online TA,TA/TO,0,0,0,A,A,0,No Deposit,9,NULL,0,Transient,154.35,0,2,Check-Out,2017-02-04
City Hotel,0,14,2017,February,5,2,0,3,3,0,0,HB,BEL,Online TA,TA/TO,0,0,0,F,F,1,No Deposit,7,NULL,0,Transient,158.93,0,1,Check-Out,2017-02-05
City Hotel,0,53,2017,February,5,3,1,2,3,2,0,HB,ESP,Direct,Direct,0,0,0,G,G,1,No Deposit,14,NULL,0,Transient,268.0,0,1,Check-Out,2017-02-06
City Hotel,0,0,2017,February,5,4,1,1,2,0,1,HB,PRT,Online TA,TA/TO,0,0,0,A,A,1,No Deposit,9,NULL,0,Transient,175.0,0,1,Check-Out,2017-02-06
City Hotel,0,75,2017,February,5,3,1,2,2,2,0,BB,ITA,Online TA,TA/TO,0,0,0,F,F,0,No Deposit,9,NULL,0,Transient,156.6,0,2,Check-Out,2017-02-06
City Hotel,0,11,2017,February,6,7,0,4,3,0,0,HB,FRA,Online TA,TA/TO,0,0,0,D,D,0,No Deposit,9,NULL,0,Transient,185.3,0,0,Check-Out,2017-02-11
City Hotel,0,5,2017,January,4,25,4,13,2,2,0,BB,AGO,Online TA,TA/TO,0,0,0,F,G,1,No Deposit,9,NULL,0,Transient,223.0,0,0,Check-Out,2017-02-11
City Hotel,0,14,2017,February,6,9,0,3,3,0,0,BB,FRA,Online TA,TA/TO,0,0,0,D,D,1,No Deposit,9,NULL,0,Transient,158.0,0,0,Check-Out,2017-02-12
City Hotel,0,0,2017,February,6,10,0,2,3,2,0,BB,ESP,Online TA,TA/TO,0,0,0,G,G,0,No Deposit,8,NULL,0,Transient,272.0,0,0,Check-Out,2017-02-12
City Hotel,0,4,2017,February,6,11,0,1,2,0,0,HB,SWE,Direct,Direct,0,0,0,E,E,0,No Deposit,14,NULL,0,Transient,183.0,0,1,Check-Out,2017-02-12
City Hotel,0,14,2017,February,6,9,0,3,2,2,0,BB,GBR,Online TA,TA/TO,0,0,0,E,E,1,No Deposit,9,NULL,0,Transient,188.0,0,1,Check-Out,2017-02-12
City Hotel,0,10,2017,February,6,9,1,3,2,2,1,HB,FRA,Offline TA/TO,TA/TO,0,0,0,G,G,0,No Deposit,427,NULL,0,Transient,233.75,0,2,Check-Out,2017-02-13
City Hotel,0,14,2017,February,6,10,2,2,2,1,0,BB,GBR,Online TA,TA/TO,0,0,0,F,F,0,No Deposit,9,NULL,0,Transient,198.0,0,1,Check-Out,2017-02-14
City Hotel,0,12,2017,February,7,13,1,0,2,0,0,HB,PRT,Direct,Direct,0,0,0,D,D,1,No Deposit,14,NULL,0,Transient,163.0,1,1,Check-Out,2017-02-14
City Hotel,0,0,2017,February,7,14,0,1,2,0,0,HB,PRT,Direct,Direct,0,0,0,A,D,0,No Deposit,NULL,NULL,0,Transient,154.0,0,2,Check-Out,2017-02-15
City Hotel,0,0,2017,February,7,14,0,1,2,0,0,HB,PRT,Direct,Direct,0,0,0,A,D,1,No Deposit,14,NULL,0,Transient,154.0,1,2,Check-Out,2017-02-15
City Hotel,0,39,2017,February,7,12,2,1,2,0,0,HB,FRA,Direct,Direct,0,0,0,A,A,0,No Deposit,14,NULL,0,Transient,156.0,0,1,Check-Out,2017-02-15
City Hotel,0,28,2017,February,6,10,2,3,3,0,0,HB,FRA,Online TA,TA/TO,0,0,0,E,F,0,No Deposit,9,NULL,0,Transient,158.1,0,2,Check-Out,2017-02-15
City Hotel,0,7,2017,February,7,14,0,1,2,0,0,HB,PRT,Direct,Direct,0,0,0,A,D,1,No Deposit,NULL,NULL,0,Transient,163.0,1,1,Check-Out,2017-02-15
City Hotel,0,15,2017,February,7,14,0,1,2,0,1,HB,PRT,Direct,Direct,0,0,0,A,A,0,No Deposit,14,NULL,0,Transient,259.0,0,3,Check-Out,2017-02-15
City Hotel,0,16,2017,February,7,12,2,2,2,1,0,BB,DNK,Online TA,TA/TO,0,0,0,F,F,0,No Deposit,8,NULL,0,Transient,198.0,0,1,Check-Out,2017-02-16
City Hotel,0,28,2017,February,7,15,0,1,2,0,0,BB,BRA,Online TA,TA/TO,0,0,0,F,F,1,No Deposit,9,NULL,0,Transient,168.3,0,0,Check-Out,2017-02-16
City Hotel,0,15,2017,February,7,13,1,3,2,0,0,BB,USA,Direct,Direct,0,0,0,G,G,3,No Deposit,14,NULL,0,Transient,223.0,0,1,Check-Out,2017-02-17
City Hotel,0,11,2017,February,7,13,1,3,2,2,0,BB,CHE,Online TA,TA/TO,0,0,0,F,F,0,No Deposit,9,NULL,0,Transient,198.0,0,1,Check-Out,2017-02-17
City Hotel,0,16,2017,February,7,15,0,2,2,2,0,BB,FRA,Online TA,TA/TO,0,0,0,F,F,0,No Deposit,9,NULL,0,Transient,207.0,1,3,Check-Out,2017-02-17
City Hotel,0,7,2017,February,7,15,0,3,3,0,0,BB,FRA,Direct,Direct,0,0,0,D,D,0,No Deposit,14,NULL,0,Transient,163.0,0,1,Check-Out,2017-02-18
City Hotel,0,2,2017,February,7,18,0,1,2,0,0,BB,PRT,Direct,Direct,0,0,0,G,G,0,No Deposit,14,NULL,0,Transient,234.0,0,0,Check-Out,2017-02-19
City Hotel,0,20,2017,February,7,17,0,2,2,2,0,HB,PRT,Online TA,TA/TO,0,0,0,F,F,1,No Deposit,9,NULL,0,Transient,258.0,0,1,Check-Out,2017-02-19
City Hotel,0,2,2017,February,7,16,0,3,2,1,0,HB,ESP,Direct,Direct,0,0,0,D,A,1,No Deposit,14,NULL,0,Transient,198.0,0,2,Check-Out,2017-02-19
City Hotel,0,1,2017,February,7,17,0,2,2,0,0,HB,ESP,Direct,Direct,0,0,0,A,A,2,No Deposit,14,NULL,0,Transient,163.0,1,0,Check-Out,2017-02-19
City Hotel,0,11,2017,February,7,16,0,3,2,2,0,BB,ITA,Online TA,TA/TO,0,0,0,F,F,0,No Deposit,9,NULL,0,Transient,208.0,0,2,Check-Out,2017-02-19
City Hotel,0,10,2017,February,7,12,3,5,2,0,0,BB,USA,Direct,Direct,0,0,0,G,G,1,No Deposit,14,NULL,0,Transient,222.0,0,0,Check-Out,2017-02-20
City Hotel,0,31,2017,February,7,16,2,3,4,0,0,BB,FRA,Online TA,TA/TO,0,0,0,G,G,0,No Deposit,7,NULL,0,Transient,191.39,0,1,Check-Out,2017-02-21
City Hotel,0,1,2017,February,8,19,2,1,3,0,0,BB,FRA,Online TA,TA/TO,0,0,0,D,D,0,No Deposit,9,NULL,0,Transient,158.0,0,2,Check-Out,2017-02-22
City Hotel,0,175,2017,February,7,18,2,3,3,0,0,HB,FRA,Online TA,TA/TO,0,0,0,D,D,2,No Deposit,9,NULL,0,Transient,167.45,0,1,Check-Out,2017-02-23
City Hotel,0,21,2017,February,8,20,1,2,2,2,0,BB,FRA,Online TA,TA/TO,0,0,0,F,F,0,No Deposit,9,NULL,0,Transient,190.0,0,1,Check-Out,2017-02-23
City Hotel,0,0,2017,February,8,20,1,2,3,0,0,HB,NLD,Direct,Direct,0,0,0,D,K,0,No Deposit,14,NULL,0,Transient,193.0,1,2,Check-Out,2017-02-23
City Hotel,0,3,2017,February,8,19,2,2,2,3,0,BB,FRA,Online TA,TA/TO,0,0,0,G,G,0,No Deposit,7,NULL,0,Transient,207.22,0,1,Check-Out,2017-02-23
City Hotel,0,9,2017,February,8,20,1,2,3,0,0,BB,ISR,Online TA,TA/TO,0,0,0,D,D,0,No Deposit,9,NULL,0,Transient,167.0,0,2,Check-Out,2017-02-23
City Hotel,0,35,2017,February,7,16,2,5,3,0,0,HB,EST,Online TA,TA/TO,0,0,0,E,E,0,No Deposit,9,NULL,0,Transient,154.21,0,2,Check-Out,2017-02-23
City Hotel,0,23,2017,February,8,19,2,2,2,2,0,BB,NLD,Online TA,TA/TO,0,0,0,F,F,0,No Deposit,9,NULL,0,Transient,190.0,0,0,Check-Out,2017-02-23
City Hotel,0,8,2017,February,8,20,1,2,3,0,0,BB,CHE,Online TA,TA/TO,0,0,0,E,E,0,No Deposit,9,NULL,0,Transient,188.0,0,0,Check-Out,2017-02-23
City Hotel,0,31,2017,February,8,20,1,3,3,0,0,HB,FRA,Online TA,TA/TO,0,0,0,E,E,0,No Deposit,9,NULL,0,Transient,153.0,0,2,Check-Out,2017-02-24
City Hotel,0,1,2017,February,8,22,0,2,2,0,0,HB,LUX,Online TA,TA/TO,0,0,0,D,D,0,No Deposit,9,NULL,0,Transient,165.0,0,1,Check-Out,2017-02-24
City Hotel,0,1,2017,February,8,23,0,1,3,0,0,HB,PRT,Direct,Direct,0,0,0,D,D,0,No Deposit,NULL,NULL,0,Transient,207.0,0,0,Check-Out,2017-02-24
City Hotel,0,18,2017,February,8,23,0,1,3,0,0,BB,USA,Online TA,TA/TO,0,0,0,D,D,0,No Deposit,9,NULL,0,Transient,158.0,0,0,Check-Out,2017-02-24
City Hotel,0,17,2017,February,8,19,2,3,2,0,0,HB,ITA,Online TA,TA/TO,0,0,0,D,A,0,No Deposit,9,NULL,0,Transient,177.31,0,0,Check-Out,2017-02-24
City Hotel,0,3,2017,February,8,22,0,3,2,3,0,HB,NLD,Online TA,TA/TO,0,0,0,F,F,1,No Deposit,9,NULL,0,Transient,275.0,0,2,Check-Out,2017-02-25
City Hotel,0,4,2017,February,8,24,0,1,2,2,0,BB,PRT,Online TA,TA/TO,0,0,0,F,G,0,No Deposit,83,NULL,0,Transient,158.4,0,0,Check-Out,2017-02-25
City Hotel,0,19,2017,February,8,24,0,1,3,0,0,BB,RUS,Online TA,TA/TO,0,0,0,D,D,0,No Deposit,9,NULL,0,Transient,158.0,0,1,Check-Out,2017-02-25
City Hotel,0,28,2017,February,8,20,1,4,3,2,0,HB,FRA,Offline TA/TO,TA/TO,0,0,0,G,G,0,No Deposit,404,NULL,0,Transient,284.2,0,1,Check-Out,2017-02-25
City Hotel,0,5,2017,February,8,25,0,1,3,0,0,BB,ESP,Direct,Direct,0,0,0,F,F,0,No Deposit,14,NULL,0,Transient,193.0,0,0,Check-Out,2017-02-26
City Hotel,0,5,2017,February,8,25,0,1,2,0,0,BB,ESP,Direct,Direct,0,0,0,E,F,0,No Deposit,14,NULL,0,Transient,167.0,1,1,Check-Out,2017-02-26
City Hotel,0,4,2017,February,8,23,0,3,2,2,0,BB,FRA,Online TA,TA/TO,0,0,0,F,F,0,No Deposit,9,NULL,0,Transient,201.33,0,1,Check-Out,2017-02-26
City Hotel,0,45,2017,February,8,24,1,2,2,0,0,HB,GBR,Online TA,TA/TO,0,0,0,D,D,0,No Deposit,9,NULL,0,Transient,152.1,0,1,Check-Out,2017-02-27
City Hotel,0,1,2017,February,9,26,1,0,2,2,0,BB,PRT,Online TA,TA/TO,0,0,0,F,F,0,No Deposit,83,NULL,0,Transient,188.4,0,0,Check-Out,2017-02-27
City Hotel,0,32,2017,February,8,25,2,1,2,2,0,HB,ESP,Direct,Direct,0,0,0,E,E,0,No Deposit,14,NULL,0,Transient,203.0,0,2,Check-Out,2017-02-28
City Hotel,0,32,2017,February,8,25,2,1,2,2,0,HB,ESP,Direct,Direct,0,0,0,E,F,0,No Deposit,14,NULL,0,Transient,203.0,0,2,Check-Out,2017-02-28
City Hotel,0,16,2017,February,9,26,2,1,2,2,0,HB,PRT,Online TA,TA/TO,0,0,0,F,F,0,No Deposit,9,NULL,0,Transient,221.4,0,2,Check-Out,2017-03-01
City Hotel,0,9,2017,February,9,28,0,1,3,0,0,BB,FRA,Direct,Direct,0,0,0,D,D,0,No Deposit,14,NULL,0,Transient,153.0,0,0,Check-Out,2017-03-01
City Hotel,0,50,2017,February,9,27,1,2,3,1,0,BB,BRA,Online TA,TA/TO,0,0,0,G,G,0,No Deposit,7,NULL,0,Transient,188.01,0,2,Check-Out,2017-03-02
City Hotel,0,49,2017,February,9,26,2,2,3,0,0,BB,NLD,Direct,Direct,0,0,0,G,G,0,No Deposit,14,NULL,0,Transient,208.2,0,0,Check-Out,2017-03-02
City Hotel,0,50,2017,February,9,27,1,2,2,2,0,BB,BRA,Online TA,TA/TO,0,0,0,G,G,0,No Deposit,7,NULL,0,Transient,186.09,0,2,Check-Out,2017-03-02
City Hotel,0,5,2017,March,9,2,0,1,2,0,0,BB,ITA,Online TA,TA/TO,0,0,0,F,K,1,No Deposit,9,NULL,0,Transient-Party,198.0,0,0,Check-Out,2017-03-03
City Hotel,0,13,2017,March,9,3,0,1,2,0,0,HB,FRA,Online TA,TA/TO,0,0,0,A,A,0,No Deposit,9,NULL,0,Transient,155.0,1,1,Check-Out,2017-03-04
City Hotel,0,94,2017,March,9,1,0,3,2,2,0,BB,BRA,Online TA,TA/TO,0,0,0,F,F,0,No Deposit,9,NULL,0,Transient,163.2,0,1,Check-Out,2017-03-04
City Hotel,0,134,2017,February,9,27,1,4,3,1,0,BB,AUT,Online TA,TA/TO,0,0,0,G,G,0,No Deposit,7,NULL,0,Transient,152.76,0,1,Check-Out,2017-03-04
City Hotel,0,290,2017,March,9,3,0,1,2,2,0,BB,FRA,Online TA,TA/TO,0,0,0,F,F,0,No Deposit,9,NULL,0,Transient,153.9,0,0,Check-Out,2017-03-04
City Hotel,0,0,2017,March,9,3,0,1,2,0,0,BB,AGO,Direct,Direct,0,0,0,E,E,0,No Deposit,NULL,NULL,0,Transient,152.0,0,0,Check-Out,2017-03-04
City Hotel,0,13,2017,March,9,2,0,3,3,0,0,BB,ITA,Online TA,TA/TO,0,0,0,D,D,0,No Deposit,9,NULL,0,Transient,158.0,0,1,Check-Out,2017-03-05
City Hotel,0,16,2017,March,9,3,0,2,3,0,0,BB,ESP,Online TA,TA/TO,0,0,0,E,E,0,No Deposit,9,NULL,0,Transient,197.0,0,1,Check-Out,2017-03-05
City Hotel,0,67,2017,March,9,3,0,2,2,0,0,BB,ESP,Online TA,TA/TO,0,0,0,D,D,1,No Deposit,9,NULL,0,Transient,151.2,0,1,Check-Out,2017-03-05
City Hotel,0,109,2017,March,9,2,0,3,2,2,0,BB,NLD,Online TA,TA/TO,0,0,0,F,F,0,No Deposit,9,NULL,0,Transient,156.6,0,1,Check-Out,2017-03-05
City Hotel,0,14,2017,March,10,10,0,1,2,0,0,BB,BRA,Online TA,TA/TO,0,0,1,E,E,0,No Deposit,9,NULL,0,Group,158.0,0,1,Check-Out,2017-03-11
City Hotel,0,14,2017,March,10,10,0,1,2,0,0,BB,BRA,Online TA,TA/TO,0,0,1,E,E,0,No Deposit,9,NULL,0,Group,198.0,0,1,Check-Out,2017-03-11
City Hotel,0,39,2017,March,9,4,1,1,3,0,0,BB,BRA,Online TA,TA/TO,0,0,0,D,D,2,No Deposit,9,NULL,0,Transient,158.0,0,0,Check-Out,2017-03-06
City Hotel,0,104,2017,March,9,3,1,2,3,0,0,BB,BRA,Online TA,TA/TO,0,0,0,D,D,0,No Deposit,9,NULL,0,Transient,151.2,1,2,Check-Out,2017-03-06
City Hotel,0,36,2017,March,9,4,2,1,3,0,0,HB,FRA,Online TA,TA/TO,0,0,0,E,E,0,No Deposit,9,NULL,0,Transient,248.0,0,1,Check-Out,2017-03-07
City Hotel,0,75,2017,March,9,3,2,2,2,2,0,BB,FRA,Online TA,TA/TO,0,0,0,F,F,0,No Deposit,9,NULL,0,Transient,151.3,0,2,Check-Out,2017-03-07
City Hotel,0,31,2017,March,10,5,2,1,3,0,0,BB,CHN,Online TA,TA/TO,0,0,0,D,D,0,No Deposit,9,NULL,0,Transient,167.0,0,1,Check-Out,2017-03-08
City Hotel,0,22,2017,March,9,4,2,2,2,2,0,BB,USA,Direct,Direct,0,0,0,G,G,0,No Deposit,14,NULL,0,Transient,223.0,0,0,Check-Out,2017-03-08
City Hotel,0,18,2017,March,10,6,1,2,3,0,0,BB,CHE,Online TA,TA/TO,0,0,0,D,D,0,No Deposit,9,NULL,0,Transient,158.0,0,0,Check-Out,2017-03-09
City Hotel,0,163,2017,March,10,6,1,3,2,1,0,HB,CHE,Online TA,TA/TO,0,0,0,A,A,0,No Deposit,9,NULL,0,Transient,152.55,0,3,Check-Out,2017-03-10
City Hotel,0,0,2017,March,10,6,1,4,2,0,1,BB,AGO,Direct,Direct,0,0,0,F,F,0,No Deposit,NULL,NULL,0,Transient,195.0,0,2,Check-Out,2017-03-11
City Hotel,0,6,2017,March,10,6,1,4,2,0,0,BB,GBR,Online TA,TA/TO,0,0,0,E,E,0,No Deposit,9,NULL,0,Transient,159.0,0,1,Check-Out,2017-03-11
City Hotel,0,2,2017,March,10,8,0,3,2,0,0,HB,MAR,Online TA,TA/TO,0,0,0,A,A,0,No Deposit,9,NULL,0,Transient,158.33,0,0,Check-Out,2017-03-11
City Hotel,0,2,2017,March,10,10,0,2,3,0,0,BB,PER,Direct,Direct,0,0,0,F,F,0,No Deposit,14,NULL,0,Transient,243.0,0,1,Check-Out,2017-03-12
City Hotel,0,43,2017,March,10,11,0,1,3,0,0,BB,DEU,Online TA,TA/TO,0,0,0,D,D,4,No Deposit,9,NULL,0,Transient,158.0,0,1,Check-Out,2017-03-12
City Hotel,0,33,2017,March,10,10,0,2,3,0,0,BB,PRT,Online TA,TA/TO,0,0,0,D,D,0,No Deposit,9,NULL,0,Transient,168.0,0,0,Check-Out,2017-03-12
City Hotel,0,3,2017,March,10,11,0,1,2,2,0,BB,PRT,Online TA,TA/TO,0,0,0,F,F,0,No Deposit,9,NULL,0,Transient,208.0,0,0,Check-Out,2017-03-12
City Hotel,0,20,2017,March,10,8,0,4,2,2,0,BB,PRT,Online TA,TA/TO,0,0,0,F,F,0,No Deposit,9,NULL,0,Transient,203.0,0,1,Check-Out,2017-03-12
City Hotel,0,198,2017,March,10,11,2,1,2,2,0,BB,FRA,Online TA,TA/TO,0,0,0,F,F,2,No Deposit,9,NULL,0,Transient,162.4,0,3,Check-Out,2017-03-14
City Hotel,0,4,2017,March,11,13,1,0,1,0,0,BB,GBR,Groups,TA/TO,0,0,0,A,A,0,No Deposit,254,NULL,0,Transient-Party,241.25,0,0,Check-Out,2017-03-14
City Hotel,0,20,2017,March,11,13,1,1,1,0,0,BB,GBR,Groups,TA/TO,0,0,0,A,A,0,No Deposit,254,NULL,0,Transient-Party,173.13,0,0,Check-Out,2017-03-15
City Hotel,0,21,2017,March,11,14,0,1,1,0,0,BB,ESP,Groups,TA/TO,0,0,0,A,A,2,No Deposit,254,NULL,0,Transient-Party,251.0,0,0,Check-Out,2017-03-15
City Hotel,0,20,2017,March,11,13,1,1,1,0,0,BB,ESP,Groups,TA/TO,0,0,0,A,A,0,No Deposit,254,NULL,0,Transient-Party,178.0,0,0,Check-Out,2017-03-15
City Hotel,0,20,2017,March,11,13,1,1,1,0,0,BB,FRA,Groups,TA/TO,0,0,0,A,A,0,No Deposit,254,NULL,0,Transient-Party,178.0,0,0,Check-Out,2017-03-15
City Hotel,0,20,2017,March,11,13,1,1,1,0,0,BB,FRA,Groups,TA/TO,0,0,0,A,A,0,No Deposit,254,NULL,0,Transient-Party,178.0,0,0,Check-Out,2017-03-15
City Hotel,0,20,2017,March,11,13,1,1,1,0,0,BB,FRA,Groups,TA/TO,0,0,0,A,A,0,No Deposit,254,NULL,0,Transient-Party,178.0,0,0,Check-Out,2017-03-15
City Hotel,0,20,2017,March,11,13,1,1,1,0,0,BB,GBR,Groups,TA/TO,0,0,0,A,A,0,No Deposit,254,NULL,0,Transient-Party,178.0,0,0,Check-Out,2017-03-15
City Hotel,0,21,2017,March,11,14,0,1,1,0,0,BB,ESP,Groups,TA/TO,0,0,0,A,A,2,No Deposit,254,NULL,0,Transient-Party,251.0,0,0,Check-Out,2017-03-15
City Hotel,0,20,2017,March,11,13,1,1,1,0,0,BB,GBR,Groups,TA/TO,0,0,0,A,A,0,No Deposit,254,NULL,0,Transient-Party,178.0,0,0,Check-Out,2017-03-15
City Hotel,0,21,2017,March,11,14,0,1,1,0,0,BB,PRT,Groups,TA/TO,0,0,0,A,A,2,No Deposit,254,NULL,0,Transient-Party,251.0,0,0,Check-Out,2017-03-15
City Hotel,0,20,2017,March,11,13,1,1,1,0,0,BB,DEU,Groups,TA/TO,0,0,0,A,A,0,No Deposit,254,NULL,0,Transient-Party,178.0,0,0,Check-Out,2017-03-15
City Hotel,0,3,2017,March,11,13,1,1,3,0,0,BB,PRT,Online TA,TA/TO,0,0,0,D,D,0,No Deposit,9,NULL,0,Transient,177.0,1,0,Check-Out,2017-03-15
City Hotel,0,20,2017,March,11,13,1,1,1,0,0,BB,ITA,Groups,TA/TO,0,0,0,A,A,0,No Deposit,254,NULL,0,Transient-Party,173.13,0,0,Check-Out,2017-03-15
City Hotel,0,20,2017,March,11,13,1,2,1,0,0,BB,FRA,Groups,TA/TO,0,0,0,A,A,1,No Deposit,254,NULL,0,Transient-Party,153.67,0,0,Check-Out,2017-03-16
City Hotel,0,20,2017,March,11,13,1,2,1,0,0,BB,FRA,Groups,TA/TO,0,0,0,A,A,1,No Deposit,254,NULL,0,Transient-Party,153.67,0,0,Check-Out,2017-03-16
City Hotel,0,20,2017,March,11,13,1,2,1,0,0,BB,FRA,Groups,TA/TO,0,0,0,A,A,1,No Deposit,254,NULL,0,Transient-Party,153.67,0,0,Check-Out,2017-03-16
City Hotel,0,20,2017,March,11,13,1,2,1,0,0,BB,FRA,Groups,TA/TO,0,0,0,A,A,1,No Deposit,254,NULL,0,Transient-Party,153.67,0,0,Check-Out,2017-03-16
City Hotel,0,20,2017,March,11,13,1,2,1,0,0,BB,FRA,Groups,TA/TO,0,0,0,A,A,1,No Deposit,254,NULL,0,Transient-Party,153.67,0,0,Check-Out,2017-03-16
City Hotel,0,0,2017,March,11,15,0,1,1,0,0,BB,PRT,Corporate,Corporate,0,0,0,A,A,0,No Deposit,NULL,445,0,Transient,164.0,0,0,Check-Out,2017-03-16
City Hotel,0,30,2017,March,11,14,0,2,1,0,0,BB,USA,Online TA,GDS,0,0,0,E,E,0,No Deposit,195,NULL,0,Transient,153.0,0,0,Check-Out,2017-03-16
City Hotel,0,8,2017,March,11,16,0,1,2,0,0,BB,DEU,Direct,Direct,0,0,0,E,E,0,No Deposit,14,NULL,0,Transient,153.0,0,0,Check-Out,2017-03-17
City Hotel,0,41,2017,March,11,13,1,3,2,2,0,BB,CN,Online TA,TA/TO,0,0,0,F,F,0,No Deposit,7,NULL,0,Transient,181.67,0,1,Check-Out,2017-03-17
City Hotel,0,43,2017,March,11,17,0,1,2,2,0,BB,PRT,Online TA,TA/TO,0,0,0,F,F,0,No Deposit,9,NULL,0,Transient,198.0,0,0,Check-Out,2017-03-18
City Hotel,0,1,2017,March,11,17,0,1,2,0,0,BB,PRT,Online TA,TA/TO,0,0,0,E,E,0,No Deposit,9,NULL,0,Transient,158.0,0,2,Check-Out,2017-03-18
City Hotel,0,13,2017,March,11,18,0,1,2,1,2,BB,PRT,Direct,Direct,0,0,0,D,F,3,No Deposit,14,NULL,0,Transient,152.0,1,2,Check-Out,2017-03-19
City Hotel,0,52,2017,March,11,17,0,2,2,2,0,BB,PRT,Online TA,TA/TO,0,0,0,F,F,0,No Deposit,9,NULL,0,Transient,207.0,1,2,Check-Out,2017-03-19
City Hotel,0,50,2017,March,11,17,0,2,3,0,0,BB,ESP,Online TA,TA/TO,0,0,0,D,D,0,No Deposit,9,NULL,0,Transient,151.2,0,1,Check-Out,2017-03-19
City Hotel,0,1,2017,March,11,18,0,1,3,0,0,BB,CN,Online TA,TA/TO,0,0,0,D,D,0,No Deposit,9,NULL,0,Transient,168.0,0,1,Check-Out,2017-03-19
City Hotel,0,17,2017,March,11,18,1,1,2,0,0,BB,SWE,Direct,Direct,0,0,0,G,G,0,No Deposit,NULL,NULL,0,Transient,233.0,0,1,Check-Out,2017-03-20
City Hotel,0,17,2017,March,11,18,1,1,2,0,0,BB,SWE,Direct,Direct,0,0,0,G,G,0,No Deposit,NULL,NULL,0,Transient,233.0,0,1,Check-Out,2017-03-20
City Hotel,0,11,2017,March,11,18,1,1,2,1,0,BB,ESP,Online TA,TA/TO,0,0,0,E,E,1,No Deposit,9,NULL,0,Transient,167.0,1,1,Check-Out,2017-03-20
City Hotel,0,130,2017,March,11,17,1,2,2,2,0,BB,ITA,Online TA,TA/TO,0,0,0,F,F,0,No Deposit,9,NULL,0,Transient,156.6,0,1,Check-Out,2017-03-20
City Hotel,0,170,2017,March,11,17,1,2,1,1,0,BB,LUX,Online TA,TA/TO,0,0,0,F,F,0,No Deposit,9,NULL,0,Transient,174.0,0,1,Check-Out,2017-03-20
City Hotel,0,5,2017,March,11,17,1,2,3,0,0,BB,ITA,Online TA,TA/TO,0,0,0,D,D,0,No Deposit,9,NULL,0,Transient,168.0,0,1,Check-Out,2017-03-20
City Hotel,0,50,2017,March,11,17,1,2,3,0,0,HB,ESP,Online TA,TA/TO,0,0,0,E,E,0,No Deposit,9,NULL,0,Transient,169.2,0,2,Check-Out,2017-03-20
City Hotel,0,31,2017,March,12,19,1,0,3,0,0,BB,FIN,Online TA,TA/TO,0,0,0,D,F,0,No Deposit,9,NULL,0,Transient,158.0,0,1,Check-Out,2017-03-20
City Hotel,0,6,2017,March,11,18,1,1,3,0,0,BB,ESP,Online TA,TA/TO,0,0,0,D,D,0,No Deposit,9,NULL,0,Transient,177.0,1,0,Check-Out,2017-03-20
City Hotel,0,56,2017,March,11,18,1,1,2,2,0,BB,ITA,Direct,Direct,0,0,0,F,F,0,No Deposit,14,NULL,0,Transient,193.0,0,0,Check-Out,2017-03-20
City Hotel,0,29,2017,March,11,18,2,1,2,0,0,HB,PRT,Online TA,TA/TO,0,0,0,D,D,0,No Deposit,9,NULL,0,Transient,159.33,0,0,Check-Out,2017-03-21
City Hotel,0,73,2017,March,11,18,2,1,3,0,0,HB,LUX,Online TA,TA/TO,0,0,0,E,E,0,No Deposit,9,NULL,0,Transient,160.2,0,1,Check-Out,2017-03-21
City Hotel,0,0,2017,March,12,20,1,1,1,0,0,BB,PRT,Direct,Direct,0,0,0,A,F,1,No Deposit,NULL,NULL,0,Transient,152.0,0,0,Check-Out,2017-03-22
City Hotel,0,16,2017,May,20,14,2,2,1,0,0,BB,IRL,Online TA,TA/TO,1,0,1,D,D,0,No Deposit,9,NULL,0,Transient,160.0,0,3,Check-Out,2017-05-18
City Hotel,0,1,2017,June,25,20,0,1,1,0,0,BB,PRT,Online TA,TA/TO,1,0,2,A,C,0,No Deposit,9,NULL,0,Group,170.0,0,1,Check-Out,2017-06-21
City Hotel,0,113,2017,March,11,16,2,5,2,0,0,HB,BGR,Direct,Direct,0,0,0,A,A,1,No Deposit,14,NULL,0,Transient,153.0,1,4,Check-Out,2017-03-23
City Hotel,0,6,2017,March,11,15,2,6,2,1,0,BB,RUS,Online TA,TA/TO,0,0,0,F,F,1,No Deposit,9,NULL,0,Transient,208.0,0,0,Check-Out,2017-03-23
City Hotel,0,2,2017,March,12,19,2,3,1,0,0,BB,IRL,Online TA,TA/TO,0,0,0,F,F,0,No Deposit,7,NULL,0,Transient,163.52,0,2,Check-Out,2017-03-24
City Hotel,0,11,2017,March,12,20,1,3,2,0,0,BB,DEU,Online TA,TA/TO,0,0,0,E,E,0,No Deposit,9,NULL,0,Transient,167.0,0,0,Check-Out,2017-03-24
City Hotel,0,2,2017,March,12,21,0,4,2,0,0,BB,FRA,Online TA,TA/TO,0,0,0,E,E,0,No Deposit,9,NULL,0,Transient,153.5,0,2,Check-Out,2017-03-25
City Hotel,0,0,2017,March,12,24,0,1,2,0,0,BB,AUS,Direct,Direct,0,0,0,A,G,0,No Deposit,NULL,NULL,0,Transient,233.0,0,0,Check-Out,2017-03-25
City Hotel,0,2,2017,March,12,24,0,1,2,0,0,HB,PRT,Direct,Direct,0,0,0,D,D,0,No Deposit,14,NULL,0,Transient,163.0,0,2,Check-Out,2017-03-25
City Hotel,0,4,2017,March,12,23,0,3,3,0,0,BB,ESP,Online TA,TA/TO,0,0,0,D,D,0,No Deposit,9,NULL,0,Transient,165.0,0,2,Check-Out,2017-03-26
City Hotel,0,12,2017,March,12,23,0,3,2,0,0,BB,GBR,Online TA,TA/TO,0,0,0,F,F,1,No Deposit,9,NULL,0,Transient,208.0,0,0,Check-Out,2017-03-26
City Hotel,0,87,2017,March,12,24,0,2,2,2,0,BB,ESP,Online TA,TA/TO,0,0,0,F,F,0,No Deposit,9,NULL,0,Transient,169.2,1,2,Check-Out,2017-03-26
City Hotel,0,4,2017,March,12,24,0,2,2,0,0,BB,ESP,Direct,Direct,0,0,0,F,F,0,No Deposit,NULL,NULL,0,Transient,170.0,0,0,Check-Out,2017-03-26
City Hotel,0,29,2017,March,12,23,0,3,2,0,0,BB,BEL,Direct,Direct,0,0,0,F,F,0,No Deposit,14,NULL,0,Transient,196.33,0,0,Check-Out,2017-03-26
City Hotel,0,79,2017,March,12,25,0,1,3,0,0,BB,BEL,Online TA,TA/TO,0,0,0,D,G,0,No Deposit,9,NULL,0,Transient,151.2,0,1,Check-Out,2017-03-26
City Hotel,0,9,2017,March,12,23,1,3,2,0,0,BB,PRT,Online TA,TA/TO,0,0,0,G,G,0,No Deposit,7,NULL,0,Transient,190.4,0,1,Check-Out,2017-03-27
City Hotel,0,70,2017,March,12,23,2,3,2,2,0,HB,ESP,Online TA,TA/TO,0,0,0,F,F,0,No Deposit,9,NULL,0,Transient,210.8,0,0,Check-Out,2017-03-28
City Hotel,0,28,2017,March,13,26,2,0,3,0,0,BB,BEL,Online TA,TA/TO,0,0,0,D,D,0,No Deposit,9,NULL,0,Transient,163.0,0,0,Check-Out,2017-03-28
City Hotel,0,74,2017,March,12,24,2,3,2,2,0,BB,HUN,Online TA,TA/TO,0,0,0,F,F,0,No Deposit,9,NULL,0,Transient,151.3,0,0,Check-Out,2017-03-29
City Hotel,0,35,2017,March,13,26,2,3,3,0,0,HB,FRA,Online TA,TA/TO,0,0,0,E,E,0,No Deposit,9,NULL,0,Transient,164.9,0,3,Check-Out,2017-03-31
City Hotel,0,35,2017,March,13,28,0,4,2,2,0,BB,GBR,Online TA,TA/TO,0,0,0,F,F,0,No Deposit,9,NULL,0,Transient,208.0,0,0,Check-Out,2017-04-01
City Hotel,0,0,2017,March,13,30,0,2,2,0,1,BB,PRT,Direct,Direct,0,0,0,F,F,1,No Deposit,NULL,NULL,0,Transient,182.0,0,0,Check-Out,2017-04-01
City Hotel,0,0,2017,March,13,31,0,1,2,0,0,BB,PRT,Direct,Direct,0,0,0,F,F,0,No Deposit,14,NULL,0,Transient,204.0,0,0,Check-Out,2017-04-01
City Hotel,0,56,2017,March,13,31,0,2,3,0,0,BB,GBR,Online TA,TA/TO,0,0,0,D,D,2,No Deposit,9,NULL,0,Transient,169.5,0,1,Check-Out,2017-04-02
City Hotel,0,26,2017,March,13,31,0,2,2,0,0,BB,BEL,Online TA,TA/TO,0,0,0,E,E,0,No Deposit,9,NULL,0,Transient,169.0,0,1,Check-Out,2017-04-02
City Hotel,0,86,2017,March,13,31,0,2,3,0,0,BB,NLD,Online TA,TA/TO,0,0,0,D,D,0,No Deposit,9,NULL,0,Transient,154.35,0,1,Check-Out,2017-04-02
City Hotel,0,7,2017,March,12,22,2,9,2,0,1,BB,PRT,Online TA,TA/TO,0,0,0,F,F,2,No Deposit,9,NULL,0,Transient,212.73,0,2,Check-Out,2017-04-02
City Hotel,0,1,2017,March,13,29,0,4,2,0,0,BB,FRA,Corporate,Corporate,0,0,0,G,G,1,No Deposit,NULL,450,0,Transient,200.0,0,0,Check-Out,2017-04-02
City Hotel,0,10,2017,March,13,31,0,2,2,0,0,BB,PRT,Online TA,TA/TO,0,0,0,E,E,0,No Deposit,9,NULL,0,Transient,166.0,0,2,Check-Out,2017-04-02
City Hotel,0,44,2017,March,13,30,0,3,2,0,0,BB,ESP,Online TA,TA/TO,0,0,0,E,E,0,No Deposit,9,NULL,0,Transient,154.07,0,3,Check-Out,2017-04-02
City Hotel,0,7,2017,March,13,31,0,2,3,0,0,BB,GBR,Online TA,TA/TO,0,0,0,E,E,0,No Deposit,9,NULL,0,Transient,206.0,0,1,Check-Out,2017-04-02
City Hotel,0,45,2017,March,13,30,1,3,3,0,0,BB,IRL,Online TA,TA/TO,0,0,0,D,D,0,No Deposit,9,NULL,0,Transient,156.9,0,0,Check-Out,2017-04-03
City Hotel,0,51,2017,March,13,31,1,2,3,0,0,BB,IRL,Online TA,TA/TO,0,0,0,D,D,0,No Deposit,9,NULL,0,Transient,164.4,0,1,Check-Out,2017-04-03
City Hotel,0,51,2017,March,13,31,1,2,3,0,0,BB,IRL,Online TA,TA/TO,0,0,0,D,D,0,No Deposit,9,NULL,0,Transient,164.4,0,0,Check-Out,2017-04-03
City Hotel,0,86,2017,April,13,1,1,1,3,0,0,BB,BIH,Online TA,TA/TO,0,0,0,D,D,1,No Deposit,9,NULL,0,Transient,166.5,0,1,Check-Out,2017-04-03
City Hotel,0,44,2017,March,13,31,2,2,3,0,0,BB,FRA,Online TA,TA/TO,0,0,0,D,D,0,No Deposit,9,NULL,0,Transient,163.95,0,1,Check-Out,2017-04-04
City Hotel,0,48,2017,April,13,1,2,1,2,0,0,BB,FRA,Online TA,TA/TO,0,0,0,E,E,0,No Deposit,9,NULL,0,Transient,162.0,0,3,Check-Out,2017-04-04
City Hotel,0,20,2017,April,14,2,2,0,2,2,0,BB,JPN,Online TA,TA/TO,0,0,0,F,F,0,No Deposit,9,NULL,0,Transient,230.0,0,0,Check-Out,2017-04-04
City Hotel,0,18,2017,April,13,1,2,1,2,1,0,BB,FRA,Online TA,TA/TO,0,0,0,F,F,0,No Deposit,8,NULL,0,Transient,224.0,0,0,Check-Out,2017-04-04
City Hotel,0,55,2017,April,14,3,1,0,3,0,0,BB,CHN,Online TA,TA/TO,0,0,0,D,D,0,No Deposit,9,NULL,0,Transient,171.0,0,0,Check-Out,2017-04-04
City Hotel,0,18,2017,April,13,1,2,1,3,0,0,BB,GBR,Online TA,TA/TO,0,0,0,G,G,0,No Deposit,7,NULL,0,Transient,193.04,0,1,Check-Out,2017-04-04
City Hotel,0,62,2017,March,13,31,2,2,2,2,0,BB,SWE,Online TA,TA/TO,0,0,0,F,F,0,No Deposit,9,NULL,0,Transient,214.5,0,0,Check-Out,2017-04-04
City Hotel,0,47,2017,April,13,1,2,1,3,0,0,BB,FRA,Online TA,TA/TO,0,0,0,D,D,0,No Deposit,9,NULL,0,Transient,171.0,0,0,Check-Out,2017-04-04
City Hotel,0,154,2017,March,13,31,2,2,2,2,0,BB,FRA,Online TA,TA/TO,0,0,0,F,F,0,No Deposit,9,NULL,0,Transient,178.73,0,1,Check-Out,2017-04-04
City Hotel,0,48,2017,April,13,1,2,1,2,0,0,BB,FRA,Online TA,TA/TO,0,0,0,E,E,0,No Deposit,9,NULL,0,Transient,162.0,0,3,Check-Out,2017-04-04
City Hotel,0,86,2017,April,13,1,2,2,3,0,0,BB,AUT,Online TA,TA/TO,0,0,0,D,D,0,No Deposit,9,NULL,0,Transient,157.25,0,2,Check-Out,2017-04-05
City Hotel,0,86,2017,April,13,1,2,2,3,0,0,BB,DEU,Online TA,TA/TO,0,0,0,D,D,1,No Deposit,9,NULL,0,Transient,157.25,0,1,Check-Out,2017-04-05
City Hotel,0,6,2017,April,14,2,2,1,2,2,0,BB,FRA,Online TA,TA/TO,0,0,0,F,F,0,No Deposit,9,NULL,0,Transient,224.0,0,0,Check-Out,2017-04-05
City Hotel,0,127,2017,April,14,3,1,1,3,0,0,BB,PRT,Online TA,TA/TO,0,0,0,D,D,0,No Deposit,9,NULL,0,Transient,166.5,0,1,Check-Out,2017-04-05
City Hotel,0,77,2017,April,14,2,2,1,3,0,0,HB,DEU,Online TA,TA/TO,0,0,0,E,F,2,No Deposit,9,NULL,0,Transient,189.0,0,2,Check-Out,2017-04-05
City Hotel,0,1,2017,April,14,4,0,1,3,0,0,BB,FRA,Online TA,TA/TO,0,0,0,E,E,0,No Deposit,9,NULL,0,Transient,250.0,0,2,Check-Out,2017-04-05
City Hotel,0,64,2017,April,13,1,2,2,2,2,0,BB,GBR,Direct,Direct,0,0,0,F,F,2,No Deposit,14,NULL,0,Transient,204.01,0,3,Check-Out,2017-04-05
City Hotel,0,0,2017,April,14,4,0,1,1,0,0,BB,PRT,Direct,Direct,0,0,0,D,D,0,No Deposit,14,NULL,0,Transient,175.0,0,0,Check-Out,2017-04-05
City Hotel,0,35,2017,April,13,1,2,2,3,0,0,BB,BEL,Online TA,TA/TO,0,0,0,E,E,0,No Deposit,9,NULL,0,Transient,220.0,0,1,Check-Out,2017-04-05
City Hotel,0,43,2017,April,14,3,1,2,2,0,0,HB,GBR,Online TA,TA/TO,0,0,0,D,D,0,No Deposit,9,NULL,0,Transient,181.73,0,4,Check-Out,2017-04-06
City Hotel,0,91,2017,April,14,2,2,2,3,0,0,BB,DEU,Online TA,TA/TO,0,0,0,E,E,2,No Deposit,9,NULL,0,Transient,178.5,0,4,Check-Out,2017-04-06
City Hotel,0,91,2017,April,14,2,2,2,3,0,0,BB,DEU,Online TA,TA/TO,0,0,0,E,E,2,No Deposit,9,NULL,0,Transient,178.5,0,4,Check-Out,2017-04-06
City Hotel,0,91,2017,April,14,2,2,2,2,0,0,BB,DEU,Online TA,TA/TO,0,0,0,E,E,1,No Deposit,9,NULL,0,Transient,162.0,0,4,Check-Out,2017-04-06
City Hotel,0,54,2017,April,14,3,1,2,2,2,0,HB,GBR,Direct,Direct,0,0,0,E,E,0,No Deposit,14,NULL,0,Transient,225.0,0,1,Check-Out,2017-04-06
City Hotel,0,91,2017,April,14,2,2,2,3,0,0,BB,DEU,Online TA,TA/TO,0,0,0,E,E,2,No Deposit,9,NULL,0,Transient,178.5,0,4,Check-Out,2017-04-06
City Hotel,0,0,2017,April,14,6,0,1,1,0,0,BB,PRT,Direct,Direct,0,0,0,E,E,0,No Deposit,NULL,NULL,0,Transient,205.0,0,0,Check-Out,2017-04-07
City Hotel,0,0,2017,April,14,4,0,3,3,0,0,BB,AUT,Online TA,TA/TO,0,0,0,D,B,0,No Deposit,9,NULL,0,Transient,162.0,0,0,Check-Out,2017-04-07
City Hotel,0,88,2017,April,14,2,2,3,3,0,0,BB,FRA,Direct,Direct,0,0,0,D,D,0,No Deposit,14,NULL,0,Transient,151.5,0,0,Check-Out,2017-04-07
City Hotel,0,6,2017,April,14,6,0,1,3,0,0,BB,GBR,Offline TA/TO,TA/TO,0,0,0,A,E,2,No Deposit,85,NULL,0,Transient,197.5,0,0,Check-Out,2017-04-07
City Hotel,0,94,2017,April,14,3,1,3,3,2,0,BB,FRA,Direct,Direct,0,0,0,G,G,0,No Deposit,14,NULL,0,Transient,246.0,0,0,Check-Out,2017-04-07
City Hotel,0,53,2017,April,14,3,1,3,3,0,0,BB,FRA,Online TA,TA/TO,0,0,0,D,D,0,No Deposit,9,NULL,0,Transient,171.0,0,1,Check-Out,2017-04-07
City Hotel,0,88,2017,April,14,4,0,3,3,0,0,BB,DEU,Online TA,TA/TO,0,0,0,D,D,0,No Deposit,9,NULL,0,Transient-Party,166.5,0,2,Check-Out,2017-04-07
City Hotel,0,116,2017,April,14,2,2,3,3,0,0,HB,FRA,Online TA,TA/TO,0,0,0,D,D,0,No Deposit,9,NULL,0,Transient,217.8,0,3,Check-Out,2017-04-07
City Hotel,0,132,2017,April,14,4,0,3,2,0,0,HB,GBR,Online TA,TA/TO,0,0,0,A,A,1,No Deposit,9,NULL,0,Transient,153.0,0,1,Check-Out,2017-04-07
City Hotel,0,32,2017,April,14,3,1,3,3,0,0,BB,BEL,Online TA,TA/TO,0,0,0,D,D,0,No Deposit,9,NULL,0,Transient,190.0,0,1,Check-Out,2017-04-07
City Hotel,0,2,2017,April,14,4,0,3,2,0,0,BB,GBR,Direct,Direct,0,0,0,A,A,2,No Deposit,14,NULL,0,Transient,150.2,0,1,Check-Out,2017-04-07
City Hotel,0,90,2017,April,14,4,0,3,2,0,0,BB,GBR,Online TA,TA/TO,0,0,0,F,F,0,No Deposit,79,NULL,0,Transient,168.0,0,0,Check-Out,2017-04-07
City Hotel,0,8,2017,April,14,5,0,2,2,2,0,BB,IND,Online TA,TA/TO,0,0,0,F,F,0,No Deposit,9,NULL,0,Transient,224.0,0,0,Check-Out,2017-04-07
City Hotel,0,64,2017,April,14,3,1,4,2,0,0,HB,FRA,Online TA,TA/TO,0,0,0,D,D,0,No Deposit,9,NULL,0,Transient,162.0,0,1,Check-Out,2017-04-08
City Hotel,0,1,2017,April,14,5,0,3,2,0,0,BB,BRA,Direct,Direct,0,0,0,D,D,0,No Deposit,14,NULL,0,Transient,157.5,0,2,Check-Out,2017-04-08
City Hotel,0,1,2017,April,14,5,0,3,2,0,0,BB,BRA,Direct,Direct,0,0,0,D,D,0,No Deposit,14,NULL,0,Transient,157.5,0,2,Check-Out,2017-04-08
City Hotel,0,60,2017,April,14,6,0,2,2,1,0,BB,GBR,Direct,Direct,0,0,0,E,E,0,No Deposit,14,NULL,0,Transient,165.0,0,0,Check-Out,2017-04-08
City Hotel,0,28,2017,April,14,3,1,4,2,2,0,BB,FRA,Online TA,TA/TO,0,0,0,F,F,0,No Deposit,9,NULL,0,Transient,225.4,0,1,Check-Out,2017-04-08
City Hotel,0,63,2017,April,14,4,0,4,2,3,0,BB,FRA,Online TA,TA/TO,0,0,0,G,G,0,No Deposit,7,NULL,0,Transient,223.32,0,1,Check-Out,2017-04-08
City Hotel,0,45,2017,April,14,7,0,1,3,0,0,BB,SWE,Online TA,TA/TO,0,0,0,D,D,1,No Deposit,9,NULL,0,Transient,171.0,0,0,Check-Out,2017-04-08
City Hotel,0,102,2017,April,14,4,0,4,3,0,0,BB,BEL,Online TA,TA/TO,0,0,0,D,D,0,No Deposit,9,NULL,0,Transient,157.25,0,1,Check-Out,2017-04-08
City Hotel,0,79,2017,April,14,3,1,4,2,2,0,BB,GBR,Online TA,TA/TO,0,0,0,G,G,0,No Deposit,83,NULL,0,Transient,200.0,0,0,Check-Out,2017-04-08
City Hotel,0,55,2017,April,14,5,0,3,3,0,0,BB,LUX,Online TA,TA/TO,0,0,0,D,D,0,No Deposit,9,NULL,0,Transient,180.0,0,0,Check-Out,2017-04-08
City Hotel,0,43,2017,April,14,5,0,3,3,0,0,BB,ITA,Online TA,TA/TO,0,0,0,D,D,0,No Deposit,9,NULL,0,Transient,183.67,0,0,Check-Out,2017-04-08
City Hotel,0,0,2017,April,13,1,2,5,3,0,0,BB,FRA,Online TA,TA/TO,0,0,0,D,D,0,No Deposit,9,NULL,0,Transient,163.8,0,0,Check-Out,2017-04-08
City Hotel,0,36,2017,April,14,5,0,3,3,0,0,BB,BEL,Online TA,TA/TO,0,0,0,D,D,0,No Deposit,9,NULL,0,Transient,190.0,0,2,Check-Out,2017-04-08
City Hotel,0,94,2017,April,13,1,2,5,3,0,0,BB,GBR,Online TA,TA/TO,0,0,0,D,D,0,No Deposit,9,NULL,0,Transient,157.25,0,0,Check-Out,2017-04-08
City Hotel,0,72,2017,April,14,4,0,5,3,0,0,BB,BEL,Online TA,TA/TO,0,0,0,D,D,0,No Deposit,9,NULL,0,Transient,162.0,0,2,Check-Out,2017-04-09
City Hotel,0,73,2017,April,14,7,0,2,2,2,0,BB,GBR,Online TA,TA/TO,0,0,0,F,F,0,No Deposit,9,NULL,0,Transient,220.0,0,0,Check-Out,2017-04-09
City Hotel,0,73,2017,April,14,7,0,2,2,2,0,BB,GBR,Online TA,TA/TO,0,0,0,F,F,0,No Deposit,9,NULL,0,Transient,220.0,0,0,Check-Out,2017-04-09
City Hotel,0,56,2017,April,14,5,0,4,3,0,0,BB,BRA,Direct,Direct,0,0,0,D,D,0,No Deposit,NULL,NULL,0,Transient,170.5,0,2,Check-Out,2017-04-09
City Hotel,0,143,2017,April,14,6,0,3,3,0,0,BB,ITA,Online TA,TA/TO,0,0,0,D,D,0,No Deposit,9,NULL,0,Transient-Party,166.5,0,1,Check-Out,2017-04-09
City Hotel,0,139,2017,April,14,6,0,3,2,0,0,BB,IRL,Online TA,TA/TO,0,0,0,D,D,1,No Deposit,9,NULL,0,Transient,166.5,0,2,Check-Out,2017-04-09
City Hotel,0,103,2017,April,14,6,0,3,2,0,0,HB,FRA,Online TA,TA/TO,0,0,0,A,A,0,No Deposit,9,NULL,0,Transient,153.0,0,0,Check-Out,2017-04-09
City Hotel,0,78,2017,April,14,6,0,3,3,0,0,BB,BEL,Online TA,TA/TO,0,0,0,D,D,0,No Deposit,9,NULL,0,Transient,162.0,0,0,Check-Out,2017-04-09
City Hotel,0,69,2017,April,14,7,0,2,3,0,0,BB,CHE,Online TA,TA/TO,0,0,0,D,D,0,No Deposit,9,NULL,0,Transient,162.0,0,1,Check-Out,2017-04-09
City Hotel,0,143,2017,April,14,6,0,3,3,0,0,BB,ITA,Online TA,TA/TO,0,0,0,D,D,0,No Deposit,9,NULL,0,Transient-Party,166.5,0,1,Check-Out,2017-04-09
City Hotel,0,61,2017,April,14,6,0,3,2,0,0,HB,ISR,Online TA,TA/TO,0,0,0,A,A,0,No Deposit,9,NULL,0,Transient,151.2,0,2,Check-Out,2017-04-09
City Hotel,0,4,2017,April,14,6,0,3,2,2,0,BB,PRT,Online TA,TA/TO,0,0,0,F,F,0,No Deposit,9,NULL,0,Transient,269.0,0,0,Check-Out,2017-04-09
City Hotel,0,18,2017,April,14,8,0,1,2,0,0,HB,PRT,Direct,Direct,0,0,0,A,D,0,No Deposit,NULL,14,0,Transient,178.0,1,2,Check-Out,2017-04-09
City Hotel,0,53,2017,April,14,7,0,2,3,0,0,BB,SWE,Online TA,TA/TO,0,0,0,D,D,1,No Deposit,9,NULL,0,Transient,171.0,0,0,Check-Out,2017-04-09
City Hotel,0,31,2017,April,14,7,0,2,2,0,0,BB,ITA,Online TA,TA/TO,0,0,0,D,D,2,No Deposit,9,NULL,0,Transient,159.0,0,0,Check-Out,2017-04-09
City Hotel,0,27,2017,April,14,6,0,3,3,0,0,BB,NLD,Online TA,TA/TO,0,0,0,D,D,0,No Deposit,9,NULL,0,Transient,190.0,0,1,Check-Out,2017-04-09
City Hotel,0,74,2017,April,14,7,0,2,3,0,0,HB,GBR,Online TA,TA/TO,0,0,0,E,E,0,No Deposit,9,NULL,0,Transient,189.0,0,1,Check-Out,2017-04-09
City Hotel,0,74,2017,April,14,7,0,2,2,0,0,BB,GBR,Online TA,TA/TO,0,0,0,E,E,0,No Deposit,9,NULL,0,Transient,153.0,0,0,Check-Out,2017-04-09
City Hotel,0,74,2017,April,14,7,0,2,3,0,0,HB,GBR,Online TA,TA/TO,0,0,0,E,E,0,No Deposit,9,NULL,0,Transient,189.0,0,0,Check-Out,2017-04-09
City Hotel,0,74,2017,April,14,7,0,2,3,0,0,HB,GBR,Online TA,TA/TO,0,0,0,E,E,0,No Deposit,9,NULL,0,Transient,189.0,0,0,Check-Out,2017-04-09
City Hotel,0,74,2017,April,14,7,0,2,3,0,0,HB,GBR,Online TA,TA/TO,0,0,0,E,E,0,No Deposit,9,NULL,0,Transient,189.0,0,0,Check-Out,2017-04-09
City Hotel,0,88,2017,April,14,6,0,3,2,2,0,BB,BEL,Online TA,TA/TO,0,0,0,F,F,0,No Deposit,9,NULL,0,Transient,189.0,0,1,Check-Out,2017-04-09
City Hotel,0,25,2017,April,14,5,0,4,3,1,0,BB,FRA,Direct,Direct,0,0,0,G,G,1,No Deposit,14,NULL,0,Transient,295.0,0,1,Check-Out,2017-04-09
City Hotel,0,92,2017,April,14,7,0,2,3,0,0,BB,AUT,Online TA,TA/TO,0,0,0,D,D,0,No Deposit,9,NULL,0,Transient,166.5,0,0,Check-Out,2017-04-09
City Hotel,0,127,2017,April,14,7,0,2,2,2,0,BB,SWE,Online TA,TA/TO,0,0,0,D,F,1,No Deposit,9,NULL,0,Transient,220.0,0,3,Check-Out,2017-04-09
City Hotel,0,26,2017,April,14,7,0,2,2,0,0,HB,FRA,Online TA,TA/TO,0,0,0,D,D,0,No Deposit,9,NULL,0,Transient,188.0,0,0,Check-Out,2017-04-09
City Hotel,0,178,2017,April,15,9,1,0,2,0,0,HB,GBR,Online TA,TA/TO,0,0,0,A,A,0,No Deposit,9,NULL,0,Transient,151.2,0,2,Check-Out,2017-04-10
City Hotel,0,130,2017,April,14,6,1,3,2,2,0,BB,GBR,Online TA,TA/TO,0,0,0,F,F,0,No Deposit,9,NULL,0,Transient,189.0,0,0,Check-Out,2017-04-10
City Hotel,0,67,2017,April,14,6,1,3,3,0,0,BB,BEL,Online TA,TA/TO,0,0,0,D,D,0,No Deposit,9,NULL,0,Transient,162.0,0,0,Check-Out,2017-04-10
City Hotel,0,25,2017,April,14,7,1,2,3,0,0,BB,ESP,Online TA,TA/TO,0,0,0,E,E,0,No Deposit,9,NULL,0,Transient,220.0,0,0,Check-Out,2017-04-10
City Hotel,0,8,2017,April,14,7,1,2,2,3,0,HB,ESP,Direct,Direct,0,0,0,G,G,0,No Deposit,NULL,14,0,Transient,289.0,1,2,Check-Out,2017-04-10
City Hotel,0,38,2017,April,15,9,1,0,3,0,0,BB,DEU,Online TA,TA/TO,0,0,0,D,D,0,No Deposit,9,NULL,0,Transient,190.0,0,1,Check-Out,2017-04-10
City Hotel,0,11,2017,April,15,9,1,0,3,0,0,BB,OMN,Online TA,TA/TO,0,0,0,E,E,0,No Deposit,9,NULL,0,Transient,214.0,0,2,Check-Out,2017-04-10
City Hotel,0,116,2017,April,15,9,2,0,3,0,0,BB,USA,Online TA,TA/TO,0,0,0,D,D,0,No Deposit,9,NULL,0,Transient,166.5,0,3,Check-Out,2017-04-11
City Hotel,0,2,2017,April,14,5,2,4,2,1,0,BB,POL,Direct,Direct,0,0,0,A,A,0,No Deposit,14,NULL,0,Transient,155.0,0,2,Check-Out,2017-04-11
City Hotel,0,43,2017,April,14,8,2,1,2,0,0,HB,GBR,Online TA,TA/TO,0,0,0,A,A,0,No Deposit,9,NULL,0,Transient,172.07,0,2,Check-Out,2017-04-11
City Hotel,0,111,2017,April,14,8,2,1,2,2,0,BB,DEU,Online TA,TA/TO,0,0,0,F,F,0,No Deposit,9,NULL,0,Transient,189.0,0,2,Check-Out,2017-04-11
City Hotel,0,51,2017,April,15,9,2,0,3,0,0,HB,ESP,Online TA,TA/TO,0,0,0,E,E,0,No Deposit,9,NULL,0,Transient,205.2,1,3,Check-Out,2017-04-11
City Hotel,0,34,2017,April,14,4,2,5,2,0,0,HB,CIV,Online TA,TA/TO,0,0,0,A,A,0,No Deposit,9,NULL,0,Transient,178.0,0,0,Check-Out,2017-04-11
City Hotel,0,30,2017,April,14,8,2,1,2,0,0,BB,USA,Online TA,TA/TO,0,0,0,E,E,0,No Deposit,9,NULL,0,Transient,180.0,0,0,Check-Out,2017-04-11
City Hotel,0,58,2017,April,15,9,2,0,3,0,0,HB,FRA,Online TA,TA/TO,0,0,0,E,E,0,No Deposit,9,NULL,0,Transient,196.2,0,4,Check-Out,2017-04-11
City Hotel,0,29,2017,April,15,10,1,1,2,0,0,HB,ESP,Direct,Direct,0,0,0,A,A,1,No Deposit,14,NULL,0,Transient,175.0,0,1,Check-Out,2017-04-12
City Hotel,0,36,2017,April,15,10,1,1,2,3,0,BB,GBR,Online TA,TA/TO,0,0,0,G,G,0,No Deposit,8,NULL,0,Transient,312.5,0,1,Check-Out,2017-04-12
City Hotel,0,91,2017,April,15,9,2,1,3,0,0,BB,BEL,Online TA,TA/TO,0,0,0,D,D,0,No Deposit,9,NULL,0,Transient,166.5,0,0,Check-Out,2017-04-12
City Hotel,0,77,2017,April,14,8,2,2,3,0,0,BB,FRA,Online TA,TA/TO,0,0,0,D,D,0,No Deposit,9,NULL,0,Transient,162.0,0,1,Check-Out,2017-04-12
City Hotel,0,174,2017,April,15,10,1,1,3,0,0,BB,PRT,Online TA,TA/TO,0,0,0,D,D,0,No Deposit,9,NULL,0,Transient,158.4,0,1,Check-Out,2017-04-12
City Hotel,0,60,2017,April,14,8,2,2,2,1,0,HB,ESP,Online TA,TA/TO,0,0,0,A,A,0,No Deposit,9,NULL,0,Transient,186.3,0,2,Check-Out,2017-04-12
City Hotel,0,186,2017,April,15,9,2,1,2,2,0,BB,FRA,Online TA,TA/TO,0,0,0,F,F,0,No Deposit,9,NULL,0,Transient,196.0,0,0,Check-Out,2017-04-12
City Hotel,0,186,2017,April,15,9,2,1,2,2,0,BB,FRA,Online TA,TA/TO,0,0,0,F,F,0,No Deposit,9,NULL,0,Transient,196.0,0,1,Check-Out,2017-04-12
City Hotel,0,86,2017,April,15,9,2,1,3,0,0,BB,AUT,Online TA,TA/TO,0,0,0,D,D,0,No Deposit,9,NULL,0,Transient,163.8,0,0,Check-Out,2017-04-12
City Hotel,0,12,2017,April,15,11,0,1,2,2,0,BB,FRA,Online TA,TA/TO,0,0,0,F,F,0,No Deposit,9,NULL,0,Transient,225.0,0,2,Check-Out,2017-04-12
City Hotel,0,60,2017,April,14,8,2,2,2,0,0,HB,ESP,Online TA,TA/TO,0,0,0,A,A,0,No Deposit,9,NULL,0,Transient,160.2,0,1,Check-Out,2017-04-12
City Hotel,0,202,2017,April,15,9,2,1,3,0,0,BB,USA,Online TA,TA/TO,0,0,0,D,D,0,No Deposit,9,NULL,0,Transient,158.4,1,2,Check-Out,2017-04-12
City Hotel,0,202,2017,April,15,9,2,1,2,0,0,BB,USA,Online TA,TA/TO,0,0,0,B,B,3,No Deposit,9,NULL,0,Transient,215.1,1,1,Check-Out,2017-04-12
City Hotel,0,60,2017,April,15,10,1,2,2,0,0,HB,ITA,Online TA,TA/TO,0,0,0,A,A,0,No Deposit,9,NULL,0,Transient,160.2,0,0,Check-Out,2017-04-13
City Hotel,0,159,2017,April,15,10,1,2,3,0,0,BB,DEU,Direct,Direct,0,0,0,D,D,0,No Deposit,14,NULL,0,Transient,151.5,0,1,Check-Out,2017-04-13
City Hotel,0,52,2017,April,15,12,0,1,3,0,0,BB,DEU,Online TA,TA/TO,0,0,0,D,D,0,No Deposit,9,NULL,0,Transient,171.0,0,0,Check-Out,2017-04-13
City Hotel,0,83,2017,April,15,9,2,2,3,0,0,BB,DEU,Online TA,TA/TO,0,0,0,D,D,0,No Deposit,9,NULL,0,Transient,162.0,0,1,Check-Out,2017-04-13
City Hotel,0,90,2017,April,15,10,1,2,2,2,0,BB,ESP,Direct,Direct,0,0,0,G,G,0,No Deposit,NULL,NULL,0,Transient,216.0,0,0,Check-Out,2017-04-13
City Hotel,0,29,2017,April,15,11,0,2,3,0,0,BB,DEU,Online TA,TA/TO,0,0,0,E,E,0,No Deposit,9,NULL,0,Transient,229.0,0,3,Check-Out,2017-04-13
City Hotel,0,56,2017,April,15,10,1,2,2,1,0,HB,ESP,Direct,Direct,0,0,0,A,D,1,No Deposit,14,NULL,0,Transient,195.0,1,3,Check-Out,2017-04-13
City Hotel,0,8,2017,April,15,9,2,2,2,1,0,HB,POL,Direct,Direct,0,0,0,A,A,1,No Deposit,14,NULL,0,Transient,204.0,1,0,Check-Out,2017-04-13
City Hotel,0,71,2017,April,15,10,1,2,3,0,0,HB,FRA,Online TA,TA/TO,0,0,0,E,E,0,No Deposit,9,NULL,0,Transient,189.0,0,3,Check-Out,2017-04-13
City Hotel,0,112,2017,April,15,9,2,2,2,2,0,HB,ESP,Online TA,TA/TO,0,0,0,F,F,1,No Deposit,9,NULL,0,Transient,198.0,1,0,Check-Out,2017-04-13
City Hotel,0,14,2017,April,15,12,0,1,2,2,0,BB,ESP,Online TA,TA/TO,0,0,0,F,F,0,No Deposit,9,NULL,0,Transient,224.0,0,0,Check-Out,2017-04-13
City Hotel,0,0,2017,April,15,10,1,2,2,0,0,BB,USA,Direct,Direct,0,0,0,A,A,1,No Deposit,14,NULL,0,Transient,162.67,1,1,Check-Out,2017-04-13
City Hotel,0,116,2017,April,14,4,2,7,3,1,0,HB,FRA,Direct,Direct,0,0,0,E,E,0,No Deposit,14,NULL,0,Transient,230.0,0,1,Check-Out,2017-04-13
City Hotel,0,76,2017,April,15,10,1,3,3,0,0,BB,ESP,Online TA,TA/TO,0,0,0,D,D,0,No Deposit,9,NULL,0,Transient,164.25,0,0,Check-Out,2017-04-14
City Hotel,0,66,2017,April,15,11,0,3,3,0,0,BB,USA,Online TA,TA/TO,0,0,0,G,G,0,No Deposit,8,NULL,0,Transient,253.33,0,2,Check-Out,2017-04-14
City Hotel,0,185,2017,April,15,13,0,1,2,1,0,BB,CN,Online TA,TA/TO,0,0,0,F,F,0,No Deposit,9,NULL,0,Transient,189.0,0,2,Check-Out,2017-04-14
City Hotel,0,79,2017,April,15,11,0,3,2,0,0,BB,FRA,Online TA,TA/TO,0,0,0,D,A,1,No Deposit,9,NULL,0,Transient,165.0,0,1,Check-Out,2017-04-14
City Hotel,0,94,2017,April,15,11,0,3,3,0,0,BB,FRA,Online TA,TA/TO,0,0,0,D,D,0,No Deposit,9,NULL,0,Transient,169.5,0,2,Check-Out,2017-04-14
City Hotel,0,74,2017,April,15,9,2,3,2,1,0,BB,AUT,Online TA,TA/TO,0,0,0,G,G,0,No Deposit,7,NULL,0,Transient,197.82,0,0,Check-Out,2017-04-14
City Hotel,0,98,2017,April,15,10,1,3,3,0,0,BB,FRA,Online TA,TA/TO,0,0,0,D,D,0,No Deposit,9,NULL,0,Transient,159.38,0,1,Check-Out,2017-04-14
City Hotel,0,48,2017,April,15,10,1,3,3,0,0,BB,BEL,Online TA,TA/TO,0,0,0,E,E,0,No Deposit,9,NULL,0,Transient,198.0,0,2,Check-Out,2017-04-14
City Hotel,0,80,2017,April,15,9,2,3,3,0,0,BB,GBR,Online TA,TA/TO,0,0,0,D,D,0,No Deposit,9,NULL,0,Transient,163.8,0,0,Check-Out,2017-04-14
City Hotel,0,96,2017,April,15,10,1,3,2,1,0,HB,AUT,Direct,Direct,0,0,0,D,D,0,No Deposit,NULL,NULL,0,Transient,183.75,0,0,Check-Out,2017-04-14
City Hotel,0,94,2017,April,15,11,0,3,3,0,0,BB,CHE,Online TA,TA/TO,0,0,0,D,D,0,No Deposit,9,NULL,0,Transient,169.5,0,1,Check-Out,2017-04-14
City Hotel,0,66,2017,April,15,12,0,2,2,2,0,BB,CHE,Direct,Direct,0,0,0,G,G,0,No Deposit,14,NULL,0,Transient,250.0,0,0,Check-Out,2017-04-14
City Hotel,0,159,2017,April,15,10,1,3,3,0,0,HB,DEU,Online TA,TA/TO,0,0,0,D,D,0,No Deposit,9,NULL,0,Transient,220.05,0,2,Check-Out,2017-04-14
City Hotel,0,70,2017,April,15,11,0,3,3,0,0,HB,USA,Online TA,TA/TO,0,0,0,E,E,0,No Deposit,9,NULL,0,Transient,192.0,0,3,Check-Out,2017-04-14
City Hotel,0,181,2017,April,15,9,2,3,2,2,0,BB,BEL,Online TA,TA/TO,0,0,0,F,F,0,No Deposit,9,NULL,0,Transient,189.0,0,0,Check-Out,2017-04-14
City Hotel,0,7,2017,April,15,11,0,3,2,2,0,BB,ROU,Online TA,TA/TO,0,0,0,F,F,0,No Deposit,9,NULL,0,Transient,260.0,0,0,Check-Out,2017-04-14
City Hotel,0,4,2017,April,15,11,0,3,2,0,0,SC,FRA,Online TA,TA/TO,0,0,0,A,A,0,No Deposit,9,NULL,0,Transient,153.33,0,1,Check-Out,2017-04-14
City Hotel,0,138,2017,April,15,9,2,3,3,0,0,BB,DNK,Online TA,TA/TO,0,0,0,D,D,0,No Deposit,9,NULL,0,Transient,168.3,0,3,Check-Out,2017-04-14
City Hotel,0,5,2017,April,15,12,0,3,2,0,0,SC,FRA,Online TA,TA/TO,0,0,0,A,A,0,No Deposit,9,NULL,0,Transient,156.67,0,2,Check-Out,2017-04-15
City Hotel,0,5,2017,April,15,13,0,2,2,0,0,SC,GBR,Online TA,TA/TO,0,0,0,A,A,0,No Deposit,9,NULL,0,Transient,160.0,0,2,Check-Out,2017-04-15
City Hotel,0,5,2017,April,15,13,0,2,2,1,0,SC,GBR,Online TA,TA/TO,0,0,0,A,A,1,No Deposit,9,NULL,0,Transient,204.0,0,2,Check-Out,2017-04-15
City Hotel,0,185,2017,April,15,12,0,3,2,2,0,HB,CHE,Online TA,TA/TO,0,0,0,F,F,1,No Deposit,9,NULL,0,Transient,189.0,0,0,Check-Out,2017-04-15
City Hotel,0,6,2017,April,15,13,0,2,2,1,0,BB,ESP,Direct,Direct,0,0,0,A,A,0,No Deposit,14,NULL,0,Transient,189.0,1,0,Check-Out,2017-04-15
City Hotel,0,5,2017,April,15,13,0,2,2,0,0,BB,FRA,Online TA,TA/TO,0,0,0,A,A,1,No Deposit,9,NULL,0,Transient,189.0,0,1,Check-Out,2017-04-15
City Hotel,0,7,2017,April,15,13,0,2,3,0,0,BB,ESP,Online TA,TA/TO,0,0,0,E,E,0,No Deposit,9,NULL,0,Transient,269.0,1,2,Check-Out,2017-04-15
City Hotel,0,98,2017,April,15,9,2,4,2,0,0,HB,FRA,Online TA,TA/TO,0,0,0,A,A,0,No Deposit,9,NULL,0,Transient,156.0,0,0,Check-Out,2017-04-15
City Hotel,0,88,2017,April,15,12,0,3,2,1,0,BB,ESP,Online TA,TA/TO,0,0,0,E,E,1,No Deposit,9,NULL,0,Transient,188.0,1,1,Check-Out,2017-04-15
City Hotel,0,89,2017,April,14,8,2,5,2,1,0,HB,FRA,Direct,Direct,0,0,0,D,D,1,No Deposit,14,NULL,0,Transient,180.63,0,0,Check-Out,2017-04-15
City Hotel,0,7,2017,April,15,13,0,2,2,0,0,SC,ESP,Online TA,TA/TO,0,0,0,A,A,0,No Deposit,9,NULL,0,Transient,160.0,0,2,Check-Out,2017-04-15
City Hotel,0,2,2017,April,15,10,1,4,2,0,0,SC,DEU,Online TA,TA/TO,0,0,0,A,A,0,No Deposit,9,NULL,0,Transient,154.0,0,2,Check-Out,2017-04-15
City Hotel,0,22,2017,April,15,14,0,1,2,0,0,BB,BRA,Online TA,TA/TO,0,0,0,E,F,0,No Deposit,9,NULL,0,Transient,174.0,0,1,Check-Out,2017-04-15
City Hotel,0,157,2017,April,15,12,0,3,3,0,0,BB,ITA,Online TA,TA/TO,0,0,0,D,D,0,No Deposit,9,NULL,0,Transient,172.5,0,2,Check-Out,2017-04-15
City Hotel,0,5,2017,April,15,12,0,3,2,0,0,SC,ESP,Online TA,TA/TO,0,0,0,A,A,0,No Deposit,9,NULL,0,Transient,165.67,1,1,Check-Out,2017-04-15
City Hotel,0,6,2017,April,15,13,0,2,2,0,0,SC,PRT,Online TA,TA/TO,0,0,0,A,A,0,No Deposit,9,NULL,0,Transient,160.0,0,1,Check-Out,2017-04-15
City Hotel,0,6,2017,April,15,13,0,2,2,0,0,SC,PRT,Online TA,TA/TO,0,0,0,A,A,0,No Deposit,9,NULL,0,Transient,169.0,0,1,Check-Out,2017-04-15
City Hotel,0,9,2017,April,15,14,0,1,2,0,0,BB,FRA,Online TA,TA/TO,0,0,0,E,E,0,No Deposit,9,NULL,0,Transient,210.0,0,1,Check-Out,2017-04-15
City Hotel,0,4,2017,April,15,12,0,3,2,0,0,SC,CZE,Online TA,TA/TO,0,0,0,A,A,0,No Deposit,9,NULL,0,Transient,156.67,0,2,Check-Out,2017-04-15
City Hotel,0,90,2017,April,15,10,1,4,3,0,0,BB,AUT,Online TA,TA/TO,0,0,0,D,D,2,No Deposit,9,NULL,0,Transient,161.7,0,0,Check-Out,2017-04-15
City Hotel,0,5,2017,April,15,13,0,2,2,0,0,SC,GBR,Online TA,TA/TO,0,0,0,A,D,0,No Deposit,9,NULL,0,Transient,160.0,0,3,Check-Out,2017-04-15
City Hotel,0,9,2017,April,15,13,0,3,2,0,0,BB,USA,Online TA,TA/TO,0,0,0,E,E,0,No Deposit,9,NULL,0,Transient,210.0,0,1,Check-Out,2017-04-16
City Hotel,0,34,2017,April,15,15,0,1,3,0,0,BB,USA,Direct,Direct,0,0,0,D,D,0,No Deposit,14,NULL,0,Transient,185.0,0,0,Check-Out,2017-04-16
City Hotel,0,143,2017,April,15,12,0,4,2,1,0,HB,FRA,Online TA,TA/TO,0,0,0,A,A,2,No Deposit,9,NULL,0,Transient,189.44,0,2,Check-Out,2017-04-16
City Hotel,0,32,2017,April,15,15,0,1,2,1,0,BB,DEU,Online TA,TA/TO,0,0,0,F,F,1,No Deposit,9,NULL,0,Transient,224.0,0,0,Check-Out,2017-04-16
City Hotel,0,172,2017,April,15,13,0,3,2,1,0,BB,ESP,Online TA,TA/TO,0,0,0,A,A,0,No Deposit,9,NULL,0,Transient,153.0,0,2,Check-Out,2017-04-16
City Hotel,0,137,2017,April,15,13,0,3,2,2,0,BB,ESP,Online TA,TA/TO,0,0,0,F,F,0,No Deposit,9,NULL,0,Transient,198.0,0,1,Check-Out,2017-04-16
City Hotel,0,145,2017,April,15,12,0,4,2,1,0,BB,ESP,Online TA,TA/TO,0,0,0,A,A,0,No Deposit,9,NULL,0,Transient,150.75,1,0,Check-Out,2017-04-16
City Hotel,0,86,2017,April,15,9,2,5,3,0,0,BB,FIN,Direct,Direct,0,0,0,E,E,0,No Deposit,NULL,NULL,0,Transient,180.63,0,1,Check-Out,2017-04-16
City Hotel,0,86,2017,April,15,9,2,5,3,0,0,BB,FIN,Direct,Direct,0,0,0,E,E,0,No Deposit,NULL,NULL,0,Transient,180.63,0,1,Check-Out,2017-04-16
City Hotel,0,4,2017,April,15,10,2,5,2,0,0,SC,ISR,Online TA,TA/TO,0,0,0,A,A,0,No Deposit,9,NULL,0,Transient,154.29,0,1,Check-Out,2017-04-17
City Hotel,0,30,2017,April,15,14,1,2,3,1,0,BB,ITA,Online TA,TA/TO,0,0,0,G,G,0,No Deposit,7,NULL,0,Transient,206.52,0,1,Check-Out,2017-04-17
City Hotel,0,74,2017,April,16,16,1,0,2,2,0,BB,DEU,Direct,Direct,0,0,0,E,E,0,No Deposit,14,NULL,0,Transient,195.0,0,0,Check-Out,2017-04-17
City Hotel,0,7,2017,April,15,14,1,2,2,0,0,BB,GBR,Direct,Direct,0,0,0,A,A,0,No Deposit,14,NULL,0,Transient-Party,156.67,0,0,Check-Out,2017-04-17
City Hotel,0,7,2017,April,15,14,1,2,2,0,0,BB,GBR,Direct,Direct,0,0,0,A,A,0,No Deposit,14,NULL,0,Transient-Party,156.67,0,0,Check-Out,2017-04-17
City Hotel,0,28,2017,April,15,13,1,3,2,0,0,BB,ESP,Online TA,TA/TO,0,0,0,E,E,0,No Deposit,9,NULL,0,Transient,174.0,0,2,Check-Out,2017-04-17
City Hotel,0,145,2017,April,15,14,1,2,2,2,0,BB,JPN,Online TA,TA/TO,0,0,0,F,F,0,No Deposit,9,NULL,0,Transient,195.0,0,0,Check-Out,2017-04-17
City Hotel,0,150,2017,April,15,14,1,2,3,0,0,BB,SWE,Online TA,TA/TO,0,0,0,D,D,0,No Deposit,9,NULL,0,Transient-Party,172.5,0,1,Check-Out,2017-04-17
City Hotel,0,85,2017,April,16,16,1,0,2,2,0,BB,DEU,Direct,Direct,0,0,0,E,E,0,No Deposit,14,NULL,0,Transient,224.0,1,0,Check-Out,2017-04-17
City Hotel,0,90,2017,April,15,15,1,1,2,0,0,BB,FRA,Online TA,TA/TO,0,0,0,E,E,0,No Deposit,9,NULL,0,Transient,171.0,0,2,Check-Out,2017-04-17
City Hotel,0,36,2017,April,15,14,1,2,2,2,0,BB,BRA,Direct,Direct,0,0,0,G,G,0,No Deposit,14,NULL,0,Transient,261.67,0,0,Check-Out,2017-04-17
City Hotel,0,58,2017,April,15,15,1,1,3,0,0,BB,PRT,Direct,Direct,0,0,0,D,D,0,No Deposit,14,NULL,0,Transient,179.5,0,1,Check-Out,2017-04-17
City Hotel,0,7,2017,April,15,13,1,3,2,0,0,SC,IRL,Online TA,TA/TO,0,0,0,A,A,0,No Deposit,9,NULL,0,Transient,157.5,0,2,Check-Out,2017-04-17
City Hotel,0,8,2017,April,15,13,1,3,2,0,0,SC,ESP,Online TA,TA/TO,0,0,0,A,A,0,No Deposit,9,NULL,0,Transient,185.25,0,1,Check-Out,2017-04-17
City Hotel,0,16,2017,April,15,14,1,2,2,2,0,BB,CHN,Online TA,TA/TO,0,0,0,F,F,0,No Deposit,9,NULL,0,Transient,248.33,0,1,Check-Out,2017-04-17
City Hotel,0,178,2017,April,15,12,1,4,2,2,0,BB,ITA,Online TA,TA/TO,0,0,0,F,F,0,No Deposit,9,NULL,0,Transient,189.0,0,0,Check-Out,2017-04-17
City Hotel,0,103,2017,April,15,14,1,2,3,0,0,BB,ITA,Online TA,TA/TO,0,0,0,D,D,0,No Deposit,9,NULL,0,Transient,181.5,0,0,Check-Out,2017-04-17
City Hotel,0,47,2017,April,15,14,1,2,3,0,0,BB,GBR,Online TA,TA/TO,0,0,0,D,D,0,No Deposit,9,NULL,0,Transient,177.0,0,3,Check-Out,2017-04-17
City Hotel,0,0,2017,April,15,15,1,1,2,0,0,BB,PRT,Offline TA/TO,TA/TO,0,0,0,F,F,1,No Deposit,461,NULL,0,Transient,212.0,0,0,Check-Out,2017-04-17
City Hotel,0,52,2017,April,15,14,2,2,3,0,0,BB,CHN,Online TA,TA/TO,0,0,0,D,D,0,No Deposit,9,NULL,0,Transient,175.5,0,1,Check-Out,2017-04-18
City Hotel,0,101,2017,April,15,15,2,1,2,2,0,BB,POL,Direct,Direct,0,0,0,E,E,0,No Deposit,14,NULL,0,Transient,169.58,0,0,Check-Out,2017-04-18
City Hotel,0,84,2017,April,15,15,2,1,3,0,0,HB,RUS,Online TA,TA/TO,0,0,0,E,E,0,No Deposit,9,NULL,0,Transient,204.0,0,1,Check-Out,2017-04-18
City Hotel,0,62,2017,April,15,15,2,1,3,0,0,BB,ITA,Online TA,TA/TO,0,0,0,D,D,0,No Deposit,9,NULL,0,Transient,177.0,0,0,Check-Out,2017-04-18
City Hotel,0,142,2017,April,16,17,1,0,3,0,0,BB,ITA,Online TA,TA/TO,0,0,0,D,D,0,No Deposit,9,NULL,0,Transient,166.5,0,0,Check-Out,2017-04-18
City Hotel,0,71,2017,April,15,15,2,1,3,0,0,BB,NLD,Online TA,TA/TO,0,0,0,D,D,0,No Deposit,9,NULL,0,Transient,177.0,0,1,Check-Out,2017-04-18
City Hotel,0,13,2017,April,16,16,2,0,2,2,0,BB,ISR,Online TA,TA/TO,0,0,0,F,F,0,No Deposit,9,NULL,0,Transient,225.0,0,1,Check-Out,2017-04-18
City Hotel,0,75,2017,April,15,15,2,1,2,1,0,BB,FRA,Direct,Direct,0,0,0,D,D,0,No Deposit,NULL,NULL,0,Transient-Party,180.0,1,3,Check-Out,2017-04-18
City Hotel,0,75,2017,April,15,15,2,1,2,1,0,BB,FRA,Direct,Direct,0,0,0,D,D,0,No Deposit,NULL,NULL,0,Transient-Party,171.0,0,3,Check-Out,2017-04-18
City Hotel,0,42,2017,April,15,15,2,1,3,0,0,BB,DEU,Online TA,TA/TO,0,0,0,D,D,2,No Deposit,9,NULL,0,Transient,196.67,0,0,Check-Out,2017-04-18
City Hotel,0,41,2017,April,15,12,2,4,3,0,0,BB,LBN,Online TA,TA/TO,0,0,0,D,D,0,No Deposit,9,NULL,0,Transient,187.0,0,0,Check-Out,2017-04-18
City Hotel,0,28,2017,April,15,13,2,3,2,1,0,BB,FIN,Online TA,TA/TO,0,0,0,G,G,0,No Deposit,7,NULL,0,Transient,206.52,0,2,Check-Out,2017-04-18
City Hotel,0,82,2017,April,16,16,2,0,3,0,0,BB,DEU,Online TA,TA/TO,0,0,0,D,D,0,No Deposit,9,NULL,0,Transient,171.0,0,0,Check-Out,2017-04-18
City Hotel,0,71,2017,April,16,17,1,0,2,2,0,BB,CHE,Direct,Direct,0,0,0,G,G,0,No Deposit,14,NULL,0,Transient,255.0,0,0,Check-Out,2017-04-18
City Hotel,0,34,2017,April,15,14,2,2,3,1,0,BB,FRA,Direct,Direct,0,0,0,G,G,0,No Deposit,14,NULL,0,Transient,255.0,0,0,Check-Out,2017-04-18
City Hotel,0,53,2017,April,15,15,2,1,3,0,0,HB,FRA,Online TA,TA/TO,0,0,0,D,D,0,No Deposit,9,NULL,0,Transient,228.3,0,0,Check-Out,2017-04-18
City Hotel,0,67,2017,April,15,14,2,2,2,0,0,BB,IRL,Online TA,TA/TO,0,0,0,E,E,0,No Deposit,9,NULL,0,Transient,166.5,0,2,Check-Out,2017-04-18
City Hotel,0,30,2017,April,16,17,1,1,2,2,0,BB,NZL,Online TA,TA/TO,0,0,0,F,F,0,No Deposit,9,NULL,0,Transient,224.0,0,0,Check-Out,2017-04-19
City Hotel,0,67,2017,April,16,17,1,1,3,0,0,BB,FRA,Online TA,TA/TO,0,0,0,D,D,0,No Deposit,9,NULL,0,Transient,180.0,1,1,Check-Out,2017-04-19
City Hotel,0,140,2017,April,16,16,2,1,3,0,0,BB,FRA,Online TA,TA/TO,0,0,0,D,D,2,No Deposit,9,NULL,0,Transient,171.0,0,2,Check-Out,2017-04-19
City Hotel,0,125,2017,April,16,16,2,1,3,0,0,BB,ITA,Online TA,TA/TO,0,0,0,D,D,0,No Deposit,9,NULL,0,Transient,175.5,1,3,Check-Out,2017-04-19
City Hotel,0,74,2017,April,16,18,0,1,2,0,0,BB,ITA,Online TA,TA/TO,0,0,0,D,D,0,No Deposit,9,NULL,0,Transient-Party,171.0,0,0,Check-Out,2017-04-19
City Hotel,0,55,2017,April,15,15,2,2,3,0,0,BB,CHE,Online TA,TA/TO,0,0,0,D,D,0,No Deposit,9,NULL,0,Transient,175.5,0,0,Check-Out,2017-04-19
City Hotel,0,129,2017,April,15,12,2,5,3,0,0,BB,DEU,Online TA,TA/TO,0,0,0,D,D,0,No Deposit,9,NULL,0,Transient-Party,170.36,0,3,Check-Out,2017-04-19
City Hotel,0,41,2017,April,16,16,2,1,2,2,0,BB,GBR,Online TA,TA/TO,0,0,0,F,F,1,No Deposit,9,NULL,0,Transient,230.0,0,1,Check-Out,2017-04-19
City Hotel,0,96,2017,April,15,11,2,6,3,0,0,BB,FRA,Online TA,TA/TO,0,0,0,E,E,0,No Deposit,9,NULL,0,Transient,187.0,0,2,Check-Out,2017-04-19
City Hotel,0,54,2017,April,15,15,2,2,3,0,0,BB,ESP,Online TA,TA/TO,0,0,0,D,D,0,No Deposit,9,NULL,0,Transient,184.5,1,0,Check-Out,2017-04-19
City Hotel,0,1,2017,April,16,18,0,1,2,1,0,BB,USA,Online TA,TA/TO,0,0,0,A,D,0,No Deposit,9,NULL,0,Transient,160.0,0,1,Check-Out,2017-04-19
City Hotel,0,143,2017,April,15,12,2,5,2,0,0,HB,DEU,Online TA,TA/TO,0,0,0,D,D,1,No Deposit,9,NULL,0,Transient,170.36,0,2,Check-Out,2017-04-19
City Hotel,0,71,2017,April,16,17,1,2,3,0,0,BB,USA,Online TA,TA/TO,0,0,0,D,D,0,No Deposit,9,NULL,0,Transient,171.0,0,2,Check-Out,2017-04-20
City Hotel,0,4,2017,April,16,16,2,2,2,0,0,BB,DEU,Direct,Direct,0,0,0,A,A,0,No Deposit,14,NULL,0,Transient,170.0,0,1,Check-Out,2017-04-20
City Hotel,0,83,2017,April,16,17,1,2,3,0,0,BB,FRA,Online TA,TA/TO,0,0,0,D,D,0,No Deposit,9,NULL,0,Transient,171.0,0,1,Check-Out,2017-04-20
City Hotel,0,10,2017,April,16,16,2,2,3,0,0,BB,DEU,Online TA,TA/TO,0,0,0,E,E,0,No Deposit,9,NULL,0,Transient,250.0,0,2,Check-Out,2017-04-20
City Hotel,0,35,2017,April,16,18,0,2,2,2,0,BB,GBR,Online TA,TA/TO,0,0,0,F,F,0,No Deposit,9,NULL,0,Transient,224.0,0,1,Check-Out,2017-04-20
City Hotel,0,4,2017,April,16,17,1,2,2,1,0,BB,ESP,Direct,Direct,0,0,0,A,A,0,No Deposit,14,NULL,0,Transient,164.0,0,1,Check-Out,2017-04-20
City Hotel,0,58,2017,April,15,15,2,3,3,0,0,BB,FRA,Online TA,TA/TO,0,0,0,D,D,0,No Deposit,9,NULL,0,Transient,174.6,0,0,Check-Out,2017-04-20
City Hotel,0,21,2017,April,16,18,0,2,1,0,0,BB,GBR,Online TA,GDS,0,0,0,E,E,0,No Deposit,195,NULL,0,Transient,175.0,0,0,Check-Out,2017-04-20
City Hotel,0,32,2017,April,16,17,1,2,2,2,0,HB,PRT,Online TA,TA/TO,0,0,0,F,F,0,No Deposit,7,NULL,0,Transient,228.76,0,1,Check-Out,2017-04-20
City Hotel,0,84,2017,April,16,16,2,2,3,0,0,BB,FRA,Online TA,TA/TO,0,0,0,D,D,0,No Deposit,9,NULL,0,Transient,171.0,0,1,Check-Out,2017-04-20
City Hotel,0,78,2017,April,16,17,1,3,3,0,0,HB,FRA,Online TA,TA/TO,0,0,0,E,E,0,No Deposit,9,NULL,0,Transient,198.0,0,1,Check-Out,2017-04-21
City Hotel,0,169,2017,April,16,17,1,3,3,0,0,BB,DEU,Direct,Direct,0,0,0,D,D,0,No Deposit,14,NULL,0,Transient,151.5,0,0,Check-Out,2017-04-21
City Hotel,0,66,2017,April,16,17,1,3,3,0,0,BB,DEU,Online TA,TA/TO,0,0,0,D,D,0,No Deposit,9,NULL,0,Transient,171.0,0,1,Check-Out,2017-04-21
City Hotel,0,257,2017,April,15,13,2,6,2,2,0,BB,USA,Online TA,TA/TO,0,0,0,B,B,3,No Deposit,9,NULL,0,Transient,201.66,0,1,Check-Out,2017-04-21
City Hotel,0,102,2017,April,16,17,1,3,3,0,0,BB,GBR,Online TA,TA/TO,0,0,0,D,D,0,No Deposit,9,NULL,0,Transient,165.75,0,1,Check-Out,2017-04-21
City Hotel,0,78,2017,April,16,17,1,3,2,1,0,HB,ITA,Online TA,TA/TO,0,0,0,E,E,1,No Deposit,9,NULL,0,Transient,198.0,0,2,Check-Out,2017-04-21
City Hotel,0,95,2017,April,16,18,0,3,3,0,0,HB,DEU,Offline TA/TO,TA/TO,0,0,0,A,A,1,No Deposit,16,NULL,0,Transient,164.1,0,0,Check-Out,2017-04-21
City Hotel,0,61,2017,April,16,17,1,3,2,2,0,BB,DEU,Online TA,TA/TO,0,0,0,F,F,0,No Deposit,9,NULL,0,Transient,230.0,0,0,Check-Out,2017-04-21
City Hotel,0,87,2017,April,16,16,2,3,3,0,0,BB,BEL,Online TA,TA/TO,0,0,0,D,D,0,No Deposit,9,NULL,0,Transient,171.0,0,0,Check-Out,2017-04-21
City Hotel,0,124,2017,April,16,18,0,3,3,0,0,BB,FRA,Online TA,TA/TO,0,0,0,D,D,2,No Deposit,9,NULL,0,Transient,175.5,0,1,Check-Out,2017-04-21
City Hotel,0,222,2017,April,16,17,1,3,2,1,0,BB,DEU,Online TA,TA/TO,0,0,0,D,D,1,No Deposit,9,NULL,0,Transient,166.0,0,0,Check-Out,2017-04-21
City Hotel,0,79,2017,April,16,18,0,3,2,0,0,BB,GBR,Online TA,TA/TO,0,0,0,D,D,1,No Deposit,9,NULL,0,Transient,171.0,0,1,Check-Out,2017-04-21
City Hotel,0,95,2017,April,15,15,2,4,2,2,0,BB,FRA,Online TA,TA/TO,0,0,0,F,F,0,No Deposit,9,NULL,0,Transient,201.0,0,1,Check-Out,2017-04-21
City Hotel,0,143,2017,April,16,19,0,3,2,2,0,BB,DEU,Online TA,TA/TO,0,0,0,F,F,0,No Deposit,9,NULL,0,Transient,189.0,0,0,Check-Out,2017-04-22
City Hotel,0,172,2017,April,16,18,0,4,2,2,0,BB,IRL,Direct,Direct,0,0,0,G,G,0,No Deposit,14,NULL,0,Transient,216.0,0,1,Check-Out,2017-04-22
City Hotel,0,4,2017,April,16,21,0,1,1,0,0,BB,PRT,Direct,Direct,0,0,0,D,D,0,No Deposit,14,NULL,0,Transient,166.5,1,0,Check-Out,2017-04-22
City Hotel,0,79,2017,April,16,19,0,3,2,0,0,BB,BEL,Online TA,TA/TO,0,0,0,E,E,0,No Deposit,9,NULL,0,Transient,162.0,0,1,Check-Out,2017-04-22
City Hotel,0,79,2017,April,16,19,0,3,2,0,0,BB,BEL,Online TA,TA/TO,0,0,0,E,E,0,No Deposit,9,NULL,0,Transient,162.0,0,1,Check-Out,2017-04-22
City Hotel,0,152,2017,April,16,21,0,1,2,2,0,HB,NLD,Online TA,TA/TO,0,0,0,F,F,1,No Deposit,9,NULL,0,Transient,198.0,1,1,Check-Out,2017-04-22
City Hotel,0,38,2017,April,16,20,0,2,2,1,0,BB,ITA,Online TA,TA/TO,0,0,0,D,D,1,No Deposit,9,NULL,0,Transient,190.0,0,2,Check-Out,2017-04-22
City Hotel,0,125,2017,April,16,20,0,2,1,2,0,BB,DEU,Online TA,TA/TO,0,0,0,F,F,3,No Deposit,9,NULL,0,Transient,198.0,0,0,Check-Out,2017-04-22
City Hotel,0,44,2017,April,16,20,0,3,2,2,0,BB,NOR,Online TA,TA/TO,0,0,0,G,G,0,No Deposit,8,NULL,0,Transient,295.0,0,2,Check-Out,2017-04-23
City Hotel,0,120,2017,April,16,20,0,3,2,0,0,BB,BRA,Direct,Direct,0,0,0,D,D,1,No Deposit,NULL,NULL,0,Transient,155.0,0,3,Check-Out,2017-04-23
City Hotel,0,3,2017,April,16,22,0,1,2,2,0,HB,ESP,Online TA,TA/TO,0,0,0,F,F,0,No Deposit,9,NULL,0,Transient,336.0,1,1,Check-Out,2017-04-23
City Hotel,0,46,2017,April,16,21,0,2,3,0,0,BB,GBR,Online TA,TA/TO,0,0,0,E,E,0,No Deposit,9,NULL,0,Transient,198.0,0,2,Check-Out,2017-04-23
City Hotel,0,19,2017,April,16,19,1,4,2,0,0,HB,FRA,Direct,Direct,0,0,0,D,D,1,No Deposit,14,NULL,0,Transient,176.0,0,0,Check-Out,2017-04-24
City Hotel,0,19,2017,April,16,19,1,4,2,0,0,HB,FRA,Direct,Direct,0,0,0,D,D,1,No Deposit,14,NULL,0,Transient,176.0,0,0,Check-Out,2017-04-24
City Hotel,0,42,2017,April,16,21,1,2,2,0,0,BB,BRA,Online TA,TA/TO,0,0,0,D,D,0,No Deposit,9,NULL,0,Transient,156.67,0,2,Check-Out,2017-04-24
City Hotel,0,62,2017,April,16,17,2,5,2,1,0,BB,CN,Direct,Direct,0,0,0,E,E,0,No Deposit,14,NULL,0,Transient,175.0,0,2,Check-Out,2017-04-24
City Hotel,0,150,2017,April,16,19,1,4,2,1,0,BB,FRA,Online TA,TA/TO,0,0,0,A,A,0,No Deposit,9,NULL,0,Transient-Party,152.1,0,0,Check-Out,2017-04-24
City Hotel,0,165,2017,April,16,22,1,1,3,0,0,BB,DEU,Online TA,TA/TO,0,0,0,D,D,0,No Deposit,9,NULL,0,Transient,166.5,0,2,Check-Out,2017-04-24
City Hotel,0,112,2017,April,16,21,1,2,2,2,0,BB,FRA,Online TA,TA/TO,0,0,0,F,F,1,No Deposit,9,NULL,0,Transient,198.0,0,0,Check-Out,2017-04-24
City Hotel,0,75,2017,April,16,21,1,2,3,0,0,BB,USA,Online TA,TA/TO,0,0,0,D,D,0,No Deposit,9,NULL,0,Transient,171.0,0,1,Check-Out,2017-04-24
City Hotel,0,61,2017,April,16,21,1,2,3,0,0,BB,ITA,Online TA,TA/TO,0,0,0,D,D,0,No Deposit,9,NULL,0,Transient,171.0,0,1,Check-Out,2017-04-24
City Hotel,0,343,2017,April,16,21,2,2,2,1,0,BB,ITA,Direct,Direct,0,0,0,G,G,1,No Deposit,NULL,NULL,0,Transient,213.3,0,2,Check-Out,2017-04-25
City Hotel,0,151,2017,April,16,22,2,1,3,0,0,BB,NLD,Online TA,TA/TO,0,0,0,D,D,0,No Deposit,9,NULL,0,Transient,166.5,0,1,Check-Out,2017-04-25
City Hotel,0,63,2017,April,16,22,2,1,2,0,0,BB,IRL,Online TA,TA/TO,0,0,0,E,E,0,No Deposit,9,NULL,0,Transient,162.0,0,2,Check-Out,2017-04-25
City Hotel,0,88,2017,April,16,21,2,2,2,0,0,BB,GBR,Online TA,TA/TO,0,0,0,E,E,0,No Deposit,9,NULL,0,Transient,162.0,0,3,Check-Out,2017-04-25
City Hotel,0,26,2017,April,16,22,2,1,3,0,0,BB,ITA,Online TA,TA/TO,0,0,0,E,E,0,No Deposit,9,NULL,0,Transient,214.0,0,2,Check-Out,2017-04-25
City Hotel,0,56,2017,April,17,23,2,0,3,0,0,BB,CHE,Online TA,TA/TO,0,0,0,D,D,0,No Deposit,9,NULL,0,Transient,180.0,1,1,Check-Out,2017-04-25
City Hotel,0,72,2017,April,16,21,2,2,3,0,0,HB,SWE,Online TA,TA/TO,0,0,0,E,E,0,No Deposit,9,NULL,0,Transient,196.2,0,4,Check-Out,2017-04-25
City Hotel,0,90,2017,April,16,20,2,3,3,0,0,HB,ITA,Online TA,TA/TO,0,0,0,E,E,0,No Deposit,9,NULL,0,Transient,198.0,0,3,Check-Out,2017-04-25
City Hotel,0,7,2017,April,16,22,2,1,2,0,0,BB,ITA,Direct,Direct,0,0,0,D,D,1,No Deposit,NULL,NULL,0,Transient,159.0,0,1,Check-Out,2017-04-25
City Hotel,0,343,2017,April,16,21,2,2,3,1,0,BB,ITA,Direct,Direct,0,0,0,G,G,1,No Deposit,NULL,NULL,0,Transient,213.3,0,4,Check-Out,2017-04-25
City Hotel,0,84,2017,April,16,20,2,3,2,0,0,BB,FRA,Direct,Direct,0,0,0,E,E,2,No Deposit,14,NULL,0,Transient,153.9,0,0,Check-Out,2017-04-25
City Hotel,0,8,2017,April,17,24,1,0,3,0,0,BB,ITA,Online TA,TA/TO,0,0,0,D,D,0,No Deposit,NULL,NULL,0,Transient,215.0,1,3,Check-Out,2017-04-25
City Hotel,0,74,2017,April,17,24,1,1,3,0,0,BB,USA,Online TA,TA/TO,0,0,0,D,D,0,No Deposit,9,NULL,0,Transient,171.0,0,0,Check-Out,2017-04-26
City Hotel,0,125,2017,April,16,21,2,3,3,0,0,BB,FRA,Direct,Direct,0,0,0,D,D,0,No Deposit,NULL,NULL,0,Transient-Party,160.0,0,1,Check-Out,2017-04-26
City Hotel,0,97,2017,April,16,22,2,2,3,0,0,BB,NLD,Online TA,TA/TO,0,0,0,D,D,0,No Deposit,9,NULL,0,Transient,172.8,0,2,Check-Out,2017-04-26
City Hotel,0,40,2017,April,16,21,2,3,3,0,0,BB,FRA,Online TA,TA/TO,0,0,0,D,D,0,No Deposit,9,NULL,0,Transient,190.0,0,2,Check-Out,2017-04-26
City Hotel,0,40,2017,April,16,22,2,2,2,1,0,BB,ITA,Online TA,TA/TO,0,0,0,D,D,1,No Deposit,9,NULL,0,Transient,190.0,0,1,Check-Out,2017-04-26
City Hotel,0,103,2017,April,17,23,2,1,2,2,0,HB,FRA,Online TA,TA/TO,0,0,0,F,F,1,No Deposit,83,NULL,0,Transient,224.0,0,0,Check-Out,2017-04-26
City Hotel,0,155,2017,April,16,20,2,4,2,0,0,BB,FIN,Direct,Direct,0,0,0,E,E,2,No Deposit,14,NULL,0,Transient,153.0,1,0,Check-Out,2017-04-26
City Hotel,0,5,2017,April,17,25,0,1,2,2,0,HB,NLD,Direct,Direct,0,0,0,E,E,1,No Deposit,14,NULL,0,Transient,275.0,0,1,Check-Out,2017-04-26
City Hotel,0,2,2017,April,17,26,0,1,1,0,0,BB,FRA,Online TA,TA/TO,0,0,0,A,A,0,No Deposit,9,NULL,0,Transient,170.0,0,1,Check-Out,2017-04-27
City Hotel,0,5,2017,April,17,26,0,1,1,0,0,BB,ESP,Direct,Direct,0,0,0,E,E,1,No Deposit,14,NULL,0,Transient,215.0,0,0,Check-Out,2017-04-27
City Hotel,0,6,2017,April,17,26,0,1,1,0,0,BB,ESP,Direct,Direct,0,0,0,D,D,0,No Deposit,14,NULL,0,Transient,185.0,0,0,Check-Out,2017-04-27
City Hotel,0,94,2017,April,16,19,2,6,2,0,0,HB,DEU,Direct,Direct,0,0,0,D,D,1,No Deposit,14,NULL,0,Transient,170.3,0,1,Check-Out,2017-04-27
City Hotel,0,3,2017,April,17,26,0,1,3,0,0,HB,FRA,Online TA,TA/TO,0,0,0,D,E,0,No Deposit,9,NULL,0,Transient,287.0,0,1,Check-Out,2017-04-27
City Hotel,0,204,2017,April,17,23,2,2,2,2,0,BB,CHE,Online TA,TA/TO,0,0,0,F,F,0,No Deposit,9,NULL,0,Transient,210.0,0,4,Check-Out,2017-04-27
City Hotel,0,110,2017,April,16,22,2,3,2,0,0,HB,FRA,Online TA,TA/TO,0,0,0,D,D,0,No Deposit,9,NULL,0,Transient,175.5,0,0,Check-Out,2017-04-27
City Hotel,0,1,2017,April,17,25,0,2,2,0,0,BB,CHE,Online TA,TA/TO,0,0,0,A,B,0,No Deposit,8,NULL,0,Transient,175.5,0,0,Check-Out,2017-04-27
City Hotel,0,4,2017,April,17,25,0,2,2,0,0,BB,FRA,Online TA,TA/TO,0,0,0,D,E,0,No Deposit,9,NULL,0,Transient,199.0,0,2,Check-Out,2017-04-27
City Hotel,0,109,2017,April,17,25,0,3,2,0,0,HB,FRA,Online TA,TA/TO,0,0,0,A,A,0,No Deposit,9,NULL,0,Transient,159.0,0,2,Check-Out,2017-04-28
City Hotel,0,46,2017,April,17,23,2,3,2,0,0,HB,FRA,Online TA,TA/TO,0,0,0,A,A,0,No Deposit,9,NULL,0,Transient,160.2,0,1,Check-Out,2017-04-28
City Hotel,0,1,2017,April,17,27,0,1,2,0,0,SC,PRT,Online TA,TA/TO,0,0,0,A,A,0,No Deposit,9,NULL,0,Transient,160.0,0,0,Check-Out,2017-04-28
City Hotel,0,68,2017,April,16,21,2,5,2,0,0,HB,DEU,Online TA,TA/TO,0,0,0,A,A,0,No Deposit,9,NULL,0,Transient,160.2,0,2,Check-Out,2017-04-28
City Hotel,0,5,2017,April,17,26,0,2,1,0,0,BB,ESP,Direct,Direct,0,0,0,D,D,1,No Deposit,NULL,NULL,0,Transient,185.0,0,0,Check-Out,2017-04-28
City Hotel,0,40,2017,April,17,25,0,3,2,0,0,BB,ITA,Online TA,TA/TO,0,0,0,E,E,0,No Deposit,9,NULL,0,Transient,174.0,0,2,Check-Out,2017-04-28
City Hotel,0,28,2017,April,17,24,1,3,2,2,0,BB,MAR,Online TA,TA/TO,0,0,0,F,F,0,No Deposit,9,NULL,0,Transient,224.0,0,0,Check-Out,2017-04-28
City Hotel,0,40,2017,April,17,26,0,2,2,0,0,BB,USA,Online TA,TA/TO,0,0,0,E,E,0,No Deposit,9,NULL,0,Transient,174.0,0,3,Check-Out,2017-04-28
City Hotel,0,5,2017,April,17,26,0,2,3,0,0,BB,FRA,Online TA,TA/TO,0,0,0,D,D,0,No Deposit,9,NULL,0,Transient,230.0,0,1,Check-Out,2017-04-28
City Hotel,0,84,2017,April,17,25,0,3,2,0,0,HB,DEU,Online TA,TA/TO,0,0,0,A,D,0,No Deposit,9,NULL,0,Transient,159.0,0,0,Check-Out,2017-04-28
City Hotel,0,38,2017,April,17,24,1,3,2,0,0,BB,NLD,Online TA,TA/TO,0,0,0,F,F,1,No Deposit,9,NULL,0,Transient,224.0,0,3,Check-Out,2017-04-28
City Hotel,0,38,2017,April,17,24,1,3,2,0,0,BB,NLD,Online TA,TA/TO,0,0,0,E,E,1,No Deposit,9,NULL,0,Transient,174.0,0,3,Check-Out,2017-04-28
City Hotel,0,38,2017,April,17,24,1,3,1,0,0,BB,NLD,Online TA,TA/TO,0,0,0,E,G,1,No Deposit,9,NULL,0,Transient,174.0,0,3,Check-Out,2017-04-28
City Hotel,0,36,2017,April,16,22,2,4,2,2,0,BB,NLD,Online TA,TA/TO,0,0,0,F,F,0,No Deposit,8,NULL,0,Transient,224.0,0,1,Check-Out,2017-04-28
City Hotel,0,46,2017,April,17,24,1,3,3,0,0,BB,CHE,Online TA,TA/TO,0,0,0,D,D,0,No Deposit,9,NULL,0,Transient,171.0,0,0,Check-Out,2017-04-28
City Hotel,0,1,2017,April,17,23,2,3,1,0,0,BB,AUT,Online TA,TA/TO,0,0,0,D,D,0,No Deposit,9,NULL,0,Transient,190.0,0,1,Check-Out,2017-04-28
City Hotel,0,2,2017,April,17,25,0,3,1,0,0,BB,GBR,Direct,Direct,0,0,0,E,E,0,No Deposit,14,NULL,0,Transient,215.0,0,0,Check-Out,2017-04-28
City Hotel,0,3,2017,April,17,27,0,1,2,0,0,BB,RUS,Corporate,Corporate,0,0,0,A,A,1,No Deposit,NULL,280,0,Transient,170.0,0,0,Check-Out,2017-04-28
City Hotel,0,16,2017,April,17,26,0,2,1,0,0,BB,NLD,Direct,Direct,0,0,0,D,D,0,No Deposit,14,NULL,0,Transient,174.5,0,0,Check-Out,2017-04-28
City Hotel,0,0,2017,April,17,27,0,1,2,0,0,BB,PRT,Direct,Direct,0,0,0,A,A,1,No Deposit,NULL,NULL,0,Transient,160.0,0,0,Check-Out,2017-04-28
City Hotel,0,4,2017,April,17,27,0,1,2,0,0,BB,SWE,Online TA,TA/TO,0,0,0,A,A,0,No Deposit,9,NULL,0,Transient,180.0,0,2,Check-Out,2017-04-28
City Hotel,0,28,2017,April,17,24,1,4,2,2,0,BB,FRA,Online TA,TA/TO,0,0,0,F,F,0,No Deposit,9,NULL,0,Transient,224.0,0,0,Check-Out,2017-04-29
City Hotel,0,79,2017,April,17,26,0,3,3,0,0,BB,USA,Online TA,TA/TO,0,0,0,D,D,0,No Deposit,9,NULL,0,Transient,171.0,0,0,Check-Out,2017-04-29
City Hotel,0,76,2017,April,17,24,1,4,2,0,0,HB,GBR,Online TA,TA/TO,0,0,0,A,A,0,No Deposit,9,NULL,0,Transient,160.2,0,1,Check-Out,2017-04-29
City Hotel,0,80,2017,April,17,27,0,2,3,0,0,BB,PRT,Online TA,TA/TO,0,0,0,D,D,0,No Deposit,9,NULL,0,Transient,162.0,0,1,Check-Out,2017-04-29
City Hotel,0,70,2017,April,17,25,0,4,2,0,0,BB,BEL,Online TA,TA/TO,0,0,0,E,E,0,No Deposit,9,NULL,0,Transient,162.0,0,3,Check-Out,2017-04-29
City Hotel,0,159,2017,April,16,22,2,5,2,1,0,HB,FRA,Online TA,TA/TO,0,0,0,A,A,0,No Deposit,9,NULL,0,Transient,177.75,0,3,Check-Out,2017-04-29
City Hotel,0,5,2017,April,17,28,0,1,2,0,0,BB,PRT,Direct,Direct,0,0,0,A,A,1,No Deposit,14,NULL,0,Transient,179.0,1,0,Check-Out,2017-04-29
City Hotel,0,14,2017,April,17,25,0,4,2,2,0,HB,FRA,Direct,Direct,0,0,0,G,G,0,No Deposit,14,NULL,0,Transient,324.5,1,2,Check-Out,2017-04-29
City Hotel,0,39,2017,April,17,26,0,3,3,2,0,BB,CHE,Direct,Direct,0,0,0,G,G,0,No Deposit,14,NULL,0,Transient,289.0,0,0,Check-Out,2017-04-29
City Hotel,0,3,2017,April,17,26,0,3,2,0,0,BB,NLD,Online TA,TA/TO,0,0,0,G,G,0,No Deposit,7,NULL,0,Transient,228.0,0,1,Check-Out,2017-04-29
City Hotel,0,12,2017,April,17,28,0,1,1,0,0,BB,FIN,Direct,Direct,0,0,0,A,A,1,No Deposit,14,NULL,0,Transient,155.0,0,0,Check-Out,2017-04-29
City Hotel,0,93,2017,April,16,21,2,6,2,1,0,HB,EST,Online TA,TA/TO,0,0,0,A,A,0,No Deposit,9,NULL,0,Transient,184.5,0,1,Check-Out,2017-04-29
City Hotel,0,53,2017,April,17,28,0,1,3,0,0,BB,FIN,Online TA,TA/TO,0,0,0,D,E,1,No Deposit,9,NULL,0,Transient,171.0,0,1,Check-Out,2017-04-29
City Hotel,0,17,2017,April,17,27,0,2,2,1,0,BB,NLD,Direct,Direct,0,0,0,A,A,0,No Deposit,14,NULL,0,Transient,154.1,0,0,Check-Out,2017-04-29
City Hotel,0,48,2017,April,17,26,0,3,3,0,0,BB,IND,Online TA,TA/TO,0,0,0,D,D,0,No Deposit,9,NULL,0,Transient-Party,171.0,0,2,Check-Out,2017-04-29
City Hotel,0,52,2017,April,17,27,0,2,2,0,0,BB,PRT,Online TA,TA/TO,0,0,0,E,E,1,No Deposit,9,NULL,0,Transient,171.0,0,3,Check-Out,2017-04-29
City Hotel,0,7,2017,April,17,29,0,1,2,0,0,SC,EST,Online TA,TA/TO,0,0,0,A,A,0,No Deposit,9,NULL,0,Transient,160.0,0,1,Check-Out,2017-04-30
City Hotel,0,4,2017,April,17,27,0,3,2,0,0,BB,DZA,Online TA,TA/TO,0,0,0,F,F,1,No Deposit,9,NULL,0,Transient,270.0,0,0,Check-Out,2017-04-30
City Hotel,0,6,2017,April,17,29,0,1,1,0,0,SC,CHN,Online TA,TA/TO,0,0,0,A,A,1,No Deposit,9,NULL,0,Transient,160.0,0,1,Check-Out,2017-04-30
City Hotel,0,26,2017,April,17,29,0,1,2,0,0,BB,ISR,Online TA,TA/TO,0,0,0,E,E,0,No Deposit,9,NULL,0,Transient,175.0,0,1,Check-Out,2017-04-30
City Hotel,0,2,2017,April,17,28,0,2,2,0,0,BB,PRT,Online TA,TA/TO,0,0,0,G,G,0,No Deposit,7,NULL,0,Transient,240.0,0,1,Check-Out,2017-04-30
City Hotel,0,6,2017,April,17,29,0,1,2,0,0,BB,PRT,Online TA,TA/TO,0,0,0,D,D,0,No Deposit,9,NULL,0,Transient,190.0,0,0,Check-Out,2017-04-30
City Hotel,0,158,2017,April,17,26,0,4,2,2,0,BB,SVN,Online TA,TA/TO,0,0,0,F,F,0,No Deposit,9,NULL,0,Transient,189.0,0,0,Check-Out,2017-04-30
City Hotel,0,4,2017,April,17,27,0,3,2,0,0,BB,ROU,Direct,Direct,0,0,0,A,A,1,No Deposit,14,NULL,0,Transient,170.0,0,1,Check-Out,2017-04-30
City Hotel,0,8,2017,April,17,29,0,1,2,0,0,BB,NLD,Online TA,TA/TO,0,0,0,E,E,0,No Deposit,9,NULL,0,Transient-Party,220.0,0,0,Check-Out,2017-04-30
City Hotel,0,8,2017,April,17,29,0,1,2,0,0,BB,NLD,Online TA,TA/TO,0,0,0,D,D,0,No Deposit,9,NULL,0,Transient-Party,190.0,0,0,Check-Out,2017-04-30
City Hotel,0,7,2017,April,17,29,0,1,2,0,0,BB,ESP,Direct,Direct,0,0,0,A,A,0,No Deposit,14,NULL,0,Transient,175.0,0,2,Check-Out,2017-04-30
City Hotel,0,2,2017,April,17,28,0,2,2,0,0,SC,IDN,Online TA,TA/TO,0,0,0,A,A,0,No Deposit,9,NULL,0,Transient,160.0,0,1,Check-Out,2017-04-30
City Hotel,0,12,2017,April,17,28,0,2,1,0,0,BB,FIN,Direct,Direct,0,0,0,A,A,2,No Deposit,14,NULL,0,Transient,165.0,0,3,Check-Out,2017-04-30
City Hotel,0,2,2017,April,17,27,0,3,1,0,0,BB,PRT,Online TA,TA/TO,0,0,0,A,A,0,No Deposit,9,NULL,0,Transient,170.0,0,1,Check-Out,2017-04-30
City Hotel,0,0,2017,April,18,30,1,0,2,0,0,SC,PRT,Direct,Direct,0,0,0,A,A,0,No Deposit,NULL,NULL,0,Transient,160.0,0,0,Check-Out,2017-05-01
City Hotel,0,128,2017,April,18,30,1,0,2,0,0,BB,USA,Direct,Direct,0,0,0,F,F,0,No Deposit,14,NULL,0,Transient,200.0,0,0,Check-Out,2017-05-01
City Hotel,0,161,2017,April,17,28,1,2,3,0,0,BB,IRL,Online TA,TA/TO,0,0,0,D,D,0,No Deposit,9,NULL,0,Transient,166.5,0,0,Check-Out,2017-05-01
City Hotel,0,161,2017,April,17,28,1,2,3,0,0,BB,IRL,Online TA,TA/TO,0,0,0,D,D,0,No Deposit,9,NULL,0,Transient,166.5,0,0,Check-Out,2017-05-01
City Hotel,0,110,2017,April,17,28,1,2,3,0,0,BB,IRL,Online TA,TA/TO,0,0,0,D,D,0,No Deposit,9,NULL,0,Transient,166.5,0,0,Check-Out,2017-05-01
City Hotel,0,161,2017,April,17,28,1,2,3,0,0,BB,IRL,Online TA,TA/TO,0,0,0,D,D,0,No Deposit,9,NULL,0,Transient,166.5,0,0,Check-Out,2017-05-01
City Hotel,0,0,2017,April,18,30,1,0,2,0,0,SC,ESP,Direct,Direct,0,0,0,A,A,1,No Deposit,NULL,NULL,0,Transient-Party,169.0,0,0,Check-Out,2017-05-01
City Hotel,0,0,2017,April,18,30,1,0,2,0,0,SC,ESP,Direct,Direct,0,0,0,A,A,1,No Deposit,NULL,NULL,0,Transient-Party,160.0,0,0,Check-Out,2017-05-01
City Hotel,0,130,2017,April,17,27,1,3,3,0,0,BB,BEL,Direct,Direct,0,0,0,E,E,0,No Deposit,14,NULL,0,Transient,174.0,0,0,Check-Out,2017-05-01
City Hotel,0,3,2017,April,17,27,1,3,2,0,0,BB,RUS,Online TA,TA/TO,0,0,0,A,A,0,No Deposit,9,NULL,0,Transient,189.0,0,2,Check-Out,2017-05-01
City Hotel,0,21,2017,April,17,28,1,2,2,2,0,BB,POL,Online TA,TA/TO,0,0,0,F,F,0,No Deposit,9,NULL,0,Transient,225.0,0,1,Check-Out,2017-05-01
City Hotel,0,225,2017,April,17,29,1,1,3,0,0,HB,FRA,Groups,TA/TO,0,0,0,D,A,0,No Deposit,NULL,NULL,0,Transient-Party,207.38,0,0,Check-Out,2017-05-01
City Hotel,0,225,2017,April,17,29,1,1,3,0,0,HB,FRA,Groups,TA/TO,0,0,0,D,D,0,No Deposit,NULL,NULL,0,Transient-Party,207.38,0,0,Check-Out,2017-05-01
City Hotel,0,120,2017,April,17,28,1,2,2,0,0,BB,ESP,Online TA,TA/TO,0,0,0,E,E,0,No Deposit,9,NULL,0,Transient,153.0,0,1,Check-Out,2017-05-01
City Hotel,0,20,2017,April,17,29,1,1,2,0,0,BB,CRI,Online TA,TA/TO,0,0,0,E,E,0,No Deposit,9,NULL,0,Transient,184.0,0,1,Check-Out,2017-05-01
City Hotel,0,28,2017,April,17,27,1,3,3,0,0,SC,GBR,Online TA,TA/TO,0,0,0,A,A,1,No Deposit,9,NULL,0,Transient,155.0,0,2,Check-Out,2017-05-01
City Hotel,0,12,2017,April,17,29,1,1,2,2,0,BB,ITA,Online TA,TA/TO,0,0,0,F,G,0,No Deposit,9,NULL,0,Transient,260.0,0,2,Check-Out,2017-05-01
City Hotel,0,9,2017,April,17,28,1,2,2,0,0,BB,ESP,Online TA,TA/TO,0,0,0,A,A,0,No Deposit,9,NULL,0,Transient,189.0,1,1,Check-Out,2017-05-01
City Hotel,0,7,2017,April,17,28,1,2,2,0,0,SC,IRL,Online TA,TA/TO,0,0,0,A,A,0,No Deposit,9,NULL,0,Transient,160.0,0,1,Check-Out,2017-05-01
City Hotel,0,156,2017,April,17,28,1,2,3,0,0,BB,IRL,Online TA,TA/TO,0,0,0,D,D,0,No Deposit,9,NULL,0,Transient,166.5,0,0,Check-Out,2017-05-01
City Hotel,0,8,2017,April,17,28,1,2,2,0,0,BB,FRA,Online TA,TA/TO,0,0,0,A,A,0,No Deposit,9,NULL,0,Transient,180.0,0,1,Check-Out,2017-05-01
City Hotel,0,9,2017,April,17,28,1,2,2,2,0,BB,BGR,Online TA,TA/TO,0,0,0,F,F,0,No Deposit,9,NULL,0,Transient,234.0,0,1,Check-Out,2017-05-01
City Hotel,0,21,2017,April,17,28,1,2,2,0,0,BB,DEU,Online TA,TA/TO,0,0,0,E,E,0,No Deposit,9,NULL,0,Transient,175.0,0,1,Check-Out,2017-05-01
City Hotel,0,161,2017,April,17,28,1,2,3,0,0,BB,IRL,Online TA,TA/TO,0,0,0,D,D,0,No Deposit,9,NULL,0,Transient,166.5,0,0,Check-Out,2017-05-01
City Hotel,0,27,2017,April,17,29,1,1,2,0,0,HB,FRA,Direct,Direct,0,0,0,A,A,1,No Deposit,14,NULL,0,Transient,161.0,0,0,Check-Out,2017-05-01
City Hotel,0,230,2017,April,17,28,1,2,3,0,0,BB,IRL,Online TA,TA/TO,0,0,0,D,D,0,No Deposit,9,NULL,0,Transient,166.0,0,1,Check-Out,2017-05-01
City Hotel,0,12,2017,April,18,30,1,0,1,0,0,BB,FIN,Direct,Direct,0,0,0,G,G,0,No Deposit,14,NULL,0,Transient,285.0,0,3,Check-Out,2017-05-01
City Hotel,0,6,2017,April,17,29,2,1,2,0,0,SC,CHE,Online TA,TA/TO,0,0,0,A,A,0,No Deposit,9,NULL,0,Transient,163.33,0,0,Check-Out,2017-05-02
City Hotel,0,1,2017,May,18,1,1,0,2,0,0,BB,ESP,Direct,Direct,0,0,0,A,C,0,No Deposit,NULL,NULL,0,Transient,160.0,0,0,Check-Out,2017-05-02
City Hotel,0,1,2017,May,18,1,1,0,2,0,0,BB,ESP,Direct,Direct,0,0,0,A,A,1,No Deposit,NULL,NULL,0,Transient,160.0,0,0,Check-Out,2017-05-02
City Hotel,0,107,2017,April,17,27,2,3,2,0,0,HB,BEL,Online TA,TA/TO,0,0,0,A,A,0,No Deposit,9,NULL,0,Transient,154.8,0,2,Check-Out,2017-05-02
City Hotel,0,116,2017,April,17,28,2,2,3,0,0,BB,BEL,Online TA,TA/TO,0,0,0,E,E,1,No Deposit,9,NULL,0,Transient,180.63,0,1,Check-Out,2017-05-02
City Hotel,0,0,2017,May,18,1,1,0,2,0,0,BB,GBR,Direct,Direct,0,0,0,A,A,1,No Deposit,NULL,NULL,0,Transient,160.0,0,0,Check-Out,2017-05-02
City Hotel,0,30,2017,April,17,29,2,1,2,0,0,SC,ESP,Online TA,TA/TO,0,0,0,A,A,0,No Deposit,9,NULL,0,Transient-Party,153.33,3,2,Check-Out,2017-05-02
City Hotel,0,27,2017,May,18,1,1,0,1,1,0,BB,FRA,Online TA,TA/TO,0,0,0,A,A,1,No Deposit,9,NULL,0,Transient,169.0,0,1,Check-Out,2017-05-02
City Hotel,0,126,2017,April,17,27,2,3,2,0,0,BB,FRA,Direct,Direct,0,0,0,D,D,2,No Deposit,14,NULL,0,Transient,163.8,0,1,Check-Out,2017-05-02
City Hotel,0,168,2017,April,18,30,2,0,3,0,0,BB,BRA,Online TA,TA/TO,0,0,0,D,D,0,No Deposit,9,NULL,0,Transient,166.5,0,2,Check-Out,2017-05-02
City Hotel,0,197,2017,April,17,27,2,3,3,0,0,BB,DEU,Online TA,TA/TO,0,0,0,D,D,2,No Deposit,9,NULL,0,Transient,162.98,0,2,Check-Out,2017-05-02
City Hotel,0,140,2017,April,17,28,2,2,2,0,0,BB,FRA,Offline TA/TO,TA/TO,0,0,0,D,D,3,No Deposit,119,NULL,0,Transient,170.0,0,0,Check-Out,2017-05-02
City Hotel,0,6,2017,April,17,25,2,5,1,0,0,BB,BGD,Direct,Direct,0,0,0,F,F,0,No Deposit,14,NULL,0,Transient,259.29,0,0,Check-Out,2017-05-02
City Hotel,0,138,2017,April,17,29,2,1,2,2,0,HB,POL,Online TA,TA/TO,0,0,0,F,F,3,No Deposit,9,NULL,0,Transient,253.2,0,1,Check-Out,2017-05-02
City Hotel,0,116,2017,April,17,28,2,2,3,0,0,BB,BEL,Online TA,TA/TO,0,0,0,E,E,2,No Deposit,9,NULL,0,Transient,155.25,0,2,Check-Out,2017-05-02
City Hotel,0,6,2017,April,17,28,2,2,2,0,0,SC,GBR,Online TA,TA/TO,0,0,0,A,A,0,No Deposit,9,NULL,0,Transient,162.5,0,2,Check-Out,2017-05-02
City Hotel,0,12,2017,April,18,30,2,1,2,0,0,BB,ROU,Online TA,TA/TO,0,0,0,A,A,0,No Deposit,9,NULL,0,Transient,153.33,0,1,Check-Out,2017-05-03
City Hotel,0,1,2017,April,18,30,2,1,2,0,0,BB,CHE,Online TA,TA/TO,0,0,0,D,D,0,No Deposit,9,NULL,0,Transient,183.33,0,1,Check-Out,2017-05-03
City Hotel,0,18,2017,April,18,30,2,1,2,0,0,BB,USA,Direct,Direct,0,0,0,A,A,0,No Deposit,14,NULL,0,Transient,184.0,0,1,Check-Out,2017-05-03
City Hotel,0,5,2017,May,18,1,1,1,3,0,0,BB,ECU,Online TA,TA/TO,0,0,0,D,D,0,No Deposit,9,NULL,0,Transient,220.0,0,2,Check-Out,2017-05-03
City Hotel,0,11,2017,April,18,30,2,1,2,0,0,BB,PRT,Direct,Direct,0,0,0,A,A,1,No Deposit,14,NULL,0,Transient,152.33,0,1,Check-Out,2017-05-03
City Hotel,0,9,2017,April,18,30,2,2,3,0,0,BB,SWE,Online TA,TA/TO,0,0,0,E,E,0,No Deposit,9,NULL,0,Transient,252.5,0,1,Check-Out,2017-05-04
City Hotel,0,29,2017,April,18,30,2,2,2,0,0,BB,GBR,Direct,Direct,0,0,0,A,A,0,No Deposit,14,NULL,0,Transient,155.5,0,1,Check-Out,2017-05-04
City Hotel,0,0,2017,May,18,2,0,2,1,0,0,SC,USA,Offline TA/TO,GDS,0,0,0,E,E,1,No Deposit,195,NULL,0,Transient,190.0,0,1,Check-Out,2017-05-04
City Hotel,0,4,2017,May,18,2,0,2,1,0,0,BB,PRT,Offline TA/TO,GDS,0,0,0,D,D,0,No Deposit,195,NULL,0,Transient,175.0,0,0,Check-Out,2017-05-04
City Hotel,0,0,2017,May,18,3,0,1,1,0,0,BB,PRT,Direct,Direct,0,0,0,A,B,0,No Deposit,14,NULL,0,Transient,155.0,0,0,Check-Out,2017-05-04
City Hotel,0,7,2017,May,18,3,0,1,1,0,0,BB,BEL,Online TA,TA/TO,0,0,0,A,A,0,No Deposit,9,NULL,0,Transient,160.0,0,2,Check-Out,2017-05-04
City Hotel,0,81,2017,May,18,1,1,2,3,0,0,BB,ITA,Online TA,TA/TO,0,0,0,F,F,1,No Deposit,9,NULL,0,Transient,230.0,0,0,Check-Out,2017-05-04
City Hotel,0,2,2017,May,18,3,0,1,2,0,0,BB,NLD,Online TA,TA/TO,0,0,0,D,D,0,No Deposit,9,NULL,0,Transient,180.0,0,1,Check-Out,2017-05-04
City Hotel,0,2,2017,May,18,3,0,1,2,0,0,BB,NLD,Online TA,TA/TO,0,0,0,D,D,0,No Deposit,9,NULL,0,Transient,180.0,0,2,Check-Out,2017-05-04
City Hotel,0,0,2017,May,18,3,0,1,2,0,0,BB,PRT,Online TA,TA/TO,0,0,0,D,D,1,No Deposit,9,NULL,0,Transient,180.0,0,1,Check-Out,2017-05-04
City Hotel,0,102,2017,April,17,29,2,3,2,2,0,BB,NLD,Direct,Direct,0,0,0,F,F,1,No Deposit,NULL,NULL,0,Transient,180.0,0,1,Check-Out,2017-05-04
City Hotel,0,1,2017,May,18,2,0,2,1,0,0,BB,BEL,Online TA,TA/TO,0,0,0,A,E,0,No Deposit,9,NULL,0,Transient,160.0,0,0,Check-Out,2017-05-04
City Hotel,0,200,2017,May,18,2,0,3,2,0,0,HB,FRA,Online TA,TA/TO,0,0,0,D,D,0,No Deposit,9,NULL,0,Transient,164.7,0,1,Check-Out,2017-05-05
City Hotel,0,58,2017,May,18,1,1,3,2,1,0,BB,DEU,Online TA,TA/TO,0,0,0,A,A,0,No Deposit,9,NULL,0,Transient,162.0,0,1,Check-Out,2017-05-05
City Hotel,0,50,2017,May,18,1,1,3,2,0,0,BB,GBR,Online TA,TA/TO,0,0,0,D,D,0,No Deposit,9,NULL,0,Transient,153.0,0,2,Check-Out,2017-05-05
City Hotel,0,46,2017,May,18,2,0,3,2,0,0,BB,CHE,Online TA,TA/TO,0,0,0,A,A,0,No Deposit,9,NULL,0,Transient,152.1,0,2,Check-Out,2017-05-05
City Hotel,0,6,2017,May,18,4,0,1,1,0,0,BB,ITA,Direct,Direct,0,0,0,D,D,0,No Deposit,14,NULL,0,Transient-Party,175.0,0,0,Check-Out,2017-05-05
City Hotel,0,7,2017,May,18,1,1,3,1,0,0,BB,CHE,Online TA,TA/TO,0,0,0,E,E,0,No Deposit,NULL,NULL,0,Transient,210.0,0,0,Check-Out,2017-05-05
City Hotel,0,5,2017,May,18,1,1,3,2,0,0,BB,FRA,Direct,Direct,0,0,0,D,D,0,No Deposit,14,NULL,0,Transient,175.0,0,0,Check-Out,2017-05-05
City Hotel,0,1,2017,May,18,4,0,1,2,2,0,BB,GBR,Online TA,TA/TO,0,0,0,F,F,1,No Deposit,9,NULL,0,Transient,260.0,0,0,Check-Out,2017-05-05
City Hotel,0,30,2017,May,18,1,1,3,2,0,0,BB,LUX,Online TA,TA/TO,0,0,0,D,D,0,No Deposit,9,NULL,0,Transient,179.0,0,0,Check-Out,2017-05-05
City Hotel,0,58,2017,May,18,1,1,3,2,0,0,HB,FRA,Direct,Direct,0,0,0,D,D,1,No Deposit,14,NULL,0,Transient,189.5,0,3,Check-Out,2017-05-05
City Hotel,0,24,2017,May,18,4,0,1,2,0,0,BB,PRT,Online TA,TA/TO,0,0,0,A,A,0,No Deposit,9,NULL,0,Transient,178.0,1,2,Check-Out,2017-05-05
City Hotel,0,5,2017,May,18,1,1,3,2,0,0,BB,FRA,Online TA,TA/TO,0,0,0,D,D,0,No Deposit,9,NULL,0,Transient,180.0,0,2,Check-Out,2017-05-05
City Hotel,0,27,2017,May,18,2,0,3,2,0,0,BB,CHE,Direct,Direct,0,0,0,E,E,2,No Deposit,14,NULL,0,Transient,204.0,0,0,Check-Out,2017-05-05
City Hotel,0,55,2017,May,18,4,0,1,3,0,0,BB,GBR,Online TA,TA/TO,0,0,0,D,D,0,No Deposit,9,NULL,0,Transient,189.0,0,1,Check-Out,2017-05-05
City Hotel,0,8,2017,May,18,2,0,3,2,0,0,BB,USA,Online TA,TA/TO,0,0,0,D,D,0,No Deposit,9,NULL,0,Transient,180.0,0,1,Check-Out,2017-05-05
City Hotel,0,49,2017,May,18,2,0,4,2,0,0,BB,FRA,Online TA,TA/TO,0,0,0,A,A,0,No Deposit,9,NULL,0,Transient,152.1,0,1,Check-Out,2017-05-06
City Hotel,0,93,2017,May,18,4,0,2,3,0,0,HB,FRA,Online TA,TA/TO,0,0,0,E,E,1,No Deposit,9,NULL,0,Transient,198.0,0,1,Check-Out,2017-05-06
City Hotel,0,23,2017,May,18,3,0,3,2,0,0,BB,PRT,Online TA,TA/TO,0,0,0,A,A,0,No Deposit,8,NULL,0,Transient,169.0,0,1,Check-Out,2017-05-06
City Hotel,0,41,2017,May,18,2,0,4,2,2,0,BB,NLD,Online TA,TA/TO,0,0,0,F,F,0,No Deposit,9,NULL,0,Transient,259.0,0,0,Check-Out,2017-05-06
City Hotel,0,65,2017,May,18,4,0,2,3,0,0,HB,ESP,Online TA,TA/TO,0,0,0,D,D,0,No Deposit,9,NULL,0,Transient,240.3,0,0,Check-Out,2017-05-06
City Hotel,0,11,2017,May,18,2,0,4,2,0,0,SC,FRA,Online TA,TA/TO,0,0,0,A,A,0,No Deposit,9,NULL,0,Transient,155.0,0,1,Check-Out,2017-05-06
City Hotel,0,31,2017,May,18,3,0,3,2,0,0,BB,FRA,Online TA,TA/TO,0,0,0,A,A,0,No Deposit,9,NULL,0,Transient,169.0,0,1,Check-Out,2017-05-06
City Hotel,0,8,2017,May,18,2,0,4,2,0,0,BB,PRT,Direct,Direct,0,0,0,A,A,0,No Deposit,NULL,NULL,0,Transient-Party,160.0,0,0,Check-Out,2017-05-06
City Hotel,0,8,2017,May,18,2,0,4,2,0,0,BB,PRT,Direct,Direct,0,0,0,A,A,0,No Deposit,NULL,NULL,0,Transient-Party,160.0,0,0,Check-Out,2017-05-06
City Hotel,0,4,2017,May,18,5,0,1,1,0,0,BB,GBR,Online TA,TA/TO,0,0,0,A,A,0,No Deposit,9,NULL,0,Transient,160.0,0,1,Check-Out,2017-05-06
City Hotel,0,30,2017,May,18,3,0,3,2,0,0,BB,AUT,Online TA,TA/TO,0,0,0,A,A,0,No Deposit,9,NULL,0,Transient,169.0,0,1,Check-Out,2017-05-06
City Hotel,0,11,2017,May,18,5,0,1,2,0,0,BB,CHE,Online TA,TA/TO,0,0,0,D,F,0,No Deposit,9,NULL,0,Transient,189.0,1,2,Check-Out,2017-05-06
City Hotel,0,11,2017,May,18,4,0,2,2,0,0,BB,ROU,Online TA,TA/TO,0,0,0,A,A,0,No Deposit,9,NULL,0,Transient,179.0,1,2,Check-Out,2017-05-06
City Hotel,0,3,2017,May,18,2,0,4,2,0,0,BB,FRA,Offline TA/TO,TA/TO,0,0,0,F,A,0,No Deposit,119,NULL,0,Transient-Party,170.0,0,1,Check-Out,2017-05-06
City Hotel,0,8,2017,May,18,4,0,2,2,0,0,BB,USA,Online TA,TA/TO,0,0,0,G,G,0,No Deposit,8,NULL,0,Transient,290.0,0,1,Check-Out,2017-05-06
City Hotel,0,11,2017,May,18,5,0,1,1,0,0,BB,PRT,Direct,Direct,0,0,0,D,F,1,No Deposit,14,NULL,0,Transient,175.0,0,0,Check-Out,2017-05-06
City Hotel,0,29,2017,May,18,2,0,4,2,0,0,SC,DEU,Online TA,TA/TO,0,0,0,A,A,1,No Deposit,9,NULL,0,Transient,151.5,0,1,Check-Out,2017-05-06
City Hotel,0,4,2017,May,18,5,0,1,2,0,0,BB,USA,Online TA,TA/TO,0,0,0,G,G,0,No Deposit,7,NULL,0,Transient,232.0,0,1,Check-Out,2017-05-06
City Hotel,0,12,2017,April,18,30,2,4,3,0,0,BB,FRA,Online TA,TA/TO,0,0,0,G,G,0,No Deposit,7,NULL,0,Transient,206.47,0,1,Check-Out,2017-05-06
City Hotel,0,0,2017,May,18,4,0,2,2,0,0,BB,LUX,Online TA,TA/TO,0,0,0,D,A,0,No Deposit,NULL,NULL,0,Transient,180.0,0,1,Check-Out,2017-05-06
City Hotel,0,7,2017,May,18,4,0,2,2,0,0,BB,NLD,Online TA,TA/TO,0,0,0,D,D,0,No Deposit,9,NULL,0,Transient,180.0,0,1,Check-Out,2017-05-06
City Hotel,0,38,2017,May,18,5,0,2,1,0,0,BB,USA,Online TA,TA/TO,0,0,0,D,G,1,No Deposit,9,NULL,0,Transient,179.0,0,1,Check-Out,2017-05-07
City Hotel,0,95,2017,May,18,2,0,5,3,0,0,BB,NLD,Online TA,TA/TO,0,0,0,D,D,0,No Deposit,9,NULL,0,Transient,171.0,0,1,Check-Out,2017-05-07
City Hotel,0,58,2017,May,18,6,0,1,2,0,0,HB,ESP,Online TA,TA/TO,0,0,0,A,A,0,No Deposit,9,NULL,0,Transient,187.2,1,0,Check-Out,2017-05-07
City Hotel,0,108,2017,May,18,5,0,2,2,0,0,BB,ESP,Online TA,TA/TO,0,0,0,D,D,0,No Deposit,9,NULL,0,Transient,171.0,0,0,Check-Out,2017-05-07
City Hotel,0,7,2017,May,18,3,0,4,2,2,0,HB,ESP,Direct,Direct,0,0,0,G,G,1,No Deposit,14,NULL,0,Transient,316.0,0,1,Check-Out,2017-05-07
City Hotel,0,59,2017,May,18,5,0,2,3,0,0,BB,GBR,Online TA,TA/TO,0,0,0,E,E,0,No Deposit,9,NULL,0,Transient,216.0,0,2,Check-Out,2017-05-07
City Hotel,0,12,2017,May,18,5,0,2,2,0,0,BB,GBR,Online TA,TA/TO,0,0,0,D,D,0,No Deposit,9,NULL,0,Transient,180.0,0,1,Check-Out,2017-05-07
City Hotel,0,5,2017,May,18,6,0,1,2,1,0,BB,PRT,Online TA,TA/TO,0,0,0,A,A,2,No Deposit,9,NULL,0,Transient,160.0,0,2,Check-Out,2017-05-07
City Hotel,0,5,2017,May,18,6,0,1,1,0,0,BB,PRT,Online TA,TA/TO,0,0,0,A,A,1,No Deposit,9,NULL,0,Transient,170.0,0,1,Check-Out,2017-05-07
City Hotel,0,152,2017,May,18,4,0,3,3,0,0,BB,DEU,Online TA,TA/TO,0,0,0,D,D,0,No Deposit,9,NULL,0,Transient-Party,175.5,0,2,Check-Out,2017-05-07
City Hotel,0,38,2017,May,18,5,0,2,2,0,0,BB,USA,Online TA,TA/TO,0,0,0,E,E,0,No Deposit,9,NULL,0,Transient,209.0,0,1,Check-Out,2017-05-07
City Hotel,0,7,2017,May,18,5,0,2,2,0,0,BB,DEU,Online TA,TA/TO,0,0,0,A,A,0,No Deposit,9,NULL,0,Transient,170.0,0,1,Check-Out,2017-05-07
City Hotel,0,80,2017,May,18,4,0,3,2,0,0,BB,GBR,Online TA,TA/TO,0,0,0,E,E,0,No Deposit,9,NULL,0,Transient,162.0,0,1,Check-Out,2017-05-07
City Hotel,0,95,2017,May,18,4,0,3,3,0,0,BB,FIN,Online TA,TA/TO,0,0,0,D,D,0,No Deposit,8,NULL,0,Transient,171.0,0,0,Check-Out,2017-05-07
City Hotel,0,0,2017,May,18,6,0,1,3,0,0,BB,AGO,Online TA,TA/TO,0,0,0,E,E,0,No Deposit,9,NULL,0,Transient,250.0,0,1,Check-Out,2017-05-07
City Hotel,0,8,2017,May,18,5,0,2,2,0,0,BB,PRT,Online TA,TA/TO,0,0,0,A,A,1,No Deposit,9,NULL,0,Transient,170.0,0,2,Check-Out,2017-05-07
City Hotel,0,68,2017,May,18,4,0,3,3,0,0,BB,USA,Online TA,TA/TO,0,0,0,E,E,0,No Deposit,9,NULL,0,Transient,216.0,0,1,Check-Out,2017-05-07
City Hotel,0,3,2017,May,18,5,0,2,2,0,0,SC,ESP,Online TA,TA/TO,0,0,0,A,A,0,No Deposit,9,NULL,0,Transient,159.0,0,1,Check-Out,2017-05-07
City Hotel,0,154,2017,May,18,5,1,2,2,2,0,BB,BEL,Online TA,TA/TO,0,0,0,F,F,0,No Deposit,9,NULL,0,Transient,198.0,0,1,Check-Out,2017-05-08
City Hotel,0,10,2017,May,18,5,1,2,2,0,0,BB,POL,Online TA,TA/TO,0,0,0,A,A,0,No Deposit,9,NULL,0,Transient,170.0,0,2,Check-Out,2017-05-08
City Hotel,0,85,2017,May,18,5,1,2,3,0,0,BB,IRL,Online TA,TA/TO,0,0,0,D,D,2,No Deposit,9,NULL,0,Transient,177.0,0,0,Check-Out,2017-05-08
City Hotel,0,128,2017,May,18,6,1,1,3,1,0,BB,FRA,Direct,Direct,0,0,0,F,F,2,No Deposit,14,NULL,0,Transient,246.55,0,1,Check-Out,2017-05-08
City Hotel,0,82,2017,May,18,5,1,2,2,0,0,BB,IRL,Online TA,TA/TO,0,0,0,E,E,0,No Deposit,9,NULL,0,Transient,162.0,0,2,Check-Out,2017-05-08
City Hotel,0,97,2017,May,18,5,1,2,3,0,0,BB,FRA,Online TA,TA/TO,0,0,0,D,D,0,No Deposit,9,NULL,0,Transient,171.0,0,0,Check-Out,2017-05-08
City Hotel,0,12,2017,May,18,5,1,2,3,0,0,BB,FRA,Online TA,TA/TO,0,0,0,D,D,0,No Deposit,9,NULL,0,Transient,220.0,0,1,Check-Out,2017-05-08
City Hotel,0,91,2017,May,18,6,1,1,2,0,0,BB,NOR,Online TA,TA/TO,0,0,0,E,E,1,No Deposit,9,NULL,0,Transient,162.0,0,3,Check-Out,2017-05-08
City Hotel,0,18,2017,May,18,5,1,2,2,0,0,BB,FRA,Online TA,TA/TO,0,0,0,A,A,0,No Deposit,9,NULL,0,Transient,170.0,0,2,Check-Out,2017-05-08
City Hotel,0,148,2017,May,18,5,1,2,3,0,0,BB,DEU,Online TA,TA/TO,0,0,0,D,D,1,No Deposit,9,NULL,0,Transient,175.5,0,0,Check-Out,2017-05-08
City Hotel,0,13,2017,May,18,2,1,5,2,0,0,BB,POL,Online TA,TA/TO,0,0,0,D,D,0,No Deposit,9,NULL,0,Transient,165.0,0,1,Check-Out,2017-05-08
City Hotel,0,96,2017,May,18,5,1,2,3,0,0,BB,FRA,Online TA,TA/TO,0,0,0,D,D,0,No Deposit,9,NULL,0,Transient,171.0,0,1,Check-Out,2017-05-08
City Hotel,0,96,2017,May,18,5,1,2,2,2,0,BB,FRA,Online TA,TA/TO,0,0,0,F,F,0,No Deposit,9,NULL,0,Transient,230.0,0,1,Check-Out,2017-05-08
City Hotel,0,108,2017,May,18,5,2,2,2,2,0,BB,FRA,Online TA,TA/TO,0,0,0,F,F,0,No Deposit,7,NULL,0,Transient,190.58,0,1,Check-Out,2017-05-09
City Hotel,0,12,2017,May,19,8,1,0,1,0,0,BB,ESP,Online TA,TA/TO,0,0,0,A,A,0,No Deposit,9,NULL,0,Transient,160.0,0,1,Check-Out,2017-05-09
City Hotel,0,84,2017,May,18,6,2,1,3,0,0,BB,FRA,Online TA,TA/TO,0,0,0,D,D,0,No Deposit,9,NULL,0,Transient,171.0,0,1,Check-Out,2017-05-09
City Hotel,0,15,2017,May,18,6,2,1,2,1,0,BB,FRA,Direct,Direct,0,0,0,F,F,0,No Deposit,NULL,NULL,0,Transient,189.0,0,2,Check-Out,2017-05-09
City Hotel,0,5,2017,May,19,8,1,0,1,0,0,BB,AUT,Direct,Direct,0,0,0,A,A,1,No Deposit,14,NULL,0,Transient,155.0,0,1,Check-Out,2017-05-09
City Hotel,0,37,2017,May,18,4,2,3,2,0,0,BB,FRA,Online TA,TA/TO,0,0,0,D,D,0,No Deposit,9,NULL,0,Transient,179.0,0,2,Check-Out,2017-05-09
City Hotel,0,52,2017,May,18,6,2,1,3,0,0,BB,GBR,Online TA,TA/TO,0,0,0,D,D,0,No Deposit,9,NULL,0,Transient,189.0,0,0,Check-Out,2017-05-09
City Hotel,0,10,2017,May,18,6,2,1,2,0,0,BB,FRA,Online TA,TA/TO,0,0,0,A,A,0,No Deposit,9,NULL,0,Transient,170.0,0,3,Check-Out,2017-05-09
City Hotel,0,5,2017,May,19,8,1,0,2,0,0,BB,DEU,Online TA,TA/TO,0,0,0,A,A,0,No Deposit,9,NULL,0,Transient,170.0,1,1,Check-Out,2017-05-09
City Hotel,0,26,2017,May,19,8,1,0,1,0,0,BB,NLD,Direct,Direct,0,0,0,A,A,1,No Deposit,14,NULL,0,Transient,164.0,0,0,Check-Out,2017-05-09
City Hotel,0,62,2017,May,18,6,2,1,2,0,0,HB,BEL,Online TA,TA/TO,0,0,0,A,A,0,No Deposit,8,NULL,0,Transient,178.2,0,0,Check-Out,2017-05-09
City Hotel,0,1,2017,May,18,6,2,1,2,0,0,BB,FRA,Online TA,TA/TO,0,0,0,D,D,0,No Deposit,9,NULL,0,Transient,166.67,0,1,Check-Out,2017-05-09
City Hotel,0,32,2017,May,19,8,1,1,1,0,0,BB,AUS,Direct,Direct,0,0,0,A,A,4,No Deposit,14,NULL,0,Transient,154.5,0,0,Check-Out,2017-05-10
City Hotel,0,0,2017,May,19,8,1,1,3,0,0,BB,JPN,Online TA,TA/TO,0,0,0,G,G,0,No Deposit,7,NULL,0,Transient,216.0,0,1,Check-Out,2017-05-10
City Hotel,0,0,2017,May,19,9,0,1,1,0,0,BB,GBR,Online TA,TA/TO,0,0,0,E,E,1,No Deposit,9,NULL,0,Transient,190.0,0,0,Check-Out,2017-05-10
City Hotel,0,16,2017,May,19,7,2,1,2,0,0,SC,ISR,Online TA,TA/TO,0,0,0,A,A,0,No Deposit,9,NULL,0,Transient,153.0,0,2,Check-Out,2017-05-10
City Hotel,0,28,2017,May,19,9,0,1,2,0,0,BB,BEL,Online TA,TA/TO,0,0,0,A,A,0,No Deposit,9,NULL,0,Transient,169.0,0,3,Check-Out,2017-05-10
City Hotel,0,4,2017,May,19,8,1,1,2,0,0,BB,DEU,Online TA,TA/TO,0,0,0,A,A,0,No Deposit,9,NULL,0,Transient,170.0,0,2,Check-Out,2017-05-10
City Hotel,0,6,2017,May,19,7,2,1,2,0,0,BB,FRA,Online TA,TA/TO,0,0,0,D,D,0,No Deposit,9,NULL,0,Transient,180.0,0,2,Check-Out,2017-05-10
City Hotel,0,210,2017,May,19,7,2,1,2,0,0,HB,FRA,Online TA,TA/TO,0,0,0,D,D,0,No Deposit,9,NULL,0,Transient,173.7,1,1,Check-Out,2017-05-10
City Hotel,0,1,2017,May,19,9,0,1,1,0,0,BB,ESP,Direct,Direct,0,0,0,E,F,1,No Deposit,14,NULL,0,Transient,185.0,0,0,Check-Out,2017-05-10
City Hotel,0,12,2017,May,19,10,0,1,1,0,0,BB,ESP,Direct,Direct,0,0,0,D,F,1,No Deposit,14,NULL,0,Group,175.0,0,0,Check-Out,2017-05-11
City Hotel,0,0,2017,May,19,9,0,1,1,0,0,BB,ITA,Offline TA/TO,TA/TO,0,0,0,A,G,0,No Deposit,159,NULL,0,Transient,510.0,0,0,Check-Out,2017-05-10
City Hotel,0,33,2017,May,19,9,0,1,0,0,0,SC,PRT,Offline TA/TO,TA/TO,0,0,0,E,G,3,No Deposit,87,NULL,0,Transient,200.0,0,0,Check-Out,2017-05-10
City Hotel,0,0,2017,May,19,10,0,1,2,2,0,BB,BRA,Online TA,TA/TO,0,0,0,F,F,0,No Deposit,9,NULL,0,Transient,260.0,0,0,Check-Out,2017-05-11
City Hotel,0,0,2017,May,19,10,0,1,2,0,0,BB,AUT,Online TA,TA/TO,0,0,0,E,E,0,No Deposit,9,NULL,0,Transient,210.0,0,1,Check-Out,2017-05-11
City Hotel,0,44,2017,May,19,7,2,2,2,0,0,BB,FRA,Online TA,TA/TO,0,0,0,D,D,0,No Deposit,9,NULL,0,Transient,179.0,0,1,Check-Out,2017-05-11
City Hotel,0,24,2017,May,19,10,0,1,1,0,0,BB,PRT,Online TA,TA/TO,0,0,0,D,D,0,No Deposit,9,NULL,0,Transient,180.0,0,1,Check-Out,2017-05-11
City Hotel,0,0,2017,May,19,10,0,1,2,2,0,BB,TUR,Online TA,TA/TO,0,0,0,F,F,0,No Deposit,9,NULL,0,Transient,260.0,0,0,Check-Out,2017-05-11
City Hotel,0,21,2017,May,19,9,0,2,1,0,0,BB,BGR,Direct,Direct,0,0,0,D,D,0,No Deposit,14,NULL,0,Transient,175.0,0,0,Check-Out,2017-05-11
City Hotel,0,0,2017,May,19,10,0,1,1,0,0,BB,NLD,Direct,Direct,0,0,0,A,G,2,No Deposit,NULL,NULL,0,Transient,285.0,0,0,Check-Out,2017-05-11
City Hotel,0,0,2017,May,19,10,0,1,2,0,0,BB,PRT,Online TA,TA/TO,0,0,0,D,D,0,No Deposit,9,NULL,0,Transient,180.0,0,1,Check-Out,2017-05-11
City Hotel,0,0,2017,May,19,10,0,1,1,0,0,BB,BEL,Direct,Direct,0,0,0,A,G,0,No Deposit,NULL,NULL,0,Transient,285.0,0,0,Check-Out,2017-05-11
City Hotel,0,22,2017,May,19,9,0,2,1,0,0,BB,DEU,Online TA,TA/TO,0,0,0,A,A,0,No Deposit,9,NULL,0,Transient,160.0,0,0,Check-Out,2017-05-11
City Hotel,0,6,2017,May,19,9,0,2,1,0,0,BB,FRA,Direct,Direct,0,0,0,D,D,1,No Deposit,NULL,NULL,0,Transient,157.0,0,0,Check-Out,2017-05-11
City Hotel,0,1,2017,May,19,7,2,2,1,0,0,BB,GRC,Online TA,TA/TO,0,0,0,D,D,1,No Deposit,9,NULL,0,Transient,165.0,0,1,Check-Out,2017-05-11
City Hotel,0,15,2017,May,19,10,0,2,1,0,0,BB,ISR,Online TA,TA/TO,0,0,0,D,D,0,No Deposit,8,NULL,0,Transient,166.25,0,1,Check-Out,2017-05-12
City Hotel,0,69,2017,May,19,9,0,3,2,0,0,BB,AUT,Online TA,TA/TO,0,0,0,A,A,2,No Deposit,9,NULL,0,Transient,155.33,0,0,Check-Out,2017-05-12
City Hotel,0,2,2017,May,19,10,0,2,1,0,0,BB,PRT,Corporate,Corporate,0,0,0,E,E,0,No Deposit,NULL,174,0,Transient,184.5,0,0,Check-Out,2017-05-12
City Hotel,0,2,2017,May,19,9,0,3,1,0,0,BB,PRT,Online TA,TA/TO,0,0,0,A,A,0,No Deposit,9,NULL,0,Transient,153.33,0,2,Check-Out,2017-05-12
City Hotel,0,53,2017,May,19,8,1,3,2,0,0,BB,NLD,Online TA,TA/TO,0,0,0,D,D,0,No Deposit,9,NULL,0,Transient,168.08,0,2,Check-Out,2017-05-12
City Hotel,0,13,2017,May,19,9,0,3,2,0,0,BB,CHE,Direct,Direct,0,0,0,A,A,1,No Deposit,14,NULL,0,Transient,160.0,0,0,Check-Out,2017-05-12
City Hotel,0,53,2017,May,19,8,1,3,2,0,0,BB,GBR,Direct,Direct,0,0,0,D,D,0,No Deposit,14,NULL,0,Transient,181.75,0,4,Check-Out,2017-05-12
City Hotel,0,86,2017,May,19,9,0,3,3,0,0,BB,DEU,Online TA,TA/TO,0,0,0,D,D,0,No Deposit,9,NULL,0,Transient,171.0,0,1,Check-Out,2017-05-12
City Hotel,0,29,2017,May,19,9,0,3,1,0,0,BB,ITA,Direct,Direct,0,0,0,D,D,0,No Deposit,14,NULL,0,Transient,184.33,0,0,Check-Out,2017-05-12
City Hotel,0,185,2017,May,19,11,0,1,2,0,0,BB,PRT,Online TA,TA/TO,0,0,0,D,D,0,No Deposit,9,NULL,0,Transient,156.6,0,2,Check-Out,2017-05-12
City Hotel,0,86,2017,May,19,9,0,3,2,0,0,HB,BEL,Online TA,TA/TO,0,0,0,A,A,0,No Deposit,9,NULL,0,Transient,160.2,0,1,Check-Out,2017-05-12
City Hotel,0,86,2017,May,19,9,0,3,2,0,0,HB,BEL,Online TA,TA/TO,0,0,0,A,A,0,No Deposit,9,NULL,0,Transient,160.2,0,1,Check-Out,2017-05-12
City Hotel,0,79,2017,May,18,5,2,5,2,0,0,BB,IRL,Online TA,TA/TO,0,0,0,E,E,0,No Deposit,9,NULL,0,Transient,162.0,0,1,Check-Out,2017-05-12
City Hotel,0,0,2017,May,18,6,2,5,2,0,0,BB,NOR,Online TA,TA/TO,0,0,0,E,G,0,No Deposit,9,NULL,0,Transient,164.57,0,2,Check-Out,2017-05-13
City Hotel,0,32,2017,May,18,6,2,5,2,0,0,BB,NOR,Online TA,TA/TO,0,0,0,F,F,1,No Deposit,9,NULL,0,Transient,267.86,0,0,Check-Out,2017-05-13
City Hotel,0,57,2017,May,19,8,1,4,2,0,0,BB,FRA,Online TA,TA/TO,0,0,0,D,D,0,No Deposit,9,NULL,0,Transient,160.2,0,3,Check-Out,2017-05-13
City Hotel,0,32,2017,May,19,7,2,4,2,0,0,SC,FRA,Online TA,TA/TO,0,0,0,A,A,0,No Deposit,9,NULL,0,Transient,159.33,0,0,Check-Out,2017-05-13
City Hotel,0,0,2017,May,19,12,0,1,2,0,0,BB,MOZ,Direct,Direct,0,0,0,A,A,0,No Deposit,NULL,NULL,0,Transient,170.0,0,1,Check-Out,2017-05-13
City Hotel,0,34,2017,May,19,12,0,1,2,0,0,SC,USA,Online TA,TA/TO,0,0,0,A,A,0,No Deposit,9,NULL,0,Transient,180.0,0,2,Check-Out,2017-05-13
City Hotel,0,34,2017,May,19,12,0,1,2,0,0,SC,USA,Online TA,TA/TO,0,0,0,A,A,0,No Deposit,9,NULL,0,Transient,180.0,0,2,Check-Out,2017-05-13
City Hotel,0,83,2017,May,19,11,0,2,3,0,0,BB,GBR,Online TA,TA/TO,0,0,0,F,F,3,No Deposit,9,NULL,0,Transient,240.0,0,3,Check-Out,2017-05-13
City Hotel,0,64,2017,May,19,10,0,3,2,0,0,BB,DEU,Online TA,TA/TO,0,0,0,D,D,0,No Deposit,9,NULL,0,Transient,165.0,0,1,Check-Out,2017-05-13
City Hotel,0,44,2017,May,19,10,0,3,2,0,0,BB,CHE,Online TA,TA/TO,0,0,0,D,D,0,No Deposit,9,NULL,0,Transient,199.67,0,0,Check-Out,2017-05-13
City Hotel,0,84,2017,May,19,12,0,1,2,0,0,BB,CN,Online TA,TA/TO,0,0,0,D,D,0,No Deposit,9,NULL,0,Transient,153.0,0,1,Check-Out,2017-05-13
City Hotel,0,68,2017,May,19,9,0,4,2,0,0,BB,GBR,Online TA,TA/TO,0,0,0,D,D,0,No Deposit,9,NULL,0,Transient,162.0,0,1,Check-Out,2017-05-13
City Hotel,0,82,2017,May,19,11,0,2,3,0,0,BB,IRL,Online TA,TA/TO,0,0,0,F,F,1,No Deposit,9,NULL,0,Transient,240.0,0,3,Check-Out,2017-05-13
City Hotel,0,12,2017,May,19,9,0,4,2,0,0,BB,FRA,Online TA,TA/TO,0,0,0,D,D,0,No Deposit,9,NULL,0,Transient,187.5,0,1,Check-Out,2017-05-13
City Hotel,0,9,2017,May,19,9,0,4,2,0,0,BB,DEU,Online TA,TA/TO,0,0,0,D,D,0,No Deposit,7,NULL,0,Transient,159.0,0,0,Check-Out,2017-05-13
City Hotel,0,58,2017,May,19,12,0,1,2,0,0,HB,AUS,Online TA,TA/TO,0,0,0,A,A,0,No Deposit,9,NULL,0,Transient,223.2,0,3,Check-Out,2017-05-13
City Hotel,0,3,2017,May,19,10,0,3,2,0,0,BB,FRA,Online TA,TA/TO,0,0,0,A,A,1,No Deposit,9,NULL,0,Transient,211.33,0,1,Check-Out,2017-05-13
City Hotel,0,22,2017,May,19,12,0,1,2,0,0,HB,USA,Direct,Direct,0,0,0,D,D,1,No Deposit,14,NULL,0,Transient,245.0,0,1,Check-Out,2017-05-13
City Hotel,0,22,2017,May,19,12,0,1,2,0,0,HB,USA,Direct,Direct,0,0,0,D,D,1,No Deposit,14,NULL,0,Transient,245.0,0,1,Check-Out,2017-05-13
City Hotel,0,209,2017,May,19,12,0,2,2,1,0,BB,DEU,Online TA,TA/TO,0,0,0,A,A,0,No Deposit,9,NULL,0,Transient,159.3,0,2,Check-Out,2017-05-14
City Hotel,0,1,2017,May,19,12,0,2,2,0,0,SC,ARG,Direct,Direct,0,0,0,A,A,0,No Deposit,14,NULL,0,Transient,164.5,0,1,Check-Out,2017-05-14
City Hotel,0,20,2017,May,19,11,0,3,2,0,0,BB,DEU,Direct,Direct,0,0,0,A,A,0,No Deposit,NULL,NULL,0,Transient,170.0,0,0,Check-Out,2017-05-14
City Hotel,0,16,2017,May,19,11,0,3,2,1,0,BB,PRT,Online TA,TA/TO,0,0,0,F,F,0,No Deposit,7,NULL,0,Transient,224.0,0,1,Check-Out,2017-05-14
City Hotel,0,51,2017,May,19,10,0,4,2,0,0,SC,COL,Online TA,TA/TO,0,0,0,A,A,0,No Deposit,9,NULL,0,Transient,155.03,0,1,Check-Out,2017-05-14
City Hotel,0,16,2017,May,19,12,0,2,2,0,0,SC,IRL,Online TA,TA/TO,0,0,0,A,A,2,No Deposit,9,NULL,0,Transient,160.0,0,1,Check-Out,2017-05-14
City Hotel,0,29,2017,May,19,11,0,3,1,0,0,BB,IRL,Online TA,TA/TO,0,0,0,A,A,0,No Deposit,9,NULL,0,Transient,190.0,0,2,Check-Out,2017-05-14
City Hotel,0,35,2017,May,19,11,0,3,2,0,0,SC,CHE,Online TA,TA/TO,0,0,0,A,A,0,No Deposit,9,NULL,0,Transient,189.0,1,1,Check-Out,2017-05-14
City Hotel,0,128,2017,May,19,11,0,3,2,0,0,BB,NLD,Online TA,TA/TO,0,0,0,D,D,0,No Deposit,9,NULL,0,Transient,151.5,0,1,Check-Out,2017-05-14
City Hotel,0,66,2017,May,19,11,0,3,2,0,0,BB,ISL,Direct,Direct,0,0,0,G,G,0,No Deposit,14,NULL,0,Transient,295.0,0,0,Check-Out,2017-05-14
City Hotel,0,59,2017,May,19,10,0,4,2,0,0,BB,BEL,Online TA,TA/TO,0,0,0,F,F,1,No Deposit,9,NULL,0,Transient,265.0,0,3,Check-Out,2017-05-14
City Hotel,0,20,2017,May,19,10,0,4,2,0,0,BB,BGR,Online TA,TA/TO,0,0,0,A,A,0,No Deposit,9,NULL,0,Transient,185.0,0,2,Check-Out,2017-05-14
City Hotel,0,6,2017,May,19,12,0,2,1,2,0,BB,GBR,Online TA,TA/TO,0,0,0,F,F,0,No Deposit,7,NULL,0,Transient,205.2,0,2,Check-Out,2017-05-14
City Hotel,0,121,2017,May,19,8,1,5,3,0,0,BB,BRA,Online TA,TA/TO,0,0,0,D,D,0,No Deposit,9,NULL,0,Transient,171.42,0,1,Check-Out,2017-05-14
City Hotel,0,128,2017,May,19,13,0,1,2,0,0,BB,IRL,Online TA,TA/TO,0,0,0,D,D,0,No Deposit,9,NULL,0,Transient,193.5,0,1,Check-Out,2017-05-14
City Hotel,0,15,2017,May,19,11,0,3,2,0,0,BB,CHE,Online TA,TA/TO,0,0,0,D,D,0,No Deposit,9,NULL,0,Transient,200.0,0,1,Check-Out,2017-05-14
City Hotel,0,84,2017,May,19,11,0,3,3,0,0,BB,ITA,Online TA,TA/TO,0,0,0,D,D,0,No Deposit,9,NULL,0,Transient,183.0,0,0,Check-Out,2017-05-14
City Hotel,0,68,2017,May,19,12,0,2,2,0,0,BB,BEL,Online TA,TA/TO,0,0,0,E,E,0,No Deposit,9,NULL,0,Transient,198.0,0,2,Check-Out,2017-05-14
City Hotel,0,1,2017,May,19,12,0,2,1,0,0,BB,GBR,Online TA,TA/TO,0,0,0,A,A,0,No Deposit,9,NULL,0,Transient,170.0,0,1,Check-Out,2017-05-14
City Hotel,0,13,2017,May,19,12,0,2,2,0,0,BB,FRA,Online TA,TA/TO,0,0,0,D,D,0,No Deposit,9,NULL,0,Transient,210.0,0,1,Check-Out,2017-05-14
City Hotel,0,66,2017,May,19,11,0,3,2,0,0,BB,GBR,Online TA,TA/TO,0,0,0,D,D,0,No Deposit,9,NULL,0,Transient,171.0,0,0,Check-Out,2017-05-14
City Hotel,0,0,2017,May,19,13,0,1,2,0,0,BB,DEU,Online TA,TA/TO,0,0,0,A,A,0,No Deposit,NULL,NULL,0,Transient,169.0,0,1,Check-Out,2017-05-14
City Hotel,0,111,2017,May,19,12,0,2,2,0,0,BB,GBR,Online TA,TA/TO,0,0,0,D,D,2,No Deposit,9,NULL,0,Transient,153.0,0,1,Check-Out,2017-05-14
City Hotel,0,128,2017,May,19,13,0,1,2,0,0,BB,IRL,Online TA,TA/TO,0,0,0,D,D,0,No Deposit,9,NULL,0,Transient,193.5,0,1,Check-Out,2017-05-14
City Hotel,0,1,2017,May,19,13,0,1,2,1,0,BB,PRT,Online TA,TA/TO,0,0,0,A,A,0,No Deposit,9,NULL,0,Transient,200.0,0,2,Check-Out,2017-05-14
City Hotel,0,106,2017,May,19,11,0,3,2,0,0,BB,DEU,Online TA,TA/TO,0,0,0,D,D,0,No Deposit,9,NULL,0,Transient,183.0,0,1,Check-Out,2017-05-14
City Hotel,0,12,2017,May,19,13,0,1,2,0,0,SC,ESP,Online TA,TA/TO,0,0,0,A,A,4,No Deposit,9,NULL,0,Transient,180.0,0,3,Check-Out,2017-05-14
City Hotel,0,36,2017,May,19,12,0,2,2,0,0,SC,FRA,Online TA,TA/TO,0,0,0,A,A,0,No Deposit,9,NULL,0,Transient,180.0,0,2,Check-Out,2017-05-14
City Hotel,0,36,2017,May,19,12,0,2,2,0,0,SC,FRA,Online TA,TA/TO,0,0,0,A,A,0,No Deposit,9,NULL,0,Transient,180.0,0,2,Check-Out,2017-05-14
City Hotel,0,36,2017,May,19,12,0,2,2,0,0,SC,FRA,Online TA,TA/TO,0,0,0,A,A,0,No Deposit,9,NULL,0,Transient,180.0,0,2,Check-Out,2017-05-14
City Hotel,0,36,2017,May,19,12,0,2,2,0,0,SC,FRA,Online TA,TA/TO,0,0,0,A,A,0,No Deposit,9,NULL,0,Transient,180.0,0,2,Check-Out,2017-05-14
City Hotel,0,80,2017,May,19,11,1,3,3,0,0,HB,ARG,Direct,Direct,0,0,0,D,D,1,No Deposit,NULL,NULL,0,Transient-Party,167.7,0,1,Check-Out,2017-05-15
City Hotel,0,80,2017,May,19,11,0,3,3,0,0,HB,ITA,Direct,Direct,0,0,0,A,A,1,No Deposit,NULL,NULL,0,Transient-Party,206.0,0,1,Check-Out,2017-05-14
City Hotel,0,80,2017,May,19,11,1,3,3,0,0,HB,ARG,Direct,Direct,0,0,0,A,A,1,No Deposit,NULL,NULL,0,Transient-Party,210.75,0,1,Check-Out,2017-05-15
City Hotel,0,80,2017,May,19,11,1,3,3,0,0,HB,ARG,Direct,Direct,0,0,0,A,A,1,No Deposit,NULL,NULL,0,Transient-Party,210.75,0,1,Check-Out,2017-05-15
City Hotel,0,80,2017,May,19,11,1,3,3,0,0,HB,ARG,Direct,Direct,0,0,0,A,A,1,No Deposit,NULL,NULL,0,Transient-Party,210.75,0,1,Check-Out,2017-05-15
City Hotel,0,85,2017,May,19,10,1,4,2,0,0,BB,ITA,Online TA,TA/TO,0,0,0,D,D,0,No Deposit,9,NULL,0,Transient,151.2,0,0,Check-Out,2017-05-15
City Hotel,0,9,2017,May,19,12,1,2,1,0,0,SC,USA,Online TA,TA/TO,0,0,0,A,A,0,No Deposit,9,NULL,0,Transient,160.0,0,1,Check-Out,2017-05-15
City Hotel,0,97,2017,May,19,12,1,2,3,0,0,HB,GBR,Online TA,TA/TO,0,0,0,E,E,0,No Deposit,9,NULL,0,Transient,208.2,0,2,Check-Out,2017-05-15
City Hotel,0,51,2017,May,19,12,1,2,1,0,0,BB,CHE,Direct,Direct,0,0,0,E,E,0,No Deposit,14,NULL,0,Transient-Party,228.53,0,0,Check-Out,2017-05-15
City Hotel,0,74,2017,May,19,13,1,1,3,0,0,BB,BEL,Online TA,TA/TO,0,0,0,D,D,0,No Deposit,9,NULL,0,Transient,198.0,0,0,Check-Out,2017-05-15
City Hotel,0,9,2017,May,19,12,1,2,3,0,0,BB,CHN,Online TA,TA/TO,0,0,0,D,D,0,No Deposit,9,NULL,0,Transient,216.0,1,0,Check-Out,2017-05-15
City Hotel,0,26,2017,May,19,11,1,3,2,0,0,BB,NLD,Direct,Direct,0,0,0,A,A,1,No Deposit,14,NULL,0,Transient,185.0,0,2,Check-Out,2017-05-15
City Hotel,0,33,2017,May,19,12,1,2,2,0,0,BB,ESP,Online TA,TA/TO,0,0,0,A,A,0,No Deposit,9,NULL,0,Transient-Party,193.33,0,2,Check-Out,2017-05-15
City Hotel,0,33,2017,May,19,12,1,2,2,1,0,BB,ESP,Online TA,TA/TO,0,0,0,A,A,0,No Deposit,9,NULL,0,Transient-Party,213.33,0,3,Check-Out,2017-05-15
City Hotel,0,10,2017,May,19,13,1,1,1,0,0,BB,FRA,Online TA,TA/TO,0,0,0,A,A,0,No Deposit,9,NULL,0,Transient,160.0,0,2,Check-Out,2017-05-15
City Hotel,0,65,2017,May,19,12,1,2,2,0,0,BB,FRA,Online TA,TA/TO,0,0,0,D,D,0,No Deposit,9,NULL,0,Transient,171.0,0,2,Check-Out,2017-05-15
City Hotel,0,224,2017,May,20,14,1,0,4,0,0,BB,PRT,Online TA,TA/TO,0,0,0,G,G,1,No Deposit,9,NULL,0,Transient,232.2,0,4,Check-Out,2017-05-15
City Hotel,0,75,2017,May,19,12,1,2,2,0,0,BB,GBR,Online TA,TA/TO,0,0,0,E,E,0,No Deposit,9,NULL,0,Transient,174.0,0,3,Check-Out,2017-05-15
City Hotel,0,76,2017,May,19,13,1,1,2,2,0,BB,ESP,Direct,Direct,0,0,0,G,G,0,No Deposit,14,NULL,0,Transient,265.0,0,0,Check-Out,2017-05-15
City Hotel,0,14,2017,May,19,12,2,2,2,0,0,SC,CN,Online TA,TA/TO,0,0,0,A,A,0,No Deposit,9,NULL,0,Transient,160.0,0,1,Check-Out,2017-05-16
City Hotel,0,19,2017,May,19,13,2,1,2,0,0,BB,CZE,Online TA,TA/TO,0,0,0,A,A,0,No Deposit,9,NULL,0,Transient,173.33,0,2,Check-Out,2017-05-16
City Hotel,0,69,2017,May,19,13,2,1,2,2,0,BB,ITA,Online TA,TA/TO,0,0,0,E,E,1,No Deposit,9,NULL,0,Transient,186.0,0,1,Check-Out,2017-05-16
City Hotel,0,70,2017,May,19,13,2,1,2,0,0,BB,FRA,Online TA,TA/TO,0,0,0,E,E,0,No Deposit,9,NULL,0,Transient,186.0,0,2,Check-Out,2017-05-16
City Hotel,0,69,2017,May,19,13,2,1,2,1,0,BB,ITA,Online TA,TA/TO,0,0,0,E,F,1,No Deposit,9,NULL,0,Transient,222.0,0,2,Check-Out,2017-05-16
City Hotel,0,21,2017,May,19,13,2,2,2,0,0,BB,FRA,Online TA,TA/TO,0,0,0,D,D,0,No Deposit,9,NULL,0,Transient,175.0,0,2,Check-Out,2017-05-17
City Hotel,0,21,2017,May,20,14,2,1,2,0,0,BB,BEL,Online TA,TA/TO,0,0,0,D,D,0,No Deposit,9,NULL,0,Transient,163.33,0,1,Check-Out,2017-05-17
City Hotel,0,52,2017,May,20,16,0,1,2,0,1,BB,PRT,Direct,Direct,0,0,0,A,F,0,No Deposit,14,NULL,0,Transient,170.0,0,2,Check-Out,2017-05-17
City Hotel,0,8,2017,May,19,13,2,2,2,0,0,BB,ITA,Online TA,TA/TO,0,0,0,F,F,0,No Deposit,7,NULL,0,Transient,204.0,0,0,Check-Out,2017-05-17
City Hotel,0,21,2017,May,20,15,1,2,1,0,0,BB,IRL,Online TA,TA/TO,0,0,0,D,D,0,No Deposit,9,NULL,0,Transient,163.33,0,2,Check-Out,2017-05-18
City Hotel,0,28,2017,May,20,15,1,2,2,0,0,BB,GBR,Online TA,TA/TO,0,0,0,A,A,0,No Deposit,9,NULL,0,Transient,153.33,0,3,Check-Out,2017-05-18
City Hotel,0,1,2017,May,20,17,0,1,1,0,0,SC,ESP,Direct,Direct,0,0,0,A,C,0,No Deposit,NULL,NULL,0,Transient,160.0,0,0,Check-Out,2017-05-18
City Hotel,0,25,2017,May,20,14,2,2,2,0,0,BB,FRA,Online TA,TA/TO,0,0,0,D,D,0,No Deposit,9,NULL,0,Transient,170.0,0,1,Check-Out,2017-05-18
City Hotel,0,2,2017,May,20,17,0,1,1,0,0,BB,NLD,Online TA,TA/TO,0,0,0,E,F,0,No Deposit,9,NULL,0,Transient,220.0,0,1,Check-Out,2017-05-18
City Hotel,0,62,2017,May,20,14,2,2,1,0,0,BB,FRA,Online TA,TA/TO,0,0,0,A,A,0,No Deposit,9,NULL,0,Transient,153.0,0,2,Check-Out,2017-05-18
City Hotel,0,12,2017,May,20,14,2,2,3,0,0,BB,PRT,Online TA,TA/TO,0,0,0,D,D,0,No Deposit,7,NULL,0,Transient,152.0,0,1,Check-Out,2017-05-18
City Hotel,0,9,2017,May,20,14,2,2,2,0,0,BB,PRT,Online TA,TA/TO,0,0,0,D,D,0,No Deposit,9,NULL,0,Transient,179.0,0,2,Check-Out,2017-05-18
City Hotel,0,9,2017,May,20,15,1,2,2,1,0,BB,ESP,Online TA,TA/TO,0,0,0,D,D,1,No Deposit,8,NULL,0,Transient,187.5,0,1,Check-Out,2017-05-18
City Hotel,0,2,2017,May,20,17,0,1,1,0,0,BB,BEL,Offline TA/TO,TA/TO,0,0,0,E,E,1,No Deposit,474,NULL,0,Transient-Party,215.0,0,1,Check-Out,2017-05-18
City Hotel,0,14,2017,May,20,14,2,2,2,0,0,HB,GBR,Online TA,TA/TO,0,0,0,D,D,0,No Deposit,7,NULL,0,Transient,150.48,0,2,Check-Out,2017-05-18
City Hotel,0,47,2017,May,20,15,1,2,2,0,0,HB,ITA,Offline TA/TO,TA/TO,0,0,0,A,A,0,No Deposit,455,NULL,0,Transient-Party,164.0,0,2,Check-Out,2017-05-18
City Hotel,0,123,2017,May,20,15,1,2,3,0,0,BB,USA,Online TA,TA/TO,0,0,0,D,D,0,No Deposit,9,NULL,0,Transient,199.8,0,1,Check-Out,2017-05-18
City Hotel,0,47,2017,May,20,15,1,2,2,0,0,HB,PRT,Offline TA/TO,TA/TO,0,0,0,A,A,0,No Deposit,455,NULL,0,Transient-Party,164.0,0,2,Check-Out,2017-05-18
City Hotel,0,47,2017,May,20,15,1,2,2,0,0,HB,PRT,Offline TA/TO,TA/TO,0,0,0,A,A,0,No Deposit,455,NULL,0,Transient-Party,164.0,0,0,Check-Out,2017-05-18
City Hotel,0,47,2017,May,20,15,1,2,2,0,0,HB,PRT,Offline TA/TO,TA/TO,0,0,0,A,A,0,No Deposit,455,NULL,0,Transient-Party,164.0,0,1,Check-Out,2017-05-18
City Hotel,0,47,2017,May,20,15,1,2,2,0,0,HB,ITA,Offline TA/TO,TA/TO,0,0,0,A,A,0,No Deposit,455,NULL,0,Transient-Party,164.0,0,1,Check-Out,2017-05-18
City Hotel,0,47,2017,May,20,15,1,2,2,0,0,HB,ITA,Offline TA/TO,TA/TO,0,0,0,A,A,0,No Deposit,455,NULL,0,Transient-Party,164.0,0,1,Check-Out,2017-05-18
City Hotel,0,0,2017,May,20,17,0,1,1,0,0,SC,PRT,Direct,Direct,0,0,0,A,A,0,No Deposit,NULL,NULL,0,Transient,159.0,0,0,Check-Out,2017-05-18
City Hotel,0,47,2017,May,20,15,1,2,2,0,0,HB,ITA,Offline TA/TO,TA/TO,0,0,0,A,A,2,No Deposit,455,NULL,0,Transient-Party,164.0,0,0,Check-Out,2017-05-18
City Hotel,0,47,2017,May,20,15,1,2,2,0,0,HB,ITA,Offline TA/TO,TA/TO,0,0,0,A,A,0,No Deposit,455,NULL,0,Transient-Party,164.0,0,1,Check-Out,2017-05-18
City Hotel,0,47,2017,May,20,15,1,2,2,0,0,HB,ITA,Offline TA/TO,TA/TO,0,0,0,A,A,0,No Deposit,455,NULL,0,Transient-Party,164.0,0,1,Check-Out,2017-05-18
City Hotel,0,47,2017,May,20,15,1,2,2,0,0,HB,PRT,Offline TA/TO,TA/TO,0,0,0,A,A,0,No Deposit,455,NULL,0,Transient-Party,164.0,0,2,Check-Out,2017-05-18
City Hotel,0,103,2017,May,20,16,0,2,3,0,0,BB,USA,Online TA,TA/TO,0,0,0,D,D,0,No Deposit,9,NULL,0,Transient,189.0,0,0,Check-Out,2017-05-18
City Hotel,0,20,2017,May,20,15,1,2,2,0,0,BB,FRA,Online TA,TA/TO,0,0,0,D,D,0,No Deposit,9,NULL,0,Transient,163.33,0,2,Check-Out,2017-05-18
City Hotel,0,10,2017,May,20,15,1,2,1,0,0,BB,GRC,Online TA,TA/TO,0,0,0,D,D,0,No Deposit,9,NULL,0,Transient,170.0,0,2,Check-Out,2017-05-18
City Hotel,0,59,2017,May,20,15,1,3,2,0,0,BB,AUT,Online TA,TA/TO,0,0,0,A,A,1,No Deposit,9,NULL,0,Transient,162.0,0,3,Check-Out,2017-05-19
City Hotel,0,59,2017,May,20,15,1,3,2,0,0,BB,AUT,Online TA,TA/TO,0,0,0,A,A,0,No Deposit,9,NULL,0,Transient,162.0,0,0,Check-Out,2017-05-19
City Hotel,0,69,2017,May,19,10,2,7,2,0,0,BB,USA,Online TA,TA/TO,0,0,0,E,E,2,No Deposit,9,NULL,0,Transient,186.0,0,3,Check-Out,2017-05-19
City Hotel,0,81,2017,May,20,15,1,3,2,1,0,BB,IRL,Online TA,TA/TO,0,0,0,A,A,0,No Deposit,9,NULL,0,Transient,155.25,0,3,Check-Out,2017-05-19
City Hotel,0,7,2017,May,20,18,0,1,1,0,0,BB,PRT,Offline TA/TO,TA/TO,0,0,0,E,E,2,No Deposit,474,NULL,0,Transient-Party,215.0,0,0,Check-Out,2017-05-19
City Hotel,0,8,2017,May,20,18,0,1,1,0,0,BB,ITA,Online TA,TA/TO,0,0,0,E,E,0,No Deposit,9,NULL,0,Transient,200.0,0,1,Check-Out,2017-05-19
City Hotel,0,8,2017,May,20,18,0,1,1,0,0,BB,GBR,Online TA,TA/TO,0,0,0,D,D,0,No Deposit,9,NULL,0,Transient,170.0,0,1,Check-Out,2017-05-19
City Hotel,0,92,2017,May,20,17,0,2,2,0,0,HB,ESP,Online TA,TA/TO,0,0,0,A,A,0,No Deposit,9,NULL,0,Transient,164.7,0,0,Check-Out,2017-05-19
City Hotel,0,31,2017,May,20,16,0,3,2,0,0,BB,CHE,Direct,Direct,0,0,0,D,D,0,No Deposit,14,NULL,0,Transient,194.0,0,0,Check-Out,2017-05-19
City Hotel,0,19,2017,May,19,12,2,5,2,0,0,BB,DEU,Online TA,TA/TO,0,0,0,D,D,0,No Deposit,9,NULL,0,Transient,184.29,0,1,Check-Out,2017-05-19
City Hotel,0,65,2017,May,20,15,1,3,2,0,0,BB,FIN,Online TA,TA/TO,0,0,0,A,A,0,No Deposit,9,NULL,0,Transient,162.0,0,0,Check-Out,2017-05-19
City Hotel,0,19,2017,May,20,15,1,3,2,0,0,BB,GBR,Online TA,TA/TO,0,0,0,D,D,0,No Deposit,9,NULL,0,Transient,170.0,0,0,Check-Out,2017-05-19
City Hotel,0,38,2017,May,20,14,2,3,2,0,0,BB,DEU,Online TA,TA/TO,0,0,0,A,A,0,No Deposit,9,NULL,0,Transient,180.0,0,1,Check-Out,2017-05-19
City Hotel,0,30,2017,May,20,17,0,2,2,0,0,BB,FRA,Direct,Direct,0,0,0,D,D,0,No Deposit,14,NULL,0,Transient,185.0,0,3,Check-Out,2017-05-19
City Hotel,0,15,2017,May,20,17,0,2,2,0,0,BB,GBR,Online TA,TA/TO,0,0,0,D,D,0,No Deposit,9,NULL,0,Transient,190.0,0,1,Check-Out,2017-05-19
City Hotel,0,165,2017,May,20,15,1,3,2,0,1,HB,FRA,Direct,Direct,0,0,0,D,D,0,No Deposit,14,NULL,0,Transient,185.0,0,2,Check-Out,2017-05-19
City Hotel,0,23,2017,May,20,16,0,3,2,0,0,BB,CHE,Online TA,TA/TO,0,0,0,D,D,0,No Deposit,9,NULL,0,Transient,176.67,0,1,Check-Out,2017-05-19
City Hotel,0,23,2017,May,20,16,0,3,2,0,0,BB,CHE,Online TA,TA/TO,0,0,0,D,D,0,No Deposit,9,NULL,0,Transient,176.67,0,1,Check-Out,2017-05-19
City Hotel,0,12,2017,May,20,15,1,3,2,1,0,BB,DZA,Online TA,TA/TO,0,0,0,D,D,1,No Deposit,9,NULL,0,Transient,170.0,0,3,Check-Out,2017-05-19
City Hotel,0,116,2017,May,20,15,1,3,2,0,0,BB,NCL,Online TA,TA/TO,0,0,0,E,E,0,No Deposit,9,NULL,0,Transient,175.5,0,2,Check-Out,2017-05-19
City Hotel,0,33,2017,May,20,16,0,3,2,2,0,BB,CN,Direct,Direct,0,0,0,E,E,0,No Deposit,14,NULL,0,Transient,244.0,0,0,Check-Out,2017-05-19
City Hotel,0,68,2017,May,20,18,0,2,3,0,0,HB,IND,Direct,Direct,0,0,0,D,D,1,No Deposit,14,NULL,0,Transient,260.5,0,0,Check-Out,2017-05-20
City Hotel,0,2,2017,May,20,18,0,2,1,0,0,SC,FRA,Direct,Direct,0,0,0,A,A,1,No Deposit,14,NULL,0,Transient,160.0,0,1,Check-Out,2017-05-20
City Hotel,0,25,2017,May,20,19,0,1,2,0,0,BB,POL,Online TA,TA/TO,0,0,0,A,A,0,No Deposit,9,NULL,0,Transient,180.0,0,2,Check-Out,2017-05-20
City Hotel,0,70,2017,May,20,14,2,4,3,0,0,BB,BRA,Online TA,TA/TO,0,0,0,D,D,0,No Deposit,9,NULL,0,Transient,192.0,0,0,Check-Out,2017-05-20
City Hotel,0,47,2017,May,19,13,2,5,3,0,0,BB,ITA,Direct,Direct,0,0,0,D,D,0,No Deposit,14,NULL,0,Transient,209.07,0,0,Check-Out,2017-05-20
City Hotel,0,82,2017,May,19,13,2,5,2,0,0,BB,FRA,Online TA,TA/TO,0,0,0,F,F,1,No Deposit,9,NULL,0,Transient,242.86,0,0,Check-Out,2017-05-20
City Hotel,0,90,2017,May,20,17,0,3,3,0,0,BB,CHE,Online TA,TA/TO,0,0,0,D,D,0,No Deposit,9,NULL,0,Transient,180.0,0,0,Check-Out,2017-05-20
City Hotel,0,63,2017,May,20,17,0,3,2,0,0,BB,AUS,Online TA,TA/TO,0,0,0,D,D,0,No Deposit,9,NULL,0,Transient,180.0,0,1,Check-Out,2017-05-20
City Hotel,0,167,2017,May,20,17,0,3,2,0,0,HB,FRA,Online TA,TA/TO,0,0,0,A,A,0,No Deposit,9,NULL,0,Transient,177.0,1,0,Check-Out,2017-05-20
City Hotel,0,54,2017,May,20,17,0,3,3,0,0,BB,FRA,Online TA,TA/TO,0,0,0,D,D,0,No Deposit,9,NULL,0,Transient,230.0,0,3,Check-Out,2017-05-20
City Hotel,0,0,2017,May,20,19,0,1,3,0,1,BB,AGO,Direct,Direct,0,0,0,F,F,1,No Deposit,NULL,NULL,0,Transient,305.0,0,0,Check-Out,2017-05-20
City Hotel,0,37,2017,May,20,17,0,3,2,0,0,HB,FRA,Online TA,TA/TO,0,0,0,A,A,0,No Deposit,9,NULL,0,Transient,218.0,0,3,Check-Out,2017-05-20
City Hotel,0,5,2017,May,20,18,0,2,1,0,0,BB,GBR,Online TA,TA/TO,0,0,0,D,D,0,No Deposit,9,NULL,0,Transient,170.0,0,0,Check-Out,2017-05-20
City Hotel,0,68,2017,May,20,18,0,2,2,0,0,HB,DEU,Direct,Direct,0,0,0,A,A,1,No Deposit,14,NULL,0,Transient,180.0,0,0,Check-Out,2017-05-20
City Hotel,0,9,2017,May,20,19,0,1,2,0,0,BB,PRT,Online TA,TA/TO,0,0,0,A,A,0,No Deposit,9,NULL,0,Transient,160.0,0,2,Check-Out,2017-05-20
City Hotel,0,12,2017,May,20,16,0,4,2,0,0,BB,BRA,Online TA,TA/TO,0,0,0,D,D,0,No Deposit,9,NULL,0,Transient,180.0,0,2,Check-Out,2017-05-20
City Hotel,0,175,2017,May,20,17,0,3,3,0,0,BB,NLD,Online TA,TA/TO,0,0,0,F,F,0,No Deposit,7,NULL,0,Transient,168.89,0,0,Check-Out,2017-05-20
City Hotel,0,7,2017,May,20,18,0,3,2,0,0,BB,FRA,Online TA,TA/TO,0,0,0,A,A,0,No Deposit,9,NULL,0,Transient,160.0,0,1,Check-Out,2017-05-21
City Hotel,0,56,2017,May,20,17,0,4,2,0,0,BB,SWE,Online TA,TA/TO,0,0,0,A,A,0,No Deposit,9,NULL,0,Transient,162.0,0,1,Check-Out,2017-05-21
City Hotel,0,11,2017,May,20,17,0,4,2,0,0,BB,FRA,Online TA,TA/TO,0,0,0,D,D,0,No Deposit,9,NULL,0,Transient,170.0,0,1,Check-Out,2017-05-21
City Hotel,0,24,2017,May,20,19,0,2,3,0,0,BB,ITA,Online TA,TA/TO,0,0,0,D,D,0,No Deposit,9,NULL,0,Transient,230.0,0,1,Check-Out,2017-05-21
City Hotel,0,32,2017,May,20,19,0,2,2,0,0,BB,NLD,Online TA,TA/TO,0,0,0,D,D,0,No Deposit,9,NULL,0,Transient,190.0,0,2,Check-Out,2017-05-21
City Hotel,0,158,2017,May,20,18,0,3,2,0,0,BB,DEU,Direct,Direct,0,0,0,E,E,0,No Deposit,14,NULL,0,Transient,170.0,0,0,Check-Out,2017-05-21
City Hotel,0,134,2017,May,20,18,0,3,2,2,0,BB,BEL,Direct,Direct,0,0,0,F,F,0,No Deposit,14,NULL,0,Transient,189.0,0,0,Check-Out,2017-05-21
City Hotel,0,158,2017,May,20,18,0,3,2,0,0,BB,DEU,Direct,Direct,0,0,0,E,E,0,No Deposit,14,NULL,0,Transient,170.0,0,0,Check-Out,2017-05-21
City Hotel,0,158,2017,May,20,18,0,3,2,0,0,BB,DEU,Direct,Direct,0,0,0,E,E,0,No Deposit,14,NULL,0,Transient,170.0,0,0,Check-Out,2017-05-21
City Hotel,0,0,2017,May,20,20,0,1,2,0,0,BB,DEU,Direct,Direct,0,0,0,A,D,0,No Deposit,NULL,NULL,0,Transient,170.0,0,0,Check-Out,2017-05-21
City Hotel,0,2,2017,May,21,21,2,2,2,0,0,BB,PRT,Offline TA/TO,TA/TO,0,0,0,D,D,0,No Deposit,27,NULL,0,Transient,157.25,0,0,Check-Out,2017-05-25
City Hotel,0,153,2017,May,20,15,1,5,2,0,0,BB,FRA,Online TA,TA/TO,0,0,0,F,F,1,No Deposit,9,NULL,0,Transient,215.55,0,1,Check-Out,2017-05-21
City Hotel,0,5,2017,May,20,18,0,3,2,0,0,BB,FRA,Online TA,TA/TO,0,0,0,F,F,1,No Deposit,9,NULL,0,Transient,250.0,0,0,Check-Out,2017-05-21
City Hotel,0,243,2017,May,20,18,0,3,2,0,0,HB,ESP,Online TA,TA/TO,0,0,0,A,A,2,No Deposit,9,NULL,0,Transient,159.3,0,2,Check-Out,2017-05-21
City Hotel,0,243,2017,May,20,18,0,3,2,0,0,HB,GBR,Online TA,TA/TO,0,0,0,A,A,2,No Deposit,9,NULL,0,Transient,159.3,0,2,Check-Out,2017-05-21
City Hotel,0,16,2017,May,20,18,0,3,3,0,0,BB,GBR,Online TA,TA/TO,0,0,0,G,G,0,No Deposit,7,NULL,0,Transient,228.0,0,1,Check-Out,2017-05-21
City Hotel,0,16,2017,May,20,19,0,2,3,0,0,BB,PRT,Online TA,TA/TO,0,0,0,D,D,0,No Deposit,9,NULL,0,Transient,230.0,0,2,Check-Out,2017-05-21
City Hotel,0,101,2017,May,20,19,0,2,3,0,0,BB,ESP,Online TA,TA/TO,0,0,0,D,D,0,No Deposit,9,NULL,0,Transient,189.0,0,0,Check-Out,2017-05-21
City Hotel,0,105,2017,May,20,19,0,2,3,0,0,BB,PRT,Online TA,TA/TO,0,0,0,G,G,3,No Deposit,9,NULL,0,Transient,261.0,1,0,Check-Out,2017-05-21
City Hotel,0,28,2017,May,20,18,0,3,2,0,0,BB,GBR,Online TA,TA/TO,0,0,0,D,D,0,No Deposit,9,NULL,0,Transient,190.0,0,1,Check-Out,2017-05-21
City Hotel,0,120,2017,May,20,19,0,2,2,0,0,BB,NLD,Online TA,TA/TO,0,0,0,E,E,0,No Deposit,9,NULL,0,Transient,162.0,0,2,Check-Out,2017-05-21
City Hotel,0,110,2017,May,20,19,0,2,1,0,0,BB,BEL,Online TA,TA/TO,0,0,0,E,E,2,No Deposit,9,NULL,0,Transient,180.0,0,0,Check-Out,2017-05-21
City Hotel,0,107,2017,May,20,18,0,3,2,0,0,BB,CHE,Online TA,TA/TO,0,0,0,D,D,1,No Deposit,9,NULL,0,Transient,180.0,0,0,Check-Out,2017-05-21
City Hotel,0,30,2017,May,20,20,0,1,2,0,1,BB,PRT,Direct,Direct,0,0,0,D,F,1,No Deposit,14,NULL,0,Transient,194.0,0,1,Check-Out,2017-05-21
City Hotel,0,32,2017,May,20,19,0,2,2,0,0,SC,AUT,Online TA,TA/TO,0,0,0,A,A,0,No Deposit,9,NULL,0,Transient,160.0,0,1,Check-Out,2017-05-21
City Hotel,0,10,2017,May,20,19,0,2,2,0,0,BB,ESP,Direct,Direct,0,0,0,D,D,0,No Deposit,14,NULL,0,Transient,165.0,0,0,Check-Out,2017-05-21
City Hotel,0,2,2017,May,20,18,0,3,2,0,0,SC,PRT,Online TA,TA/TO,0,0,0,A,A,0,No Deposit,9,NULL,0,Transient,160.0,0,0,Check-Out,2017-05-21
City Hotel,0,118,2017,May,20,18,0,3,3,0,0,HB,DEU,Online TA,TA/TO,0,0,0,E,E,0,No Deposit,9,NULL,0,Transient,198.0,0,1,Check-Out,2017-05-21
City Hotel,0,12,2017,May,20,20,0,1,1,0,0,BB,AUS,Direct,Direct,0,0,0,D,D,0,No Deposit,14,NULL,0,Transient,165.0,0,0,Check-Out,2017-05-21
City Hotel,0,82,2017,May,20,20,0,1,2,0,0,BB,BEL,Online TA,TA/TO,0,0,0,A,E,0,No Deposit,9,NULL,0,Transient,162.0,0,2,Check-Out,2017-05-21
City Hotel,0,57,2017,May,20,20,0,1,2,0,0,HB,GBR,Online TA,TA/TO,0,0,0,A,A,0,No Deposit,9,NULL,0,Transient,218.0,0,2,Check-Out,2017-05-21
City Hotel,0,6,2017,May,20,19,0,2,2,0,0,BB,FRA,Online TA,TA/TO,0,0,0,A,A,0,No Deposit,9,NULL,0,Transient,160.0,0,2,Check-Out,2017-05-21
City Hotel,0,179,2017,May,20,17,0,4,2,0,0,HB,NLD,Online TA,TA/TO,0,0,0,D,D,0,No Deposit,9,NULL,0,Transient,175.05,0,3,Check-Out,2017-05-21
City Hotel,0,15,2017,May,20,19,1,2,2,0,0,BB,AUT,Online TA,TA/TO,0,0,0,D,D,0,No Deposit,9,NULL,0,Transient,180.0,0,2,Check-Out,2017-05-22
City Hotel,0,15,2017,May,20,19,1,2,1,0,0,BB,AUT,Online TA,TA/TO,0,0,0,D,D,0,No Deposit,9,NULL,0,Transient,180.0,0,2,Check-Out,2017-05-22
City Hotel,0,66,2017,May,20,17,1,4,2,0,0,BB,TUR,Online TA,TA/TO,0,0,0,A,A,0,No Deposit,9,NULL,0,Transient,162.0,0,0,Check-Out,2017-05-22
City Hotel,0,10,2017,May,21,21,1,0,2,0,0,BB,FRA,Online TA,TA/TO,0,0,0,D,D,1,No Deposit,9,NULL,0,Transient,170.0,0,1,Check-Out,2017-05-22
City Hotel,0,10,2017,May,21,21,1,0,2,0,0,BB,FRA,Online TA,TA/TO,0,0,0,E,E,1,No Deposit,9,NULL,0,Transient,200.0,0,1,Check-Out,2017-05-22
City Hotel,0,32,2017,May,20,19,1,2,2,0,0,BB,BEL,Direct,Direct,0,0,0,A,A,3,No Deposit,14,NULL,0,Transient,170.0,0,2,Check-Out,2017-05-22
City Hotel,0,95,2017,May,20,18,1,3,2,1,0,HB,ITA,Online TA,TA/TO,0,0,0,A,A,0,No Deposit,9,NULL,0,Transient,197.55,0,3,Check-Out,2017-05-22
City Hotel,0,51,2017,May,20,19,1,2,2,0,0,SC,SWE,Online TA,TA/TO,0,0,0,A,A,0,No Deposit,9,NULL,0,Transient,160.0,0,1,Check-Out,2017-05-22
City Hotel,0,92,2017,May,20,18,1,3,2,1,0,BB,DEU,Online TA,TA/TO,0,0,0,A,A,0,No Deposit,9,NULL,0,Transient,155.25,0,2,Check-Out,2017-05-22
City Hotel,0,29,2017,May,20,19,1,2,2,0,0,SC,ESP,Online TA,TA/TO,0,0,0,A,A,0,No Deposit,9,NULL,0,Transient,160.0,0,1,Check-Out,2017-05-22
City Hotel,0,71,2017,May,20,20,1,1,2,0,0,BB,ESP,Online TA,TA/TO,0,0,0,A,A,0,No Deposit,9,NULL,0,Transient,162.0,0,0,Check-Out,2017-05-22
City Hotel,0,28,2017,May,21,21,1,0,2,0,0,BB,ITA,Online TA,TA/TO,0,0,0,D,E,1,No Deposit,9,NULL,0,Transient,199.0,1,2,Check-Out,2017-05-22
City Hotel,0,108,2017,May,20,19,1,2,1,0,0,BB,GBR,Online TA,TA/TO,0,0,0,E,E,1,No Deposit,9,NULL,0,Transient,180.0,0,1,Check-Out,2017-05-22
City Hotel,0,12,2017,May,20,20,1,1,2,0,0,BB,USA,Online TA,TA/TO,0,0,0,D,D,0,No Deposit,8,NULL,0,Transient,170.0,0,1,Check-Out,2017-05-22
City Hotel,0,79,2017,May,20,20,1,1,2,2,0,BB,FRA,Online TA,TA/TO,0,0,0,F,F,0,No Deposit,9,NULL,0,Transient,270.0,0,0,Check-Out,2017-05-22
City Hotel,0,111,2017,May,20,20,1,1,2,0,0,BB,GBR,Online TA,TA/TO,0,0,0,D,D,0,No Deposit,9,NULL,0,Transient,153.0,0,3,Check-Out,2017-05-22
City Hotel,0,59,2017,May,20,20,1,1,2,0,0,BB,NLD,Online TA,TA/TO,0,0,0,A,A,0,No Deposit,9,NULL,0,Transient,162.0,0,2,Check-Out,2017-05-22
City Hotel,0,65,2017,May,20,20,1,1,2,1,0,BB,GBR,Online TA,TA/TO,0,0,0,A,A,0,No Deposit,9,NULL,0,Transient,180.0,0,2,Check-Out,2017-05-22
City Hotel,0,250,2017,May,20,20,1,1,3,0,0,HB,GBR,Online TA,TA/TO,0,0,0,D,D,0,No Deposit,9,NULL,0,Transient,208.8,0,1,Check-Out,2017-05-22
City Hotel,0,19,2017,May,20,20,1,1,2,0,0,BB,GBR,Direct,Direct,0,0,0,A,A,1,No Deposit,14,NULL,0,Transient,155.0,0,1,Check-Out,2017-05-22
City Hotel,0,16,2017,May,20,19,1,2,1,0,0,BB,POL,Online TA,TA/TO,0,0,0,A,A,0,No Deposit,9,NULL,0,Transient,160.0,0,1,Check-Out,2017-05-22
City Hotel,0,68,2017,May,20,18,1,3,2,0,0,BB,GBR,Online TA,TA/TO,0,0,0,A,A,0,No Deposit,9,NULL,0,Transient,162.0,0,0,Check-Out,2017-05-22
City Hotel,0,10,2017,May,21,21,1,0,2,0,0,BB,PRT,Online TA,TA/TO,0,0,0,E,E,1,No Deposit,9,NULL,0,Transient,200.0,0,1,Check-Out,2017-05-22
City Hotel,0,114,2017,May,20,19,1,2,2,0,0,BB,GBR,Online TA,TA/TO,0,0,0,D,D,0,No Deposit,9,NULL,0,Transient,153.0,0,3,Check-Out,2017-05-22
City Hotel,0,7,2017,May,20,20,1,1,2,0,0,BB,PRT,Online TA,TA/TO,0,0,0,A,A,0,No Deposit,9,NULL,0,Transient,160.0,0,2,Check-Out,2017-05-22
City Hotel,0,57,2017,May,20,19,1,2,2,0,0,SC,BRA,Online TA,TA/TO,0,0,0,A,A,0,No Deposit,9,NULL,0,Transient,154.67,0,1,Check-Out,2017-05-22
City Hotel,0,114,2017,May,20,19,1,2,2,0,0,BB,GBR,Online TA,TA/TO,0,0,0,E,A,0,No Deposit,9,NULL,0,Transient,180.0,0,3,Check-Out,2017-05-22
City Hotel,0,13,2017,May,20,16,2,5,2,0,0,BB,FRA,Online TA,TA/TO,0,0,0,F,F,0,No Deposit,7,NULL,0,Transient,194.34,0,2,Check-Out,2017-05-23
City Hotel,0,12,2017,May,20,16,2,5,2,0,0,BB,CHN,Online TA,TA/TO,0,0,0,D,D,0,No Deposit,8,NULL,0,Transient-Party,161.5,0,1,Check-Out,2017-05-23
City Hotel,0,0,2017,May,21,22,1,0,1,0,0,BB,PRT,Online TA,TA/TO,0,0,0,A,C,0,No Deposit,9,NULL,0,Transient,170.0,0,0,Check-Out,2017-05-23
City Hotel,0,28,2017,May,20,19,2,2,2,0,0,BB,BRA,Online TA,TA/TO,0,0,0,D,D,0,No Deposit,9,NULL,0,Transient,190.0,0,0,Check-Out,2017-05-23
City Hotel,0,78,2017,May,20,20,2,1,2,0,0,BB,FRA,Online TA,TA/TO,0,0,0,A,A,0,No Deposit,9,NULL,0,Transient,162.0,0,2,Check-Out,2017-05-23
City Hotel,0,112,2017,May,20,20,2,1,3,0,0,BB,BEL,Online TA,TA/TO,0,0,0,D,D,0,No Deposit,9,NULL,0,Transient,189.0,0,1,Check-Out,2017-05-23
City Hotel,0,16,2017,May,21,22,1,0,1,0,0,BB,GBR,Online TA,TA/TO,0,0,0,E,E,0,No Deposit,9,NULL,0,Transient,200.0,0,2,Check-Out,2017-05-23
City Hotel,0,60,2017,May,20,20,2,1,2,0,0,BB,FRA,Online TA,TA/TO,0,0,0,A,A,0,No Deposit,9,NULL,0,Transient,162.0,0,0,Check-Out,2017-05-23
City Hotel,0,75,2017,May,21,22,1,0,2,0,0,BB,GBR,Online TA,TA/TO,0,0,0,A,A,0,No Deposit,8,NULL,0,Transient,162.0,0,0,Check-Out,2017-05-23
City Hotel,0,14,2017,May,20,18,2,3,2,0,0,BB,ITA,Online TA,TA/TO,0,0,0,D,D,0,No Deposit,9,NULL,0,Transient,178.0,0,2,Check-Out,2017-05-23
City Hotel,0,23,2017,May,20,20,2,1,2,0,0,BB,CN,Online TA,TA/TO,0,0,0,A,A,0,No Deposit,9,NULL,0,Transient,170.0,0,2,Check-Out,2017-05-23
City Hotel,0,17,2017,May,20,20,2,1,2,0,0,BB,NLD,Online TA,TA/TO,0,0,0,A,A,0,No Deposit,9,NULL,0,Transient,160.0,0,2,Check-Out,2017-05-23
City Hotel,0,60,2017,May,20,20,2,1,2,0,0,BB,FRA,Online TA,TA/TO,0,0,0,A,A,0,No Deposit,9,NULL,0,Transient,171.0,1,2,Check-Out,2017-05-23
City Hotel,0,12,2017,May,20,16,2,5,1,0,0,BB,CHN,Online TA,TA/TO,0,0,0,D,D,0,No Deposit,8,NULL,0,Transient-Party,156.75,0,1,Check-Out,2017-05-23
City Hotel,0,4,2017,May,21,21,2,0,1,0,0,BB,BEL,Aviation,Corporate,0,0,0,E,E,0,No Deposit,NULL,153,0,Transient,193.5,0,0,Check-Out,2017-05-23
City Hotel,0,75,2017,May,20,20,2,1,2,0,0,BB,DEU,Online TA,TA/TO,0,0,0,A,A,0,No Deposit,9,NULL,0,Transient,162.0,0,1,Check-Out,2017-05-23
City Hotel,0,0,2017,May,21,23,0,1,1,0,0,BB,PRT,Online TA,TA/TO,0,0,0,A,C,0,No Deposit,NULL,NULL,0,Transient,185.0,0,0,Check-Out,2017-05-24
City Hotel,0,84,2017,May,20,20,2,2,2,1,0,BB,GBR,Online TA,TA/TO,0,0,0,A,A,0,No Deposit,9,NULL,0,Transient,162.0,0,1,Check-Out,2017-05-24
City Hotel,0,84,2017,May,20,20,2,2,2,1,0,BB,GBR,Online TA,TA/TO,0,0,0,A,A,0,No Deposit,9,NULL,0,Transient,162.0,0,1,Check-Out,2017-05-24
City Hotel,0,84,2017,May,20,20,2,2,2,1,0,BB,GBR,Online TA,TA/TO,0,0,0,A,A,0,No Deposit,9,NULL,0,Transient,162.0,0,1,Check-Out,2017-05-24
City Hotel,0,8,2017,May,21,21,2,1,2,0,0,BB,IRL,Online TA,TA/TO,0,0,0,D,D,0,No Deposit,9,NULL,0,Transient,163.33,0,1,Check-Out,2017-05-24
City Hotel,0,11,2017,May,21,22,1,1,1,0,0,BB,IRL,Direct,Direct,0,0,0,F,F,0,No Deposit,14,NULL,0,Transient-Party,235.0,0,2,Check-Out,2017-05-24
City Hotel,0,18,2017,May,21,22,1,1,3,0,0,BB,PRT,Groups,TA/TO,0,0,0,D,D,1,No Deposit,315,NULL,0,Transient-Party,165.0,0,0,Check-Out,2017-05-24
City Hotel,0,18,2017,May,21,22,1,1,3,0,0,BB,PRT,Groups,TA/TO,0,0,0,D,D,1,No Deposit,315,NULL,0,Transient-Party,165.0,0,1,Check-Out,2017-05-24
City Hotel,0,11,2017,May,21,22,1,1,1,0,0,BB,PER,Direct,Direct,0,0,0,F,F,0,No Deposit,14,NULL,0,Transient-Party,235.0,0,2,Check-Out,2017-05-24
City Hotel,0,117,2017,May,20,20,2,2,3,0,0,BB,BEL,Online TA,TA/TO,0,0,0,D,D,0,No Deposit,9,NULL,0,Transient,171.0,0,1,Check-Out,2017-05-24
City Hotel,0,129,2017,May,20,19,2,3,2,0,0,BB,DEU,Online TA,TA/TO,0,0,0,E,E,0,No Deposit,9,NULL,0,Transient,162.0,0,3,Check-Out,2017-05-24
City Hotel,0,59,2017,May,20,20,2,2,2,0,0,BB,BRA,Online TA,TA/TO,0,0,0,A,A,0,No Deposit,9,NULL,0,Transient,162.0,0,2,Check-Out,2017-05-24
City Hotel,0,117,2017,May,20,17,2,5,2,0,0,BB,DEU,Offline TA/TO,TA/TO,0,0,0,G,G,0,No Deposit,16,NULL,0,Transient,206.28,0,1,Check-Out,2017-05-24
City Hotel,0,0,2017,May,21,23,0,1,2,0,0,SC,PRT,Online TA,TA/TO,0,0,0,A,A,0,No Deposit,9,NULL,0,Transient,160.0,0,0,Check-Out,2017-05-24
City Hotel,0,21,2017,May,20,20,2,2,2,0,0,HB,FRA,Online TA,TA/TO,0,0,0,A,A,0,No Deposit,7,NULL,0,Transient,156.4,0,1,Check-Out,2017-05-24
City Hotel,0,23,2017,May,20,20,2,2,2,0,0,BB,URY,Online TA,TA/TO,0,0,0,A,A,1,No Deposit,9,NULL,0,Transient,180.0,0,1,Check-Out,2017-05-24
City Hotel,0,67,2017,May,21,22,1,1,1,1,0,BB,GBR,Online TA,TA/TO,0,0,0,E,E,1,No Deposit,9,NULL,0,Transient,203.5,0,3,Check-Out,2017-05-24
City Hotel,0,11,2017,May,21,21,2,1,2,0,0,BB,CZE,Online TA,TA/TO,0,0,0,D,D,0,No Deposit,9,NULL,0,Transient,163.33,0,0,Check-Out,2017-05-24
City Hotel,0,0,2017,May,21,23,0,1,2,0,0,BB,PRT,Direct,Direct,0,0,0,D,D,0,No Deposit,NULL,NULL,0,Transient,160.0,0,0,Check-Out,2017-05-24
City Hotel,0,47,2017,May,21,22,1,1,2,0,0,SC,FRA,Online TA,TA/TO,0,0,0,A,A,0,No Deposit,9,NULL,0,Transient,160.0,0,3,Check-Out,2017-05-24
City Hotel,0,71,2017,May,21,22,1,1,2,0,0,BB,CHE,Online TA,TA/TO,0,0,0,A,A,0,No Deposit,9,NULL,0,Transient,162.0,0,1,Check-Out,2017-05-24
City Hotel,0,20,2017,May,21,21,2,1,2,0,0,BB,DEU,Online TA,TA/TO,0,0,0,D,D,0,No Deposit,9,NULL,0,Transient,160.0,0,1,Check-Out,2017-05-24
City Hotel,0,7,2017,May,21,21,2,1,2,0,0,BB,ITA,Online TA,TA/TO,0,0,0,D,D,0,No Deposit,9,NULL,0,Transient,163.33,0,1,Check-Out,2017-05-24
City Hotel,0,64,2017,May,21,21,2,1,2,0,0,BB,DEU,Online TA,TA/TO,0,0,0,A,A,0,No Deposit,9,NULL,0,Transient,162.0,0,1,Check-Out,2017-05-24
City Hotel,0,187,2017,May,21,21,2,1,2,0,0,HB,BEL,Online TA,TA/TO,0,0,0,A,A,0,No Deposit,9,NULL,0,Transient,159.9,0,3,Check-Out,2017-05-24
City Hotel,0,187,2017,May,21,21,2,1,2,0,0,HB,BEL,Online TA,TA/TO,0,0,0,A,A,0,No Deposit,9,NULL,0,Transient,159.9,0,3,Check-Out,2017-05-24
City Hotel,0,93,2017,May,21,21,2,1,2,1,0,BB,FRA,Online TA,TA/TO,0,0,0,A,A,1,No Deposit,9,NULL,0,Transient,153.0,0,2,Check-Out,2017-05-24
City Hotel,0,52,2017,May,21,21,2,1,2,0,0,BB,GBR,Online TA,TA/TO,0,0,0,D,D,0,No Deposit,7,NULL,0,Transient,152.0,0,0,Check-Out,2017-05-24
City Hotel,0,45,2017,May,20,20,2,2,2,0,0,BB,BEL,Online TA,TA/TO,0,0,0,F,F,1,No Deposit,9,NULL,0,Transient,270.0,0,2,Check-Out,2017-05-24
City Hotel,0,19,2017,May,21,21,2,1,3,0,0,BB,PRT,Direct,Direct,0,0,0,G,G,1,No Deposit,14,NULL,0,Transient,268.33,0,1,Check-Out,2017-05-24
City Hotel,0,54,2017,May,21,21,2,2,1,0,0,HB,FRA,Online TA,TA/TO,0,0,0,D,D,1,No Deposit,9,NULL,0,Transient,228.0,0,1,Check-Out,2017-05-25
City Hotel,0,54,2017,May,21,21,2,2,2,0,0,HB,FRA,Online TA,TA/TO,0,0,0,D,D,0,No Deposit,9,NULL,0,Transient,228.0,0,1,Check-Out,2017-05-25
City Hotel,0,16,2017,May,21,23,0,2,2,0,0,BB,FRA,Online TA,TA/TO,0,0,0,D,D,0,No Deposit,9,NULL,0,Transient,160.0,0,2,Check-Out,2017-05-25
City Hotel,0,23,2017,May,21,21,2,2,2,0,0,BB,FRA,Online TA,TA/TO,0,0,0,D,D,0,No Deposit,9,NULL,0,Transient,167.5,0,2,Check-Out,2017-05-25
City Hotel,0,59,2017,May,21,21,2,2,2,0,0,BB,FRA,Online TA,TA/TO,0,0,0,D,D,0,No Deposit,9,NULL,0,Transient,171.0,0,0,Check-Out,2017-05-25
City Hotel,0,0,2017,May,21,23,0,2,3,0,0,BB,BRA,Online TA,TA/TO,0,0,0,D,D,0,No Deposit,9,NULL,0,Transient,234.5,0,2,Check-Out,2017-05-25
City Hotel,0,1,2017,May,21,23,0,2,1,0,0,BB,ESP,Online TA,TA/TO,0,0,0,D,D,0,No Deposit,9,NULL,0,Transient,190.0,0,2,Check-Out,2017-05-25
City Hotel,0,25,2017,May,21,22,1,2,3,0,0,BB,COL,Online TA,TA/TO,0,0,0,D,D,0,No Deposit,9,NULL,0,Transient,210.0,0,1,Check-Out,2017-05-25
City Hotel,0,1,2017,May,21,24,0,1,2,2,0,BB,GBR,Online TA,TA/TO,0,0,0,F,F,1,No Deposit,7,NULL,0,Transient,216.0,0,1,Check-Out,2017-05-25
City Hotel,0,0,2017,May,21,23,0,2,2,0,0,BB,ESP,Online TA,GDS,0,0,0,D,E,0,No Deposit,195,NULL,0,Transient,190.0,0,1,Check-Out,2017-05-25
City Hotel,0,29,2017,May,21,22,1,2,2,0,0,BB,DEU,Direct,Direct,0,0,0,D,D,0,No Deposit,14,NULL,0,Transient,166.5,0,2,Check-Out,2017-05-25
City Hotel,0,42,2017,May,21,21,2,2,2,0,0,SC,BEL,Online TA,TA/TO,0,0,0,A,A,0,No Deposit,9,NULL,0,Transient,160.0,0,1,Check-Out,2017-05-25
City Hotel,0,1,2017,May,21,24,0,1,2,0,0,SC,DEU,Online TA,TA/TO,0,0,0,A,A,0,No Deposit,9,NULL,0,Transient,160.0,0,0,Check-Out,2017-05-25
City Hotel,0,13,2017,May,21,24,0,1,1,0,0,BB,CHN,Online TA,TA/TO,0,0,0,A,A,0,No Deposit,9,NULL,0,Transient-Party,160.0,0,1,Check-Out,2017-05-25
City Hotel,0,13,2017,May,21,24,0,1,1,0,0,BB,CHN,Online TA,TA/TO,0,0,0,A,A,0,No Deposit,9,NULL,0,Transient-Party,160.0,0,2,Check-Out,2017-05-25
City Hotel,0,53,2017,May,21,22,1,2,2,0,0,BB,FRA,Online TA,TA/TO,0,0,0,D,D,0,No Deposit,7,NULL,0,Transient,151.07,0,0,Check-Out,2017-05-25
City Hotel,0,33,2017,May,21,22,1,2,2,0,0,SC,USA,Online TA,TA/TO,0,0,0,A,A,0,No Deposit,9,NULL,0,Transient,160.0,0,1,Check-Out,2017-05-25
City Hotel,0,20,2017,May,21,21,2,2,2,0,0,BB,FRA,Online TA,TA/TO,0,0,0,A,A,0,No Deposit,9,NULL,0,Transient,157.5,0,1,Check-Out,2017-05-25
City Hotel,0,13,2017,May,21,24,0,1,3,0,0,BB,USA,Direct,Direct,0,0,0,D,D,1,No Deposit,14,NULL,0,Transient,205.0,0,2,Check-Out,2017-05-25
City Hotel,0,137,2017,May,21,21,2,2,3,0,0,BB,GBR,Online TA,TA/TO,0,0,0,D,D,0,No Deposit,9,NULL,0,Transient,165.75,0,1,Check-Out,2017-05-25
City Hotel,0,0,2017,May,21,23,0,2,2,0,0,BB,PRT,Direct,Direct,0,0,0,A,A,2,No Deposit,NULL,NULL,0,Transient,180.0,0,0,Check-Out,2017-05-25
City Hotel,0,12,2017,May,20,20,2,3,2,0,0,BB,FRA,Online TA,TA/TO,0,0,0,D,D,0,No Deposit,9,NULL,0,Transient,166.0,0,1,Check-Out,2017-05-25
City Hotel,0,13,2017,May,21,23,0,2,3,0,0,BB,MEX,Online TA,TA/TO,0,0,0,D,D,0,No Deposit,9,NULL,0,Transient,209.0,0,1,Check-Out,2017-05-25
City Hotel,0,5,2017,May,21,23,0,2,2,2,0,BB,NOR,Online TA,TA/TO,0,0,0,F,F,0,No Deposit,9,NULL,0,Transient,270.0,0,0,Check-Out,2017-05-25
City Hotel,0,14,2017,May,21,23,0,2,2,2,0,BB,GBR,Online TA,TA/TO,0,0,0,F,F,1,No Deposit,9,NULL,0,Transient,249.0,0,0,Check-Out,2017-05-25
City Hotel,0,0,2017,May,21,23,0,2,2,0,0,BB,ITA,Direct,Direct,0,0,0,D,D,0,No Deposit,NULL,NULL,0,Transient,185.0,0,0,Check-Out,2017-05-25
City Hotel,0,14,2017,May,21,21,2,2,2,0,0,BB,GBR,Online TA,TA/TO,0,0,0,E,E,0,No Deposit,9,NULL,0,Transient,195.0,0,1,Check-Out,2017-05-25
City Hotel,0,1,2017,May,21,24,0,1,1,0,0,SC,ESP,Online TA,TA/TO,0,0,0,A,A,1,No Deposit,9,NULL,0,Transient,160.0,0,0,Check-Out,2017-05-25
City Hotel,0,7,2017,May,21,24,0,1,2,0,0,BB,PRT,Direct,Direct,0,0,0,D,D,0,No Deposit,NULL,NULL,0,Transient,166.5,0,1,Check-Out,2017-05-25
City Hotel,0,1,2017,May,21,24,0,1,1,0,0,SC,PRT,Online TA,TA/TO,0,0,0,A,A,0,No Deposit,9,NULL,0,Transient,160.0,0,2,Check-Out,2017-05-25
City Hotel,0,21,2017,May,21,21,2,2,2,0,0,BB,CHE,Online TA,TA/TO,0,0,0,A,A,0,No Deposit,8,NULL,0,Transient,157.5,0,1,Check-Out,2017-05-25
City Hotel,0,26,2017,May,21,21,2,2,2,0,0,BB,DEU,Online TA,TA/TO,0,0,0,D,D,0,No Deposit,9,NULL,0,Transient,190.0,0,1,Check-Out,2017-05-25
City Hotel,0,10,2017,May,21,22,1,2,1,0,0,HB,ESP,Online TA,TA/TO,0,0,0,D,D,1,No Deposit,9,NULL,0,Transient,201.33,0,1,Check-Out,2017-05-25
City Hotel,0,1,2017,May,21,24,0,1,1,0,0,BB,CHE,Online TA,TA/TO,0,0,0,A,A,0,No Deposit,9,NULL,0,Transient,170.0,0,1,Check-Out,2017-05-25
City Hotel,0,14,2017,May,21,24,0,2,1,0,0,BB,ARG,Offline TA/TO,TA/TO,0,0,0,D,D,0,No Deposit,441,NULL,0,Transient,157.5,0,0,Check-Out,2017-05-26
City Hotel,0,13,2017,May,21,25,0,1,1,0,0,BB,LBN,Online TA,TA/TO,0,0,0,A,B,0,No Deposit,9,NULL,0,Transient,170.0,0,0,Check-Out,2017-05-26
City Hotel,0,97,2017,May,21,22,1,3,3,0,0,HB,DEU,Online TA,TA/TO,0,0,0,E,E,0,No Deposit,9,NULL,0,Transient,207.45,0,3,Check-Out,2017-05-26
City Hotel,0,60,2017,May,21,23,0,3,2,0,0,HB,ESP,Direct,Direct,0,0,0,A,A,1,No Deposit,14,NULL,0,Transient,189.0,1,0,Check-Out,2017-05-26
City Hotel,0,22,2017,May,21,24,0,2,2,0,0,BB,GBR,Direct,Direct,0,0,0,F,F,0,No Deposit,14,NULL,0,Transient,265.0,0,0,Check-Out,2017-05-26
City Hotel,0,19,2017,May,21,25,0,1,2,0,0,BB,PRT,Online TA,TA/TO,0,0,0,D,E,0,No Deposit,9,NULL,0,Transient,190.0,0,1,Check-Out,2017-05-26
City Hotel,0,10,2017,May,21,25,0,1,2,0,0,SC,CN,Online TA,TA/TO,0,0,0,A,A,0,No Deposit,9,NULL,0,Transient,160.0,0,2,Check-Out,2017-05-26
City Hotel,0,10,2017,May,21,24,0,2,2,0,0,BB,ESP,Online TA,TA/TO,0,0,0,A,A,1,No Deposit,9,NULL,0,Transient,170.0,0,1,Check-Out,2017-05-26
City Hotel,0,7,2017,May,21,23,0,3,2,0,0,HB,FRA,Online TA,TA/TO,0,0,0,A,A,0,No Deposit,9,NULL,0,Transient,227.0,0,1,Check-Out,2017-05-26
City Hotel,0,33,2017,May,21,22,1,3,2,0,0,BB,FRA,Direct,Direct,0,0,0,A,A,0,No Deposit,NULL,NULL,0,Transient,158.0,0,0,Check-Out,2017-05-26
City Hotel,0,0,2017,May,21,25,0,1,2,0,0,BB,PRT,Direct,Direct,0,0,0,D,D,0,No Deposit,NULL,NULL,0,Transient,160.0,0,0,Check-Out,2017-05-26
City Hotel,0,50,2017,May,21,22,1,3,2,0,0,BB,DEU,Online TA,TA/TO,0,0,0,D,D,0,No Deposit,9,NULL,0,Transient,199.0,0,1,Check-Out,2017-05-26
City Hotel,0,46,2017,May,21,22,1,3,2,0,0,BB,FRA,Online TA,TA/TO,0,0,0,D,D,0,No Deposit,9,NULL,0,Transient,190.0,0,1,Check-Out,2017-05-26
City Hotel,0,30,2017,May,21,25,0,1,3,0,0,BB,AUS,Online TA,TA/TO,0,0,0,D,D,0,No Deposit,7,NULL,0,Transient,184.0,0,1,Check-Out,2017-05-26
City Hotel,0,9,2017,May,20,19,2,5,3,0,0,BB,RUS,Online TA,TA/TO,0,0,0,G,G,0,No Deposit,7,NULL,0,Transient,212.8,0,1,Check-Out,2017-05-26
City Hotel,0,0,2017,May,21,22,1,3,2,0,0,BB,FRA,Online TA,TA/TO,0,0,0,D,D,0,No Deposit,9,NULL,0,Transient,171.0,0,0,Check-Out,2017-05-26
City Hotel,0,28,2017,May,21,24,0,2,2,0,0,SC,USA,Online TA,TA/TO,0,0,0,A,A,0,No Deposit,9,NULL,0,Transient,160.0,0,0,Check-Out,2017-05-26
City Hotel,0,16,2017,May,21,23,0,4,2,2,0,BB,CHE,Online TA,TA/TO,0,0,0,G,G,0,No Deposit,7,NULL,0,Transient,243.56,0,1,Check-Out,2017-05-27
City Hotel,0,12,2017,May,21,25,0,2,2,0,0,SC,IDN,Online TA,TA/TO,0,0,0,A,A,0,No Deposit,9,NULL,0,Transient,160.0,0,3,Check-Out,2017-05-27
City Hotel,0,13,2017,May,21,25,0,2,2,0,0,SC,FRA,Online TA,TA/TO,0,0,0,A,A,0,No Deposit,9,NULL,0,Transient,160.0,0,1,Check-Out,2017-05-27
City Hotel,0,14,2017,May,21,26,0,1,2,0,0,SC,USA,Online TA,TA/TO,0,0,0,A,A,0,No Deposit,9,NULL,0,Transient,160.0,0,3,Check-Out,2017-05-27
City Hotel,0,11,2017,May,21,25,0,2,2,0,0,SC,BRA,Online TA,TA/TO,0,0,0,A,A,0,No Deposit,9,NULL,0,Transient,160.0,0,1,Check-Out,2017-05-27
City Hotel,0,11,2017,May,21,25,0,2,1,0,0,SC,PRT,Online TA,TA/TO,0,0,0,A,A,0,No Deposit,9,NULL,0,Transient,160.0,0,1,Check-Out,2017-05-27
City Hotel,0,30,2017,May,21,26,0,1,2,0,0,SC,ISR,Online TA,TA/TO,0,0,0,A,A,0,No Deposit,9,NULL,0,Transient,160.0,0,1,Check-Out,2017-05-27
City Hotel,0,30,2017,May,21,26,0,1,2,0,0,SC,ISR,Online TA,TA/TO,0,0,0,A,A,0,No Deposit,9,NULL,0,Transient,160.0,0,1,Check-Out,2017-05-27
City Hotel,0,12,2017,May,21,24,0,3,2,0,0,SC,TUR,Online TA,TA/TO,0,0,0,A,A,0,No Deposit,9,NULL,0,Transient,153.33,0,1,Check-Out,2017-05-27
City Hotel,0,24,2017,May,21,26,0,1,2,0,0,BB,PRT,Direct,Direct,0,0,0,A,A,1,No Deposit,14,NULL,0,Transient,170.0,0,0,Check-Out,2017-05-27
City Hotel,0,151,2017,May,21,23,0,4,3,0,0,BB,FRA,Online TA,TA/TO,0,0,0,E,E,0,No Deposit,9,NULL,0,Transient,187.0,0,3,Check-Out,2017-05-27
City Hotel,0,19,2017,May,21,26,0,1,2,1,0,BB,PRT,Online TA,TA/TO,0,0,0,A,A,0,No Deposit,42,NULL,0,Transient,160.0,0,0,Check-Out,2017-05-27
City Hotel,0,11,2017,May,21,25,0,2,2,0,0,SC,FRA,Online TA,TA/TO,0,0,0,A,A,0,No Deposit,9,NULL,0,Transient,160.0,0,1,Check-Out,2017-05-27
City Hotel,0,232,2017,May,21,24,0,3,2,1,0,BB,FRA,Online TA,TA/TO,0,0,0,D,D,1,No Deposit,9,NULL,0,Transient,157.5,0,0,Check-Out,2017-05-27
City Hotel,0,14,2017,May,21,25,0,2,2,0,0,BB,JPN,Online TA,TA/TO,0,0,0,A,A,0,No Deposit,9,NULL,0,Transient,180.0,0,1,Check-Out,2017-05-27
City Hotel,0,108,2017,May,21,22,1,4,3,0,0,BB,FRA,Online TA,TA/TO,0,0,0,D,D,0,No Deposit,9,NULL,0,Transient,183.6,0,0,Check-Out,2017-05-27
City Hotel,0,151,2017,May,21,23,0,4,1,0,0,BB,FRA,Online TA,TA/TO,0,0,0,E,E,1,No Deposit,9,NULL,0,Transient,187.0,0,3,Check-Out,2017-05-27
City Hotel,0,151,2017,May,21,23,0,4,2,0,0,BB,FRA,Online TA,TA/TO,0,0,0,E,E,0,No Deposit,9,NULL,0,Transient,162.0,0,4,Check-Out,2017-05-27
City Hotel,0,146,2017,May,21,24,0,3,3,0,0,BB,FRA,Direct,Direct,0,0,0,F,F,0,No Deposit,NULL,NULL,0,Transient,204.0,0,1,Check-Out,2017-05-27
City Hotel,0,146,2017,May,21,24,0,3,2,1,0,BB,FRA,Direct,Direct,0,0,0,F,F,0,No Deposit,NULL,NULL,0,Transient,178.5,0,2,Check-Out,2017-05-27
City Hotel,0,146,2017,May,21,24,0,3,2,2,0,BB,FRA,Direct,Direct,0,0,0,F,F,0,No Deposit,NULL,NULL,0,Transient,178.5,0,2,Check-Out,2017-05-27
City Hotel,0,68,2017,May,21,24,0,3,3,0,0,BB,FRA,Online TA,TA/TO,0,0,0,E,E,0,No Deposit,9,NULL,0,Transient,234.0,0,1,Check-Out,2017-05-27
City Hotel,0,16,2017,May,21,26,0,1,2,0,0,SC,CHE,Online TA,TA/TO,0,0,0,A,A,0,No Deposit,9,NULL,0,Transient,160.0,0,2,Check-Out,2017-05-27
City Hotel,0,22,2017,May,21,26,0,1,3,0,0,BB,GBR,Online TA,TA/TO,0,0,0,D,D,0,No Deposit,9,NULL,0,Transient,230.0,0,0,Check-Out,2017-05-27
City Hotel,0,146,2017,May,21,25,0,3,2,2,0,BB,FRA,Online TA,TA/TO,0,0,0,F,F,1,No Deposit,9,NULL,0,Transient,198.0,0,0,Check-Out,2017-05-28
City Hotel,0,35,2017,May,21,25,0,3,3,2,0,BB,CHE,Direct,Direct,0,0,0,G,G,1,No Deposit,14,NULL,0,Transient,335.0,0,0,Check-Out,2017-05-28
City Hotel,0,147,2017,May,21,23,0,5,2,0,0,BB,SWE,Online TA,TA/TO,0,0,0,E,E,0,No Deposit,9,NULL,0,Transient,162.0,0,1,Check-Out,2017-05-28
City Hotel,0,14,2017,May,21,25,0,3,3,0,0,BB,ECU,Direct,Direct,0,0,0,G,G,0,No Deposit,14,NULL,0,Transient,335.0,0,0,Check-Out,2017-05-28
City Hotel,0,127,2017,May,21,21,2,5,2,0,0,HB,GBR,Direct,Direct,0,0,0,D,D,1,No Deposit,14,NULL,0,Transient,170.3,0,1,Check-Out,2017-05-28
City Hotel,0,281,2017,May,21,25,0,3,2,0,0,HB,BEL,Online TA,TA/TO,0,0,0,D,D,0,No Deposit,9,NULL,0,Transient,157.5,0,1,Check-Out,2017-05-28
City Hotel,0,281,2017,May,21,25,0,3,2,0,0,HB,BEL,Online TA,TA/TO,0,0,0,D,D,0,No Deposit,9,NULL,0,Transient,157.5,0,1,Check-Out,2017-05-28
City Hotel,0,16,2017,May,21,26,0,2,2,0,0,SC,ESP,Online TA,TA/TO,0,0,0,A,A,0,No Deposit,9,NULL,0,Transient,169.0,0,1,Check-Out,2017-05-28
City Hotel,0,1,2017,May,21,26,0,2,2,0,0,BB,PRT,Direct,Direct,0,0,0,D,E,1,No Deposit,NULL,NULL,0,Transient,160.0,0,1,Check-Out,2017-05-28
City Hotel,0,293,2017,May,21,25,0,3,3,0,0,BB,DNK,Online TA,TA/TO,0,0,0,D,D,0,No Deposit,9,NULL,0,Transient,159.3,0,1,Check-Out,2017-05-28
City Hotel,0,166,2017,May,21,25,0,3,2,1,0,BB,FRA,Online TA,TA/TO,0,0,0,D,D,1,No Deposit,9,NULL,0,Transient,175.5,0,1,Check-Out,2017-05-28
City Hotel,0,180,2017,May,21,25,0,3,3,0,0,BB,CHE,Online TA,TA/TO,0,0,0,A,A,1,No Deposit,9,NULL,0,Transient,166.0,0,1,Check-Out,2017-05-28
City Hotel,0,86,2017,May,21,26,0,2,2,0,0,BB,GBR,Direct,Direct,0,0,0,A,F,1,No Deposit,14,NULL,0,Transient,153.0,1,1,Check-Out,2017-05-28
City Hotel,0,7,2017,May,21,26,0,2,1,0,0,SC,DEU,Online TA,GDS,0,0,0,D,D,0,No Deposit,195,NULL,0,Transient,165.0,0,0,Check-Out,2017-05-28
City Hotel,0,141,2017,May,21,25,0,3,2,2,0,BB,FRA,Online TA,TA/TO,0,0,0,F,F,0,No Deposit,9,NULL,0,Transient,198.0,0,0,Check-Out,2017-05-28
City Hotel,0,136,2017,May,21,24,0,4,3,0,0,BB,CHE,Online TA,TA/TO,0,0,0,D,D,0,No Deposit,9,NULL,0,Transient,165.75,0,2,Check-Out,2017-05-28
City Hotel,0,31,2017,May,21,24,0,4,2,0,0,BB,PER,Online TA,TA/TO,0,0,0,D,D,0,No Deposit,9,NULL,0,Transient,190.0,0,1,Check-Out,2017-05-28
City Hotel,0,29,2017,May,21,27,0,1,2,0,0,SC,CHE,Online TA,TA/TO,0,0,0,A,A,0,No Deposit,9,NULL,0,Transient,160.0,0,0,Check-Out,2017-05-28
City Hotel,0,137,2017,May,21,25,0,3,2,2,0,BB,POL,Online TA,TA/TO,0,0,0,F,F,0,No Deposit,9,NULL,0,Transient,198.0,0,0,Check-Out,2017-05-28
City Hotel,0,13,2017,May,21,25,0,3,2,0,0,BB,IRL,Online TA,TA/TO,0,0,0,D,D,0,No Deposit,9,NULL,0,Transient,190.0,0,1,Check-Out,2017-05-28
City Hotel,0,7,2017,May,21,25,0,3,1,0,0,BB,GBR,Online TA,GDS,0,0,0,A,D,0,No Deposit,195,NULL,0,Transient,180.0,0,0,Check-Out,2017-05-28
City Hotel,0,0,2017,May,21,26,0,2,2,0,0,SC,DEU,Online TA,TA/TO,0,0,0,A,A,0,No Deposit,10,NULL,0,Transient,153.0,0,0,Check-Out,2017-05-28
City Hotel,0,149,2017,May,21,25,0,3,2,0,0,BB,DEU,Online TA,TA/TO,0,0,0,E,E,0,No Deposit,9,NULL,0,Transient,162.0,0,2,Check-Out,2017-05-28
City Hotel,0,1,2017,May,21,26,0,2,2,1,0,BB,PRT,Direct,Direct,0,0,0,B,B,1,No Deposit,14,NULL,0,Transient,179.5,0,0,Check-Out,2017-05-28
City Hotel,0,1,2017,May,21,26,0,2,2,1,0,BB,PRT,Direct,Direct,0,0,0,B,B,0,No Deposit,14,NULL,0,Transient,179.5,0,0,Check-Out,2017-05-28
City Hotel,0,24,2017,May,21,27,0,1,2,0,0,BB,PRT,Online TA,TA/TO,0,0,0,E,F,0,No Deposit,9,NULL,0,Transient-Party,220.0,0,1,Check-Out,2017-05-28
City Hotel,0,128,2017,May,21,26,0,2,3,0,0,BB,NLD,Online TA,TA/TO,0,0,0,A,A,1,No Deposit,9,NULL,0,Transient-Party,164.0,0,1,Check-Out,2017-05-28
City Hotel,0,159,2017,May,21,24,0,4,2,0,0,HB,FRA,Online TA,TA/TO,0,0,0,A,A,5,No Deposit,83,NULL,0,Transient,150.3,0,1,Check-Out,2017-05-28
City Hotel,0,149,2017,May,21,25,0,3,2,0,0,BB,DEU,Online TA,TA/TO,0,0,0,E,E,0,No Deposit,9,NULL,0,Transient,162.0,0,2,Check-Out,2017-05-28
City Hotel,0,51,2017,May,21,26,1,2,2,0,0,SC,ROU,Online TA,TA/TO,0,0,0,A,A,0,No Deposit,9,NULL,0,Transient,160.0,0,1,Check-Out,2017-05-29
City Hotel,0,241,2017,May,21,25,1,3,3,0,0,BB,DEU,Online TA,TA/TO,0,0,0,D,D,0,No Deposit,9,NULL,0,Transient,161.88,0,2,Check-Out,2017-05-29
City Hotel,0,207,2017,May,21,25,1,3,3,0,0,BB,FRA,Online TA,TA/TO,0,0,0,D,D,0,No Deposit,9,NULL,0,Transient,174.6,0,2,Check-Out,2017-05-29
City Hotel,0,6,2017,May,22,28,1,0,2,0,0,BB,BRA,Direct,Direct,0,0,0,A,A,0,No Deposit,NULL,NULL,0,Transient-Party,153.0,0,4,Check-Out,2017-05-29
City Hotel,0,2,2017,May,22,28,1,0,1,0,0,BB,NOR,Online TA,GDS,0,0,0,D,D,0,No Deposit,195,NULL,0,Transient,185.0,0,0,Check-Out,2017-05-29
City Hotel,0,2,2017,May,22,28,1,0,1,0,0,BB,NOR,Online TA,GDS,0,0,0,D,E,0,No Deposit,195,NULL,0,Transient,185.0,0,0,Check-Out,2017-05-29
City Hotel,0,39,2017,May,21,26,1,2,2,0,0,SC,FRA,Online TA,TA/TO,0,0,0,A,A,0,No Deposit,9,NULL,0,Transient,160.0,0,1,Check-Out,2017-05-29
City Hotel,0,134,2017,May,21,26,1,2,3,0,0,BB,DEU,Online TA,TA/TO,0,0,0,D,D,0,No Deposit,9,NULL,0,Transient,172.8,0,1,Check-Out,2017-05-29
City Hotel,0,33,2017,May,21,26,1,2,2,1,0,BB,DEU,Online TA,TA/TO,0,0,0,D,D,0,No Deposit,7,NULL,0,Transient,174.8,0,1,Check-Out,2017-05-29
City Hotel,0,7,2017,May,22,28,1,0,2,0,0,BB,URY,Online TA,Direct,0,0,0,A,A,0,No Deposit,NULL,NULL,0,Transient,170.0,0,1,Check-Out,2017-05-29
City Hotel,0,126,2017,May,21,26,1,2,2,2,0,BB,PRT,Direct,Direct,0,0,0,E,E,1,No Deposit,NULL,NULL,0,Transient,175.0,0,0,Check-Out,2017-05-29
City Hotel,0,127,2017,May,21,26,1,2,2,2,0,BB,FRA,Direct,Direct,0,0,0,G,G,0,No Deposit,14,NULL,0,Transient,229.5,0,0,Check-Out,2017-05-29
City Hotel,0,11,2017,May,21,24,1,4,2,0,0,BB,FRA,Direct,Direct,0,0,0,D,D,0,No Deposit,14,NULL,0,Transient,197.0,0,2,Check-Out,2017-05-29
City Hotel,0,7,2017,May,22,28,1,0,1,0,0,BB,SWE,Online TA,TA/TO,0,0,0,A,A,0,No Deposit,9,NULL,0,Transient,170.0,0,1,Check-Out,2017-05-29
City Hotel,0,50,2017,May,21,26,2,2,2,0,0,SC,DEU,Direct,Direct,0,0,0,A,D,1,No Deposit,14,NULL,0,Transient,180.0,0,2,Check-Out,2017-05-30
City Hotel,0,86,2017,May,21,27,2,1,2,1,0,HB,ESP,Online TA,TA/TO,0,0,0,D,D,0,No Deposit,9,NULL,0,Transient,193.2,0,1,Check-Out,2017-05-30
City Hotel,0,86,2017,May,21,27,2,1,2,0,0,HB,ESP,Online TA,TA/TO,0,0,0,F,F,1,No Deposit,9,NULL,0,Transient,313.67,0,1,Check-Out,2017-05-30
City Hotel,0,86,2017,May,21,27,2,1,2,1,0,HB,ESP,Online TA,TA/TO,0,0,0,D,D,1,No Deposit,9,NULL,0,Transient,193.2,0,2,Check-Out,2017-05-30
City Hotel,0,96,2017,May,21,27,2,1,2,0,0,BB,FRA,Online TA,TA/TO,0,0,0,D,D,0,No Deposit,9,NULL,0,Transient,153.0,0,0,Check-Out,2017-05-30
City Hotel,0,16,2017,May,22,29,1,0,3,0,0,BB,USA,Online TA,TA/TO,0,0,0,E,E,0,No Deposit,9,NULL,0,Transient,220.0,0,1,Check-Out,2017-05-30
City Hotel,0,70,2017,May,22,28,2,0,2,0,0,BB,IRL,Online TA,TA/TO,0,0,0,D,D,0,No Deposit,9,NULL,0,Transient,171.0,0,1,Check-Out,2017-05-30
City Hotel,0,51,2017,May,21,27,2,1,2,0,0,BB,BRA,Online TA,TA/TO,0,0,0,E,E,1,No Deposit,9,NULL,0,Transient,260.0,0,2,Check-Out,2017-05-30
City Hotel,0,51,2017,May,21,27,2,1,2,2,0,BB,BRA,Online TA,TA/TO,0,0,0,E,E,1,No Deposit,9,NULL,0,Transient,260.0,0,1,Check-Out,2017-05-30
City Hotel,0,87,2017,May,21,27,2,2,2,0,0,BB,AUT,Online TA,TA/TO,0,0,0,D,D,0,No Deposit,9,NULL,0,Transient,157.5,0,0,Check-Out,2017-05-31
City Hotel,0,112,2017,May,21,27,2,2,2,0,0,BB,SWE,Online TA,TA/TO,0,0,0,D,D,0,No Deposit,9,NULL,0,Transient,153.0,1,2,Check-Out,2017-05-31
City Hotel,0,1,2017,May,22,30,0,1,2,0,0,BB,CHN,Online TA,TA/TO,0,0,0,F,F,1,No Deposit,9,NULL,0,Transient,206.1,0,0,Check-Out,2017-05-31
City Hotel,0,23,2017,May,22,30,0,1,2,0,0,BB,PRT,Online TA,TA/TO,0,0,0,A,A,0,No Deposit,9,NULL,0,Transient,160.0,0,1,Check-Out,2017-05-31
City Hotel,0,174,2017,May,21,26,2,3,2,0,0,HB,DEU,Online TA,TA/TO,0,0,0,A,A,0,No Deposit,9,NULL,0,Transient,162.0,0,2,Check-Out,2017-05-31
City Hotel,0,174,2017,May,21,26,2,3,2,0,0,HB,DEU,Online TA,TA/TO,0,0,0,A,A,0,No Deposit,9,NULL,0,Transient,162.0,0,2,Check-Out,2017-05-31
City Hotel,0,132,2017,May,22,28,2,1,3,0,0,BB,CHE,Online TA,TA/TO,0,0,0,D,D,0,No Deposit,9,NULL,0,Transient,177.0,0,0,Check-Out,2017-05-31
City Hotel,0,69,2017,May,21,27,2,2,2,0,0,BB,NLD,Online TA,TA/TO,0,0,0,D,D,0,No Deposit,9,NULL,0,Transient,171.0,0,3,Check-Out,2017-05-31
City Hotel,0,95,2017,May,21,27,2,2,2,0,0,BB,BEL,Online TA,TA/TO,0,0,0,D,D,0,No Deposit,9,NULL,0,Transient,153.0,0,2,Check-Out,2017-05-31
City Hotel,0,12,2017,May,22,28,2,1,3,0,0,BB,PAN,Online TA,TA/TO,0,0,0,D,D,0,No Deposit,9,NULL,0,Transient,190.0,0,0,Check-Out,2017-05-31
City Hotel,0,99,2017,May,22,28,2,1,2,2,0,BB,GBR,Online TA,TA/TO,0,0,0,F,F,1,No Deposit,9,NULL,0,Transient,250.0,0,0,Check-Out,2017-05-31
City Hotel,0,41,2017,May,22,28,2,1,2,0,0,BB,NOR,Online TA,TA/TO,0,0,0,D,D,0,No Deposit,9,NULL,0,Transient,190.0,0,1,Check-Out,2017-05-31
City Hotel,0,0,2017,May,22,31,0,1,2,0,0,BB,USA,Online TA,TA/TO,0,0,0,A,A,0,No Deposit,9,NULL,0,Transient,180.0,0,0,Check-Out,2017-06-01
City Hotel,0,90,2017,May,22,30,0,2,2,0,0,BB,IRL,Online TA,TA/TO,0,0,0,D,D,0,No Deposit,9,NULL,0,Transient,153.0,0,1,Check-Out,2017-06-01
City Hotel,0,277,2017,May,22,29,1,2,2,2,0,BB,GBR,Online TA,TA/TO,0,0,0,F,F,0,No Deposit,9,NULL,0,Transient,193.5,0,2,Check-Out,2017-06-01
City Hotel,0,0,2017,May,22,29,1,2,2,0,0,BB,GBR,Online TA,TA/TO,0,0,0,D,D,0,No Deposit,9,NULL,0,Transient,153.0,0,0,Check-Out,2017-06-01
City Hotel,0,0,2017,May,22,29,1,2,2,0,0,BB,GBR,Online TA,TA/TO,0,0,0,D,D,0,No Deposit,9,NULL,0,Transient,153.0,0,2,Check-Out,2017-06-01
City Hotel,0,41,2017,May,22,29,1,2,3,0,0,BB,ITA,Online TA,TA/TO,0,0,0,E,E,1,No Deposit,9,NULL,0,Transient,186.67,0,1,Check-Out,2017-06-01
City Hotel,0,34,2017,May,22,30,0,2,2,0,0,SC,PRT,Online TA,TA/TO,0,0,0,A,A,0,No Deposit,9,NULL,0,Transient,160.0,0,2,Check-Out,2017-06-01
City Hotel,0,32,2017,May,22,30,0,2,2,0,0,SC,ISR,Online TA,TA/TO,0,0,0,A,A,0,No Deposit,9,NULL,0,Transient,160.0,0,2,Check-Out,2017-06-01
City Hotel,0,32,2017,May,22,30,0,2,2,0,0,SC,ISR,Online TA,TA/TO,0,0,0,A,D,0,No Deposit,9,NULL,0,Transient,160.0,0,2,Check-Out,2017-06-01
City Hotel,0,50,2017,May,22,30,0,2,3,0,0,BB,NLD,Online TA,TA/TO,0,0,0,D,D,0,No Deposit,9,NULL,0,Transient,230.0,0,1,Check-Out,2017-06-01
City Hotel,0,127,2017,May,22,28,2,2,3,0,0,BB,GBR,Online TA,TA/TO,0,0,0,D,D,2,No Deposit,9,NULL,0,Transient,171.0,0,1,Check-Out,2017-06-01
City Hotel,0,143,2017,May,22,29,1,2,3,0,0,BB,GBR,Online TA,TA/TO,0,0,0,D,D,0,No Deposit,9,NULL,0,Transient,175.5,0,0,Check-Out,2017-06-01
City Hotel,0,49,2017,May,22,29,1,2,2,0,0,BB,GBR,Online TA,TA/TO,0,0,0,D,D,0,No Deposit,9,NULL,0,Transient,190.0,0,2,Check-Out,2017-06-01
City Hotel,0,62,2017,May,22,29,1,2,2,2,0,HB,GBR,Offline TA/TO,TA/TO,0,0,0,E,E,0,No Deposit,168,NULL,0,Transient,187.5,0,0,Check-Out,2017-06-01
City Hotel,0,32,2017,May,22,30,0,2,2,0,0,SC,ISR,Online TA,TA/TO,0,0,0,A,A,0,No Deposit,9,NULL,0,Transient,160.0,0,2,Check-Out,2017-06-01
City Hotel,0,9,2017,May,22,30,0,3,3,0,0,BB,ITA,Online TA,TA/TO,0,0,0,E,E,0,No Deposit,9,NULL,0,Transient,246.67,0,1,Check-Out,2017-06-02
City Hotel,0,8,2017,May,22,31,0,2,1,0,0,BB,ARG,Online TA,TA/TO,0,0,0,E,E,0,No Deposit,9,NULL,0,Transient,200.0,0,2,Check-Out,2017-06-02
City Hotel,0,51,2017,May,22,28,2,3,2,0,0,BB,USA,Direct,Direct,0,0,0,A,A,1,No Deposit,14,NULL,0,Transient,165.2,0,1,Check-Out,2017-06-02
City Hotel,0,10,2017,May,22,31,0,2,2,0,0,BB,CHE,Direct,Direct,0,0,0,D,D,0,No Deposit,14,NULL,0,Transient,165.0,0,0,Check-Out,2017-06-02
City Hotel,0,11,2017,May,22,29,1,3,2,0,0,BB,FRA,Direct,Direct,0,0,0,D,D,0,No Deposit,14,NULL,0,Transient,157.5,0,1,Check-Out,2017-06-02
City Hotel,0,97,2017,May,22,28,2,3,2,0,0,HB,FRA,Online TA,TA/TO,0,0,0,D,D,0,No Deposit,354,NULL,0,Transient,164.0,0,0,Check-Out,2017-06-02
City Hotel,0,14,2017,May,22,31,0,2,1,0,0,BB,NLD,Online TA,TA/TO,0,0,0,D,D,0,No Deposit,9,NULL,0,Transient-Party,160.0,0,1,Check-Out,2017-06-02
City Hotel,0,206,2017,May,22,30,0,3,2,0,0,HB,FRA,Online TA,TA/TO,0,0,0,A,A,0,No Deposit,9,NULL,0,Transient,159.3,0,0,Check-Out,2017-06-02
City Hotel,0,29,2017,May,22,31,0,2,3,0,0,BB,ITA,Online TA,TA/TO,0,0,0,D,D,0,No Deposit,9,NULL,0,Transient,220.0,0,2,Check-Out,2017-06-02
City Hotel,0,38,2017,May,22,31,0,2,2,0,0,BB,BEL,Direct,Direct,0,0,0,E,E,0,No Deposit,14,NULL,0,Transient,205.0,0,0,Check-Out,2017-06-02
City Hotel,0,0,2017,June,22,1,0,1,3,0,0,BB,ESP,Online TA,TA/TO,0,0,0,D,D,0,No Deposit,9,NULL,0,Transient,210.0,0,1,Check-Out,2017-06-02
City Hotel,0,124,2017,May,22,30,0,3,3,0,0,BB,GBR,Online TA,TA/TO,0,0,0,D,D,0,No Deposit,8,NULL,0,Transient-Party,177.0,0,0,Check-Out,2017-06-02
City Hotel,0,87,2017,May,22,28,2,3,3,0,0,BB,BRA,Online TA,TA/TO,0,0,0,D,D,0,No Deposit,9,NULL,0,Transient,189.0,0,0,Check-Out,2017-06-02
City Hotel,0,124,2017,May,22,30,0,3,3,0,0,BB,GBR,Online TA,TA/TO,0,0,0,D,D,0,No Deposit,8,NULL,0,Transient-Party,177.0,0,0,Check-Out,2017-06-02
City Hotel,0,17,2017,June,22,1,0,1,3,0,0,BB,USA,Online TA,TA/TO,0,0,0,D,D,0,No Deposit,9,NULL,0,Transient,190.0,0,0,Check-Out,2017-06-02
City Hotel,0,209,2017,May,22,30,0,4,2,1,0,BB,USA,Online TA,TA/TO,0,0,0,A,A,0,No Deposit,9,NULL,0,Transient,153.79,0,2,Check-Out,2017-06-03
City Hotel,0,194,2017,May,22,28,2,4,2,2,0,BB,FRA,Direct,Direct,0,0,0,G,G,1,No Deposit,14,NULL,0,Transient,227.25,0,0,Check-Out,2017-06-03
City Hotel,0,77,2017,May,22,30,0,4,2,0,0,BB,SRB,Online TA,TA/TO,0,0,0,G,G,1,No Deposit,7,NULL,0,Transient,220.4,0,1,Check-Out,2017-06-03
City Hotel,0,23,2017,May,22,31,0,3,2,0,0,BB,ITA,Online TA,TA/TO,0,0,0,D,D,0,No Deposit,9,NULL,0,Transient,170.0,0,1,Check-Out,2017-06-03
City Hotel,0,24,2017,June,22,2,0,1,2,1,0,BB,LUX,Online TA,TA/TO,0,0,0,F,F,1,No Deposit,9,NULL,0,Transient,250.0,0,0,Check-Out,2017-06-03
City Hotel,0,15,2017,May,22,29,1,4,2,0,0,BB,DEU,Online TA,TA/TO,0,0,0,D,D,0,No Deposit,9,NULL,0,Transient,158.0,0,1,Check-Out,2017-06-03
City Hotel,0,24,2017,June,22,2,0,1,1,2,0,BB,LUX,Online TA,TA/TO,0,0,0,F,F,2,No Deposit,9,NULL,0,Transient,250.0,0,0,Check-Out,2017-06-03
City Hotel,0,83,2017,May,21,27,2,5,2,0,0,BB,TWN,Online TA,TA/TO,0,0,0,D,D,0,No Deposit,9,NULL,0,Transient,155.57,0,1,Check-Out,2017-06-03
City Hotel,0,77,2017,May,22,31,0,3,2,0,0,BB,CHE,Online TA,TA/TO,0,0,0,D,D,0,No Deposit,9,NULL,0,Transient-Party,159.0,0,2,Check-Out,2017-06-03
City Hotel,0,77,2017,May,22,31,0,3,2,0,0,BB,CHE,Online TA,TA/TO,0,0,0,D,D,0,No Deposit,9,NULL,0,Transient-Party,159.0,0,2,Check-Out,2017-06-03
City Hotel,0,99,2017,May,22,30,0,4,2,0,0,HB,BEL,Online TA,TA/TO,0,0,0,A,A,1,No Deposit,9,NULL,0,Transient,169.2,0,2,Check-Out,2017-06-03
City Hotel,0,99,2017,May,22,30,0,4,2,0,0,HB,BEL,Online TA,TA/TO,0,0,0,E,E,0,No Deposit,9,NULL,0,Transient,205.2,0,2,Check-Out,2017-06-03
City Hotel,0,99,2017,May,22,30,0,4,3,0,0,HB,BEL,Online TA,TA/TO,0,0,0,E,E,0,No Deposit,9,NULL,0,Transient,205.2,0,2,Check-Out,2017-06-03
City Hotel,0,99,2017,May,22,30,0,4,3,0,0,HB,FRA,Online TA,TA/TO,0,0,0,E,E,0,No Deposit,9,NULL,0,Transient,205.2,0,2,Check-Out,2017-06-03
City Hotel,0,82,2017,May,22,31,0,3,2,0,0,BB,NLD,Online TA,TA/TO,0,0,0,D,D,2,No Deposit,9,NULL,0,Transient-Party,189.0,0,2,Check-Out,2017-06-03
City Hotel,0,82,2017,May,22,31,0,3,3,0,0,BB,NLD,Online TA,TA/TO,0,0,0,D,D,3,No Deposit,9,NULL,0,Transient-Party,153.0,0,2,Check-Out,2017-06-03
City Hotel,0,82,2017,May,22,31,0,3,2,0,0,BB,NLD,Online TA,TA/TO,0,0,0,D,D,0,No Deposit,9,NULL,0,Transient-Party,153.0,0,2,Check-Out,2017-06-03
City Hotel,0,82,2017,May,22,31,0,3,2,0,0,BB,NLD,Online TA,TA/TO,0,0,0,D,D,2,No Deposit,9,NULL,0,Transient-Party,198.0,0,2,Check-Out,2017-06-03
City Hotel,0,1,2017,June,22,2,0,1,2,0,0,BB,PRT,Direct,Direct,0,0,0,A,D,0,No Deposit,NULL,NULL,0,Transient,185.0,0,0,Check-Out,2017-06-03
City Hotel,0,98,2017,May,22,31,0,4,3,0,0,BB,DEU,Offline TA/TO,TA/TO,0,0,0,E,E,0,No Deposit,159,NULL,0,Transient,169.98,0,0,Check-Out,2017-06-04
City Hotel,0,132,2017,May,22,29,1,5,2,2,0,BB,GBR,Online TA,TA/TO,0,0,0,F,F,1,No Deposit,9,NULL,0,Transient,213.0,0,2,Check-Out,2017-06-04
City Hotel,0,2,2017,May,22,31,0,4,2,1,0,BB,IRL,Direct,Direct,0,0,0,D,D,1,No Deposit,14,NULL,0,Transient,187.0,0,4,Check-Out,2017-06-04
City Hotel,0,0,2017,June,22,3,0,1,2,0,0,BB,PRT,Online TA,TA/TO,0,0,0,D,D,0,No Deposit,NULL,NULL,0,Transient,170.0,0,1,Check-Out,2017-06-04
City Hotel,0,107,2017,June,22,1,0,3,2,1,0,BB,ISR,Online TA,TA/TO,0,0,0,A,A,0,No Deposit,9,NULL,0,Transient,156.0,0,3,Check-Out,2017-06-04
City Hotel,0,20,2017,June,22,1,0,3,2,2,0,BB,ESP,Online TA,TA/TO,0,0,0,F,F,0,No Deposit,9,NULL,0,Transient,243.33,0,1,Check-Out,2017-06-04
City Hotel,0,25,2017,June,22,2,0,2,2,0,1,BB,ITA,Direct,Direct,0,0,0,A,A,1,No Deposit,14,NULL,0,Transient,213.0,0,2,Check-Out,2017-06-04
City Hotel,0,181,2017,June,22,2,0,2,2,0,0,BB,GBR,Online TA,TA/TO,0,0,0,A,A,0,No Deposit,9,NULL,0,Transient,153.0,0,2,Check-Out,2017-06-04
City Hotel,0,0,2017,June,22,3,0,1,1,0,0,BB,TUR,Online TA,TA/TO,0,0,0,A,A,0,No Deposit,9,NULL,0,Transient-Party,170.0,0,0,Check-Out,2017-06-04
City Hotel,0,0,2017,June,22,3,0,1,1,0,0,BB,TUR,Online TA,TA/TO,0,0,0,A,A,0,No Deposit,9,NULL,0,Transient-Party,170.0,0,0,Check-Out,2017-06-04
City Hotel,0,17,2017,June,22,2,0,2,3,0,0,BB,ESP,Online TA,TA/TO,0,0,0,D,D,0,No Deposit,9,NULL,0,Transient,210.0,0,1,Check-Out,2017-06-04
City Hotel,0,21,2017,June,22,3,0,1,2,0,0,BB,CHE,Online TA,TA/TO,0,0,0,E,E,0,No Deposit,9,NULL,0,Transient,209.0,0,2,Check-Out,2017-06-04
City Hotel,0,141,2017,June,22,2,0,2,3,0,0,BB,BEL,Online TA,TA/TO,0,0,0,D,D,0,No Deposit,9,NULL,0,Transient,190.8,0,1,Check-Out,2017-06-04
City Hotel,0,118,2017,June,22,1,0,3,3,0,0,HB,CHE,Online TA,TA/TO,0,0,0,E,E,0,No Deposit,9,NULL,0,Transient,208.2,0,2,Check-Out,2017-06-04
City Hotel,0,227,2017,June,22,1,0,3,3,0,0,BB,FRA,Online TA,TA/TO,0,0,0,D,D,0,No Deposit,9,NULL,0,Transient,157.5,0,2,Check-Out,2017-06-04
City Hotel,0,227,2017,June,22,1,0,3,3,0,0,BB,FRA,Online TA,TA/TO,0,0,0,D,D,0,No Deposit,9,NULL,0,Transient,157.5,0,2,Check-Out,2017-06-04
City Hotel,0,227,2017,June,22,1,0,3,3,0,0,BB,FRA,Online TA,TA/TO,0,0,0,D,D,0,No Deposit,9,NULL,0,Transient,157.5,0,2,Check-Out,2017-06-04
City Hotel,0,227,2017,June,22,1,0,3,3,0,0,BB,FRA,Online TA,TA/TO,0,0,0,D,D,0,No Deposit,9,NULL,0,Transient,157.5,0,2,Check-Out,2017-06-04
City Hotel,0,240,2017,June,22,3,0,1,3,0,0,BB,GBR,Online TA,TA/TO,0,0,0,D,D,0,No Deposit,9,NULL,0,Transient,157.5,0,1,Check-Out,2017-06-04
City Hotel,0,227,2017,June,22,1,0,3,3,0,0,BB,FRA,Online TA,TA/TO,0,0,0,D,D,0,No Deposit,9,NULL,0,Transient,157.5,0,2,Check-Out,2017-06-04
City Hotel,0,227,2017,June,22,1,0,3,3,0,0,BB,FRA,Online TA,TA/TO,0,0,0,D,D,0,No Deposit,9,NULL,0,Transient,157.5,0,2,Check-Out,2017-06-04
City Hotel,0,227,2017,June,22,1,0,3,2,0,0,BB,FRA,Online TA,TA/TO,0,0,0,D,D,0,No Deposit,9,NULL,0,Transient,157.5,0,1,Check-Out,2017-06-04
City Hotel,0,227,2017,June,22,1,0,3,3,0,0,BB,FRA,Online TA,TA/TO,0,0,0,D,D,0,No Deposit,9,NULL,0,Transient,157.5,0,2,Check-Out,2017-06-04
City Hotel,0,227,2017,June,22,1,0,3,3,0,0,BB,FRA,Online TA,TA/TO,0,0,0,D,D,0,No Deposit,9,NULL,0,Transient,157.5,0,1,Check-Out,2017-06-04
City Hotel,0,144,2017,June,22,1,0,3,3,0,0,BB,IRL,Direct,Direct,0,0,0,D,D,0,No Deposit,14,NULL,0,Transient-Party,168.55,0,2,Check-Out,2017-06-04
City Hotel,0,144,2017,June,22,1,0,3,3,0,0,BB,IRL,Direct,Direct,0,0,0,D,D,0,No Deposit,14,NULL,0,Transient-Party,168.55,0,2,Check-Out,2017-06-04
City Hotel,0,140,2017,June,22,3,1,1,3,0,0,BB,DEU,Online TA,TA/TO,0,0,0,D,D,0,No Deposit,9,NULL,0,Transient,190.8,0,0,Check-Out,2017-06-05
City Hotel,0,28,2017,June,22,2,1,2,2,0,0,HB,FRA,Online TA,TA/TO,0,0,0,A,A,0,No Deposit,9,NULL,0,Transient,159.33,0,1,Check-Out,2017-06-05
City Hotel,0,125,2017,June,22,2,1,2,3,0,0,HB,USA,Online TA,TA/TO,0,0,0,E,E,0,No Deposit,9,NULL,0,Transient,216.0,0,0,Check-Out,2017-06-05
City Hotel,0,93,2017,June,22,3,1,1,2,2,0,BB,SWE,Online TA,TA/TO,0,0,0,F,F,0,No Deposit,9,NULL,0,Transient,250.0,0,0,Check-Out,2017-06-05
City Hotel,0,177,2017,June,22,2,1,2,2,2,0,BB,DEU,Online TA,TA/TO,0,0,0,F,F,1,No Deposit,9,NULL,0,Transient,216.0,0,0,Check-Out,2017-06-05
City Hotel,0,43,2017,June,22,3,1,1,3,0,0,BB,FRA,Online TA,TA/TO,0,0,0,E,E,0,No Deposit,9,NULL,0,Transient,240.0,0,2,Check-Out,2017-06-05
City Hotel,0,42,2017,June,22,3,1,1,2,1,0,BB,FRA,Online TA,TA/TO,0,0,0,F,F,1,No Deposit,9,NULL,0,Transient,250.0,0,0,Check-Out,2017-06-05
City Hotel,0,2,2017,June,22,3,1,1,2,0,0,BB,FRA,Direct,Direct,0,0,0,A,A,0,No Deposit,14,NULL,0,Transient,160.0,0,2,Check-Out,2017-06-05
City Hotel,0,82,2017,June,22,2,1,2,3,0,0,BB,BEL,Online TA,TA/TO,0,0,0,E,E,0,No Deposit,9,NULL,0,Transient,216.0,0,0,Check-Out,2017-06-05
City Hotel,0,86,2017,June,22,3,1,1,2,2,0,BB,LUX,Online TA,TA/TO,0,0,0,F,F,1,No Deposit,9,NULL,0,Transient,250.0,0,0,Check-Out,2017-06-05
City Hotel,0,80,2017,June,22,2,1,2,2,2,0,BB,PRT,Online TA,TA/TO,0,0,0,G,G,0,No Deposit,7,NULL,0,Transient,250.96,0,1,Check-Out,2017-06-05
City Hotel,0,25,2017,June,23,4,1,0,2,0,0,BB,DEU,Direct,Direct,0,0,0,D,D,0,No Deposit,14,NULL,0,Transient,174.0,1,1,Check-Out,2017-06-05
City Hotel,0,109,2017,June,22,2,1,2,2,0,0,BB,AUS,Online TA,TA/TO,0,0,0,A,A,1,No Deposit,9,NULL,0,Transient,162.0,0,1,Check-Out,2017-06-05
City Hotel,0,102,2017,June,22,1,2,3,2,0,0,BB,NLD,Online TA,TA/TO,0,0,0,E,E,0,No Deposit,9,NULL,0,Transient,176.4,0,2,Check-Out,2017-06-06
City Hotel,0,4,2017,June,23,4,2,0,2,0,0,BB,AUS,Online TA,TA/TO,0,0,0,G,G,0,No Deposit,8,NULL,0,Transient,280.0,0,2,Check-Out,2017-06-06
City Hotel,0,109,2017,June,22,2,2,2,2,0,0,BB,AUS,Online TA,TA/TO,0,0,0,A,A,1,No Deposit,9,NULL,0,Transient,162.0,0,1,Check-Out,2017-06-06
City Hotel,0,18,2017,June,22,3,2,1,2,0,0,BB,FRA,Direct,Direct,0,0,0,A,A,0,No Deposit,14,NULL,0,Transient,155.0,0,2,Check-Out,2017-06-06
City Hotel,0,61,2017,June,22,3,2,1,2,0,0,BB,FRA,Online TA,TA/TO,0,0,0,D,D,0,No Deposit,9,NULL,0,Transient,170.0,0,1,Check-Out,2017-06-06
City Hotel,0,23,2017,June,22,3,2,1,2,0,0,BB,PRT,Online TA,TA/TO,0,0,0,A,A,0,No Deposit,9,NULL,0,Transient,160.0,0,1,Check-Out,2017-06-06
City Hotel,0,26,2017,June,22,2,2,2,2,0,0,BB,FRA,Online TA,TA/TO,0,0,0,A,A,2,No Deposit,9,NULL,0,Transient,171.1,0,1,Check-Out,2017-06-06
City Hotel,0,130,2017,June,22,1,2,3,3,0,0,BB,BEL,Online TA,TA/TO,0,0,0,D,D,0,No Deposit,9,NULL,0,Transient,185.4,0,0,Check-Out,2017-06-06
City Hotel,0,200,2017,June,22,3,2,1,2,0,0,BB,DEU,Online TA,TA/TO,0,0,0,D,D,0,No Deposit,9,NULL,0,Transient,157.5,0,2,Check-Out,2017-06-06
City Hotel,0,198,2017,June,22,2,2,2,2,0,0,BB,AUT,Online TA,TA/TO,0,0,0,D,D,0,No Deposit,9,NULL,0,Transient,157.5,0,2,Check-Out,2017-06-06
City Hotel,0,229,2017,June,23,4,2,0,2,0,0,HB,GBR,Online TA,TA/TO,0,0,0,D,D,0,No Deposit,8,NULL,0,Transient,172.8,0,1,Check-Out,2017-06-06
City Hotel,0,229,2017,June,23,4,2,0,2,0,0,HB,CN,Online TA,TA/TO,0,0,0,D,D,0,No Deposit,8,NULL,0,Transient,172.8,0,1,Check-Out,2017-06-06
City Hotel,0,0,2017,June,23,5,1,0,2,0,0,BB,CHN,Direct,Direct,0,0,0,A,A,0,No Deposit,NULL,NULL,0,Transient,158.0,0,0,Check-Out,2017-06-06
City Hotel,0,43,2017,June,22,3,2,1,2,0,0,BB,POL,Online TA,TA/TO,0,0,0,D,D,0,No Deposit,9,NULL,0,Transient-Party,179.0,0,1,Check-Out,2017-06-06
City Hotel,0,3,2017,June,23,4,2,0,2,0,0,BB,BRA,Direct,Direct,0,0,0,D,D,0,No Deposit,14,NULL,0,Transient,165.0,0,0,Check-Out,2017-06-06
City Hotel,0,5,2017,June,23,5,1,0,2,0,0,BB,PRT,Online TA,TA/TO,0,0,0,A,A,0,No Deposit,9,NULL,0,Transient,160.0,0,1,Check-Out,2017-06-06
City Hotel,0,43,2017,June,22,3,2,1,2,0,0,BB,POL,Online TA,TA/TO,0,0,0,D,D,0,No Deposit,9,NULL,0,Transient-Party,170.0,0,1,Check-Out,2017-06-06
City Hotel,0,60,2017,June,22,3,2,2,2,0,0,BB,FRA,Online TA,TA/TO,0,0,0,D,D,0,No Deposit,9,NULL,0,Transient,170.0,0,1,Check-Out,2017-06-07
City Hotel,0,31,2017,June,23,5,1,1,1,0,0,BB,NLD,Online TA,GDS,0,0,0,D,D,0,No Deposit,195,NULL,0,Transient,155.0,0,0,Check-Out,2017-06-07
City Hotel,0,47,2017,June,22,3,2,2,2,0,0,BB,BEL,Online TA,TA/TO,0,0,0,D,D,0,No Deposit,9,NULL,0,Transient,170.0,0,1,Check-Out,2017-06-07
City Hotel,0,7,2017,June,23,6,0,1,1,0,0,BB,FRA,Online TA,TA/TO,0,0,0,A,A,1,No Deposit,9,NULL,0,Transient,160.0,0,1,Check-Out,2017-06-07
City Hotel,0,7,2017,June,23,6,0,1,1,0,0,BB,ESP,Online TA,TA/TO,0,0,0,A,A,1,No Deposit,9,NULL,0,Transient,160.0,0,1,Check-Out,2017-06-07
City Hotel,0,28,2017,June,23,4,2,1,3,0,0,BB,FRA,Online TA,TA/TO,0,0,0,D,D,0,No Deposit,9,NULL,0,Transient,203.33,0,1,Check-Out,2017-06-07
City Hotel,0,10,2017,June,22,2,2,3,2,1,0,HB,BEL,Direct,Direct,0,0,0,E,E,1,No Deposit,14,NULL,0,Transient,239.0,0,1,Check-Out,2017-06-07
City Hotel,0,24,2017,June,23,4,2,1,2,0,0,BB,ISR,Online TA,TA/TO,0,0,0,D,D,0,No Deposit,9,NULL,0,Transient,170.0,0,1,Check-Out,2017-06-07
City Hotel,0,41,2017,June,23,4,2,1,2,0,0,SC,IRL,Online TA,TA/TO,0,0,0,A,A,0,No Deposit,9,NULL,0,Transient,153.33,0,2,Check-Out,2017-06-07
City Hotel,0,12,2017,June,23,4,2,1,2,0,0,BB,SWE,Online TA,TA/TO,0,0,0,A,A,0,No Deposit,9,NULL,0,Transient,153.33,0,1,Check-Out,2017-06-07
City Hotel,0,155,2017,June,23,5,1,1,2,2,0,BB,DEU,Online TA,TA/TO,0,0,0,F,F,0,No Deposit,9,NULL,0,Transient,225.0,1,2,Check-Out,2017-06-07
City Hotel,0,11,2017,June,23,5,1,1,2,1,0,BB,PRT,Online TA,TA/TO,0,0,0,A,A,1,No Deposit,9,NULL,0,Transient,170.0,0,2,Check-Out,2017-06-07
City Hotel,0,17,2017,June,23,5,1,1,3,0,0,BB,NOR,Online TA,TA/TO,0,0,0,D,D,0,No Deposit,9,NULL,0,Transient,200.0,0,2,Check-Out,2017-06-07
City Hotel,0,146,2017,June,23,4,2,1,2,1,0,BB,DEU,Online TA,TA/TO,0,0,0,A,A,0,No Deposit,9,NULL,0,Transient,162.0,0,2,Check-Out,2017-06-07
City Hotel,0,22,2017,June,23,4,2,1,2,0,0,BB,BRA,Online TA,TA/TO,0,0,0,D,D,0,No Deposit,9,NULL,0,Transient,170.0,0,1,Check-Out,2017-06-07
City Hotel,0,20,2017,June,23,6,0,1,2,0,0,BB,DEU,Online TA,TA/TO,0,0,0,D,D,0,No Deposit,9,NULL,0,Transient,159.0,0,1,Check-Out,2017-06-07
City Hotel,0,145,2017,June,22,3,2,2,3,0,0,BB,GRC,Online TA,TA/TO,0,0,0,A,A,1,No Deposit,9,NULL,0,Transient,182.0,0,2,Check-Out,2017-06-07
City Hotel,0,95,2017,June,23,4,2,2,2,1,0,BB,ROU,Online TA,TA/TO,0,0,0,A,A,0,No Deposit,9,NULL,0,Transient,162.0,0,0,Check-Out,2017-06-08
City Hotel,0,92,2017,June,23,4,2,2,3,0,0,BB,DEU,Online TA,TA/TO,0,0,0,D,D,0,No Deposit,9,NULL,0,Transient,189.0,0,1,Check-Out,2017-06-08
City Hotel,0,38,2017,May,22,30,2,7,2,0,0,BB,DEU,Direct,Direct,0,0,0,A,A,1,No Deposit,14,NULL,0,Transient,154.44,0,0,Check-Out,2017-06-08
City Hotel,0,4,2017,June,23,6,0,2,2,0,0,BB,GBR,Direct,Direct,0,0,0,F,F,0,No Deposit,14,NULL,0,Transient,245.0,0,0,Check-Out,2017-06-08
City Hotel,0,33,2017,June,23,6,0,2,2,0,0,BB,CHL,Online TA,TA/TO,0,0,0,D,D,0,No Deposit,9,NULL,0,Transient,159.0,0,1,Check-Out,2017-06-08
City Hotel,0,43,2017,June,23,6,0,2,2,0,0,BB,LUX,Online TA,TA/TO,0,0,0,F,F,1,No Deposit,9,NULL,0,Transient,259.0,0,0,Check-Out,2017-06-08
City Hotel,0,61,2017,June,23,4,2,2,2,0,0,BB,SWE,Online TA,TA/TO,0,0,0,D,D,0,No Deposit,9,NULL,0,Transient,170.0,0,0,Check-Out,2017-06-08
City Hotel,0,31,2017,June,23,4,2,2,2,1,0,BB,IND,Online TA,TA/TO,0,0,0,D,D,0,No Deposit,8,NULL,0,Transient,152.0,0,1,Check-Out,2017-06-08
City Hotel,0,11,2017,June,23,5,1,2,2,0,0,BB,NLD,Online TA,TA/TO,0,0,0,E,E,0,No Deposit,9,NULL,0,Transient,186.67,0,0,Check-Out,2017-06-08
City Hotel,0,31,2017,June,23,4,2,2,2,1,0,BB,IND,Online TA,TA/TO,0,0,0,D,D,0,No Deposit,8,NULL,0,Transient,169.5,0,2,Check-Out,2017-06-08
City Hotel,0,13,2017,June,23,5,1,2,2,0,0,BB,FRA,Online TA,TA/TO,0,0,0,E,F,0,No Deposit,9,NULL,0,Transient,186.67,0,2,Check-Out,2017-06-08
City Hotel,0,99,2017,June,23,5,1,2,2,1,0,BB,POL,Online TA,TA/TO,0,0,0,A,A,0,No Deposit,9,NULL,0,Transient,162.0,0,2,Check-Out,2017-06-08
City Hotel,0,75,2017,June,23,5,1,2,3,0,0,BB,AUT,Online TA,TA/TO,0,0,0,D,D,0,No Deposit,9,NULL,0,Transient,198.0,0,1,Check-Out,2017-06-08
City Hotel,0,31,2017,June,23,4,2,2,2,0,0,BB,GBR,Online TA,TA/TO,0,0,0,D,D,0,No Deposit,9,NULL,0,Transient,160.0,0,1,Check-Out,2017-06-08
City Hotel,0,29,2017,June,23,4,2,2,2,0,0,BB,NLD,Online TA,TA/TO,0,0,0,E,E,0,No Deposit,9,NULL,0,Transient,190.0,0,1,Check-Out,2017-06-08
City Hotel,0,16,2017,June,23,5,1,2,2,2,0,BB,GBR,Online TA,TA/TO,0,0,0,G,G,1,No Deposit,7,NULL,0,Transient,213.33,0,1,Check-Out,2017-06-08
City Hotel,0,52,2017,June,23,5,1,2,2,0,0,BB,IRL,Direct,Direct,0,0,0,A,A,0,No Deposit,14,NULL,0,Transient,155.0,0,0,Check-Out,2017-06-08
City Hotel,0,53,2017,June,23,5,1,2,3,0,0,BB,GBR,Direct,Direct,0,0,0,D,D,1,No Deposit,14,NULL,0,Transient,188.5,0,0,Check-Out,2017-06-08
City Hotel,0,47,2017,June,22,3,2,3,3,0,0,BB,FRA,Direct,Direct,0,0,0,D,D,0,No Deposit,14,NULL,0,Transient,188.5,0,0,Check-Out,2017-06-08
City Hotel,0,0,2017,June,23,7,0,1,2,0,0,BB,PRT,Direct,Direct,0,0,0,A,A,0,No Deposit,NULL,NULL,0,Transient,170.0,0,1,Check-Out,2017-06-08
City Hotel,0,11,2017,June,23,7,0,1,2,1,0,BB,ISR,Online TA,TA/TO,0,0,0,F,F,1,No Deposit,9,NULL,0,Transient,230.0,0,0,Check-Out,2017-06-08
City Hotel,0,17,2017,June,23,5,1,2,2,0,0,BB,ISR,Online TA,TA/TO,0,0,0,D,D,0,No Deposit,9,NULL,0,Transient,156.67,0,2,Check-Out,2017-06-08
City Hotel,0,17,2017,June,23,5,1,2,2,0,0,HB,IRL,Direct,Direct,0,0,0,D,D,1,No Deposit,14,NULL,0,Transient,187.67,0,1,Check-Out,2017-06-08
City Hotel,0,116,2017,June,23,6,0,3,2,0,0,BB,AUT,Online TA,TA/TO,0,0,0,D,D,0,No Deposit,9,NULL,0,Transient,153.0,0,0,Check-Out,2017-06-09
City Hotel,0,15,2017,June,23,8,0,1,2,2,0,BB,GBR,Online TA,TA/TO,0,0,0,F,F,0,No Deposit,9,NULL,0,Transient,230.0,0,0,Check-Out,2017-06-09
City Hotel,0,11,2017,June,23,4,2,3,2,0,0,BB,DEU,Online TA,TA/TO,0,0,0,E,E,0,No Deposit,83,NULL,0,Transient,154.16,0,0,Check-Out,2017-06-09
City Hotel,0,51,2017,June,23,5,1,3,2,0,0,BB,BEL,Online TA,TA/TO,0,0,0,D,D,0,No Deposit,9,NULL,0,Transient,170.0,0,1,Check-Out,2017-06-09
City Hotel,0,20,2017,June,23,4,2,3,2,0,0,BB,FRA,Direct,Direct,0,0,0,E,E,0,No Deposit,14,NULL,0,Transient,183.0,0,2,Check-Out,2017-06-09
City Hotel,0,44,2017,June,23,7,0,2,2,0,0,BB,GBR,Online TA,TA/TO,0,0,0,A,A,0,No Deposit,9,NULL,0,Transient,160.0,0,2,Check-Out,2017-06-09
City Hotel,0,29,2017,June,23,7,0,2,3,0,0,BB,USA,Online TA,TA/TO,0,0,0,G,G,0,No Deposit,83,NULL,0,Transient,229.6,0,0,Check-Out,2017-06-09
City Hotel,0,16,2017,June,23,4,2,3,2,0,0,BB,GBR,Online TA,TA/TO,0,0,0,D,D,0,No Deposit,9,NULL,0,Transient,158.0,0,1,Check-Out,2017-06-09
City Hotel,0,99,2017,June,23,5,1,3,2,2,0,BB,LUX,Direct,Direct,0,0,0,G,G,1,No Deposit,14,NULL,0,Transient,275.0,0,1,Check-Out,2017-06-09
City Hotel,0,15,2017,June,23,5,1,3,2,0,0,BB,FRA,Online TA,TA/TO,0,0,0,D,D,0,No Deposit,9,NULL,0,Transient,155.0,0,0,Check-Out,2017-06-09
City Hotel,0,53,2017,June,23,5,1,3,2,0,0,BB,IRL,Online TA,TA/TO,0,0,0,D,D,0,No Deposit,9,NULL,0,Transient,170.0,0,1,Check-Out,2017-06-09
City Hotel,0,6,2017,June,23,8,0,1,2,2,0,BB,PRT,Direct,Direct,0,0,0,F,F,0,No Deposit,NULL,NULL,0,Transient,245.0,0,0,Check-Out,2017-06-09
City Hotel,0,35,2017,June,23,7,0,2,2,0,0,HB,GBR,Online TA,TA/TO,0,0,0,A,A,0,No Deposit,9,NULL,0,Transient,159.0,0,1,Check-Out,2017-06-09
City Hotel,0,5,2017,June,23,5,1,3,2,0,0,BB,PRT,Online TA,TA/TO,0,0,0,E,E,1,No Deposit,9,NULL,0,Transient,153.0,0,1,Check-Out,2017-06-09
City Hotel,0,141,2017,June,23,6,0,3,1,2,0,BB,NLD,Online TA,TA/TO,0,0,0,A,A,1,No Deposit,9,NULL,0,Transient,162.0,0,3,Check-Out,2017-06-09
City Hotel,0,60,2017,June,23,7,0,3,2,0,0,BB,GBR,Online TA,TA/TO,0,0,0,D,D,0,No Deposit,9,NULL,0,Transient,170.0,0,0,Check-Out,2017-06-10
City Hotel,0,35,2017,June,23,7,0,3,3,0,0,HB,DEU,Online TA,TA/TO,0,0,0,D,D,0,No Deposit,9,NULL,0,Transient,247.0,0,1,Check-Out,2017-06-10
City Hotel,0,249,2017,June,23,8,0,2,3,0,0,HB,DEU,Online TA,TA/TO,0,0,0,D,D,0,No Deposit,9,NULL,0,Transient,200.7,0,1,Check-Out,2017-06-10
City Hotel,0,30,2017,June,23,5,1,4,3,0,0,BB,POL,Online TA,TA/TO,0,0,0,D,D,0,No Deposit,9,NULL,0,Transient,194.0,0,1,Check-Out,2017-06-10
City Hotel,0,110,2017,June,23,4,2,4,2,0,0,BB,IRL,Online TA,TA/TO,0,0,0,D,D,2,No Deposit,9,NULL,0,Transient,153.0,0,1,Check-Out,2017-06-10
City Hotel,0,146,2017,June,23,5,1,4,2,0,0,BB,NOR,Online TA,TA/TO,0,0,0,D,D,0,No Deposit,9,NULL,0,Transient,157.5,0,2,Check-Out,2017-06-10
City Hotel,0,146,2017,June,23,5,1,4,2,0,0,BB,NOR,Online TA,TA/TO,0,0,0,D,D,0,No Deposit,9,NULL,0,Transient,157.5,0,2,Check-Out,2017-06-10
City Hotel,0,112,2017,June,23,5,1,4,2,0,0,BB,IRL,Online TA,TA/TO,0,0,0,D,D,0,No Deposit,9,NULL,0,Transient,153.0,0,1,Check-Out,2017-06-10
City Hotel,0,74,2017,June,23,8,0,2,2,0,0,HB,AUT,Online TA,TA/TO,0,0,0,D,D,0,No Deposit,9,NULL,0,Transient,208.0,0,0,Check-Out,2017-06-10
City Hotel,0,74,2017,June,23,8,0,2,2,0,0,HB,AUT,Online TA,TA/TO,0,0,0,D,D,0,No Deposit,9,NULL,0,Transient,208.0,0,0,Check-Out,2017-06-10
City Hotel,0,69,2017,June,23,8,0,2,3,0,0,BB,FRA,Direct,Direct,0,0,0,D,D,0,No Deposit,14,NULL,0,Transient,188.5,0,0,Check-Out,2017-06-10
City Hotel,0,28,2017,June,23,5,1,4,2,0,0,HB,BEL,Direct,Direct,0,0,0,A,A,0,No Deposit,14,NULL,0,Transient,175.0,0,1,Check-Out,2017-06-10
City Hotel,0,93,2017,June,23,5,1,4,2,0,0,BB,FRA,Online TA,TA/TO,0,0,0,D,D,1,No Deposit,9,NULL,0,Transient,153.0,0,1,Check-Out,2017-06-10
City Hotel,0,35,2017,June,23,5,1,4,2,0,0,BB,FRA,Online TA,TA/TO,0,0,0,A,A,0,No Deposit,9,NULL,0,Transient,159.2,0,1,Check-Out,2017-06-10
City Hotel,0,29,2017,June,23,6,0,4,2,1,0,BB,FRA,Online TA,TA/TO,0,0,0,A,A,0,No Deposit,9,NULL,0,Transient,160.0,0,2,Check-Out,2017-06-10
City Hotel,0,48,2017,June,23,9,0,1,2,0,0,BB,NLD,Online TA,TA/TO,0,0,0,A,D,0,No Deposit,9,NULL,0,Transient,160.0,0,1,Check-Out,2017-06-10
City Hotel,0,146,2017,June,23,5,1,4,2,0,0,BB,NOR,Online TA,TA/TO,0,0,0,D,D,0,No Deposit,9,NULL,0,Transient,157.5,0,2,Check-Out,2017-06-10
City Hotel,0,63,2017,June,23,5,1,4,2,0,0,BB,FRA,Online TA,TA/TO,0,0,0,D,D,0,No Deposit,9,NULL,0,Transient,170.0,0,1,Check-Out,2017-06-10
City Hotel,0,48,2017,June,23,6,0,4,2,0,0,BB,GBR,Online TA,TA/TO,0,0,0,A,A,2,No Deposit,9,NULL,0,Transient,160.0,0,1,Check-Out,2017-06-10
City Hotel,0,48,2017,June,23,6,0,4,2,0,0,BB,GBR,Online TA,TA/TO,0,0,0,D,D,2,No Deposit,9,NULL,0,Transient,180.0,0,1,Check-Out,2017-06-10
City Hotel,0,30,2017,June,23,8,0,3,2,0,0,BB,GBR,Direct,Direct,0,0,0,A,A,0,No Deposit,14,NULL,0,Transient,181.67,0,3,Check-Out,2017-06-11
City Hotel,0,82,2017,June,23,4,2,5,3,0,0,BB,BRA,Online TA,TA/TO,0,0,0,D,D,0,No Deposit,9,NULL,0,Transient,189.0,0,0,Check-Out,2017-06-11
City Hotel,0,27,2017,June,23,7,0,4,2,0,0,BB,ITA,Direct,Direct,0,0,0,D,D,0,No Deposit,14,NULL,0,Transient,153.0,0,0,Check-Out,2017-06-11
City Hotel,0,147,2017,June,23,8,0,3,2,2,0,BB,IRL,Online TA,TA/TO,0,0,0,F,F,0,No Deposit,9,NULL,0,Transient,216.0,0,0,Check-Out,2017-06-11
City Hotel,0,71,2017,June,23,8,0,3,3,0,0,BB,IND,Online TA,TA/TO,0,0,0,D,D,0,No Deposit,7,NULL,0,Transient,159.6,0,0,Check-Out,2017-06-11
City Hotel,0,16,2017,June,23,8,0,3,2,0,0,BB,ITA,Direct,Direct,0,0,0,A,A,1,No Deposit,14,NULL,0,Transient,156.67,0,1,Check-Out,2017-06-11
City Hotel,0,49,2017,June,23,6,0,5,2,0,0,BB,FRA,Direct,Direct,0,0,0,D,D,0,No Deposit,14,NULL,0,Transient,173.5,0,2,Check-Out,2017-06-11
City Hotel,0,156,2017,June,23,8,0,3,3,0,0,BB,ITA,Direct,Direct,0,0,0,D,D,0,No Deposit,14,NULL,0,Transient,178.5,0,1,Check-Out,2017-06-11
City Hotel,0,29,2017,June,23,8,0,3,1,0,0,BB,SWE,Online TA,TA/TO,0,0,0,A,A,0,No Deposit,9,NULL,0,Transient,156.67,0,1,Check-Out,2017-06-11
City Hotel,0,156,2017,June,23,8,0,3,3,0,0,BB,ITA,Direct,Direct,0,0,0,D,D,0,No Deposit,14,NULL,0,Transient,178.5,0,1,Check-Out,2017-06-11
City Hotel,0,148,2017,June,23,8,0,3,2,0,0,BB,GBR,Online TA,TA/TO,0,0,0,D,D,0,No Deposit,9,NULL,0,Transient,154.8,0,1,Check-Out,2017-06-11
City Hotel,0,73,2017,June,23,8,0,3,1,0,0,BB,CHE,Online TA,TA/TO,0,0,0,D,D,0,No Deposit,9,NULL,0,Transient-Party,170.0,0,0,Check-Out,2017-06-11
City Hotel,0,1,2017,June,23,9,0,2,2,0,0,SC,BRA,Direct,Direct,0,0,0,A,C,0,No Deposit,NULL,NULL,0,Transient,169.0,0,0,Check-Out,2017-06-11
City Hotel,0,26,2017,June,23,10,0,1,2,0,0,BB,PRT,Direct,Direct,0,0,0,A,A,0,No Deposit,14,NULL,0,Transient,153.0,0,1,Check-Out,2017-06-11
City Hotel,0,73,2017,June,23,8,0,3,1,0,0,BB,CHE,Online TA,TA/TO,0,0,0,D,D,0,No Deposit,9,NULL,0,Transient-Party,170.0,0,0,Check-Out,2017-06-11
City Hotel,0,73,2017,June,23,8,0,3,1,0,0,BB,CHE,Online TA,TA/TO,0,0,0,D,D,0,No Deposit,9,NULL,0,Transient-Party,170.0,0,0,Check-Out,2017-06-11
City Hotel,0,40,2017,June,23,9,0,2,2,0,0,BB,NLD,Online TA,TA/TO,0,0,0,A,D,1,No Deposit,9,NULL,0,Transient,160.0,0,1,Check-Out,2017-06-11
City Hotel,0,32,2017,June,23,5,1,5,3,0,0,BB,DEU,Online TA,TA/TO,0,0,0,F,F,1,No Deposit,9,NULL,0,Transient,236.67,0,1,Check-Out,2017-06-11
City Hotel,0,28,2017,June,23,8,0,3,2,2,0,BB,CHE,Online TA,TA/TO,0,0,0,F,F,1,No Deposit,9,NULL,0,Transient,256.67,0,0,Check-Out,2017-06-11
City Hotel,0,4,2017,June,23,10,0,1,2,0,0,BB,DEU,Online TA,TA/TO,0,0,0,D,D,0,No Deposit,9,NULL,0,Transient,190.0,0,1,Check-Out,2017-06-11
City Hotel,0,39,2017,June,23,9,0,2,3,0,0,BB,ESP,Online TA,TA/TO,0,0,0,E,E,0,No Deposit,9,NULL,0,Transient,220.0,0,1,Check-Out,2017-06-11
City Hotel,0,80,2017,June,23,10,0,1,2,1,0,BB,CN,Online TA,TA/TO,0,0,0,A,A,0,No Deposit,9,NULL,0,Transient,162.0,0,0,Check-Out,2017-06-11
City Hotel,0,40,2017,June,23,8,0,3,2,1,0,BB,DNK,Online TA,TA/TO,0,0,0,A,A,1,No Deposit,9,NULL,0,Transient,160.0,0,2,Check-Out,2017-06-11
City Hotel,0,45,2017,June,23,7,0,4,2,0,0,BB,POL,Online TA,TA/TO,0,0,0,A,A,0,No Deposit,9,NULL,0,Transient,160.0,0,1,Check-Out,2017-06-11
City Hotel,0,96,2017,June,23,8,0,3,3,0,0,BB,NLD,Online TA,TA/TO,0,0,0,E,E,1,No Deposit,9,NULL,0,Transient,216.0,0,2,Check-Out,2017-06-11
City Hotel,0,2,2017,June,23,10,0,1,3,0,0,BB,PRT,Direct,Direct,0,0,0,D,D,0,No Deposit,14,NULL,0,Transient,234.0,0,2,Check-Out,2017-06-11
City Hotel,0,1,2017,June,23,10,0,1,2,0,0,BB,PRT,Direct,Direct,0,0,0,D,D,0,No Deposit,14,NULL,0,Transient,175.5,0,2,Check-Out,2017-06-11
City Hotel,0,38,2017,June,23,9,0,2,2,0,0,BB,FRA,Online TA,TA/TO,0,0,0,E,E,0,No Deposit,9,NULL,0,Transient,190.0,0,3,Check-Out,2017-06-11
City Hotel,0,130,2017,June,23,8,0,3,3,0,0,BB,GBR,Online TA,TA/TO,0,0,0,D,D,0,No Deposit,9,NULL,0,Transient,189.0,0,3,Check-Out,2017-06-11
City Hotel,0,130,2017,June,23,8,0,3,3,0,0,BB,GBR,Online TA,TA/TO,0,0,0,D,D,0,No Deposit,9,NULL,0,Transient,189.0,0,3,Check-Out,2017-06-11
City Hotel,0,40,2017,June,23,8,0,3,3,0,0,BB,GBR,Online TA,TA/TO,0,0,0,D,D,0,No Deposit,9,NULL,0,Transient,190.0,0,2,Check-Out,2017-06-11
City Hotel,0,86,2017,June,23,8,0,3,3,0,0,BB,FRA,Online TA,TA/TO,0,0,0,D,D,0,No Deposit,9,NULL,0,Transient,189.0,0,1,Check-Out,2017-06-11
City Hotel,0,0,2017,June,23,8,1,3,3,0,0,BB,AUT,Direct,Direct,0,0,0,A,A,0,No Deposit,NULL,NULL,0,Transient,165.0,0,1,Check-Out,2017-06-12
City Hotel,0,43,2017,June,23,9,1,2,2,0,0,BB,AUT,Online TA,TA/TO,0,0,0,A,A,0,No Deposit,9,NULL,0,Transient,153.33,0,1,Check-Out,2017-06-12
City Hotel,0,76,2017,June,23,9,1,2,2,0,0,BB,GBR,Online TA,TA/TO,0,0,0,A,A,0,No Deposit,9,NULL,0,Transient,160.0,0,1,Check-Out,2017-06-12
City Hotel,0,28,2017,June,23,9,1,2,2,0,0,HB,FRA,Offline TA/TO,TA/TO,0,0,0,A,A,0,No Deposit,20,NULL,0,Transient,181.0,0,0,Check-Out,2017-06-12
City Hotel,0,28,2017,June,23,9,1,2,2,0,0,HB,FRA,Offline TA/TO,TA/TO,0,0,0,A,A,0,No Deposit,20,NULL,0,Transient,181.0,0,0,Check-Out,2017-06-12
City Hotel,0,28,2017,June,23,9,1,2,2,0,0,HB,FRA,Offline TA/TO,TA/TO,0,0,0,A,A,0,No Deposit,20,NULL,0,Transient,181.0,0,0,Check-Out,2017-06-12
City Hotel,0,214,2017,June,23,9,1,2,3,0,0,BB,GBR,Groups,Direct,0,0,0,D,D,0,No Deposit,NULL,NULL,0,Transient-Party,153.13,0,0,Check-Out,2017-06-12
City Hotel,0,226,2017,June,23,9,1,2,3,1,0,BB,PRT,Online TA,TA/TO,0,0,0,G,G,0,No Deposit,8,NULL,0,Transient,242.5,0,1,Check-Out,2017-06-12
City Hotel,0,108,2017,June,23,8,1,3,2,0,0,BB,IRL,Online TA,TA/TO,0,0,0,D,D,2,No Deposit,9,NULL,0,Transient,161.5,0,0,Check-Out,2017-06-12
City Hotel,0,38,2017,June,24,11,1,0,2,2,0,BB,GBR,Offline TA/TO,TA/TO,0,0,0,E,E,0,No Deposit,168,NULL,0,Transient,155.0,0,0,Check-Out,2017-06-12
City Hotel,0,0,2017,June,24,11,1,0,2,0,0,BB,PRT,Direct,Direct,0,0,0,D,D,0,No Deposit,NULL,NULL,0,Transient,153.0,0,0,Check-Out,2017-06-12
City Hotel,0,142,2017,June,23,9,1,2,3,0,0,SC,GBR,Online TA,TA/TO,0,0,0,A,A,1,No Deposit,NULL,NULL,0,Transient,175.33,0,1,Check-Out,2017-06-12
City Hotel,0,37,2017,June,23,9,1,2,3,0,0,BB,GBR,Online TA,TA/TO,0,0,0,E,E,0,No Deposit,9,NULL,0,Transient,226.67,0,2,Check-Out,2017-06-12
City Hotel,0,88,2017,June,23,8,2,3,2,0,0,BB,FRA,Online TA,TA/TO,0,0,0,D,D,0,No Deposit,9,NULL,0,Transient,153.0,0,0,Check-Out,2017-06-13
City Hotel,0,120,2017,June,23,9,2,2,3,0,0,HB,FRA,Online TA,TA/TO,0,0,0,E,E,0,No Deposit,9,NULL,0,Transient,214.2,0,0,Check-Out,2017-06-13
City Hotel,0,90,2017,June,24,11,2,0,3,0,0,BB,BRA,Online TA,TA/TO,0,0,0,D,F,1,No Deposit,9,NULL,0,Transient,189.0,0,0,Check-Out,2017-06-13
City Hotel,0,29,2017,June,23,9,2,2,2,2,0,BB,FRA,Direct,Direct,0,0,0,F,F,0,No Deposit,14,NULL,0,Transient,240.0,0,0,Check-Out,2017-06-13
City Hotel,0,32,2017,June,23,7,2,4,3,0,0,BB,USA,Online TA,TA/TO,0,0,0,E,E,0,No Deposit,9,NULL,0,Transient,223.33,0,1,Check-Out,2017-06-13
City Hotel,0,80,2017,June,23,8,2,3,2,0,0,HB,FRA,Online TA,TA/TO,0,0,0,D,D,1,No Deposit,9,NULL,0,Transient,189.0,0,2,Check-Out,2017-06-13
City Hotel,0,43,2017,June,23,8,2,3,2,0,0,BB,FRA,Online TA,TA/TO,0,0,0,A,A,0,No Deposit,9,NULL,0,Transient,156.0,0,1,Check-Out,2017-06-13
City Hotel,0,29,2017,June,23,6,2,5,2,0,0,HB,DEU,Online TA,TA/TO,0,0,0,A,A,0,No Deposit,9,NULL,0,Transient,170.0,0,1,Check-Out,2017-06-13
City Hotel,0,147,2017,June,24,11,2,0,2,0,0,HB,DEU,Online TA,TA/TO,0,0,0,A,A,0,No Deposit,9,NULL,0,Transient,180.0,0,1,Check-Out,2017-06-13
City Hotel,0,77,2017,June,23,10,2,1,2,0,0,BB,BRA,Online TA,TA/TO,0,0,0,D,D,0,No Deposit,9,NULL,0,Transient,153.0,0,0,Check-Out,2017-06-13
City Hotel,0,33,2017,June,23,9,2,2,2,0,0,BB,BEL,Online TA,TA/TO,0,0,0,A,A,0,No Deposit,9,NULL,0,Transient,154.5,0,1,Check-Out,2017-06-13
City Hotel,0,32,2017,June,23,8,2,3,3,0,0,BB,NLD,Online TA,TA/TO,0,0,0,E,F,0,No Deposit,425,NULL,0,Transient,170.88,0,0,Check-Out,2017-06-13
City Hotel,0,5,2017,June,23,9,2,2,2,0,0,BB,FRA,Online TA,TA/TO,0,0,0,A,A,0,No Deposit,9,NULL,0,Transient,169.75,0,1,Check-Out,2017-06-13
City Hotel,0,81,2017,June,23,10,2,1,2,1,0,HB,FRA,Online TA,TA/TO,0,0,0,D,D,0,No Deposit,7,NULL,0,Transient,169.63,0,0,Check-Out,2017-06-13
City Hotel,0,10,2017,June,24,11,2,0,3,0,0,BB,FRA,Online TA,TA/TO,0,0,0,D,D,0,No Deposit,9,NULL,0,Transient,190.0,0,0,Check-Out,2017-06-13
City Hotel,0,0,2017,June,24,12,1,0,2,0,0,BB,GBR,Direct,Direct,0,0,0,F,F,0,No Deposit,14,NULL,0,Transient,265.0,0,0,Check-Out,2017-06-13
City Hotel,0,16,2017,June,24,12,1,0,2,0,0,HB,FRA,Online TA,TA/TO,0,0,0,A,A,0,No Deposit,9,NULL,0,Transient,167.0,0,0,Check-Out,2017-06-13
City Hotel,0,4,2017,June,23,10,2,1,3,0,0,BB,PRT,Online TA,TA/TO,0,0,0,D,D,0,No Deposit,9,NULL,0,Transient,219.33,0,2,Check-Out,2017-06-13
City Hotel,0,231,2017,June,24,13,0,1,2,2,0,BB,USA,Direct,Direct,0,0,0,F,F,0,No Deposit,14,NULL,0,Transient,175.0,0,0,Check-Out,2017-06-14
City Hotel,0,47,2017,June,24,11,2,1,3,0,0,BB,IRL,Online TA,TA/TO,0,0,0,D,D,0,No Deposit,9,NULL,0,Transient,210.0,0,0,Check-Out,2017-06-14
City Hotel,0,109,2017,June,24,12,1,1,2,0,0,BB,GBR,Online TA,TA/TO,0,0,0,D,D,0,No Deposit,9,NULL,0,Transient,153.0,0,0,Check-Out,2017-06-14
City Hotel,0,112,2017,June,23,10,2,2,2,0,0,HB,DEU,Online TA,TA/TO,0,0,0,D,D,0,No Deposit,9,NULL,0,Transient,187.2,0,0,Check-Out,2017-06-14
City Hotel,0,1,2017,June,24,13,0,1,2,0,0,BB,AGO,Direct,Direct,0,0,0,A,A,1,No Deposit,14,NULL,0,Transient,170.0,0,0,Check-Out,2017-06-14
City Hotel,0,162,2017,June,24,12,1,1,2,0,0,BB,GBR,Online TA,TA/TO,0,0,0,D,D,0,No Deposit,9,NULL,0,Transient,157.5,0,2,Check-Out,2017-06-14
City Hotel,0,15,2017,June,24,11,2,1,2,0,0,HB,FRA,Online TA,TA/TO,0,0,0,A,A,0,No Deposit,9,NULL,0,Transient,167.0,0,1,Check-Out,2017-06-14
City Hotel,0,91,2017,June,24,11,2,1,3,0,0,BB,GBR,Online TA,TA/TO,0,0,0,D,D,0,No Deposit,9,NULL,0,Transient,189.0,0,0,Check-Out,2017-06-14
City Hotel,0,32,2017,June,24,12,1,1,2,0,0,BB,USA,Online TA,TA/TO,0,0,0,D,D,8,No Deposit,9,NULL,0,Transient,190.0,0,1,Check-Out,2017-06-14
City Hotel,0,18,2017,June,24,11,2,2,2,0,0,HB,PRT,Online TA,TA/TO,0,0,0,D,D,0,No Deposit,9,NULL,0,Transient,177.0,0,1,Check-Out,2017-06-15
City Hotel,0,49,2017,June,24,11,2,2,2,1,0,BB,DEU,Online TA,TA/TO,0,0,0,A,A,0,No Deposit,9,NULL,0,Transient,180.0,0,1,Check-Out,2017-06-15
City Hotel,0,60,2017,June,23,8,2,5,2,0,0,HB,FRA,Direct,Direct,0,0,0,E,E,1,No Deposit,14,NULL,0,Transient,231.0,0,0,Check-Out,2017-06-15
City Hotel,0,10,2017,June,24,12,1,2,2,0,0,BB,ESP,Direct,Direct,0,0,0,G,G,0,No Deposit,14,NULL,0,Transient,255.0,0,0,Check-Out,2017-06-15
City Hotel,0,155,2017,June,24,12,1,2,2,0,0,BB,FRA,Online TA,TA/TO,0,0,0,A,A,0,No Deposit,9,NULL,0,Transient,153.0,1,0,Check-Out,2017-06-15
City Hotel,0,97,2017,June,23,10,2,3,2,1,0,BB,DEU,Online TA,TA/TO,0,0,0,D,D,0,No Deposit,8,NULL,0,Transient,170.5,0,0,Check-Out,2017-06-15
City Hotel,0,7,2017,June,24,12,1,2,2,0,0,BB,ESP,Online TA,TA/TO,0,0,0,A,A,1,No Deposit,159,NULL,0,Transient,169.0,0,0,Check-Out,2017-06-15
City Hotel,0,41,2017,June,24,13,0,2,4,0,0,BB,BRA,Online TA,TA/TO,0,0,0,D,D,1,No Deposit,9,NULL,0,Transient,210.0,0,0,Check-Out,2017-06-15
City Hotel,0,30,2017,June,24,12,1,2,2,0,0,BB,FRA,Direct,Direct,0,0,0,A,A,0,No Deposit,14,NULL,0,Transient,161.67,0,3,Check-Out,2017-06-15
City Hotel,0,1,2017,June,23,10,2,3,2,0,0,BB,GRC,Online TA,TA/TO,0,0,0,D,D,0,No Deposit,83,NULL,0,Transient,150.55,0,0,Check-Out,2017-06-15
City Hotel,0,20,2017,June,24,12,1,2,3,0,0,BB,FRA,Online TA,TA/TO,0,0,0,D,D,0,No Deposit,9,NULL,0,Transient,179.0,0,1,Check-Out,2017-06-15
City Hotel,0,47,2017,June,24,12,1,2,2,0,0,BB,DEU,Direct,Direct,0,0,0,E,E,0,No Deposit,14,NULL,0,Transient,213.0,1,0,Check-Out,2017-06-15
City Hotel,0,88,2017,June,23,8,2,5,2,0,0,BB,FRA,Online TA,TA/TO,0,0,0,D,D,0,No Deposit,9,NULL,0,Transient,153.0,0,1,Check-Out,2017-06-15
City Hotel,0,3,2017,June,24,13,0,2,2,0,0,BB,DEU,Online TA,TA/TO,0,0,0,D,D,0,No Deposit,9,NULL,0,Transient,190.0,0,1,Check-Out,2017-06-15
City Hotel,0,36,2017,June,24,11,2,2,3,0,0,BB,PRT,Online TA,TA/TO,0,0,0,D,D,0,No Deposit,8,NULL,0,Transient,185.0,0,1,Check-Out,2017-06-15
City Hotel,0,147,2017,June,24,11,2,2,3,0,0,BB,PHL,Online TA,TA/TO,0,0,0,D,D,0,No Deposit,9,NULL,0,Transient,190.8,0,0,Check-Out,2017-06-15
City Hotel,0,115,2017,June,24,14,0,1,3,0,0,BB,ITA,Online TA,TA/TO,0,0,0,D,E,0,No Deposit,9,NULL,0,Transient,198.0,0,1,Check-Out,2017-06-15
City Hotel,0,40,2017,June,24,15,0,1,2,2,0,BB,PRT,Online TA,TA/TO,0,0,0,F,F,2,No Deposit,9,NULL,0,Transient-Party,230.0,0,0,Check-Out,2017-06-15
City Hotel,0,40,2017,June,24,15,0,1,2,2,0,BB,PRT,Online TA,TA/TO,0,0,0,F,F,2,No Deposit,9,NULL,0,Transient-Party,230.0,0,0,Check-Out,2017-06-15
City Hotel,0,45,2017,June,24,15,0,1,2,1,0,HB,PRT,Online TA,TA/TO,0,0,0,D,D,1,No Deposit,7,NULL,0,Transient,163.88,0,1,Check-Out,2017-06-16
City Hotel,0,27,2017,June,24,12,1,3,2,0,0,BB,FRA,Online TA,TA/TO,0,0,0,E,E,1,No Deposit,9,NULL,0,Transient,181.75,0,1,Check-Out,2017-06-16
City Hotel,0,3,2017,June,24,15,0,1,1,0,0,SC,FRA,Online TA,TA/TO,0,0,0,A,A,1,No Deposit,9,NULL,0,Transient,160.0,0,1,Check-Out,2017-06-16
City Hotel,0,155,2017,June,24,12,1,3,3,0,0,BB,DEU,Online TA,TA/TO,0,0,0,D,D,0,No Deposit,9,NULL,0,Transient,182.75,0,0,Check-Out,2017-06-16
City Hotel,0,167,2017,June,24,12,1,3,3,0,0,BB,DEU,Online TA,TA/TO,0,0,0,D,D,0,No Deposit,9,NULL,0,Transient,182.75,0,2,Check-Out,2017-06-16
City Hotel,0,4,2017,June,24,15,0,1,4,0,0,BB,PRT,Direct,Direct,0,0,0,D,D,1,No Deposit,NULL,NULL,0,Transient,240.0,0,0,Check-Out,2017-06-16
City Hotel,0,76,2017,June,24,11,2,3,2,0,0,BB,SWE,Online TA,TA/TO,0,0,0,D,D,0,No Deposit,8,NULL,0,Transient,153.0,0,2,Check-Out,2017-06-16
City Hotel,0,76,2017,June,24,11,2,3,2,0,0,BB,SWE,Online TA,TA/TO,0,0,0,D,D,0,No Deposit,8,NULL,0,Transient,153.0,0,3,Check-Out,2017-06-16
City Hotel,0,2,2017,June,24,13,0,3,2,1,0,HB,DEU,Online TA,TA/TO,0,0,0,D,D,1,No Deposit,7,NULL,0,Transient,182.4,0,2,Check-Out,2017-06-16
City Hotel,0,50,2017,June,24,13,0,3,2,0,0,BB,KOR,Online TA,TA/TO,0,0,0,A,A,0,No Deposit,9,NULL,0,Transient,160.0,0,1,Check-Out,2017-06-16
City Hotel,0,0,2017,June,24,14,0,2,2,0,0,SC,PRT,Direct,Direct,0,0,0,A,A,1,No Deposit,NULL,NULL,0,Transient,160.0,0,0,Check-Out,2017-06-16
City Hotel,0,24,2017,June,24,12,1,3,3,0,0,BB,DNK,Online TA,TA/TO,0,0,0,G,G,0,No Deposit,7,NULL,0,Transient,209.4,0,1,Check-Out,2017-06-16
City Hotel,0,137,2017,June,24,12,1,3,3,0,0,BB,IRL,Online TA,TA/TO,0,0,0,D,D,0,No Deposit,9,NULL,0,Transient,189.0,0,0,Check-Out,2017-06-16
City Hotel,0,1,2017,June,24,16,0,1,1,0,0,BB,PRT,Online TA,TA/TO,0,0,0,A,A,0,No Deposit,9,NULL,0,Transient,170.0,0,0,Check-Out,2017-06-17
City Hotel,0,205,2017,June,24,13,0,4,2,0,0,BB,BEL,Online TA,TA/TO,0,0,0,D,D,0,No Deposit,9,NULL,0,Transient,150.75,0,2,Check-Out,2017-06-17
City Hotel,0,34,2017,June,23,10,2,5,2,0,0,HB,SWE,Online TA,TA/TO,0,0,0,A,A,0,No Deposit,9,NULL,0,Transient,151.14,0,1,Check-Out,2017-06-17
City Hotel,0,35,2017,June,24,12,1,4,2,0,0,HB,BEL,Online TA,TA/TO,0,0,0,A,A,0,No Deposit,9,NULL,0,Transient,151.2,0,2,Check-Out,2017-06-17
City Hotel,0,175,2017,June,24,14,0,3,2,0,0,HB,BEL,Online TA,TA/TO,0,0,0,A,A,0,No Deposit,9,NULL,0,Transient,171.0,0,1,Check-Out,2017-06-17
City Hotel,0,42,2017,June,24,12,1,4,2,0,0,BB,DEU,Online TA,TA/TO,0,0,0,F,F,1,No Deposit,9,NULL,0,Transient,234.0,0,0,Check-Out,2017-06-17
City Hotel,0,57,2017,June,24,15,0,2,2,0,0,BB,DEU,Online TA,TA/TO,0,0,0,D,D,0,No Deposit,9,NULL,0,Transient,179.0,1,3,Check-Out,2017-06-17
City Hotel,0,52,2017,June,24,16,0,1,2,0,0,BB,GBR,Online TA,TA/TO,0,0,0,A,D,0,No Deposit,9,NULL,0,Transient,160.0,0,2,Check-Out,2017-06-17
City Hotel,0,40,2017,June,24,11,2,4,2,0,0,BB,FRA,Online TA,TA/TO,0,0,0,F,B,4,No Deposit,9,NULL,0,Transient,231.5,0,0,Check-Out,2017-06-17
City Hotel,0,0,2017,June,24,16,0,1,2,0,0,BB,PRT,Direct,Direct,0,0,0,A,D,0,No Deposit,NULL,NULL,0,Transient,170.0,0,1,Check-Out,2017-06-17
City Hotel,0,13,2017,June,24,15,0,3,2,1,0,BB,PRT,Direct,Direct,0,0,0,A,A,0,No Deposit,NULL,NULL,0,Transient,157.33,0,1,Check-Out,2017-06-18
City Hotel,0,39,2017,June,24,15,0,3,3,0,0,BB,DEU,Online TA,TA/TO,0,0,0,E,E,0,No Deposit,9,NULL,0,Transient,233.33,0,1,Check-Out,2017-06-18
City Hotel,0,218,2017,June,24,15,0,3,3,0,0,BB,GBR,Online TA,TA/TO,0,0,0,D,D,1,No Deposit,9,NULL,0,Transient,180.5,0,2,Check-Out,2017-06-18
City Hotel,0,218,2017,June,24,15,0,3,3,0,0,BB,GBR,Online TA,TA/TO,0,0,0,D,D,1,No Deposit,9,NULL,0,Transient,180.5,0,2,Check-Out,2017-06-18
City Hotel,0,218,2017,June,24,15,0,3,3,0,0,BB,GBR,Online TA,TA/TO,0,0,0,D,D,1,No Deposit,9,NULL,0,Transient,180.5,0,2,Check-Out,2017-06-18
City Hotel,0,39,2017,June,24,13,0,5,2,2,0,BB,ITA,Online TA,TA/TO,0,0,0,F,F,0,No Deposit,7,NULL,0,Transient,190.4,0,1,Check-Out,2017-06-18
City Hotel,0,32,2017,June,24,17,0,1,2,0,0,SC,DEU,Online TA,TA/TO,0,0,0,A,A,0,No Deposit,9,NULL,0,Transient,160.0,0,1,Check-Out,2017-06-18
City Hotel,0,49,2017,June,24,15,0,3,2,1,0,BB,DEU,Online TA,TA/TO,0,0,0,A,A,0,No Deposit,9,NULL,0,Transient,180.0,0,1,Check-Out,2017-06-18
City Hotel,0,40,2017,June,24,17,0,1,2,0,0,BB,BEL,Online TA,TA/TO,0,0,0,D,D,0,No Deposit,9,NULL,0,Transient,170.0,0,1,Check-Out,2017-06-18
City Hotel,0,44,2017,June,24,17,0,1,3,0,0,BB,GBR,Online TA,TA/TO,0,0,0,D,D,0,No Deposit,9,NULL,0,Transient,210.0,0,3,Check-Out,2017-06-18
City Hotel,0,1,2017,June,24,16,0,2,2,0,0,BB,ITA,Online TA,TA/TO,0,0,0,A,A,1,No Deposit,9,NULL,0,Transient,180.0,0,0,Check-Out,2017-06-18
City Hotel,0,4,2017,June,24,16,0,2,2,0,0,BB,FRA,Online TA,TA/TO,0,0,0,D,D,1,No Deposit,NULL,NULL,0,Transient-Party,160.0,0,2,Check-Out,2017-06-18
City Hotel,0,118,2017,June,24,15,0,3,2,2,0,BB,FRA,Online TA,TA/TO,0,0,0,F,F,0,No Deposit,9,NULL,0,Transient,230.0,0,0,Check-Out,2017-06-18
City Hotel,0,132,2017,June,24,14,0,4,3,0,0,HB,FRA,Online TA,TA/TO,0,0,0,D,D,0,No Deposit,8,NULL,0,Transient,209.7,0,2,Check-Out,2017-06-18
City Hotel,0,156,2017,June,24,15,0,3,2,0,0,BB,NLD,Online TA,TA/TO,0,0,0,E,E,0,No Deposit,9,NULL,0,Transient,162.0,0,2,Check-Out,2017-06-18
City Hotel,0,156,2017,June,24,15,0,3,2,0,0,BB,NLD,Online TA,TA/TO,0,0,0,E,E,2,No Deposit,9,NULL,0,Transient,162.0,0,1,Check-Out,2017-06-18
City Hotel,0,38,2017,June,24,15,0,3,3,0,0,BB,AUT,Online TA,TA/TO,0,0,0,D,D,0,No Deposit,9,NULL,0,Transient-Party,171.0,0,0,Check-Out,2017-06-18
City Hotel,0,115,2017,June,24,15,0,3,2,0,0,BB,FRA,Online TA,TA/TO,0,0,0,E,E,0,No Deposit,9,NULL,0,Transient,162.0,0,0,Check-Out,2017-06-18
City Hotel,0,175,2017,June,24,15,0,3,3,0,0,BB,FRA,Online TA,TA/TO,0,0,0,D,D,0,No Deposit,9,NULL,0,Transient-Party,175.5,0,1,Check-Out,2017-06-18
City Hotel,0,175,2017,June,24,15,0,3,3,0,0,BB,FRA,Online TA,TA/TO,0,0,0,D,D,0,No Deposit,9,NULL,0,Transient-Party,175.5,0,1,Check-Out,2017-06-18
City Hotel,0,5,2017,June,24,17,0,1,2,0,0,BB,PRT,Direct,Direct,0,0,0,A,A,0,No Deposit,NULL,NULL,0,Transient-Party,153.0,0,0,Check-Out,2017-06-18
City Hotel,0,5,2017,June,24,17,0,1,2,2,0,BB,PRT,Direct,Direct,0,0,0,G,G,0,No Deposit,NULL,NULL,0,Transient-Party,295.0,0,0,Check-Out,2017-06-18
City Hotel,0,5,2017,June,24,17,0,1,3,0,0,BB,PRT,Direct,Direct,0,0,0,D,D,0,No Deposit,NULL,NULL,0,Transient-Party,215.5,0,0,Check-Out,2017-06-18
City Hotel,0,0,2017,June,24,17,0,1,1,0,0,SC,PRT,Online TA,TA/TO,0,0,0,A,A,0,No Deposit,9,NULL,0,Transient,160.0,0,2,Check-Out,2017-06-18
City Hotel,0,0,2017,June,24,17,0,1,2,0,0,BB,PRT,Direct,Direct,0,0,0,D,D,0,No Deposit,NULL,NULL,0,Transient,170.0,0,0,Check-Out,2017-06-18
City Hotel,0,1,2017,June,24,16,0,2,2,0,0,BB,PER,Online TA,TA/TO,0,0,0,A,A,1,No Deposit,9,NULL,0,Transient,160.0,0,1,Check-Out,2017-06-18
City Hotel,0,1,2017,June,24,16,0,2,2,0,0,BB,PER,Online TA,TA/TO,0,0,0,D,D,0,No Deposit,9,NULL,0,Transient,190.0,0,1,Check-Out,2017-06-18
City Hotel,0,103,2017,June,24,15,0,3,3,0,0,BB,GBR,Direct,Direct,0,0,0,F,F,1,No Deposit,14,NULL,0,Transient,271.67,0,1,Check-Out,2017-06-18
City Hotel,0,40,2017,June,24,16,1,2,2,0,0,BB,CHE,Online TA,TA/TO,0,0,0,A,A,0,No Deposit,9,NULL,0,Transient,160.0,0,2,Check-Out,2017-06-19
City Hotel,0,2,2017,June,25,18,1,0,2,0,0,SC,DEU,Direct,Direct,0,0,0,A,A,0,No Deposit,NULL,NULL,0,Transient,160.0,0,2,Check-Out,2017-06-19
City Hotel,0,54,2017,June,24,16,1,2,2,0,0,BB,GBR,Online TA,TA/TO,0,0,0,A,A,0,No Deposit,9,NULL,0,Transient,160.0,0,1,Check-Out,2017-06-19
City Hotel,0,39,2017,June,24,16,1,2,2,0,0,BB,FRA,Online TA,TA/TO,0,0,0,E,E,0,No Deposit,9,NULL,0,Transient,153.0,0,0,Check-Out,2017-06-19
City Hotel,0,39,2017,June,24,16,1,2,2,0,0,BB,FRA,Online TA,TA/TO,0,0,0,E,E,0,No Deposit,9,NULL,0,Transient,153.0,0,0,Check-Out,2017-06-19
City Hotel,0,173,2017,June,24,17,1,1,2,2,0,HB,FRA,Online TA,TA/TO,0,0,0,F,F,2,No Deposit,83,NULL,0,Transient,216.0,0,0,Check-Out,2017-06-19
City Hotel,0,9,2017,June,24,17,1,1,2,1,0,BB,ITA,Direct,Direct,0,0,0,A,A,1,No Deposit,14,NULL,0,Transient,195.0,0,1,Check-Out,2017-06-19
City Hotel,0,236,2017,June,24,16,1,2,2,0,0,HB,BEL,Online TA,TA/TO,0,0,0,A,A,0,No Deposit,9,NULL,0,Transient,151.2,0,2,Check-Out,2017-06-19
City Hotel,0,148,2017,June,24,16,1,2,3,0,0,BB,LUX,Online TA,TA/TO,0,0,0,D,D,0,No Deposit,9,NULL,0,Transient,162.0,0,1,Check-Out,2017-06-19
City Hotel,0,46,2017,June,24,16,1,2,2,0,0,BB,FRA,Online TA,TA/TO,0,0,0,A,A,0,No Deposit,9,NULL,0,Transient,160.0,0,1,Check-Out,2017-06-19
City Hotel,0,158,2017,June,24,16,1,2,1,2,0,BB,FRA,Online TA,TA/TO,0,0,0,E,E,1,No Deposit,159,NULL,0,Transient,153.0,0,0,Check-Out,2017-06-19
City Hotel,0,33,2017,June,25,18,1,0,2,1,0,BB,PRT,Direct,Direct,0,0,0,A,A,0,No Deposit,NULL,NULL,0,Transient,164.0,0,2,Check-Out,2017-06-19
City Hotel,0,3,2017,June,24,15,1,3,2,0,0,BB,FIN,Online TA,TA/TO,0,0,0,A,A,1,No Deposit,9,NULL,0,Transient,177.5,0,1,Check-Out,2017-06-19
City Hotel,0,44,2017,June,23,9,3,7,2,0,1,HB,DEU,Online TA,TA/TO,0,0,0,A,A,1,No Deposit,9,NULL,0,Transient,225.0,0,1,Check-Out,2017-06-19
City Hotel,0,122,2017,June,24,16,1,2,2,0,0,BB,FIN,Online TA,TA/TO,0,0,0,E,F,0,No Deposit,9,NULL,0,Transient,153.0,0,0,Check-Out,2017-06-19
City Hotel,0,114,2017,June,24,17,2,1,3,0,0,BB,NOR,Online TA,TA/TO,0,0,0,D,D,0,No Deposit,9,NULL,0,Transient,162.0,0,0,Check-Out,2017-06-20
City Hotel,0,3,2017,June,25,19,1,0,2,0,0,BB,DEU,Direct,Direct,0,0,0,A,D,1,No Deposit,NULL,NULL,0,Transient,160.0,0,0,Check-Out,2017-06-20
City Hotel,0,172,2017,June,25,18,2,0,2,2,0,BB,USA,Online TA,TA/TO,0,0,0,G,G,0,No Deposit,7,NULL,0,Transient,219.46,0,1,Check-Out,2017-06-20
City Hotel,0,177,2017,June,24,17,2,1,2,0,0,HB,FRA,Online TA,TA/TO,0,0,0,D,D,0,No Deposit,9,NULL,0,Transient,175.5,1,0,Check-Out,2017-06-20
City Hotel,0,135,2017,June,24,14,2,4,3,0,0,HB,FRA,Online TA,TA/TO,0,0,0,E,E,0,No Deposit,9,NULL,0,Transient,198.0,0,3,Check-Out,2017-06-20
City Hotel,0,95,2017,June,24,11,4,5,2,0,0,HB,FRA,Online TA,TA/TO,0,0,0,D,D,0,No Deposit,9,NULL,0,Transient,187.2,0,3,Check-Out,2017-06-20
City Hotel,0,5,2017,June,25,19,1,0,1,0,0,BB,FRA,Online TA,TA/TO,0,0,0,D,D,0,No Deposit,9,NULL,0,Transient,190.0,0,1,Check-Out,2017-06-20
City Hotel,0,35,2017,June,24,13,2,5,2,0,0,HB,ROU,Online TA,TA/TO,0,0,0,A,A,2,No Deposit,9,NULL,0,Transient,196.14,0,1,Check-Out,2017-06-20
City Hotel,0,0,2017,June,25,20,0,1,2,0,0,SC,PRT,Online TA,TA/TO,0,0,0,A,F,0,No Deposit,9,NULL,0,Transient,160.0,0,1,Check-Out,2017-06-21
City Hotel,0,12,2017,June,25,20,0,1,2,0,0,SC,DEU,Online TA,TA/TO,0,0,0,A,A,0,No Deposit,9,NULL,0,Transient,160.0,0,1,Check-Out,2017-06-21
City Hotel,0,4,2017,June,25,20,0,1,1,0,0,SC,ESP,Online TA,GDS,0,0,0,E,E,0,No Deposit,195,NULL,0,Transient,200.0,0,0,Check-Out,2017-06-21
City Hotel,0,130,2017,June,25,18,2,1,2,1,0,BB,NLD,Direct,Direct,0,0,0,A,A,0,No Deposit,14,NULL,0,Transient,165.0,0,3,Check-Out,2017-06-21
City Hotel,0,0,2017,June,25,20,0,1,1,0,0,SC,DNK,Direct,Direct,0,0,0,A,A,0,No Deposit,14,NULL,0,Transient,165.0,0,0,Check-Out,2017-06-21
City Hotel,0,135,2017,June,25,20,0,1,2,0,1,HB,RUS,Online TA,TA/TO,0,0,0,A,B,1,No Deposit,9,NULL,0,Transient,151.2,0,1,Check-Out,2017-06-21
City Hotel,0,135,2017,June,25,20,0,1,2,0,0,HB,RUS,Online TA,TA/TO,0,0,0,A,B,0,No Deposit,9,NULL,0,Transient,151.2,0,1,Check-Out,2017-06-21
City Hotel,0,23,2017,June,25,18,2,1,2,0,0,BB,GBR,Online TA,TA/TO,0,0,0,D,D,0,No Deposit,9,NULL,0,Transient,163.33,0,0,Check-Out,2017-06-21
City Hotel,0,38,2017,June,25,19,1,1,2,0,0,BB,USA,Online TA,TA/TO,0,0,0,A,A,0,No Deposit,9,NULL,0,Transient,165.0,0,2,Check-Out,2017-06-21
City Hotel,0,88,2017,June,25,18,2,1,3,0,0,BB,FRA,Online TA,TA/TO,0,0,0,D,A,0,No Deposit,85,NULL,0,Transient,151.2,0,0,Check-Out,2017-06-21
City Hotel,0,9,2017,June,25,20,0,1,2,0,0,BB,PRT,Direct,Direct,0,0,0,A,A,0,No Deposit,14,NULL,0,Transient,153.0,0,0,Check-Out,2017-06-21
City Hotel,0,3,2017,June,24,17,2,2,2,0,0,BB,PRT,Online TA,TA/TO,0,0,0,D,D,0,No Deposit,9,NULL,0,Transient,190.0,0,1,Check-Out,2017-06-21
City Hotel,0,0,2017,June,25,20,0,1,1,0,0,SC,PRT,Direct,Direct,0,0,0,A,A,2,No Deposit,NULL,NULL,0,Transient,160.0,0,0,Check-Out,2017-06-21
City Hotel,0,98,2017,June,24,17,2,2,2,0,0,HB,FRA,Online TA,TA/TO,0,0,0,D,D,1,No Deposit,83,NULL,0,Transient,151.2,0,0,Check-Out,2017-06-21
City Hotel,0,51,2017,June,25,18,2,1,2,0,0,BB,MAR,Online TA,TA/TO,0,0,0,E,G,0,No Deposit,9,NULL,0,Transient,200.0,0,2,Check-Out,2017-06-21
City Hotel,0,19,2017,June,25,19,1,2,2,0,0,BB,ITA,Online TA,TA/TO,0,0,0,D,D,2,No Deposit,9,NULL,0,Transient,190.0,0,3,Check-Out,2017-06-22
City Hotel,0,9,2017,June,25,19,1,2,2,0,0,BB,ITA,Online TA,TA/TO,0,0,0,A,A,2,No Deposit,9,NULL,0,Transient,170.0,0,3,Check-Out,2017-06-22
City Hotel,0,21,2017,June,25,18,2,2,2,0,0,BB,LUX,Online TA,TA/TO,0,0,0,D,D,2,No Deposit,9,NULL,0,Transient,160.0,0,1,Check-Out,2017-06-22
City Hotel,0,168,2017,June,25,18,2,2,2,2,0,BB,FRA,Online TA,TA/TO,0,0,0,F,F,2,No Deposit,9,NULL,0,Transient,189.0,0,3,Check-Out,2017-06-22
City Hotel,0,127,2017,June,25,19,1,2,3,0,0,BB,BRA,Online TA,TA/TO,0,0,0,D,D,0,No Deposit,9,NULL,0,Transient,162.0,0,0,Check-Out,2017-06-22
City Hotel,0,36,2017,June,25,19,1,2,2,0,0,BB,GBR,Online TA,TA/TO,0,0,0,A,A,0,No Deposit,9,NULL,0,Transient,160.0,0,1,Check-Out,2017-06-22
City Hotel,0,197,2017,June,25,21,0,1,2,2,0,BB,USA,Online TA,TA/TO,0,0,0,F,F,0,No Deposit,9,NULL,0,Transient,189.0,0,1,Check-Out,2017-06-22
City Hotel,0,16,2017,June,25,19,1,2,2,0,0,BB,GBR,Direct,Direct,0,0,0,D,D,0,No Deposit,14,NULL,0,Transient,166.5,0,1,Check-Out,2017-06-22
City Hotel,0,1,2017,June,25,21,0,1,1,0,0,BB,FRA,Online TA,GDS,0,0,0,A,A,0,No Deposit,195,NULL,0,Transient,180.0,0,1,Check-Out,2017-06-22
City Hotel,0,2,2017,June,25,21,0,1,1,0,0,BB,ESP,Direct,Direct,0,0,0,A,A,1,No Deposit,14,NULL,0,Transient,174.0,1,1,Check-Out,2017-06-22
City Hotel,0,23,2017,June,25,21,0,1,2,0,0,HB,ESP,Online TA,TA/TO,0,0,0,D,E,0,No Deposit,9,NULL,0,Transient,188.0,0,2,Check-Out,2017-06-22
City Hotel,0,4,2017,June,25,20,0,2,1,0,0,BB,DEU,Direct,Direct,0,0,0,E,E,0,No Deposit,NULL,NULL,0,Transient,215.0,0,0,Check-Out,2017-06-22
City Hotel,0,21,2017,June,25,18,2,2,2,0,0,BB,ISR,Online TA,TA/TO,0,0,0,E,E,0,No Deposit,9,NULL,0,Transient,190.0,0,0,Check-Out,2017-06-22
City Hotel,0,214,2017,June,25,18,2,2,3,0,0,BB,GBR,Online TA,TA/TO,0,0,0,D,A,0,No Deposit,9,NULL,0,Transient,166.5,0,1,Check-Out,2017-06-22
City Hotel,0,2,2017,June,25,19,1,2,3,0,0,BB,CHN,Online TA,TA/TO,0,0,0,E,E,0,No Deposit,9,NULL,0,Transient,260.0,0,1,Check-Out,2017-06-22
City Hotel,0,118,2017,June,25,20,0,2,2,0,0,BB,DEU,Online TA,TA/TO,0,0,0,E,E,0,No Deposit,9,NULL,0,Transient,153.0,0,2,Check-Out,2017-06-22
City Hotel,0,0,2017,June,25,21,0,1,2,0,0,BB,ZAF,Online TA,TA/TO,0,0,0,A,G,0,No Deposit,9,NULL,0,Transient,162.0,0,0,Check-Out,2017-06-22
City Hotel,0,96,2017,June,25,21,0,1,2,1,0,BB,USA,Online TA,TA/TO,0,0,0,A,A,2,No Deposit,9,NULL,0,Transient,162.0,0,2,Check-Out,2017-06-22
City Hotel,0,90,2017,June,25,19,1,2,3,0,0,BB,GBR,Direct,Direct,0,0,0,D,E,1,No Deposit,NULL,14,0,Transient,225.0,0,3,Check-Out,2017-06-22
City Hotel,0,7,2017,June,25,19,1,2,1,0,0,BB,ISR,Direct,Direct,0,0,0,A,A,1,No Deposit,14,NULL,0,Transient,165.0,0,1,Check-Out,2017-06-22
City Hotel,0,114,2017,June,25,18,2,2,2,2,0,BB,ITA,Online TA,TA/TO,0,0,0,F,F,0,No Deposit,83,NULL,0,Transient,206.0,0,0,Check-Out,2017-06-22
City Hotel,0,31,2017,June,25,19,1,3,2,1,0,BB,DEU,Direct,Direct,0,0,0,D,D,1,No Deposit,14,NULL,0,Transient,175.0,0,0,Check-Out,2017-06-23
City Hotel,0,14,2017,June,25,19,1,3,1,0,0,BB,ITA,Online TA,TA/TO,0,0,0,E,E,0,No Deposit,9,NULL,0,Transient,220.0,0,1,Check-Out,2017-06-23
City Hotel,0,13,2017,June,25,19,1,3,1,0,0,BB,PRT,Online TA,TA/TO,0,0,0,F,F,1,No Deposit,9,NULL,0,Transient,270.0,0,0,Check-Out,2017-06-23
City Hotel,0,66,2017,June,25,20,0,3,2,0,0,BB,POL,Online TA,TA/TO,0,0,0,D,D,0,No Deposit,9,NULL,0,Transient,170.0,0,1,Check-Out,2017-06-23
City Hotel,0,130,2017,June,25,20,0,3,2,0,0,HB,ITA,Online TA,TA/TO,0,0,0,A,A,0,No Deposit,9,NULL,0,Transient,151.2,0,0,Check-Out,2017-06-23
City Hotel,0,12,2017,June,25,21,0,2,1,0,0,BB,DEU,Online TA,TA/TO,0,0,0,A,A,0,No Deposit,9,NULL,0,Transient,170.0,0,1,Check-Out,2017-06-23
City Hotel,0,30,2017,June,25,19,1,3,2,0,0,BB,DEU,Online TA,TA/TO,0,0,0,D,D,0,No Deposit,9,NULL,0,Transient,160.0,0,1,Check-Out,2017-06-23
City Hotel,0,165,2017,June,25,20,0,3,3,0,0,BB,DEU,Online TA,TA/TO,0,0,0,D,D,0,No Deposit,9,NULL,0,Transient,166.5,0,1,Check-Out,2017-06-23
City Hotel,0,53,2017,June,25,19,1,3,2,0,0,BB,GBR,Online TA,TA/TO,0,0,0,A,D,0,No Deposit,42,NULL,0,Transient,153.0,0,2,Check-Out,2017-06-23
City Hotel,0,160,2017,June,25,19,1,3,2,0,0,HB,FRA,Direct,Direct,0,0,0,D,D,1,No Deposit,14,NULL,0,Transient,159.5,0,0,Check-Out,2017-06-23
City Hotel,0,13,2017,June,25,22,0,1,2,0,0,SC,NLD,Direct,Direct,0,0,0,A,A,0,No Deposit,14,NULL,0,Transient-Party,160.0,0,0,Check-Out,2017-06-23
City Hotel,0,99,2017,June,25,19,1,3,2,0,0,BB,FRA,Online TA,TA/TO,0,0,0,D,D,0,No Deposit,9,NULL,0,Transient,162.0,1,1,Check-Out,2017-06-23
City Hotel,0,97,2017,June,25,18,2,3,2,1,0,BB,GBR,Online TA,TA/TO,0,0,0,A,A,0,No Deposit,9,NULL,0,Transient-Party,162.0,0,1,Check-Out,2017-06-23
City Hotel,0,181,2017,June,25,20,0,3,2,0,0,BB,CHE,Online TA,TA/TO,0,0,0,A,A,2,No Deposit,9,NULL,0,Transient,153.33,0,2,Check-Out,2017-06-23
City Hotel,0,67,2017,June,25,20,0,3,2,0,0,BB,FRA,Online TA,TA/TO,0,0,0,D,D,0,No Deposit,9,NULL,0,Transient,170.0,0,2,Check-Out,2017-06-23
City Hotel,0,85,2017,June,25,19,1,3,3,0,0,BB,IRL,Online TA,TA/TO,0,0,0,D,D,0,No Deposit,9,NULL,0,Transient,189.0,0,1,Check-Out,2017-06-23
City Hotel,0,13,2017,June,25,22,0,1,1,0,0,SC,NLD,Direct,Direct,0,0,0,A,A,1,No Deposit,14,NULL,0,Transient-Party,160.0,0,0,Check-Out,2017-06-23
City Hotel,0,151,2017,June,25,19,1,3,2,0,0,HB,CHE,Online TA,TA/TO,0,0,0,D,D,0,No Deposit,9,NULL,0,Transient,162.0,0,3,Check-Out,2017-06-23
City Hotel,0,38,2017,June,25,20,0,3,1,0,0,BB,AUT,Online TA,TA/TO,0,0,0,A,A,1,No Deposit,8,NULL,0,Transient,160.0,0,1,Check-Out,2017-06-23
City Hotel,0,2,2017,June,25,20,0,3,2,0,0,BB,NLD,Direct,Direct,0,0,0,G,G,0,No Deposit,14,NULL,0,Transient,333.67,0,0,Check-Out,2017-06-23
City Hotel,0,160,2017,June,25,20,0,3,2,0,0,BB,RUS,Online TA,TA/TO,0,0,0,D,D,0,No Deposit,9,NULL,0,Transient,161.33,0,0,Check-Out,2017-06-23
City Hotel,0,42,2017,June,25,21,0,3,2,1,0,BB,ITA,Online TA,TA/TO,0,0,0,A,A,0,No Deposit,9,NULL,0,Transient,180.0,0,2,Check-Out,2017-06-24
City Hotel,0,1,2017,June,25,20,0,4,2,0,0,BB,ESP,Direct,Direct,0,0,0,D,D,1,No Deposit,14,NULL,0,Transient,191.75,0,2,Check-Out,2017-06-24
City Hotel,0,224,2017,June,25,18,2,4,2,0,0,HB,DEU,Online TA,TA/TO,0,0,0,D,D,0,No Deposit,9,NULL,0,Transient,164.7,0,2,Check-Out,2017-06-24
City Hotel,0,41,2017,June,24,17,2,5,2,1,0,BB,USA,Online TA,TA/TO,0,0,0,A,A,1,No Deposit,9,NULL,0,Transient,194.29,0,2,Check-Out,2017-06-24
City Hotel,0,156,2017,June,25,20,0,4,3,0,0,BB,SWE,Online TA,TA/TO,0,0,0,D,A,1,No Deposit,9,NULL,0,Transient,163.8,0,0,Check-Out,2017-06-24
City Hotel,0,166,2017,June,25,22,0,2,2,2,0,BB,USA,Online TA,TA/TO,0,0,0,F,F,3,No Deposit,9,NULL,0,Transient,189.0,0,1,Check-Out,2017-06-24
City Hotel,0,39,2017,June,25,20,0,4,2,0,0,BB,FRA,Online TA,TA/TO,0,0,0,A,A,0,No Deposit,9,NULL,0,Transient,160.0,0,1,Check-Out,2017-06-24
City Hotel,0,93,2017,June,24,17,2,5,2,0,0,HB,CHE,Online TA,TA/TO,0,0,0,A,A,0,No Deposit,9,NULL,0,Transient,178.2,0,0,Check-Out,2017-06-24
City Hotel,0,0,2017,June,25,22,0,2,2,0,0,BB,DEU,Online TA,TA/TO,0,0,0,E,E,0,No Deposit,9,NULL,0,Transient,220.0,0,0,Check-Out,2017-06-24
City Hotel,0,16,2017,June,25,21,0,3,2,1,0,BB,BRA,Online TA,TA/TO,0,0,0,A,A,0,No Deposit,9,NULL,0,Transient,200.0,0,2,Check-Out,2017-06-24
City Hotel,0,101,2017,June,25,20,0,4,2,0,0,HB,BEL,Online TA,TA/TO,0,0,0,A,A,0,No Deposit,9,NULL,0,Transient,178.2,0,2,Check-Out,2017-06-24
City Hotel,0,97,2017,June,25,21,0,3,2,1,0,BB,BRA,Online TA,TA/TO,0,0,0,A,A,1,No Deposit,9,NULL,0,Transient,162.0,0,2,Check-Out,2017-06-24
City Hotel,0,30,2017,June,25,21,0,3,2,0,0,BB,CHE,Online TA,TA/TO,0,0,0,E,E,1,No Deposit,9,NULL,0,Transient,206.67,1,1,Check-Out,2017-06-24
City Hotel,0,89,2017,June,24,17,2,5,2,0,0,BB,FRA,Online TA,TA/TO,0,0,0,F,F,1,No Deposit,9,NULL,0,Transient,250.0,0,0,Check-Out,2017-06-24
City Hotel,0,13,2017,June,25,22,0,2,2,0,0,BB,ITA,Online TA,TA/TO,0,0,0,F,F,1,No Deposit,7,NULL,0,Transient,307.8,0,1,Check-Out,2017-06-24
City Hotel,0,118,2017,June,25,24,0,1,3,0,0,BB,SWE,Online TA,TA/TO,0,0,0,E,E,0,No Deposit,9,NULL,0,Transient,189.0,0,0,Check-Out,2017-06-25
City Hotel,0,4,2017,June,25,24,0,1,2,0,0,SC,IRL,Online TA,TA/TO,0,0,0,A,A,0,No Deposit,9,NULL,0,Transient,160.0,0,1,Check-Out,2017-06-25
City Hotel,0,15,2017,June,25,24,0,1,2,0,0,SC,BRA,Online TA,TA/TO,0,0,0,A,A,0,No Deposit,8,NULL,0,Transient,160.0,0,0,Check-Out,2017-06-25
City Hotel,0,149,2017,June,25,24,0,1,2,0,0,HB,USA,Corporate,Corporate,0,0,0,A,B,1,No Deposit,495,NULL,0,Transient-Party,154.0,0,1,Check-Out,2017-06-25
City Hotel,0,149,2017,June,25,24,0,1,2,0,0,HB,USA,Corporate,Corporate,0,0,0,A,A,0,No Deposit,495,NULL,0,Transient-Party,154.0,0,0,Check-Out,2017-06-25
City Hotel,0,149,2017,June,25,24,0,1,2,0,0,HB,USA,Corporate,Corporate,0,0,0,A,A,0,No Deposit,495,NULL,0,Transient-Party,154.0,0,1,Check-Out,2017-06-25
City Hotel,0,149,2017,June,25,24,0,1,2,0,0,HB,USA,Corporate,Corporate,0,0,0,A,A,1,No Deposit,495,NULL,0,Transient-Party,154.0,0,0,Check-Out,2017-06-25
City Hotel,0,149,2017,June,25,24,0,1,2,0,0,HB,USA,Corporate,Corporate,0,0,0,A,A,0,No Deposit,495,NULL,0,Transient-Party,154.0,0,1,Check-Out,2017-06-25
City Hotel,0,129,2017,June,25,18,2,5,2,0,0,HB,FRA,Online TA,TA/TO,0,0,0,A,A,0,No Deposit,9,NULL,0,Transient,160.2,0,0,Check-Out,2017-06-25
City Hotel,0,149,2017,June,25,24,0,1,2,0,0,HB,ITA,Corporate,Corporate,0,0,0,A,B,1,No Deposit,495,NULL,0,Transient-Party,154.0,0,0,Check-Out,2017-06-25
City Hotel,0,149,2017,June,25,24,0,1,2,0,0,HB,USA,Corporate,Corporate,0,0,0,A,D,0,No Deposit,495,NULL,0,Transient-Party,154.0,0,1,Check-Out,2017-06-25
City Hotel,0,156,2017,June,25,22,0,3,3,0,0,BB,GBR,Online TA,TA/TO,0,0,0,D,D,0,No Deposit,9,NULL,0,Transient,162.0,0,0,Check-Out,2017-06-25
City Hotel,0,137,2017,June,25,22,0,3,2,2,0,BB,ITA,Online TA,TA/TO,0,0,0,F,F,0,No Deposit,9,NULL,0,Transient,220.0,0,0,Check-Out,2017-06-25
City Hotel,0,251,2017,June,25,21,0,4,3,0,0,BB,GBR,Online TA,TA/TO,0,0,0,D,D,2,No Deposit,9,NULL,0,Transient,153.68,0,1,Check-Out,2017-06-25
City Hotel,0,55,2017,June,25,23,0,2,3,0,0,BB,NOR,Online TA,TA/TO,0,0,0,D,D,1,No Deposit,9,NULL,0,Transient-Party,200.0,0,1,Check-Out,2017-06-25
City Hotel,0,6,2017,June,25,23,0,2,2,0,0,SC,DEU,Online TA,TA/TO,0,0,0,A,A,0,No Deposit,9,NULL,0,Transient,169.0,0,2,Check-Out,2017-06-25
City Hotel,0,186,2017,June,25,22,0,3,2,0,0,HB,FRA,Online TA,TA/TO,0,0,0,D,D,0,No Deposit,9,NULL,0,Transient,166.5,0,2,Check-Out,2017-06-25
City Hotel,0,186,2017,June,25,22,0,3,2,0,0,HB,FRA,Online TA,TA/TO,0,0,0,D,D,0,No Deposit,9,NULL,0,Transient,166.5,0,2,Check-Out,2017-06-25
City Hotel,0,57,2017,June,25,20,0,5,2,0,0,BB,EST,Online TA,TA/TO,0,0,0,A,A,1,No Deposit,9,NULL,0,Transient,156.0,0,1,Check-Out,2017-06-25
City Hotel,0,1,2017,June,25,24,0,1,2,0,0,SC,DEU,Online TA,TA/TO,0,0,0,A,A,0,No Deposit,9,NULL,0,Transient,160.0,0,1,Check-Out,2017-06-25
City Hotel,0,4,2017,June,25,24,0,1,1,0,0,BB,PRT,Direct,Direct,0,0,0,A,A,0,No Deposit,14,NULL,0,Transient,165.0,0,0,Check-Out,2017-06-25
City Hotel,0,38,2017,June,25,21,0,4,2,0,0,BB,HUN,Online TA,TA/TO,0,0,0,D,D,0,No Deposit,9,NULL,0,Transient,170.0,0,2,Check-Out,2017-06-25
City Hotel,0,38,2017,June,25,21,0,4,2,2,0,BB,HUN,Online TA,TA/TO,0,0,0,F,F,0,No Deposit,9,NULL,0,Transient,250.0,0,1,Check-Out,2017-06-25
City Hotel,0,112,2017,June,25,21,0,4,4,0,0,BB,GBR,Online TA,TA/TO,0,0,0,E,E,0,No Deposit,9,NULL,0,Transient,233.0,0,2,Check-Out,2017-06-25
City Hotel,0,175,2017,June,25,22,0,3,2,0,0,HB,FRA,Online TA,TA/TO,0,0,0,D,D,0,No Deposit,9,NULL,0,Transient,166.5,0,0,Check-Out,2017-06-25
City Hotel,0,21,2017,June,25,22,0,3,1,0,0,SC,ITA,Online TA,TA/TO,0,0,0,A,A,0,No Deposit,9,NULL,0,Transient,160.0,0,2,Check-Out,2017-06-25
City Hotel,0,114,2017,June,25,22,0,3,3,0,0,SC,GBR,Online TA,TA/TO,0,0,0,A,A,5,No Deposit,9,NULL,0,Transient,154.0,0,3,Check-Out,2017-06-25
City Hotel,0,186,2017,June,25,22,0,3,2,0,0,HB,FRA,Online TA,TA/TO,0,0,0,D,D,0,No Deposit,9,NULL,0,Transient,166.5,0,2,Check-Out,2017-06-25
City Hotel,0,8,2017,June,25,23,0,2,2,0,0,SC,FRA,Online TA,TA/TO,0,0,0,A,A,0,No Deposit,9,NULL,0,Transient,160.0,0,1,Check-Out,2017-06-25
City Hotel,0,57,2017,June,25,20,0,5,2,0,0,BB,EST,Online TA,TA/TO,0,0,0,A,A,1,No Deposit,9,NULL,0,Transient,156.0,0,1,Check-Out,2017-06-25
City Hotel,0,37,2017,June,25,20,0,5,2,0,0,BB,USA,Online TA,TA/TO,0,0,0,D,D,0,No Deposit,9,NULL,0,Transient,170.0,0,1,Check-Out,2017-06-25
City Hotel,0,154,2017,June,25,23,0,2,2,2,0,BB,ITA,Online TA,TA/TO,0,0,0,F,F,1,No Deposit,9,NULL,0,Transient,220.0,0,0,Check-Out,2017-06-25
City Hotel,0,136,2017,June,25,24,1,1,2,2,0,BB,NZL,Online TA,TA/TO,0,0,0,F,G,0,No Deposit,9,NULL,0,Transient,220.0,0,0,Check-Out,2017-06-26
City Hotel,0,37,2017,June,25,24,1,1,1,0,0,SC,USA,Direct,Direct,0,0,0,A,A,0,No Deposit,14,NULL,0,Transient,160.0,0,0,Check-Out,2017-06-26
City Hotel,0,16,2017,June,25,22,1,3,2,1,0,BB,KEN,Online TA,TA/TO,0,0,0,A,A,0,No Deposit,9,NULL,0,Transient,200.0,0,2,Check-Out,2017-06-26
City Hotel,0,128,2017,June,25,23,1,2,3,0,0,BB,FRA,Online TA,TA/TO,0,0,0,D,D,0,No Deposit,9,NULL,0,Transient,162.0,0,0,Check-Out,2017-06-26
City Hotel,0,35,2017,June,25,19,2,5,1,0,0,BB,SWE,Online TA,TA/TO,0,0,0,D,D,3,No Deposit,8,NULL,0,Transient,164.22,0,1,Check-Out,2017-06-26
City Hotel,0,215,2017,June,25,22,1,3,3,0,0,BB,ESP,Online TA,TA/TO,0,0,0,D,D,0,No Deposit,9,NULL,0,Transient,166.5,0,0,Check-Out,2017-06-26
City Hotel,0,63,2017,June,25,24,1,1,3,0,0,BB,BEL,Online TA,TA/TO,0,0,0,E,E,0,No Deposit,9,NULL,0,Transient,220.0,0,1,Check-Out,2017-06-26
City Hotel,0,2,2017,June,25,21,1,4,2,2,0,BB,IRL,Direct,Direct,0,0,0,G,G,0,No Deposit,14,NULL,0,Transient,295.0,0,0,Check-Out,2017-06-26
City Hotel,0,8,2017,June,26,25,1,0,2,1,0,BB,GBR,Online TA,TA/TO,0,0,0,A,A,0,No Deposit,9,NULL,0,Transient,200.0,0,1,Check-Out,2017-06-26
City Hotel,0,56,2017,June,25,20,1,5,2,0,0,BB,RUS,Online TA,TA/TO,0,0,0,D,D,0,No Deposit,9,NULL,0,Transient,163.33,0,1,Check-Out,2017-06-26
City Hotel,0,123,2017,June,25,22,1,3,2,0,0,BB,CHE,Online TA,TA/TO,0,0,0,E,E,0,No Deposit,9,NULL,0,Transient,153.0,0,0,Check-Out,2017-06-26
City Hotel,0,5,2017,June,26,25,1,0,1,0,0,BB,GBR,Online TA,TA/TO,0,0,0,D,D,0,No Deposit,9,NULL,0,Transient,190.0,0,1,Check-Out,2017-06-26
City Hotel,0,48,2017,June,26,26,1,0,2,2,0,BB,SWE,Online TA,TA/TO,0,0,0,F,G,0,No Deposit,9,NULL,0,Transient,230.0,0,0,Check-Out,2017-06-27
City Hotel,0,124,2017,June,26,25,2,0,2,0,0,BB,CHE,Online TA,TA/TO,0,0,0,E,E,0,No Deposit,9,NULL,0,Transient,153.0,0,0,Check-Out,2017-06-27
City Hotel,0,72,2017,June,26,26,1,0,2,0,0,BB,USA,Direct,Direct,0,0,0,E,E,0,No Deposit,14,NULL,0,Transient,175.0,0,0,Check-Out,2017-06-27
City Hotel,0,177,2017,June,25,24,2,1,3,0,0,BB,USA,Online TA,TA/TO,0,0,0,D,D,4,No Deposit,9,NULL,0,Transient,166.5,0,5,Check-Out,2017-06-27
City Hotel,0,80,2017,June,26,26,1,0,2,0,0,HB,IRL,Direct,Direct,0,0,0,D,F,0,No Deposit,NULL,14,0,Transient,185.0,0,2,Check-Out,2017-06-27
City Hotel,0,13,2017,June,26,25,2,0,2,0,0,BB,FRA,Direct,Direct,0,0,0,D,D,0,No Deposit,14,NULL,0,Transient,185.0,0,1,Check-Out,2017-06-27
City Hotel,0,278,2017,June,25,24,2,1,2,0,0,HB,ESP,Online TA,TA/TO,0,0,0,A,A,0,No Deposit,9,NULL,0,Transient,151.2,0,2,Check-Out,2017-06-27
City Hotel,0,396,2017,June,26,25,2,0,2,0,0,HB,PRT,Offline TA/TO,TA/TO,0,0,0,A,G,1,No Deposit,6,NULL,0,Transient-Party,186.4,0,1,Check-Out,2017-06-27
City Hotel,0,31,2017,June,26,25,2,1,2,0,0,BB,MEX,Online TA,TA/TO,0,0,0,D,D,0,No Deposit,9,NULL,0,Transient,166.33,0,1,Check-Out,2017-06-28
City Hotel,0,105,2017,June,26,27,0,1,2,0,0,HB,GBR,Direct,Direct,0,0,0,D,D,0,No Deposit,14,NULL,0,Transient,185.0,0,2,Check-Out,2017-06-28
City Hotel,0,41,2017,June,25,24,2,2,2,2,0,BB,ITA,Online TA,TA/TO,0,0,0,F,F,0,No Deposit,9,NULL,0,Transient,235.0,0,0,Check-Out,2017-06-28
City Hotel,0,25,2017,June,26,25,2,1,2,0,0,BB,FRA,Online TA,TA/TO,0,0,0,D,D,0,No Deposit,8,NULL,0,Transient,161.18,0,1,Check-Out,2017-06-28
City Hotel,0,3,2017,June,26,27,0,1,3,0,0,BB,GBR,Online TA,TA/TO,0,0,0,E,E,0,No Deposit,9,NULL,0,Transient,220.0,0,1,Check-Out,2017-06-28
City Hotel,0,26,2017,June,26,26,1,1,3,0,0,BB,FRA,Online TA,TA/TO,0,0,0,G,G,0,No Deposit,8,NULL,0,Transient,269.5,0,1,Check-Out,2017-06-28
City Hotel,0,114,2017,June,26,26,1,2,3,0,0,BB,NLD,Online TA,TA/TO,0,0,0,D,D,0,No Deposit,9,NULL,0,Transient,171.0,0,0,Check-Out,2017-06-29
City Hotel,0,2,2017,June,26,28,0,1,1,0,0,BB,AUT,Online TA,GDS,0,0,0,A,A,0,No Deposit,195,NULL,0,Transient,180.0,0,0,Check-Out,2017-06-29
City Hotel,0,30,2017,June,26,26,1,2,2,0,0,BB,AUT,Online TA,TA/TO,0,0,0,D,D,0,No Deposit,9,NULL,0,Transient,153.0,0,1,Check-Out,2017-06-29
City Hotel,0,109,2017,June,25,22,2,5,2,0,0,BB,FIN,Online TA,TA/TO,0,0,0,E,E,0,No Deposit,9,NULL,0,Transient,162.0,0,0,Check-Out,2017-06-29
City Hotel,0,274,2017,June,25,23,2,4,2,2,0,BB,SWE,Direct,Direct,0,0,0,E,E,1,No Deposit,14,NULL,0,Transient,180.0,0,1,Check-Out,2017-06-29
City Hotel,0,9,2017,June,26,28,0,1,1,0,0,BB,DNK,Online TA,TA/TO,0,0,0,D,D,1,No Deposit,9,NULL,0,Transient,190.0,1,2,Check-Out,2017-06-29
City Hotel,0,8,2017,June,26,28,0,1,1,0,0,SC,POL,Online TA,GDS,0,0,0,A,A,0,No Deposit,195,NULL,0,Transient,159.0,0,0,Check-Out,2017-06-29
City Hotel,0,1,2017,June,26,27,0,2,2,0,0,BB,PRT,Direct,Direct,0,0,0,D,D,0,No Deposit,14,NULL,0,Transient,184.0,1,2,Check-Out,2017-06-29
City Hotel,0,164,2017,June,26,25,2,2,3,0,0,BB,DEU,Online TA,TA/TO,0,0,0,F,F,0,No Deposit,7,NULL,0,Transient,153.62,0,2,Check-Out,2017-06-29
City Hotel,0,30,2017,June,26,26,1,2,3,0,0,BB,SGP,Online TA,TA/TO,0,0,0,D,D,0,No Deposit,9,NULL,0,Transient,193.0,0,0,Check-Out,2017-06-29
City Hotel,0,159,2017,June,25,23,2,4,2,1,0,BB,DEU,Online TA,TA/TO,0,0,0,F,F,2,No Deposit,9,NULL,0,Transient,189.0,0,0,Check-Out,2017-06-29
City Hotel,0,28,2017,June,26,28,0,1,3,0,0,BB,IRL,Online TA,TA/TO,0,0,0,D,D,0,No Deposit,9,NULL,0,Transient,190.0,0,1,Check-Out,2017-06-29
City Hotel,0,2,2017,June,26,28,0,1,2,0,0,SC,USA,Online TA,TA/TO,0,0,0,A,A,0,No Deposit,9,NULL,0,Transient,160.0,0,1,Check-Out,2017-06-29
City Hotel,0,136,2017,June,25,24,2,3,3,1,0,BB,FRA,Online TA,TA/TO,0,0,0,F,F,1,No Deposit,9,NULL,0,Transient,220.0,0,0,Check-Out,2017-06-29
City Hotel,0,178,2017,June,25,24,2,4,3,0,0,BB,DNK,Online TA,TA/TO,0,0,0,E,E,0,No Deposit,9,NULL,0,Transient,178.5,0,2,Check-Out,2017-06-30
City Hotel,0,5,2017,June,26,28,0,2,1,0,0,SC,DEU,Online TA,TA/TO,0,0,0,A,A,0,No Deposit,9,NULL,0,Transient,169.0,0,1,Check-Out,2017-06-30
City Hotel,0,2,2017,June,26,28,0,2,2,0,0,BB,CHE,Direct,Direct,0,0,0,D,D,0,No Deposit,14,NULL,0,Transient,185.0,0,0,Check-Out,2017-06-30
City Hotel,0,8,2017,June,26,29,0,1,1,0,0,BB,ESP,Online TA,GDS,0,0,0,A,A,0,No Deposit,195,NULL,0,Transient,170.0,0,0,Check-Out,2017-06-30
City Hotel,0,36,2017,June,26,29,0,1,1,0,0,BB,AUT,Direct,Direct,0,0,0,D,D,0,No Deposit,14,NULL,0,Transient,185.0,0,0,Check-Out,2017-06-30
City Hotel,0,4,2017,June,26,25,2,3,2,0,0,BB,PRT,Online TA,TA/TO,0,0,0,A,A,0,No Deposit,159,NULL,0,Transient,181.0,0,0,Check-Out,2017-06-30
City Hotel,0,1,2017,June,26,25,2,3,2,0,0,SC,NLD,Online TA,TA/TO,0,0,0,A,A,0,No Deposit,9,NULL,0,Transient,152.0,0,1,Check-Out,2017-06-30
City Hotel,0,112,2017,June,26,25,2,3,3,0,0,BB,SWE,Online TA,TA/TO,0,0,0,E,E,3,No Deposit,9,NULL,0,Transient,198.0,0,1,Check-Out,2017-06-30
City Hotel,0,168,2017,June,26,28,0,2,2,2,0,BB,NOR,Online TA,TA/TO,0,0,0,F,F,4,No Deposit,9,NULL,0,Transient,199.5,0,0,Check-Out,2017-06-30
City Hotel,0,164,2017,June,26,26,1,3,2,0,0,HB,LUX,Online TA,TA/TO,0,0,0,D,D,0,No Deposit,9,NULL,0,Transient,163.8,0,2,Check-Out,2017-06-30
City Hotel,0,46,2017,June,26,29,0,1,3,0,0,BB,FRA,Online TA,TA/TO,0,0,0,E,E,1,No Deposit,9,NULL,0,Transient,220.0,0,2,Check-Out,2017-06-30
City Hotel,0,0,2017,June,26,29,0,1,2,0,0,BB,PRT,Direct,Direct,0,0,0,A,A,0,No Deposit,NULL,NULL,0,Transient,170.0,0,1,Check-Out,2017-06-30
City Hotel,0,54,2017,June,26,26,1,3,2,2,0,BB,POL,Online TA,TA/TO,0,0,0,F,F,0,No Deposit,9,NULL,0,Transient,225.0,0,1,Check-Out,2017-06-30
City Hotel,0,1,2017,June,26,29,0,1,1,0,0,BB,PRT,Direct,Direct,0,0,0,B,A,1,No Deposit,14,NULL,0,Transient,168.5,0,0,Check-Out,2017-06-30
City Hotel,0,2,2017,June,26,29,0,1,2,0,0,BB,PRT,Direct,Direct,0,0,0,B,A,1,No Deposit,14,NULL,0,Transient,159.5,0,0,Check-Out,2017-06-30
City Hotel,0,2,2017,June,26,30,0,1,1,0,0,BB,AUT,Online TA,GDS,0,0,0,A,A,0,No Deposit,195,NULL,0,Transient,180.0,0,0,Check-Out,2017-07-01
City Hotel,0,186,2017,June,26,28,0,3,3,0,0,BB,FRA,Online TA,TA/TO,0,0,0,D,D,1,No Deposit,9,NULL,0,Transient-Party,166.5,0,0,Check-Out,2017-07-01
City Hotel,0,144,2017,June,26,29,0,2,3,0,0,HB,BEL,Online TA,TA/TO,0,0,0,E,E,0,No Deposit,9,NULL,0,Transient,187.2,0,0,Check-Out,2017-07-01
City Hotel,0,6,2017,June,26,30,0,1,2,0,0,SC,SWE,Online TA,TA/TO,0,0,0,A,A,0,No Deposit,9,NULL,0,Transient-Party,160.0,0,1,Check-Out,2017-07-01
City Hotel,0,6,2017,June,26,30,0,1,2,0,0,SC,SWE,Online TA,TA/TO,0,0,0,A,A,0,No Deposit,9,NULL,0,Transient-Party,160.0,0,1,Check-Out,2017-07-01
City Hotel,0,149,2017,June,26,27,0,4,2,0,0,HB,NLD,Online TA,TA/TO,0,0,0,D,D,0,No Deposit,9,NULL,0,Transient,162.0,0,0,Check-Out,2017-07-01
City Hotel,0,104,2017,June,26,26,1,4,2,0,0,HB,ESP,Online TA,TA/TO,0,0,0,D,D,0,No Deposit,9,NULL,0,Transient,169.2,0,2,Check-Out,2017-07-01
City Hotel,0,107,2017,June,26,29,0,2,2,0,0,HB,CHE,Online TA,TA/TO,0,0,0,D,D,0,No Deposit,9,NULL,0,Transient-Party,178.2,1,0,Check-Out,2017-07-01
City Hotel,0,107,2017,June,26,29,0,2,2,1,0,HB,PRT,Online TA,TA/TO,0,0,0,A,A,0,No Deposit,9,NULL,0,Transient-Party,195.3,1,2,Check-Out,2017-07-01
City Hotel,0,2,2017,June,26,30,0,1,2,2,0,BB,GBR,Online TA,TA/TO,0,0,0,F,G,0,No Deposit,8,NULL,0,Transient,295.0,0,1,Check-Out,2017-07-01
City Hotel,0,33,2017,June,26,30,0,1,2,0,0,SC,NOR,Online TA,TA/TO,0,0,0,A,A,0,No Deposit,9,NULL,0,Transient,160.0,0,1,Check-Out,2017-07-01
City Hotel,0,121,2017,June,26,27,0,4,3,0,0,BB,GBR,Online TA,TA/TO,0,0,0,D,D,0,No Deposit,9,NULL,0,Transient,162.0,0,1,Check-Out,2017-07-01
City Hotel,0,140,2017,June,26,28,0,3,2,3,0,BB,NOR,Online TA,TA/TO,0,0,0,F,F,1,No Deposit,9,NULL,0,Transient,220.0,0,0,Check-Out,2017-07-01
City Hotel,0,113,2017,June,26,27,0,4,2,0,0,BB,FRA,Direct,Direct,0,0,0,E,E,0,No Deposit,14,NULL,0,Transient,175.0,0,0,Check-Out,2017-07-01
City Hotel,0,145,2017,June,26,30,0,2,3,0,0,HB,BRA,Online TA,TA/TO,0,0,0,E,E,0,No Deposit,9,NULL,0,Transient,182.25,0,0,Check-Out,2017-07-02
City Hotel,0,114,2017,June,26,29,0,3,3,0,0,BB,GBR,Online TA,TA/TO,0,0,0,D,D,0,No Deposit,9,NULL,0,Transient,171.0,0,0,Check-Out,2017-07-02
City Hotel,0,104,2017,June,26,26,1,5,2,0,0,HB,ESP,Online TA,TA/TO,0,0,0,A,A,0,No Deposit,9,NULL,0,Transient,169.2,0,0,Check-Out,2017-07-02
City Hotel,0,3,2017,July,26,1,0,1,2,0,0,BB,IRL,Online TA,TA/TO,0,0,0,A,A,2,No Deposit,9,NULL,0,Transient,180.0,0,1,Check-Out,2017-07-02
City Hotel,0,103,2017,July,26,1,0,1,3,0,0,BB,ESP,Online TA,TA/TO,0,0,0,E,E,0,No Deposit,9,NULL,0,Transient,198.0,0,0,Check-Out,2017-07-02
City Hotel,0,66,2017,June,26,30,0,2,3,0,0,BB,USA,Online TA,TA/TO,0,0,0,D,D,1,No Deposit,9,NULL,0,Transient,190.0,0,2,Check-Out,2017-07-02
City Hotel,0,88,2017,June,26,30,0,2,2,2,0,BB,FRA,Online TA,TA/TO,0,0,0,F,F,1,No Deposit,9,NULL,0,Transient,230.0,0,0,Check-Out,2017-07-02
City Hotel,0,167,2017,June,26,30,0,2,2,2,0,BB,SWE,Online TA,TA/TO,0,0,0,F,F,0,No Deposit,9,NULL,0,Transient,184.05,0,0,Check-Out,2017-07-02
City Hotel,0,15,2017,June,26,28,0,4,2,0,0,BB,GBR,Online TA,TA/TO,0,0,0,A,A,0,No Deposit,9,NULL,0,Transient,180.0,0,1,Check-Out,2017-07-02
City Hotel,0,139,2017,June,26,27,0,5,3,0,0,BB,GBR,Online TA,TA/TO,0,0,0,D,D,0,No Deposit,9,NULL,0,Transient,160.02,0,0,Check-Out,2017-07-02
City Hotel,0,32,2017,June,26,30,0,2,2,2,0,BB,NOR,Offline TA/TO,TA/TO,0,0,0,G,G,0,No Deposit,182,NULL,0,Transient,250.75,0,0,Check-Out,2017-07-02
City Hotel,0,213,2017,June,26,28,0,4,3,0,0,BB,RUS,Online TA,TA/TO,0,0,0,D,D,0,No Deposit,9,NULL,0,Transient,164.03,0,2,Check-Out,2017-07-02
City Hotel,0,178,2017,June,26,29,0,3,2,2,0,BB,USA,Online TA,TA/TO,0,0,0,G,G,0,No Deposit,7,NULL,0,Transient,216.64,0,2,Check-Out,2017-07-02
City Hotel,0,3,2017,July,26,1,0,1,1,0,0,BB,PRT,Online TA,TA/TO,0,0,0,A,A,2,No Deposit,9,NULL,0,Transient,170.0,0,1,Check-Out,2017-07-02
City Hotel,0,114,2017,June,26,26,1,5,2,0,0,BB,SRB,Online TA,TA/TO,0,0,0,E,E,0,No Deposit,9,NULL,0,Transient,162.0,0,0,Check-Out,2017-07-02
City Hotel,0,126,2017,June,26,29,1,3,3,0,0,BB,DEU,Online TA,TA/TO,0,0,0,D,D,0,No Deposit,9,NULL,0,Transient,157.05,0,0,Check-Out,2017-07-03
City Hotel,0,100,2017,July,27,2,1,0,2,0,1,HB,FRA,Online TA,TA/TO,0,0,0,D,D,1,No Deposit,9,NULL,0,Transient,188.0,0,3,Check-Out,2017-07-03
City Hotel,0,103,2017,July,27,3,1,2,2,0,0,HB,FRA,Online TA,TA/TO,0,0,0,D,D,0,No Deposit,9,NULL,0,Group,169.2,0,3,Check-Out,2017-07-06
City Hotel,0,198,2017,July,27,2,1,0,2,2,0,BB,GBR,Online TA,TA/TO,0,0,0,G,G,1,No Deposit,83,NULL,0,Transient,191.2,0,0,Check-Out,2017-07-03
City Hotel,0,162,2017,July,26,1,1,1,2,2,0,BB,CHE,Online TA,TA/TO,0,0,0,F,F,0,No Deposit,9,NULL,0,Transient,209.0,0,1,Check-Out,2017-07-03
City Hotel,0,170,2017,June,26,30,1,2,2,2,0,HB,POL,Online TA,TA/TO,0,0,0,F,F,1,No Deposit,9,NULL,0,Transient,182.4,0,1,Check-Out,2017-07-03
City Hotel,0,35,2017,July,27,2,1,0,2,3,0,BB,NOR,Online TA,TA/TO,0,0,0,G,G,0,No Deposit,7,NULL,0,Transient,239.64,0,1,Check-Out,2017-07-03
City Hotel,0,132,2017,July,26,1,1,1,3,0,0,BB,ESP,Online TA,TA/TO,0,0,0,D,D,0,No Deposit,9,NULL,0,Transient,152.1,0,0,Check-Out,2017-07-03
City Hotel,0,71,2017,June,26,29,1,3,3,0,0,BB,NLD,Online TA,TA/TO,0,0,0,D,D,1,No Deposit,9,NULL,0,Transient,190.0,0,1,Check-Out,2017-07-03
City Hotel,0,18,2017,July,27,2,1,0,2,0,0,SC,USA,Direct,Direct,0,0,0,A,A,0,No Deposit,14,NULL,0,Transient,160.0,0,2,Check-Out,2017-07-03
City Hotel,0,11,2017,June,26,29,1,3,3,0,0,BB,POL,Online TA,TA/TO,0,0,0,D,D,0,No Deposit,9,NULL,0,Transient,225.0,0,1,Check-Out,2017-07-03
City Hotel,0,134,2017,July,27,2,1,0,3,0,0,BB,COL,Online TA,TA/TO,0,0,0,D,D,0,No Deposit,9,NULL,0,Transient,152.1,0,0,Check-Out,2017-07-03
City Hotel,0,134,2017,July,27,2,1,0,3,0,0,BB,COL,Online TA,TA/TO,0,0,0,D,D,0,No Deposit,9,NULL,0,Transient,161.1,1,0,Check-Out,2017-07-03
City Hotel,0,134,2017,July,27,2,1,0,3,0,0,BB,COL,Online TA,TA/TO,0,0,0,D,D,0,No Deposit,9,NULL,0,Transient,161.1,1,0,Check-Out,2017-07-03
City Hotel,0,64,2017,July,26,1,1,1,2,0,0,BB,NLD,Online TA,TA/TO,0,0,0,E,E,1,No Deposit,9,NULL,0,Transient,180.0,0,1,Check-Out,2017-07-03
City Hotel,0,131,2017,June,26,30,2,2,3,0,0,BB,SWE,Online TA,TA/TO,0,0,0,D,D,0,No Deposit,9,NULL,0,Transient,154.58,0,0,Check-Out,2017-07-04
City Hotel,0,158,2017,June,26,29,2,3,3,0,0,BB,BRA,Online TA,TA/TO,0,0,0,D,D,0,No Deposit,9,NULL,0,Transient,165.06,0,0,Check-Out,2017-07-04
City Hotel,0,169,2017,July,28,10,1,0,3,0,0,BB,BRA,Online TA,TA/TO,0,0,1,D,D,0,No Deposit,9,NULL,0,Group,152.1,0,3,Check-Out,2017-07-11
City Hotel,0,0,2017,June,26,29,2,3,3,0,0,BB,BRA,Online TA,TA/TO,0,0,0,D,D,0,No Deposit,9,NULL,0,Transient,156.06,0,0,Check-Out,2017-07-04
City Hotel,0,16,2017,July,27,2,2,0,2,1,0,BB,ESP,Online TA,TA/TO,0,0,0,A,A,0,No Deposit,9,NULL,0,Transient,180.0,0,0,Check-Out,2017-07-04
City Hotel,0,16,2017,July,27,2,2,0,2,0,0,BB,ESP,Online TA,TA/TO,0,0,0,A,A,0,No Deposit,9,NULL,0,Transient,160.0,0,0,Check-Out,2017-07-04
City Hotel,0,213,2017,June,26,29,2,3,2,2,0,HB,FRA,Online TA,TA/TO,0,0,0,F,F,0,No Deposit,9,NULL,0,Transient,234.36,0,0,Check-Out,2017-07-04
City Hotel,0,133,2017,June,26,27,2,5,3,0,0,BB,NOR,Online TA,TA/TO,0,0,0,D,D,0,No Deposit,9,NULL,0,Transient,157.76,0,0,Check-Out,2017-07-04
City Hotel,0,168,2017,July,26,1,2,1,3,0,0,BB,DEU,Online TA,TA/TO,0,0,0,D,D,0,No Deposit,9,NULL,0,Transient,153.9,0,1,Check-Out,2017-07-04
City Hotel,0,103,2017,June,26,26,3,5,2,1,0,BB,ESP,Online TA,TA/TO,0,0,0,A,A,0,No Deposit,9,NULL,0,Transient,153.0,1,1,Check-Out,2017-07-04
City Hotel,0,186,2017,July,27,3,1,0,3,0,0,BB,BEL,Online TA,TA/TO,0,0,0,D,D,0,No Deposit,9,NULL,0,Transient,156.6,0,0,Check-Out,2017-07-04
City Hotel,0,27,2017,July,27,2,2,0,2,2,0,BB,BRA,Online TA,TA/TO,0,0,0,F,F,2,No Deposit,9,NULL,0,Transient,250.0,0,0,Check-Out,2017-07-04
City Hotel,0,72,2017,July,27,2,2,0,3,0,0,HB,USA,Online TA,TA/TO,0,0,0,D,D,0,No Deposit,9,NULL,0,Transient,247.0,0,1,Check-Out,2017-07-04
City Hotel,0,86,2017,July,27,3,1,0,3,0,0,BB,DEU,Online TA,TA/TO,0,0,0,D,D,0,No Deposit,9,NULL,0,Transient,190.0,0,0,Check-Out,2017-07-04
City Hotel,0,27,2017,July,27,2,2,0,2,0,0,BB,BRA,Online TA,TA/TO,0,0,0,A,A,3,No Deposit,9,NULL,0,Transient,152.0,0,0,Check-Out,2017-07-04
City Hotel,0,83,2017,July,26,1,2,1,3,0,0,BB,GBR,Online TA,TA/TO,0,0,0,D,D,0,No Deposit,9,NULL,0,Transient,190.0,0,1,Check-Out,2017-07-04
City Hotel,0,11,2017,June,26,30,2,2,3,0,0,BB,FRA,Online TA,TA/TO,0,0,0,D,D,0,No Deposit,9,NULL,0,Transient,210.0,0,1,Check-Out,2017-07-04
City Hotel,0,174,2017,June,26,30,2,2,3,0,0,BB,BEL,Online TA,TA/TO,0,0,0,D,D,0,No Deposit,9,NULL,0,Transient,150.24,0,0,Check-Out,2017-07-04
City Hotel,0,8,2017,July,27,3,1,0,3,0,0,BB,PRT,Online TA,TA/TO,0,0,0,D,D,0,No Deposit,9,NULL,0,Transient,190.0,0,1,Check-Out,2017-07-04
City Hotel,0,18,2017,June,26,29,2,3,2,1,0,BB,ITA,Online TA,TA/TO,0,0,0,A,A,0,No Deposit,9,NULL,0,Transient,192.0,0,2,Check-Out,2017-07-04
City Hotel,0,42,2017,June,26,30,2,2,2,2,0,BB,SWE,Direct,Direct,0,0,0,E,E,0,No Deposit,14,NULL,0,Transient,151.58,0,0,Check-Out,2017-07-04
City Hotel,0,14,2017,June,26,30,2,2,2,0,0,BB,GBR,Online TA,TA/TO,0,0,0,D,D,0,No Deposit,9,NULL,0,Transient,180.0,0,1,Check-Out,2017-07-04
City Hotel,0,142,2017,July,27,2,2,1,3,0,0,BB,BRA,Online TA,TA/TO,0,0,0,D,D,2,No Deposit,9,NULL,0,Transient,152.1,0,3,Check-Out,2017-07-05
City Hotel,0,40,2017,June,26,25,4,6,2,1,0,BB,BRA,Online TA,TA/TO,0,0,0,G,G,0,No Deposit,7,NULL,0,Transient,225.29,0,1,Check-Out,2017-07-05
City Hotel,0,139,2017,July,27,2,2,1,2,0,0,HB,CZE,Online TA,TA/TO,0,0,0,D,D,0,No Deposit,9,NULL,0,Transient,150.3,0,0,Check-Out,2017-07-05
City Hotel,0,85,2017,July,27,3,1,1,3,0,0,BB,ESP,Online TA,TA/TO,0,0,0,D,D,0,No Deposit,9,NULL,0,Transient,190.0,0,1,Check-Out,2017-07-05
City Hotel,0,2,2017,June,26,30,2,3,2,0,0,BB,SWE,Online TA,TA/TO,0,0,0,A,A,0,No Deposit,9,NULL,0,Transient,163.2,0,1,Check-Out,2017-07-05
City Hotel,0,5,2017,July,27,3,1,1,2,0,0,BB,FRA,Online TA,TA/TO,0,0,0,A,A,0,No Deposit,9,NULL,0,Transient,159.0,0,1,Check-Out,2017-07-05
City Hotel,0,90,2017,July,26,1,2,2,3,0,0,BB,ESP,Online TA,TA/TO,0,0,0,D,D,0,No Deposit,9,NULL,0,Transient,190.0,0,1,Check-Out,2017-07-05
City Hotel,0,130,2017,July,27,3,1,1,2,1,0,BB,DEU,Direct,Direct,0,0,0,F,G,0,No Deposit,14,NULL,0,Transient,204.0,0,0,Check-Out,2017-07-05
City Hotel,0,220,2017,July,26,1,2,2,2,2,0,BB,BEL,Direct,Direct,0,0,0,F,F,0,No Deposit,14,NULL,0,Transient,170.1,0,0,Check-Out,2017-07-05
City Hotel,0,164,2017,June,26,28,2,6,3,0,0,BB,ROU,Online TA,TA/TO,0,0,0,D,D,0,No Deposit,9,NULL,0,Transient,157.61,0,0,Check-Out,2017-07-06
City Hotel,0,8,2017,July,27,5,0,1,1,0,0,BB,TWN,Online TA,TA/TO,0,0,0,A,D,1,No Deposit,9,NULL,0,Transient,160.0,0,1,Check-Out,2017-07-06
City Hotel,0,9,2017,July,27,5,0,1,1,0,0,BB,TWN,Online TA,TA/TO,0,0,0,A,D,2,No Deposit,9,NULL,0,Transient,160.0,0,1,Check-Out,2017-07-06
City Hotel,0,16,2017,July,27,5,0,1,3,1,0,BB,USA,Online TA,TA/TO,0,0,0,G,G,0,No Deposit,7,NULL,0,Transient,237.48,0,1,Check-Out,2017-07-06
City Hotel,0,164,2017,June,26,27,2,7,2,1,0,BB,FRA,Online TA,TA/TO,0,0,0,F,F,1,No Deposit,9,NULL,0,Transient,183.5,0,1,Check-Out,2017-07-06
City Hotel,0,141,2017,July,27,3,1,2,3,0,0,BB,NOR,Online TA,TA/TO,0,0,0,D,D,0,No Deposit,9,NULL,0,Transient-Party,152.1,0,0,Check-Out,2017-07-06
City Hotel,0,141,2017,July,27,3,1,2,3,0,0,BB,NOR,Online TA,TA/TO,0,0,0,D,D,0,No Deposit,9,NULL,0,Transient-Party,152.1,0,0,Check-Out,2017-07-06
City Hotel,0,224,2017,July,27,2,2,2,3,0,0,BB,BRA,Online TA,TA/TO,0,0,0,D,D,2,No Deposit,9,NULL,0,Transient,160.95,0,0,Check-Out,2017-07-06
City Hotel,0,68,2017,July,27,3,1,2,2,2,0,BB,DEU,Online TA,TA/TO,0,0,0,G,G,2,No Deposit,7,NULL,0,Transient,211.08,0,1,Check-Out,2017-07-06
City Hotel,0,26,2017,July,27,3,1,2,3,0,0,HB,GBR,Online TA,TA/TO,0,0,0,E,E,0,No Deposit,NULL,NULL,0,Transient,177.3,0,1,Check-Out,2017-07-06
City Hotel,0,68,2017,July,27,2,2,2,3,0,0,BB,GBR,Online TA,TA/TO,0,0,0,D,D,0,No Deposit,9,NULL,0,Transient,190.0,0,1,Check-Out,2017-07-06
City Hotel,0,43,2017,June,26,29,2,5,3,0,0,BB,FRA,Online TA,TA/TO,0,0,0,D,D,0,No Deposit,NULL,NULL,0,Transient,154.93,0,0,Check-Out,2017-07-06
City Hotel,0,85,2017,July,27,3,1,2,2,2,0,BB,DNK,Online TA,TA/TO,0,0,0,F,F,1,No Deposit,9,NULL,0,Transient,230.0,0,0,Check-Out,2017-07-06
City Hotel,0,148,2017,July,27,4,0,2,3,0,0,BB,BRA,Online TA,TA/TO,0,0,0,D,D,2,No Deposit,9,NULL,0,Transient,152.1,0,0,Check-Out,2017-07-06
City Hotel,0,8,2017,July,27,4,0,2,2,0,0,BB,FRA,Direct,Direct,0,0,0,A,A,1,No Deposit,14,NULL,0,Transient-Party,170.0,0,1,Check-Out,2017-07-06
City Hotel,0,18,2017,July,27,4,0,2,3,1,0,BB,BRA,Direct,Direct,0,0,0,E,E,0,No Deposit,14,NULL,0,Transient,244.0,0,0,Check-Out,2017-07-06
City Hotel,0,8,2017,July,27,4,0,2,2,0,0,BB,FRA,Direct,Direct,0,0,0,A,A,1,No Deposit,14,NULL,0,Transient-Party,170.0,0,1,Check-Out,2017-07-06
City Hotel,0,39,2017,July,27,5,0,1,2,0,0,SC,USA,Online TA,TA/TO,0,0,0,A,A,0,No Deposit,9,NULL,0,Transient,160.0,0,1,Check-Out,2017-07-06
City Hotel,0,65,2017,July,27,6,0,1,3,0,0,BB,COL,Online TA,TA/TO,0,0,0,D,E,0,No Deposit,9,NULL,0,Transient,170.0,0,0,Check-Out,2017-07-07
City Hotel,0,15,2017,July,27,5,0,2,1,0,0,BB,POL,Online TA,TA/TO,0,0,0,G,G,0,No Deposit,8,NULL,0,Transient,270.0,0,1,Check-Out,2017-07-07
City Hotel,0,24,2017,July,27,6,0,1,2,2,0,BB,DEU,Online TA,TA/TO,0,0,0,G,G,0,No Deposit,7,NULL,0,Transient,250.96,0,1,Check-Out,2017-07-07
City Hotel,0,35,2017,July,27,5,0,2,1,0,0,BB,GBR,Online TA,TA/TO,0,0,0,A,A,0,No Deposit,9,NULL,0,Transient,154.5,0,1,Check-Out,2017-07-07
City Hotel,0,257,2017,July,27,4,0,3,3,0,0,BB,PRT,Online TA,TA/TO,0,0,0,D,D,3,No Deposit,9,NULL,0,Transient,161.1,1,2,Check-Out,2017-07-07
City Hotel,0,171,2017,July,27,3,1,3,3,0,0,BB,DEU,Online TA,TA/TO,0,0,0,D,D,0,No Deposit,9,NULL,0,Transient,153.9,0,1,Check-Out,2017-07-07
City Hotel,0,14,2017,July,27,5,0,2,1,0,0,BB,FRA,Online TA,TA/TO,0,0,0,D,D,0,No Deposit,9,NULL,0,Transient,160.0,0,1,Check-Out,2017-07-07
City Hotel,0,17,2017,July,27,4,0,3,3,0,0,BB,ESP,Online TA,TA/TO,0,0,0,D,D,0,No Deposit,9,NULL,0,Transient-Party,210.0,0,2,Check-Out,2017-07-07
City Hotel,0,17,2017,July,27,4,0,3,2,0,0,BB,ESP,Online TA,TA/TO,0,0,0,D,D,0,No Deposit,9,NULL,0,Transient-Party,179.0,0,2,Check-Out,2017-07-07
City Hotel,0,7,2017,July,27,5,0,2,2,0,0,BB,ISR,Online TA,TA/TO,0,0,0,A,D,0,No Deposit,9,NULL,0,Transient,159.0,0,3,Check-Out,2017-07-07
City Hotel,0,152,2017,July,27,6,0,1,3,0,0,BB,SVK,Online TA,TA/TO,0,0,0,D,D,0,No Deposit,9,NULL,0,Transient,152.1,0,0,Check-Out,2017-07-07
City Hotel,0,6,2017,July,27,4,0,3,2,0,0,BB,CHE,Online TA,TA/TO,0,0,0,A,A,1,No Deposit,9,NULL,0,Transient,166.0,0,1,Check-Out,2017-07-07
City Hotel,0,153,2017,June,26,30,2,5,2,0,0,HB,DEU,Online TA,TA/TO,0,0,0,D,D,0,No Deposit,9,NULL,0,Transient,153.51,0,0,Check-Out,2017-07-07
City Hotel,0,171,2017,July,27,4,0,3,2,2,0,HB,FRA,Online TA,TA/TO,0,0,0,F,F,0,No Deposit,9,NULL,0,Transient,233.1,0,1,Check-Out,2017-07-07
City Hotel,0,163,2017,July,27,3,1,3,3,0,0,HB,FIN,Online TA,TA/TO,0,0,0,E,E,0,No Deposit,9,NULL,0,Transient,179.1,0,2,Check-Out,2017-07-07
City Hotel,0,24,2017,July,27,2,2,3,2,3,0,HB,ROU,Direct,Direct,0,0,0,G,G,1,No Deposit,14,NULL,0,Transient,338.0,0,0,Check-Out,2017-07-07
City Hotel,0,47,2017,July,27,3,1,3,3,0,0,BB,IRL,Online TA,TA/TO,0,0,0,D,D,0,No Deposit,NULL,NULL,0,Transient,152.1,0,0,Check-Out,2017-07-07
City Hotel,0,16,2017,July,27,6,0,2,2,0,0,BB,CHN,Online TA,TA/TO,0,0,0,E,E,0,No Deposit,9,NULL,0,Transient,171.0,0,1,Check-Out,2017-07-08
City Hotel,0,169,2017,July,27,6,0,2,3,0,0,BB,NOR,Online TA,TA/TO,0,0,0,D,D,2,No Deposit,9,NULL,0,Transient-Party,152.1,0,0,Check-Out,2017-07-08
City Hotel,0,15,2017,July,27,6,0,2,2,0,0,HB,ITA,Online TA,TA/TO,0,0,0,F,F,0,No Deposit,7,NULL,0,Transient,237.6,0,1,Check-Out,2017-07-08
City Hotel,0,184,2017,July,27,7,0,1,2,3,0,BB,ARM,Direct,Direct,0,0,0,G,G,0,No Deposit,14,NULL,0,Transient,251.7,0,0,Check-Out,2017-07-08
City Hotel,0,178,2017,July,27,5,0,3,2,2,0,BB,BEL,Online TA,TA/TO,0,0,0,F,F,1,No Deposit,9,NULL,0,Transient,179.1,1,1,Check-Out,2017-07-08
City Hotel,0,92,2017,July,27,7,0,1,3,0,0,HB,AUS,Online TA,TA/TO,0,0,0,D,D,0,No Deposit,9,NULL,0,Transient,247.0,0,0,Check-Out,2017-07-08
City Hotel,0,216,2017,July,26,1,2,5,3,0,0,BB,FRA,Online TA,TA/TO,0,0,0,D,D,0,No Deposit,9,NULL,0,Transient,156.6,0,2,Check-Out,2017-07-08
City Hotel,0,174,2017,July,27,5,0,3,3,0,0,BB,BEL,Online TA,TA/TO,0,0,0,D,D,0,No Deposit,9,NULL,0,Transient,153.9,0,1,Check-Out,2017-07-08
City Hotel,0,224,2017,July,27,3,1,4,2,2,0,HB,ITA,Online TA,TA/TO,0,0,0,F,F,1,No Deposit,9,NULL,0,Transient,179.1,0,0,Check-Out,2017-07-08
City Hotel,0,162,2017,July,27,3,1,4,3,0,0,HB,FRA,Online TA,TA/TO,0,0,0,E,E,1,No Deposit,9,NULL,0,Transient,179.1,0,2,Check-Out,2017-07-08
City Hotel,0,162,2017,July,27,3,1,4,3,0,0,HB,FRA,Online TA,TA/TO,0,0,0,E,E,1,No Deposit,9,NULL,0,Transient,179.1,0,2,Check-Out,2017-07-08
City Hotel,0,9,2017,July,27,6,0,2,1,0,0,BB,FRA,Online TA,TA/TO,0,0,0,E,E,1,No Deposit,9,NULL,0,Transient,189.0,0,2,Check-Out,2017-07-08
City Hotel,0,9,2017,July,27,6,0,2,2,0,0,BB,FRA,Online TA,TA/TO,0,0,0,E,E,0,No Deposit,9,NULL,0,Transient,189.0,0,2,Check-Out,2017-07-08
City Hotel,0,158,2017,July,27,6,0,2,3,0,0,BB,BRA,Online TA,TA/TO,0,0,0,D,D,0,No Deposit,9,NULL,0,Transient,161.1,0,0,Check-Out,2017-07-08
City Hotel,0,89,2017,July,27,8,0,1,1,0,0,BB,GBR,Direct,Direct,0,0,0,D,D,1,No Deposit,14,NULL,0,Transient,170.5,0,1,Check-Out,2017-07-09
City Hotel,0,122,2017,July,27,8,0,1,3,0,0,BB,PRT,Online TA,TA/TO,0,0,0,E,E,3,No Deposit,9,NULL,0,Transient-Party,198.0,0,2,Check-Out,2017-07-09
City Hotel,0,145,2017,July,27,6,0,3,3,0,0,BB,NOR,Online TA,TA/TO,0,0,0,D,D,0,No Deposit,9,NULL,0,Transient,152.1,0,1,Check-Out,2017-07-09
City Hotel,0,117,2017,July,27,7,0,2,2,2,0,BB,DEU,Online TA,TA/TO,0,0,0,G,G,0,No Deposit,8,NULL,0,Transient,295.0,0,0,Check-Out,2017-07-09
City Hotel,0,117,2017,July,27,7,0,2,2,2,0,BB,CN,Online TA,TA/TO,0,0,0,F,F,0,No Deposit,8,NULL,0,Transient,247.5,0,0,Check-Out,2017-07-09
City Hotel,0,89,2017,July,27,8,0,1,2,0,0,BB,GBR,Direct,Direct,0,0,0,D,D,1,No Deposit,14,NULL,0,Transient,170.5,0,1,Check-Out,2017-07-09
City Hotel,0,162,2017,July,27,5,0,4,3,0,0,BB,GBR,Online TA,TA/TO,0,0,0,D,D,0,No Deposit,9,NULL,0,Transient,152.1,0,0,Check-Out,2017-07-09
City Hotel,0,237,2017,July,27,6,0,3,3,0,0,BB,DEU,Online TA,TA/TO,0,0,0,D,D,0,No Deposit,9,NULL,0,Transient,156.6,0,1,Check-Out,2017-07-09
City Hotel,0,18,2017,July,27,8,0,1,2,0,0,BB,PRT,Direct,Direct,0,0,0,E,E,1,No Deposit,14,NULL,0,Transient-Party,195.0,0,2,Check-Out,2017-07-09
City Hotel,0,19,2017,July,27,7,0,2,2,0,0,BB,FRA,Online TA,TA/TO,0,0,0,E,E,0,No Deposit,9,NULL,0,Transient,200.0,0,1,Check-Out,2017-07-09
City Hotel,0,88,2017,July,27,5,0,4,3,0,0,BB,CZE,Online TA,TA/TO,0,0,0,D,D,0,No Deposit,9,NULL,0,Transient,190.0,0,0,Check-Out,2017-07-09
City Hotel,0,123,2017,July,27,5,0,4,2,0,0,BB,BEL,Online TA,TA/TO,0,0,0,E,E,0,No Deposit,9,NULL,0,Transient,171.0,0,0,Check-Out,2017-07-09
City Hotel,0,216,2017,July,27,8,1,1,2,1,0,HB,DNK,Online TA,TA/TO,0,0,0,D,D,0,No Deposit,8,NULL,0,Transient,192.6,0,1,Check-Out,2017-07-10
City Hotel,0,162,2017,July,27,4,1,5,3,0,0,BB,BEL,Online TA,TA/TO,0,0,0,D,D,0,No Deposit,9,NULL,0,Transient-Party,152.1,0,1,Check-Out,2017-07-10
City Hotel,0,131,2017,July,27,7,1,2,3,0,0,BB,DEU,Online TA,TA/TO,0,0,0,E,E,0,No Deposit,9,NULL,0,Transient,179.1,0,1,Check-Out,2017-07-10
City Hotel,0,18,2017,July,27,8,1,1,2,0,0,BB,PRT,Direct,Direct,0,0,0,E,E,2,No Deposit,14,NULL,0,Transient-Party,195.0,0,2,Check-Out,2017-07-10
City Hotel,0,31,2017,July,28,9,1,0,2,0,0,BB,POL,Online TA,TA/TO,0,0,0,A,A,0,No Deposit,9,NULL,0,Transient,160.0,0,1,Check-Out,2017-07-10
City Hotel,0,237,2017,July,27,2,3,5,2,1,1,HB,FRA,Direct,Direct,0,0,0,E,E,4,No Deposit,14,NULL,0,Transient,207.0,0,0,Check-Out,2017-07-10
City Hotel,0,221,2017,July,27,5,1,4,2,2,0,BB,DEU,Online TA,TA/TO,0,0,0,F,F,2,No Deposit,9,NULL,0,Transient,179.1,0,1,Check-Out,2017-07-10
City Hotel,0,99,2017,July,27,7,1,2,3,0,0,BB,PRT,Online TA,TA/TO,0,0,0,D,D,0,No Deposit,9,NULL,0,Transient,190.0,0,0,Check-Out,2017-07-10
City Hotel,0,165,2017,July,27,7,1,2,2,0,0,BB,GBR,Online TA,TA/TO,0,0,0,D,D,0,No Deposit,9,NULL,0,Transient-Party,152.1,0,1,Check-Out,2017-07-10
City Hotel,0,71,2017,July,27,7,1,2,3,0,0,BB,GBR,Online TA,TA/TO,0,0,0,D,D,4,No Deposit,9,NULL,0,Transient,200.0,0,1,Check-Out,2017-07-10
City Hotel,0,5,2017,July,28,9,1,0,3,0,0,BB,PRT,Direct,Direct,0,0,0,E,E,0,No Deposit,NULL,NULL,0,Transient,198.0,0,0,Check-Out,2017-07-10
City Hotel,0,15,2017,July,27,6,1,3,1,1,0,BB,CHN,Online TA,TA/TO,0,0,0,A,A,1,No Deposit,9,NULL,0,Transient,155.0,0,2,Check-Out,2017-07-10
City Hotel,0,18,2017,July,27,6,1,3,1,1,0,BB,PRT,Online TA,TA/TO,0,0,0,A,A,1,No Deposit,9,NULL,0,Transient-Party,160.0,0,2,Check-Out,2017-07-10
City Hotel,0,153,2017,July,27,8,1,1,2,1,0,BB,BRA,Direct,Direct,0,0,0,E,E,0,No Deposit,14,NULL,0,Transient,154.0,0,2,Check-Out,2017-07-10
City Hotel,0,18,2017,July,27,6,1,3,2,0,0,BB,PRT,Online TA,TA/TO,0,0,0,A,A,0,No Deposit,9,NULL,0,Transient-Party,160.0,0,2,Check-Out,2017-07-10
City Hotel,0,125,2017,July,28,10,1,0,3,0,0,BB,PRT,Direct,Direct,0,0,0,D,D,0,No Deposit,14,NULL,0,Transient,170.5,0,0,Check-Out,2017-07-11
City Hotel,0,175,2017,July,28,9,2,0,2,2,0,BB,GBR,Online TA,TA/TO,0,0,0,F,F,2,No Deposit,9,NULL,0,Transient,179.1,0,0,Check-Out,2017-07-11
City Hotel,0,153,2017,July,27,8,2,1,2,0,0,BB,CHE,Online TA,TA/TO,0,0,0,D,D,0,No Deposit,9,NULL,0,Transient,152.1,0,0,Check-Out,2017-07-11
City Hotel,0,19,2017,July,27,7,2,2,2,0,0,BB,BRA,Online TA,TA/TO,0,0,0,A,A,0,No Deposit,9,NULL,0,Transient,160.0,0,1,Check-Out,2017-07-11
City Hotel,0,80,2017,July,27,7,2,2,3,2,0,BB,ESP,Direct,Direct,0,0,0,G,G,0,No Deposit,14,NULL,0,Transient,297.25,0,0,Check-Out,2017-07-11
City Hotel,0,170,2017,July,27,8,2,1,2,0,0,BB,NOR,Online TA,TA/TO,0,0,0,D,A,0,No Deposit,9,NULL,0,Transient-Party,152.1,0,1,Check-Out,2017-07-11
City Hotel,0,1,2017,July,28,10,1,0,2,3,0,BB,USA,Online TA,TA/TO,0,0,0,G,G,0,No Deposit,7,NULL,0,Transient,264.44,0,1,Check-Out,2017-07-11
City Hotel,0,263,2017,July,27,6,2,3,2,1,0,HB,GBR,Online TA,TA/TO,0,0,0,A,A,0,No Deposit,9,NULL,0,Transient,166.05,0,2,Check-Out,2017-07-11
City Hotel,0,76,2017,July,28,9,2,0,3,0,0,BB,FRA,Online TA,TA/TO,0,0,0,E,E,0,No Deposit,9,NULL,0,Transient,220.0,0,2,Check-Out,2017-07-11
City Hotel,0,11,2017,July,28,9,2,0,2,0,0,BB,SVK,Online TA,TA/TO,0,0,0,A,A,0,No Deposit,9,NULL,0,Transient,160.0,0,1,Check-Out,2017-07-11
City Hotel,0,53,2017,July,27,8,2,1,2,0,0,BB,USA,Online TA,TA/TO,0,0,0,A,A,0,No Deposit,9,NULL,0,Transient,160.0,0,1,Check-Out,2017-07-11
City Hotel,0,9,2017,July,28,9,2,0,2,1,0,BB,PRT,Direct,Direct,0,0,0,A,A,3,No Deposit,14,NULL,0,Transient,184.0,0,1,Check-Out,2017-07-11
City Hotel,0,90,2017,July,28,9,2,0,2,0,0,BB,GBR,Direct,Direct,0,0,0,E,D,0,No Deposit,14,NULL,0,Transient,175.0,0,3,Check-Out,2017-07-11
City Hotel,0,83,2017,July,28,9,2,0,3,0,0,BB,GBR,Online TA,TA/TO,0,0,0,D,E,0,No Deposit,9,NULL,0,Transient,190.0,0,2,Check-Out,2017-07-11
City Hotel,0,37,2017,July,28,9,2,0,2,0,0,BB,ESP,Direct,Direct,0,0,0,D,D,0,No Deposit,14,NULL,0,Transient,155.0,0,0,Check-Out,2017-07-11
City Hotel,0,114,2017,July,27,8,2,2,3,1,0,BB,SAU,Online TA,TA/TO,0,0,0,G,G,0,No Deposit,7,NULL,0,Transient,221.49,0,2,Check-Out,2017-07-12
City Hotel,0,23,2017,July,28,11,0,1,2,1,0,BB,MEX,Online TA,TA/TO,0,0,0,A,A,0,No Deposit,9,NULL,0,Transient,160.0,0,2,Check-Out,2017-07-12
City Hotel,0,1,2017,July,28,11,0,1,2,0,0,BB,CHE,Online TA,TA/TO,0,0,0,D,D,0,No Deposit,9,NULL,0,Transient,170.0,0,0,Check-Out,2017-07-12
City Hotel,0,65,2017,July,28,10,1,1,2,2,0,BB,ESP,Direct,Direct,0,0,0,E,E,0,No Deposit,14,NULL,0,Transient,194.0,0,0,Check-Out,2017-07-12
City Hotel,0,65,2017,July,28,10,1,1,2,2,0,BB,FRA,Direct,Direct,0,0,0,E,E,0,No Deposit,14,NULL,0,Transient,185.0,0,0,Check-Out,2017-07-12
City Hotel,0,0,2017,July,28,11,0,1,2,0,0,BB,CHN,Direct,Direct,0,0,0,D,D,0,No Deposit,NULL,NULL,0,Transient,165.0,0,0,Check-Out,2017-07-12
City Hotel,0,1,2017,July,28,11,0,1,2,0,0,BB,PRT,Online TA,TA/TO,0,0,0,D,D,0,No Deposit,9,NULL,0,Transient,170.0,0,0,Check-Out,2017-07-12
City Hotel,0,0,2017,July,28,11,0,1,1,3,0,BB,CHN,Direct,Direct,0,0,0,E,E,0,No Deposit,NULL,NULL,0,Transient,215.0,0,0,Check-Out,2017-07-12
City Hotel,0,69,2017,July,28,10,1,1,3,0,0,BB,BRA,Online TA,TA/TO,0,0,0,D,D,0,No Deposit,9,NULL,0,Transient,180.0,0,2,Check-Out,2017-07-12
City Hotel,0,49,2017,July,28,9,2,1,2,0,0,BB,DEU,Online TA,TA/TO,0,0,0,D,D,0,No Deposit,9,NULL,0,Transient,156.67,0,0,Check-Out,2017-07-12
City Hotel,0,71,2017,July,28,10,1,1,3,0,0,BB,IRL,Online TA,TA/TO,0,0,0,D,D,0,No Deposit,9,NULL,0,Transient,190.0,0,2,Check-Out,2017-07-12
City Hotel,0,198,2017,July,27,4,2,6,2,2,0,BB,DEU,Online TA,TA/TO,0,0,0,F,F,0,No Deposit,9,NULL,0,Transient,188.1,0,1,Check-Out,2017-07-12
City Hotel,0,191,2017,July,27,8,2,2,2,2,0,BB,POL,Online TA,TA/TO,0,0,0,F,F,0,No Deposit,42,NULL,0,Transient,152.28,0,0,Check-Out,2017-07-12
City Hotel,0,101,2017,July,27,6,2,4,2,3,0,BB,FIN,Direct,Direct,0,0,0,G,G,1,No Deposit,14,NULL,0,Transient,255.0,0,0,Check-Out,2017-07-12
City Hotel,0,17,2017,July,28,9,2,2,2,0,0,HB,FRA,Online TA,TA/TO,0,0,0,A,A,0,No Deposit,7,NULL,0,Transient,150.4,0,1,Check-Out,2017-07-13
City Hotel,0,42,2017,July,28,12,0,1,2,1,0,BB,BRA,Online TA,TA/TO,0,0,0,A,A,0,No Deposit,9,NULL,0,Transient,160.0,0,0,Check-Out,2017-07-13
City Hotel,0,78,2017,July,28,9,2,2,2,1,0,BB,GBR,Direct,Direct,0,0,0,D,D,0,No Deposit,14,NULL,0,Transient,150.5,0,1,Check-Out,2017-07-13
City Hotel,0,214,2017,July,27,6,2,5,3,0,0,BB,FRA,Online TA,TA/TO,0,0,0,D,D,0,No Deposit,9,NULL,0,Transient,156.6,0,2,Check-Out,2017-07-13
City Hotel,0,90,2017,July,28,10,1,2,3,0,0,BB,FRA,Online TA,TA/TO,0,0,0,D,D,0,No Deposit,9,NULL,0,Transient,190.0,0,1,Check-Out,2017-07-13
City Hotel,0,201,2017,July,28,11,0,2,2,2,0,BB,FRA,Online TA,TA/TO,0,0,0,F,F,1,No Deposit,9,NULL,0,Transient,179.1,0,0,Check-Out,2017-07-13
City Hotel,0,23,2017,July,28,11,0,2,2,1,0,BB,ESP,Online TA,TA/TO,0,0,0,A,A,0,No Deposit,9,NULL,0,Transient,160.0,0,1,Check-Out,2017-07-13
City Hotel,0,174,2017,July,28,11,0,2,3,1,0,BB,FRA,Direct,Direct,0,0,0,E,E,0,No Deposit,14,NULL,0,Transient,174.75,0,0,Check-Out,2017-07-13
City Hotel,0,2,2017,July,28,10,1,2,2,0,0,BB,FRA,Direct,Direct,0,0,0,A,A,1,No Deposit,NULL,NULL,0,Transient,166.67,0,2,Check-Out,2017-07-13
City Hotel,0,234,2017,July,28,10,1,2,2,2,0,BB,DEU,Online TA,TA/TO,0,0,0,F,F,0,No Deposit,9,NULL,0,Transient,179.1,0,0,Check-Out,2017-07-13
City Hotel,0,23,2017,July,28,12,0,1,3,0,0,BB,USA,Online TA,TA/TO,0,0,0,E,E,0,No Deposit,9,NULL,0,Transient,220.0,0,0,Check-Out,2017-07-13
City Hotel,0,139,2017,July,28,11,0,2,3,0,0,BB,POL,Online TA,TA/TO,0,0,0,D,D,0,No Deposit,9,NULL,0,Transient,152.1,0,1,Check-Out,2017-07-13
City Hotel,0,9,2017,July,28,9,2,2,2,1,0,HB,MAR,Online TA,TA/TO,0,0,0,A,A,0,No Deposit,9,NULL,0,Transient,217.0,0,2,Check-Out,2017-07-13
City Hotel,0,72,2017,July,28,10,1,2,2,0,0,HB,BEL,Online TA,TA/TO,0,0,0,A,A,0,No Deposit,9,NULL,0,Transient-Party,178.0,0,0,Check-Out,2017-07-13
City Hotel,0,72,2017,July,28,10,1,2,2,0,0,HB,BEL,Online TA,TA/TO,0,0,0,A,A,0,No Deposit,9,NULL,0,Transient-Party,178.0,0,0,Check-Out,2017-07-13
City Hotel,0,170,2017,July,28,9,2,2,3,0,0,BB,AUT,Online TA,TA/TO,0,0,0,D,D,0,No Deposit,9,NULL,0,Transient,152.1,0,0,Check-Out,2017-07-13
City Hotel,0,169,2017,July,28,10,1,2,2,2,0,BB,NOR,Online TA,TA/TO,0,0,0,F,F,0,No Deposit,9,NULL,0,Transient,209.0,0,0,Check-Out,2017-07-13
City Hotel,0,75,2017,July,28,10,1,2,2,2,0,BB,CHE,Online TA,TA/TO,0,0,0,F,F,0,No Deposit,9,NULL,0,Transient,230.0,0,0,Check-Out,2017-07-13
City Hotel,0,48,2017,July,28,11,0,2,1,1,0,BB,SWE,Online TA,TA/TO,0,0,0,A,A,0,No Deposit,9,NULL,0,Transient,160.0,0,1,Check-Out,2017-07-13
City Hotel,0,100,2017,July,28,11,0,2,3,0,0,BB,FRA,Direct,Direct,0,0,0,E,E,2,No Deposit,14,NULL,0,Transient,273.0,0,0,Check-Out,2017-07-13
City Hotel,0,21,2017,July,27,8,2,3,2,0,0,BB,CHL,Online TA,TA/TO,0,0,0,A,A,0,No Deposit,9,NULL,0,Transient,152.0,0,2,Check-Out,2017-07-13
City Hotel,0,15,2017,July,28,12,0,1,2,2,0,BB,DEU,Online TA,TA/TO,0,0,0,G,G,1,No Deposit,7,NULL,0,Transient,243.96,1,1,Check-Out,2017-07-13
City Hotel,0,17,2017,July,28,13,0,1,1,0,0,BB,ESP,Online TA,TA/TO,0,0,0,D,D,0,No Deposit,9,NULL,0,Transient,170.0,0,0,Check-Out,2017-07-14
City Hotel,0,3,2017,July,28,12,0,2,3,0,0,HB,LVA,Online TA,TA/TO,0,0,0,D,D,0,No Deposit,9,NULL,0,Transient,247.0,0,0,Check-Out,2017-07-14
City Hotel,0,105,2017,July,28,10,1,3,2,1,0,BB,AUT,Direct,Direct,0,0,0,E,E,0,No Deposit,14,NULL,0,Transient,175.0,0,1,Check-Out,2017-07-14
City Hotel,0,128,2017,July,28,11,0,3,3,0,0,BB,BEL,Online TA,TA/TO,0,0,0,D,D,0,No Deposit,9,NULL,0,Transient,171.0,0,2,Check-Out,2017-07-14
City Hotel,0,239,2017,July,28,10,1,3,3,0,0,BB,DEU,Online TA,TA/TO,0,0,0,D,D,0,No Deposit,9,NULL,0,Transient,156.6,0,3,Check-Out,2017-07-14
City Hotel,0,158,2017,July,28,12,0,2,3,0,0,HB,SWE,Online TA,TA/TO,0,0,0,E,E,0,No Deposit,9,NULL,0,Transient,177.3,0,2,Check-Out,2017-07-14
City Hotel,0,127,2017,July,27,8,2,4,1,2,0,BB,FRA,Online TA,TA/TO,0,0,0,E,E,1,No Deposit,9,NULL,0,Transient,198.0,0,1,Check-Out,2017-07-14
City Hotel,0,261,2017,July,28,12,0,2,3,0,0,BB,SRB,Online TA,TA/TO,0,0,0,D,D,0,No Deposit,9,NULL,0,Transient,156.6,0,1,Check-Out,2017-07-14
City Hotel,0,83,2017,July,28,9,2,3,3,0,0,BB,IRL,Online TA,TA/TO,0,0,0,D,D,2,No Deposit,8,NULL,0,Transient,190.01,0,2,Check-Out,2017-07-14
City Hotel,0,164,2017,July,28,12,0,2,3,0,0,BB,NOR,Online TA,TA/TO,0,0,0,D,D,0,No Deposit,9,NULL,0,Transient,152.1,0,0,Check-Out,2017-07-14
City Hotel,0,1,2017,July,28,13,0,1,2,0,0,BB,FRA,Online TA,TA/TO,0,0,0,E,E,0,No Deposit,9,NULL,0,Transient,180.0,0,1,Check-Out,2017-07-14
City Hotel,0,10,2017,July,28,13,0,1,2,0,0,BB,IRL,Online TA,TA/TO,0,0,0,E,G,0,No Deposit,9,NULL,0,Transient,180.0,0,3,Check-Out,2017-07-14
City Hotel,0,1,2017,July,28,13,0,1,3,0,1,BB,PRT,Direct,Direct,0,0,0,F,F,0,No Deposit,14,NULL,0,Transient,283.0,2,1,Check-Out,2017-07-14
City Hotel,0,16,2017,July,28,11,0,3,2,2,0,BB,FIN,Online TA,TA/TO,0,0,0,F,G,0,No Deposit,9,NULL,0,Transient,236.67,0,0,Check-Out,2017-07-14
City Hotel,0,1,2017,July,28,14,0,1,3,0,0,BB,NLD,Online TA,TA/TO,0,0,0,D,D,0,No Deposit,9,NULL,0,Transient,190.0,0,1,Check-Out,2017-07-15
City Hotel,0,245,2017,July,28,13,0,2,2,2,0,BB,GBR,Online TA,TA/TO,0,0,0,F,F,0,No Deposit,9,NULL,0,Transient,179.1,0,1,Check-Out,2017-07-15
City Hotel,0,53,2017,July,28,12,0,3,3,0,0,BB,FRA,Direct,Direct,0,0,0,D,D,0,No Deposit,NULL,NULL,0,Transient,165.6,0,1,Check-Out,2017-07-15
City Hotel,0,272,2017,July,28,12,0,3,2,2,0,BB,AUT,Online TA,TA/TO,0,0,0,F,F,3,No Deposit,9,NULL,0,Transient-Party,179.1,0,2,Check-Out,2017-07-15
City Hotel,0,277,2017,July,28,13,0,2,3,1,0,BB,FRA,Direct,Direct,0,0,0,E,E,0,No Deposit,14,NULL,0,Transient,164.75,0,0,Check-Out,2017-07-15
City Hotel,0,152,2017,July,28,14,0,1,3,0,0,HB,DEU,Online TA,TA/TO,0,0,0,E,E,0,No Deposit,9,NULL,0,Transient,177.3,0,2,Check-Out,2017-07-15
City Hotel,0,213,2017,July,28,14,0,1,2,2,0,BB,CHE,Online TA,TA/TO,0,0,0,F,F,0,No Deposit,9,NULL,0,Transient,179.1,0,0,Check-Out,2017-07-15
City Hotel,0,193,2017,July,28,12,0,3,3,0,0,BB,NLD,Online TA,TA/TO,0,0,0,F,F,2,No Deposit,9,NULL,0,Transient,179.1,0,1,Check-Out,2017-07-15
City Hotel,0,51,2017,July,28,11,0,4,2,3,0,BB,MEX,Online TA,TA/TO,0,0,0,G,G,1,No Deposit,8,NULL,0,Transient,321.5,0,1,Check-Out,2017-07-15
City Hotel,0,172,2017,July,28,10,1,5,3,0,0,BB,ITA,Online TA,TA/TO,0,0,0,D,D,0,No Deposit,9,NULL,0,Transient,152.1,0,2,Check-Out,2017-07-16
City Hotel,0,164,2017,July,28,12,0,4,3,0,0,BB,ITA,Online TA,TA/TO,0,0,0,D,D,0,No Deposit,9,NULL,0,Transient,152.1,0,0,Check-Out,2017-07-16
City Hotel,0,254,2017,July,27,6,2,8,3,0,0,BB,DNK,Online TA,TA/TO,0,0,0,D,D,0,No Deposit,9,NULL,0,Transient,156.6,0,2,Check-Out,2017-07-16
City Hotel,0,9,2017,July,28,12,0,4,2,2,0,BB,FRA,Online TA,TA/TO,0,0,0,F,F,2,No Deposit,9,NULL,0,Transient,240.0,0,1,Check-Out,2017-07-16
City Hotel,0,154,2017,July,28,15,0,1,3,0,0,BB,NOR,Online TA,TA/TO,0,0,0,D,D,0,No Deposit,9,NULL,0,Transient,152.1,0,0,Check-Out,2017-07-16
City Hotel,0,2,2017,July,28,15,0,1,2,0,0,BB,RUS,Online TA,TA/TO,0,0,0,A,A,0,No Deposit,9,NULL,0,Transient-Party,160.0,0,1,Check-Out,2017-07-16
City Hotel,0,0,2017,July,28,15,0,1,2,0,0,BB,PRT,Online TA,TA/TO,0,0,0,A,A,0,No Deposit,9,NULL,0,Transient,160.0,0,2,Check-Out,2017-07-16
City Hotel,0,206,2017,July,28,10,1,5,2,0,0,HB,DEU,Online TA,TA/TO,0,0,0,D,D,0,No Deposit,9,NULL,0,Transient,156.6,0,2,Check-Out,2017-07-16
City Hotel,0,234,2017,July,28,12,0,4,3,0,0,BB,POL,Online TA,TA/TO,0,0,0,D,D,0,No Deposit,9,NULL,0,Transient,156.6,0,0,Check-Out,2017-07-16
City Hotel,0,6,2017,July,28,14,0,2,2,0,0,BB,CHN,Online TA,TA/TO,0,0,0,E,E,0,No Deposit,9,NULL,0,Transient,172.5,0,2,Check-Out,2017-07-16
City Hotel,0,153,2017,July,27,3,4,10,2,0,0,HB,BEL,Online TA,TA/TO,0,0,0,D,D,0,No Deposit,9,NULL,0,Transient,152.1,0,0,Check-Out,2017-07-17
City Hotel,0,82,2017,July,29,16,1,0,3,0,0,BB,GRC,Online TA,TA/TO,0,0,0,D,D,0,No Deposit,9,NULL,0,Transient,190.0,0,1,Check-Out,2017-07-17
City Hotel,0,147,2017,July,28,12,1,4,3,0,0,BB,IRL,Online TA,TA/TO,0,0,0,D,D,0,No Deposit,9,NULL,0,Transient,152.1,0,0,Check-Out,2017-07-17
City Hotel,0,17,2017,July,28,15,1,1,2,1,0,BB,FRA,Online TA,TA/TO,0,0,0,A,A,0,No Deposit,9,NULL,0,Transient,160.0,0,1,Check-Out,2017-07-17
City Hotel,0,24,2017,July,28,15,1,1,3,0,0,BB,CHN,Online TA,TA/TO,0,0,0,E,E,0,No Deposit,9,NULL,0,Transient,220.0,0,2,Check-Out,2017-07-17
City Hotel,0,182,2017,July,28,13,1,3,2,2,0,HB,POL,Online TA,TA/TO,0,0,0,F,F,0,No Deposit,9,NULL,0,Transient,188.1,1,0,Check-Out,2017-07-17
City Hotel,0,5,2017,July,29,16,1,0,2,0,0,HB,PRT,Online TA,TA/TO,0,0,0,A,D,0,No Deposit,9,NULL,0,Transient,163.0,0,3,Check-Out,2017-07-17
City Hotel,0,32,2017,July,29,16,1,0,2,2,0,BB,NOR,Online TA,TA/TO,0,0,0,G,G,0,No Deposit,8,NULL,0,Transient,295.0,0,1,Check-Out,2017-07-17
City Hotel,0,116,2017,July,28,15,1,1,2,2,0,BB,FIN,Online TA,TA/TO,0,0,0,F,F,0,No Deposit,9,NULL,0,Transient,230.0,0,1,Check-Out,2017-07-17
City Hotel,0,184,2017,July,28,15,1,1,2,0,0,SC,NLD,Online TA,TA/TO,0,0,0,D,D,0,No Deposit,9,NULL,0,Transient-Party,158.4,0,1,Check-Out,2017-07-17
City Hotel,0,78,2017,July,28,15,1,1,1,2,0,BB,DNK,Direct,Direct,0,0,0,D,D,0,No Deposit,NULL,NULL,0,Transient-Party,150.5,0,1,Check-Out,2017-07-17
City Hotel,0,78,2017,July,28,15,1,1,3,0,0,BB,PRT,Direct,Direct,0,0,0,D,D,0,No Deposit,NULL,NULL,0,Transient,170.5,0,1,Check-Out,2017-07-17
City Hotel,0,78,2017,July,28,15,1,1,1,2,0,BB,DNK,Direct,Direct,0,0,0,D,D,0,No Deposit,NULL,NULL,0,Transient-Party,150.5,0,1,Check-Out,2017-07-17
City Hotel,0,15,2017,July,28,15,1,1,2,1,0,BB,CHN,Online TA,TA/TO,0,0,0,A,D,0,No Deposit,9,NULL,0,Transient,159.0,0,1,Check-Out,2017-07-17
City Hotel,0,25,2017,July,28,14,1,2,3,0,0,BB,GBR,Online TA,TA/TO,0,0,0,D,D,0,No Deposit,9,NULL,0,Transient,196.67,0,1,Check-Out,2017-07-17
City Hotel,0,8,2017,July,28,13,1,3,2,0,0,BB,ESP,Online TA,TA/TO,0,0,0,D,D,0,No Deposit,9,NULL,0,Transient,158.0,0,1,Check-Out,2017-07-17
City Hotel,0,117,2017,July,28,15,1,1,2,2,0,BB,FIN,Direct,Direct,0,0,0,F,F,0,No Deposit,14,NULL,0,Transient,225.0,0,0,Check-Out,2017-07-17
City Hotel,0,143,2017,July,29,17,1,0,3,0,0,BB,BRA,Online TA,TA/TO,0,0,0,D,D,0,No Deposit,9,NULL,0,Transient,152.1,0,1,Check-Out,2017-07-18
City Hotel,0,121,2017,July,28,11,2,5,2,0,0,BB,GBR,Online TA,TA/TO,0,0,0,D,D,1,No Deposit,9,NULL,0,Transient-Party,171.0,0,1,Check-Out,2017-07-18
City Hotel,0,24,2017,July,29,16,2,0,2,1,0,BB,BEL,Online TA,TA/TO,0,0,0,E,E,1,No Deposit,9,NULL,0,Transient,239.0,1,2,Check-Out,2017-07-18
City Hotel,0,40,2017,July,28,15,2,1,3,0,0,BB,NLD,Online TA,TA/TO,0,0,0,D,D,0,No Deposit,9,NULL,0,Transient,203.33,0,1,Check-Out,2017-07-18
City Hotel,0,7,2017,July,29,17,1,0,2,0,0,BB,ESP,Online TA,TA/TO,0,0,0,A,A,0,No Deposit,9,NULL,0,Transient,160.0,0,1,Check-Out,2017-07-18
City Hotel,0,118,2017,July,28,15,2,1,2,2,0,BB,SWE,Online TA,TA/TO,0,0,0,F,F,1,No Deposit,9,NULL,0,Transient,230.0,0,0,Check-Out,2017-07-18
City Hotel,0,25,2017,July,28,14,2,2,2,0,0,BB,CN,Online TA,TA/TO,0,0,0,G,G,0,No Deposit,7,NULL,0,Transient,216.0,0,1,Check-Out,2017-07-18
City Hotel,0,214,2017,July,28,15,2,1,3,0,0,BB,BEL,Online TA,TA/TO,0,0,0,D,D,0,No Deposit,9,NULL,0,Transient,156.6,0,3,Check-Out,2017-07-18
City Hotel,0,86,2017,July,29,16,2,0,3,0,0,BB,KOR,Online TA,TA/TO,0,0,0,D,D,0,No Deposit,9,NULL,0,Transient,190.0,0,1,Check-Out,2017-07-18
City Hotel,0,158,2017,July,29,17,1,0,3,0,0,BB,AUS,Online TA,TA/TO,0,0,0,D,E,0,No Deposit,9,NULL,0,Transient,152.1,0,1,Check-Out,2017-07-18
City Hotel,0,19,2017,July,29,17,1,0,3,0,0,BB,SAU,Online TA,TA/TO,0,0,0,D,D,0,No Deposit,9,NULL,0,Transient,210.0,0,1,Check-Out,2017-07-18
City Hotel,0,19,2017,July,29,17,1,0,2,0,0,BB,SAU,Online TA,TA/TO,0,0,0,D,D,0,No Deposit,9,NULL,0,Transient,170.0,0,1,Check-Out,2017-07-18
City Hotel,0,45,2017,July,29,16,2,1,2,1,0,BB,LBY,Online TA,TA/TO,0,0,0,A,A,0,No Deposit,9,NULL,0,Transient,170.0,0,3,Check-Out,2017-07-19
City Hotel,0,164,2017,July,28,14,2,3,3,0,0,BB,EST,Online TA,TA/TO,0,0,0,D,D,0,No Deposit,9,NULL,0,Transient,152.1,0,0,Check-Out,2017-07-19
City Hotel,0,224,2017,July,29,17,1,1,3,0,0,BB,CHE,Online TA,TA/TO,0,0,0,D,D,0,No Deposit,9,NULL,0,Transient,156.6,0,0,Check-Out,2017-07-19
City Hotel,0,27,2017,July,28,14,2,3,2,1,0,BB,BEL,Direct,Direct,0,0,0,A,A,1,No Deposit,14,NULL,0,Transient,211.0,0,4,Check-Out,2017-07-19
City Hotel,0,147,2017,July,29,16,2,1,2,2,0,BB,USA,Online TA,TA/TO,0,0,0,F,F,0,No Deposit,9,NULL,0,Transient,209.0,0,0,Check-Out,2017-07-19
City Hotel,0,182,2017,July,29,16,2,1,2,2,0,BB,BEL,Online TA,TA/TO,0,0,0,F,F,0,No Deposit,9,NULL,0,Transient,179.1,0,1,Check-Out,2017-07-19
City Hotel,0,50,2017,July,29,17,1,1,2,0,0,HB,FRA,Direct,Direct,0,0,0,A,A,1,No Deposit,14,NULL,0,Transient,153.0,0,0,Check-Out,2017-07-19
City Hotel,0,49,2017,July,29,17,1,1,2,0,0,HB,GBR,Direct,Direct,0,0,0,D,D,3,No Deposit,14,NULL,0,Transient,194.5,0,1,Check-Out,2017-07-19
City Hotel,0,144,2017,July,28,15,2,2,3,1,0,HB,ESP,Direct,Direct,0,0,0,E,E,0,No Deposit,14,NULL,0,Transient,234.0,0,1,Check-Out,2017-07-19
City Hotel,0,63,2017,July,28,12,2,5,3,2,0,BB,DNK,Direct,Direct,0,0,0,G,G,0,No Deposit,NULL,NULL,0,Transient,300.71,0,2,Check-Out,2017-07-19
City Hotel,0,84,2017,July,29,16,2,1,4,0,0,BB,FRA,Online TA,TA/TO,0,0,0,D,D,1,No Deposit,9,NULL,0,Transient,234.0,0,3,Check-Out,2017-07-19
City Hotel,0,28,2017,July,29,17,1,1,2,0,0,BB,ESP,Online TA,TA/TO,0,0,0,A,A,2,No Deposit,9,NULL,0,Transient,160.0,0,1,Check-Out,2017-07-19
City Hotel,0,288,2017,July,29,18,0,2,1,2,0,BB,BRA,Online TA,TA/TO,0,0,0,D,A,0,No Deposit,8,NULL,0,Transient,153.0,0,1,Check-Out,2017-07-20
City Hotel,0,14,2017,July,29,19,0,1,2,2,0,BB,USA,Online TA,TA/TO,0,0,0,F,F,0,No Deposit,8,NULL,0,Transient,259.0,0,1,Check-Out,2017-07-20
City Hotel,0,174,2017,July,28,15,2,3,2,0,0,BB,FRA,Online TA,TA/TO,0,0,0,D,D,0,No Deposit,9,NULL,0,Transient-Party,152.1,0,1,Check-Out,2017-07-20
City Hotel,0,106,2017,July,29,19,0,1,3,0,0,BB,BRA,Online TA,TA/TO,0,0,0,E,E,1,No Deposit,9,NULL,0,Transient,220.0,0,2,Check-Out,2017-07-20
City Hotel,0,200,2017,July,29,16,2,2,2,2,0,BB,BEL,Online TA,TA/TO,0,0,0,F,F,0,No Deposit,9,NULL,0,Transient,179.1,0,1,Check-Out,2017-07-20
City Hotel,0,115,2017,July,28,14,2,4,2,1,0,BB,FIN,Online TA,TA/TO,0,0,0,G,G,0,No Deposit,8,NULL,0,Transient,277.5,0,2,Check-Out,2017-07-20
City Hotel,0,120,2017,July,29,17,1,2,3,0,0,BB,BEL,Online TA,TA/TO,0,0,0,D,D,0,No Deposit,9,NULL,0,Transient,171.0,0,1,Check-Out,2017-07-20
City Hotel,0,59,2017,July,29,17,1,2,3,0,0,BB,BEL,Online TA,TA/TO,0,0,0,D,D,0,No Deposit,9,NULL,0,Transient,200.0,0,0,Check-Out,2017-07-20
City Hotel,0,167,2017,July,29,17,1,2,2,1,0,BB,DNK,Online TA,TA/TO,0,0,0,D,D,0,No Deposit,8,NULL,0,Transient-Party,152.1,0,1,Check-Out,2017-07-20
City Hotel,0,178,2017,July,28,13,2,5,2,2,0,HB,DNK,Direct,Direct,0,0,0,E,E,1,No Deposit,14,NULL,0,Transient,214.0,0,3,Check-Out,2017-07-20
City Hotel,0,171,2017,July,28,15,2,3,3,0,0,BB,BEL,Online TA,TA/TO,0,0,0,D,D,0,No Deposit,9,NULL,0,Transient,152.1,0,1,Check-Out,2017-07-20
City Hotel,0,136,2017,July,28,14,2,4,1,0,0,HB,DNK,Direct,Direct,0,0,0,D,D,4,No Deposit,14,NULL,0,Transient,173.0,0,0,Check-Out,2017-07-20
City Hotel,0,119,2017,July,29,16,2,2,3,0,0,BB,ISR,Online TA,TA/TO,0,0,0,D,D,0,No Deposit,9,NULL,0,Transient,171.0,0,3,Check-Out,2017-07-20
City Hotel,0,152,2017,July,29,16,2,2,3,0,0,BB,DNK,Online TA,TA/TO,0,0,0,D,D,0,No Deposit,9,NULL,0,Transient,152.1,0,1,Check-Out,2017-07-20
City Hotel,0,60,2017,July,29,19,0,1,3,0,0,BB,NOR,Online TA,TA/TO,0,0,0,D,D,0,No Deposit,7,NULL,0,Transient,152.0,0,1,Check-Out,2017-07-20
City Hotel,0,219,2017,July,28,14,2,5,3,0,0,BB,NOR,Online TA,TA/TO,0,0,0,D,D,0,No Deposit,9,NULL,0,Transient-Party,156.6,0,5,Check-Out,2017-07-21
City Hotel,0,234,2017,July,29,18,0,3,3,0,0,BB,PRT,Online TA,TA/TO,0,0,0,D,D,0,No Deposit,9,NULL,0,Transient,156.6,0,2,Check-Out,2017-07-21
City Hotel,0,183,2017,July,29,17,1,3,2,2,0,BB,IRL,Direct,Direct,0,0,0,F,F,0,No Deposit,14,NULL,0,Transient,174.6,0,3,Check-Out,2017-07-21
City Hotel,0,25,2017,July,29,20,0,1,3,0,0,BB,BEL,Online TA,TA/TO,0,0,0,D,D,1,No Deposit,9,NULL,0,Transient,210.0,0,1,Check-Out,2017-07-21
City Hotel,0,25,2017,July,29,20,0,1,2,0,0,BB,BEL,Online TA,TA/TO,0,0,0,A,A,1,No Deposit,9,NULL,0,Transient,160.0,0,1,Check-Out,2017-07-21
City Hotel,0,178,2017,July,29,18,0,3,3,0,0,BB,DEU,Online TA,TA/TO,0,0,0,D,D,1,No Deposit,9,NULL,0,Transient-Party,152.1,0,1,Check-Out,2017-07-21
City Hotel,0,50,2017,July,29,19,0,2,2,0,0,BB,ESP,Online TA,TA/TO,0,0,0,A,A,0,No Deposit,9,NULL,0,Transient,159.0,1,1,Check-Out,2017-07-21
City Hotel,0,7,2017,July,29,17,1,3,2,0,0,BB,CHE,Online TA,TA/TO,0,0,0,D,D,0,No Deposit,9,NULL,0,Transient,170.0,0,1,Check-Out,2017-07-21
City Hotel,0,88,2017,July,29,20,0,1,2,1,0,BB,CHE,Online TA,TA/TO,0,0,0,F,F,0,No Deposit,9,NULL,0,Transient,230.0,0,2,Check-Out,2017-07-21
City Hotel,0,158,2017,July,29,16,2,3,2,2,0,HB,FRA,Online TA,TA/TO,0,0,0,E,E,1,No Deposit,9,NULL,0,Transient,177.3,0,0,Check-Out,2017-07-21
City Hotel,0,88,2017,July,29,20,0,1,2,1,0,BB,CHE,Online TA,TA/TO,0,0,0,D,D,0,No Deposit,9,NULL,0,Transient,159.0,0,2,Check-Out,2017-07-21
City Hotel,0,5,2017,July,29,20,0,1,2,1,0,BB,CN,Online TA,TA/TO,0,0,0,D,D,1,No Deposit,9,NULL,0,Transient,219.0,0,1,Check-Out,2017-07-21
City Hotel,0,13,2017,July,29,17,1,3,2,0,0,BB,FRA,Online TA,TA/TO,0,0,0,A,A,0,No Deposit,9,NULL,0,Transient,160.0,0,0,Check-Out,2017-07-21
City Hotel,0,143,2017,July,29,17,1,3,3,1,0,BB,DEU,Online TA,TA/TO,0,0,0,G,G,2,No Deposit,8,NULL,0,Transient,256.5,0,1,Check-Out,2017-07-21
City Hotel,0,3,2017,July,29,20,0,1,2,1,0,BB,SWE,Online TA,TA/TO,0,0,0,D,A,1,No Deposit,9,NULL,0,Transient,210.0,0,2,Check-Out,2017-07-21
City Hotel,0,192,2017,July,29,18,0,3,3,0,0,BB,BEL,Online TA,TA/TO,0,0,0,D,D,3,No Deposit,9,NULL,0,Transient,165.6,1,1,Check-Out,2017-07-21
City Hotel,0,133,2017,July,29,19,0,2,2,1,0,BB,FRA,Online TA,TA/TO,0,0,0,A,A,0,No Deposit,9,NULL,0,Transient,153.0,1,1,Check-Out,2017-07-21
City Hotel,0,15,2017,July,29,20,0,1,3,0,0,BB,CHN,Direct,Direct,0,0,0,F,F,2,No Deposit,14,NULL,0,Transient,285.0,0,1,Check-Out,2017-07-21
City Hotel,0,14,2017,July,29,18,0,4,2,1,0,BB,ITA,Online TA,TA/TO,0,0,0,A,A,0,No Deposit,9,NULL,0,Transient,169.5,0,2,Check-Out,2017-07-22
City Hotel,0,264,2017,July,29,20,0,2,3,0,0,BB,ISR,Online TA,TA/TO,0,0,0,D,D,1,No Deposit,9,NULL,0,Transient,156.6,0,4,Check-Out,2017-07-22
City Hotel,0,172,2017,July,29,18,0,4,2,3,0,BB,ITA,Online TA,TA/TO,0,0,0,G,G,0,No Deposit,7,NULL,0,Transient,215.27,0,2,Check-Out,2017-07-22
City Hotel,0,8,2017,July,29,21,0,1,2,2,0,BB,DEU,Direct,Direct,0,0,0,F,F,0,No Deposit,14,NULL,0,Transient,245.0,0,0,Check-Out,2017-07-22
City Hotel,0,105,2017,July,29,17,1,4,2,2,0,BB,NOR,Online TA,TA/TO,0,0,0,F,F,0,No Deposit,8,NULL,0,Transient,230.0,0,0,Check-Out,2017-07-22
City Hotel,0,149,2017,July,29,20,0,2,3,0,0,BB,BEL,Online TA,TA/TO,0,0,0,D,D,2,No Deposit,9,NULL,0,Transient,190.05,1,1,Check-Out,2017-07-22
City Hotel,0,189,2017,July,29,20,0,2,3,1,0,BB,NOR,Direct,Direct,0,0,0,E,E,0,No Deposit,14,NULL,0,Transient,168.6,0,1,Check-Out,2017-07-22
City Hotel,0,250,2017,July,29,21,0,1,2,2,0,BB,GBR,Online TA,TA/TO,0,0,0,F,F,2,No Deposit,9,NULL,0,Transient,179.1,0,0,Check-Out,2017-07-22
City Hotel,0,188,2017,July,29,19,0,3,3,1,0,BB,NOR,Direct,Direct,0,0,0,E,E,2,No Deposit,14,NULL,0,Transient,164.75,0,0,Check-Out,2017-07-22
City Hotel,0,152,2017,July,29,21,0,1,3,0,0,BB,NLD,Online TA,TA/TO,0,0,0,D,D,2,No Deposit,9,NULL,0,Transient-Party,190.0,0,1,Check-Out,2017-07-22
City Hotel,0,157,2017,July,27,8,4,10,2,0,0,HB,ITA,Online TA,TA/TO,0,0,0,D,D,0,No Deposit,9,NULL,0,Transient,152.1,0,1,Check-Out,2017-07-22
City Hotel,0,86,2017,July,29,20,0,2,2,0,0,SC,GBR,Online TA,TA/TO,0,0,0,D,D,1,No Deposit,9,NULL,0,Transient,190.0,0,2,Check-Out,2017-07-22
City Hotel,0,85,2017,July,29,20,0,2,2,0,0,HB,ESP,Online TA,TA/TO,0,0,0,A,A,0,No Deposit,9,NULL,0,Transient,178.0,0,2,Check-Out,2017-07-22
City Hotel,0,180,2017,July,29,18,0,4,2,1,0,BB,FRA,Direct,Direct,0,0,0,E,E,1,No Deposit,14,NULL,0,Transient,158.6,0,0,Check-Out,2017-07-22
City Hotel,0,193,2017,July,29,20,0,2,3,0,0,HB,USA,Online TA,TA/TO,0,0,0,E,E,0,No Deposit,9,NULL,0,Transient,188.1,0,2,Check-Out,2017-07-22
City Hotel,0,29,2017,July,29,21,0,1,2,1,0,BB,PRT,Online TA,TA/TO,0,0,0,A,A,0,No Deposit,9,NULL,0,Transient,180.0,0,1,Check-Out,2017-07-22
City Hotel,0,136,2017,July,29,19,0,3,2,1,0,BB,NOR,Online TA,TA/TO,0,0,0,A,A,1,No Deposit,9,NULL,0,Transient,174.0,0,3,Check-Out,2017-07-22
City Hotel,0,12,2017,July,29,20,0,2,2,1,0,BB,USA,Online TA,TA/TO,0,0,0,A,A,0,No Deposit,9,NULL,0,Transient,159.0,0,3,Check-Out,2017-07-22
City Hotel,0,18,2017,July,29,21,0,1,2,1,0,BB,NLD,Online TA,TA/TO,0,0,0,A,A,0,No Deposit,9,NULL,0,Transient,157.0,1,2,Check-Out,2017-07-22
City Hotel,0,170,2017,July,29,17,1,4,3,0,0,BB,GBR,Online TA,TA/TO,0,0,0,D,D,2,No Deposit,9,NULL,0,Transient,152.1,0,2,Check-Out,2017-07-22
City Hotel,0,192,2017,July,29,21,0,1,3,1,0,BB,GBR,Direct,Direct,0,0,0,E,E,0,No Deposit,14,NULL,0,Transient,164.1,0,0,Check-Out,2017-07-22
City Hotel,0,6,2017,July,29,18,0,4,2,0,0,BB,PRT,Online TA,TA/TO,0,0,0,D,D,0,No Deposit,9,NULL,0,Transient,159.5,0,1,Check-Out,2017-07-22
City Hotel,0,153,2017,July,29,18,0,4,2,0,0,BB,AUS,Online TA,TA/TO,0,0,0,D,D,0,No Deposit,9,NULL,0,Transient,152.1,0,0,Check-Out,2017-07-22
City Hotel,0,21,2017,July,29,20,0,3,2,0,0,BB,GBR,Online TA,TA/TO,0,0,0,D,D,0,No Deposit,9,NULL,0,Transient,159.33,0,1,Check-Out,2017-07-23
City Hotel,0,11,2017,July,29,21,0,2,2,1,0,BB,DEU,Online TA,TA/TO,0,0,0,A,A,0,No Deposit,9,NULL,0,Transient,159.0,0,1,Check-Out,2017-07-23
City Hotel,0,342,2017,July,29,16,2,5,2,1,0,HB,FRA,Online TA,TA/TO,0,0,0,A,A,0,No Deposit,9,NULL,0,Transient,158.85,0,3,Check-Out,2017-07-23
City Hotel,0,54,2017,July,29,21,0,2,3,0,0,BB,BEL,Online TA,TA/TO,0,0,0,D,D,0,No Deposit,9,NULL,0,Transient,200.0,0,1,Check-Out,2017-07-23
City Hotel,0,53,2017,July,29,22,0,1,2,0,0,BB,GBR,Online TA,TA/TO,0,0,0,D,D,0,No Deposit,9,NULL,0,Transient,160.0,0,2,Check-Out,2017-07-23
City Hotel,0,53,2017,July,29,22,0,1,2,0,0,BB,GBR,Online TA,TA/TO,0,0,0,E,E,0,No Deposit,9,NULL,0,Transient,190.0,0,2,Check-Out,2017-07-23
City Hotel,0,3,2017,July,29,22,0,1,2,0,0,SC,DNK,Online TA,TA/TO,0,0,0,A,D,0,No Deposit,9,NULL,0,Transient,160.0,0,0,Check-Out,2017-07-23
City Hotel,0,48,2017,July,29,19,0,4,2,1,0,BB,DEU,Direct,Direct,0,0,0,E,E,0,No Deposit,14,NULL,0,Transient,185.0,0,0,Check-Out,2017-07-23
City Hotel,0,204,2017,July,29,16,2,5,3,0,0,BB,FRA,Online TA,TA/TO,0,0,0,D,D,0,No Deposit,9,NULL,0,Transient,151.06,0,1,Check-Out,2017-07-23
City Hotel,0,122,2017,July,29,19,0,4,3,0,0,BB,DEU,Online TA,TA/TO,0,0,0,E,E,0,No Deposit,9,NULL,0,Transient,199.13,0,1,Check-Out,2017-07-23
City Hotel,0,211,2017,July,29,19,0,4,2,1,0,BB,CN,Online TA,TA/TO,0,0,0,F,F,1,No Deposit,9,NULL,0,Transient,184.95,0,2,Check-Out,2017-07-23
City Hotel,0,7,2017,July,29,22,0,1,2,0,0,BB,GBR,Direct,Direct,0,0,0,A,A,1,No Deposit,14,NULL,0,Transient,159.0,1,0,Check-Out,2017-07-23
City Hotel,0,75,2017,July,29,22,0,1,2,2,0,BB,FRA,Online TA,TA/TO,0,0,0,F,F,0,No Deposit,9,NULL,0,Transient,240.0,0,1,Check-Out,2017-07-23
City Hotel,0,75,2017,July,29,22,1,1,2,2,0,BB,JOR,Direct,Direct,0,0,0,F,F,0,No Deposit,14,NULL,0,Transient,235.0,0,0,Check-Out,2017-07-24
City Hotel,0,89,2017,July,29,22,1,1,2,1,1,BB,BRA,Direct,Direct,0,0,0,E,E,1,No Deposit,14,NULL,0,Transient,180.0,0,3,Check-Out,2017-07-24
City Hotel,0,138,2017,July,29,20,1,3,3,0,0,BB,ESP,Online TA,TA/TO,0,0,0,D,D,0,No Deposit,9,NULL,0,Transient,173.25,0,1,Check-Out,2017-07-24
City Hotel,0,147,2017,July,29,20,1,3,3,0,0,BB,BEL,Online TA,TA/TO,0,0,0,D,D,0,No Deposit,159,NULL,0,Transient,163.8,0,0,Check-Out,2017-07-24
City Hotel,0,129,2017,July,29,22,1,1,2,0,0,BB,USA,Online TA,TA/TO,0,0,0,E,E,0,No Deposit,9,NULL,0,Transient,166.5,0,0,Check-Out,2017-07-24
City Hotel,0,132,2017,July,29,21,1,2,3,0,0,BB,FRA,Online TA,TA/TO,0,0,0,D,D,0,No Deposit,9,NULL,0,Transient,174.0,0,0,Check-Out,2017-07-24
City Hotel,0,48,2017,July,29,19,1,4,2,2,0,BB,USA,Online TA,TA/TO,0,0,0,G,G,0,No Deposit,7,NULL,0,Transient,232.16,0,1,Check-Out,2017-07-24
City Hotel,0,75,2017,July,29,22,1,1,2,2,0,BB,JOR,Direct,Direct,0,0,0,E,E,0,No Deposit,14,NULL,0,Transient,205.0,0,0,Check-Out,2017-07-24
City Hotel,0,180,2017,July,29,21,1,2,2,0,0,BB,GBR,Online TA,TA/TO,0,0,0,D,D,2,No Deposit,9,NULL,0,Transient,162.33,1,1,Check-Out,2017-07-24
City Hotel,0,149,2017,July,29,21,2,2,3,0,0,BB,IRL,Online TA,TA/TO,0,0,0,D,D,0,No Deposit,9,NULL,0,Transient,169.65,0,0,Check-Out,2017-07-25
City Hotel,0,31,2017,July,30,23,2,0,2,0,0,BB,FRA,Online TA,TA/TO,0,0,0,D,D,0,No Deposit,9,NULL,0,Transient,170.0,0,1,Check-Out,2017-07-25
City Hotel,0,13,2017,July,30,23,2,0,3,0,0,BB,ESP,Direct,Direct,0,0,0,D,D,0,No Deposit,14,NULL,0,Transient,193.0,0,0,Check-Out,2017-07-25
City Hotel,0,4,2017,July,29,22,2,1,2,0,0,SC,BRA,Online TA,TA/TO,0,0,0,A,A,0,No Deposit,9,NULL,0,Transient,160.0,0,2,Check-Out,2017-07-25
City Hotel,0,210,2017,July,29,21,2,2,3,1,0,BB,ESP,Online TA,TA/TO,0,0,0,F,F,1,No Deposit,83,NULL,0,Transient,194.8,0,0,Check-Out,2017-07-25
City Hotel,0,197,2017,July,29,19,2,4,3,0,0,BB,BEL,Online TA,TA/TO,0,0,0,D,D,2,No Deposit,9,NULL,0,Transient,158.95,0,0,Check-Out,2017-07-25
City Hotel,0,101,2017,July,30,24,1,0,3,0,0,BB,AUT,Online TA,TA/TO,0,0,0,D,D,0,No Deposit,9,NULL,0,Transient,204.0,0,2,Check-Out,2017-07-25
City Hotel,0,63,2017,July,30,24,1,0,3,0,0,BB,PRT,Direct,Direct,0,0,0,D,D,0,No Deposit,14,NULL,0,Transient,150.7,0,0,Check-Out,2017-07-25
City Hotel,0,76,2017,August,32,6,2,0,3,0,0,BB,PRT,Direct,Direct,0,0,1,D,D,2,No Deposit,14,NULL,0,Group,179.5,0,1,Check-Out,2017-08-08
City Hotel,0,7,2017,July,30,23,2,0,2,0,0,BB,ISR,Online TA,TA/TO,0,0,0,A,A,0,No Deposit,9,NULL,0,Transient,160.0,0,2,Check-Out,2017-07-25
City Hotel,0,55,2017,July,30,23,2,0,2,1,0,BB,GBR,Online TA,TA/TO,0,0,0,A,A,0,No Deposit,9,NULL,0,Transient-Party,154.0,0,2,Check-Out,2017-07-25
City Hotel,0,201,2017,July,30,24,1,0,2,2,0,BB,SWE,Direct,Direct,0,0,0,E,E,2,No Deposit,14,NULL,0,Transient,181.5,1,2,Check-Out,2017-07-25
City Hotel,0,49,2017,July,30,23,2,0,2,1,0,BB,GBR,Direct,Direct,0,0,0,D,D,0,No Deposit,14,NULL,0,Transient,168.5,0,1,Check-Out,2017-07-25
City Hotel,0,133,2017,July,29,20,2,3,3,0,0,BB,DEU,Online TA,TA/TO,0,0,0,D,D,0,No Deposit,9,NULL,0,Transient,173.7,0,0,Check-Out,2017-07-25
City Hotel,0,12,2017,July,29,21,2,2,2,1,0,HB,ESP,Online TA,TA/TO,0,0,0,A,A,0,No Deposit,42,NULL,0,Transient,173.8,0,2,Check-Out,2017-07-25
City Hotel,0,227,2017,July,29,22,2,2,2,1,0,BB,CMR,Online TA,TA/TO,0,0,0,A,A,3,No Deposit,9,NULL,0,Transient,152.63,0,2,Check-Out,2017-07-26
City Hotel,0,7,2017,July,30,23,2,1,2,0,0,BB,POL,Online TA,TA/TO,0,0,0,A,A,0,No Deposit,9,NULL,0,Transient,160.0,0,1,Check-Out,2017-07-26
City Hotel,0,129,2017,July,29,21,2,3,2,2,0,HB,HRV,Direct,Direct,0,0,0,E,E,2,No Deposit,14,NULL,0,Transient,239.0,0,2,Check-Out,2017-07-26
City Hotel,0,112,2017,July,30,23,2,1,2,0,0,BB,ITA,Online TA,TA/TO,0,0,0,D,D,0,No Deposit,9,NULL,0,Transient,155.0,0,1,Check-Out,2017-07-26
City Hotel,0,36,2017,July,30,23,2,1,2,0,0,BB,GBR,Online TA,TA/TO,0,0,0,A,A,0,No Deposit,9,NULL,0,Transient,160.0,0,2,Check-Out,2017-07-26
City Hotel,0,36,2017,July,30,23,2,1,2,0,0,BB,GBR,Online TA,TA/TO,0,0,0,E,E,0,No Deposit,9,NULL,0,Transient,200.0,0,2,Check-Out,2017-07-26
City Hotel,0,55,2017,July,30,24,1,1,3,0,0,BB,ESP,Online TA,TA/TO,0,0,0,D,D,0,No Deposit,9,NULL,0,Transient-Party,184.0,0,0,Check-Out,2017-07-26
City Hotel,0,55,2017,July,30,24,1,1,2,1,0,BB,ESP,Online TA,TA/TO,0,0,0,A,A,0,No Deposit,9,NULL,0,Transient-Party,154.0,0,0,Check-Out,2017-07-26
City Hotel,0,55,2017,July,30,24,1,1,2,1,0,BB,ESP,Online TA,TA/TO,0,0,0,A,A,0,No Deposit,9,NULL,0,Transient-Party,154.0,0,0,Check-Out,2017-07-26
City Hotel,0,13,2017,July,29,22,2,2,3,0,0,BB,DEU,Online TA,TA/TO,0,0,0,D,D,0,No Deposit,9,NULL,0,Transient,199.5,0,1,Check-Out,2017-07-26
City Hotel,0,218,2017,July,29,21,2,3,3,0,0,BB,BEL,Online TA,TA/TO,0,0,0,D,D,0,No Deposit,9,NULL,0,Transient-Party,175.32,0,2,Check-Out,2017-07-26
City Hotel,0,70,2017,July,29,22,2,2,3,0,0,BB,USA,Online TA,TA/TO,0,0,0,D,D,0,No Deposit,9,NULL,0,Transient,197.5,0,1,Check-Out,2017-07-26
City Hotel,0,3,2017,July,30,23,2,1,2,0,0,SC,DEU,Online TA,TA/TO,0,0,0,A,A,0,No Deposit,9,NULL,0,Transient,158.67,0,1,Check-Out,2017-07-26
City Hotel,0,83,2017,July,29,22,2,2,3,0,0,BB,USA,Online TA,TA/TO,0,0,0,D,D,0,No Deposit,9,NULL,0,Transient,190.0,0,1,Check-Out,2017-07-26
City Hotel,0,147,2017,July,30,25,0,1,3,0,0,BB,CHE,Online TA,TA/TO,0,0,0,D,D,0,No Deposit,9,NULL,0,Transient,184.5,0,0,Check-Out,2017-07-26
City Hotel,0,7,2017,July,30,25,0,1,2,0,0,SC,AUT,Online TA,TA/TO,0,0,0,A,A,0,No Deposit,9,NULL,0,Transient,160.0,0,2,Check-Out,2017-07-26
City Hotel,0,147,2017,July,30,25,0,1,2,1,0,BB,CN,Online TA,TA/TO,0,0,0,F,F,0,No Deposit,9,NULL,0,Transient,235.0,0,0,Check-Out,2017-07-26
City Hotel,0,144,2017,July,29,22,2,2,2,2,0,BB,GBR,Direct,Direct,0,0,0,F,F,1,No Deposit,14,NULL,0,Transient,230.0,0,0,Check-Out,2017-07-26
City Hotel,0,143,2017,July,30,23,2,1,3,0,0,BB,USA,Online TA,TA/TO,0,0,0,F,F,1,No Deposit,9,NULL,0,Transient,235.0,0,2,Check-Out,2017-07-26
City Hotel,0,9,2017,July,30,25,0,1,1,0,0,BB,LBN,Online TA,TA/TO,0,0,0,E,E,0,No Deposit,9,NULL,0,Transient,170.0,0,0,Check-Out,2017-07-26
City Hotel,0,143,2017,July,30,23,2,1,3,0,0,BB,USA,Online TA,TA/TO,0,0,0,F,F,1,No Deposit,9,NULL,0,Transient,235.0,0,2,Check-Out,2017-07-26
City Hotel,0,218,2017,July,29,21,2,3,3,0,0,BB,BEL,Online TA,TA/TO,0,0,0,D,D,0,No Deposit,9,NULL,0,Transient-Party,175.32,0,2,Check-Out,2017-07-26
City Hotel,0,160,2017,July,29,22,2,3,2,0,0,BB,BEL,Online TA,TA/TO,0,0,0,D,D,0,No Deposit,9,NULL,0,Transient,175.5,0,2,Check-Out,2017-07-27
City Hotel,0,90,2017,July,30,24,1,2,2,0,0,BB,BRA,Online TA,TA/TO,0,0,0,D,D,0,No Deposit,9,NULL,0,Transient,164.0,0,0,Check-Out,2017-07-27
City Hotel,0,145,2017,July,29,20,2,5,3,0,0,BB,DEU,Direct,Direct,0,0,0,D,D,1,No Deposit,14,NULL,0,Transient,155.69,0,3,Check-Out,2017-07-27
City Hotel,0,16,2017,July,30,26,0,1,1,0,0,BB,GBR,Online TA,TA/TO,0,0,0,E,E,0,No Deposit,9,NULL,0,Transient,200.0,0,0,Check-Out,2017-07-27
City Hotel,0,7,2017,July,30,25,0,2,2,0,0,SC,FRA,Online TA,TA/TO,0,0,0,A,A,0,No Deposit,9,NULL,0,Transient,169.0,1,1,Check-Out,2017-07-27
City Hotel,0,3,2017,July,29,22,2,3,1,0,0,SC,CHE,Online TA,TA/TO,0,0,0,A,A,1,No Deposit,9,NULL,0,Transient,160.0,0,0,Check-Out,2017-07-27
City Hotel,0,200,2017,July,30,26,0,1,3,0,0,BB,BEL,Online TA,TA/TO,0,0,0,D,D,2,No Deposit,9,NULL,0,Transient,175.5,0,1,Check-Out,2017-07-27
City Hotel,0,200,2017,July,30,26,0,1,3,0,0,BB,BEL,Online TA,TA/TO,0,0,0,D,D,2,No Deposit,9,NULL,0,Transient,175.5,0,1,Check-Out,2017-07-27
City Hotel,0,97,2017,July,30,24,1,2,3,0,0,BB,NLD,Online TA,TA/TO,0,0,0,D,D,0,No Deposit,9,NULL,0,Transient,195.0,0,2,Check-Out,2017-07-27
City Hotel,0,9,2017,July,30,25,0,2,3,0,0,BB,ESP,Direct,Direct,0,0,0,D,D,0,No Deposit,14,NULL,0,Transient,205.0,0,1,Check-Out,2017-07-27
City Hotel,0,248,2017,July,30,25,0,2,2,2,0,BB,POL,Online TA,TA/TO,0,0,0,F,F,0,No Deposit,9,NULL,0,Transient,188.1,1,0,Check-Out,2017-07-27
City Hotel,0,104,2017,July,30,23,2,2,3,0,0,BB,BEL,Online TA,TA/TO,0,0,0,D,D,0,No Deposit,9,NULL,0,Transient,204.0,1,2,Check-Out,2017-07-27
City Hotel,0,70,2017,July,30,26,0,1,2,0,0,BB,IRL,Online TA,TA/TO,0,0,0,A,A,0,No Deposit,9,NULL,0,Transient,159.0,0,1,Check-Out,2017-07-27
City Hotel,0,52,2017,July,30,24,1,2,2,1,0,BB,ESP,Online TA,TA/TO,0,0,0,A,A,0,No Deposit,9,NULL,0,Transient,159.33,0,2,Check-Out,2017-07-27
City Hotel,0,79,2017,July,30,23,2,2,3,0,0,BB,FRA,Online TA,TA/TO,0,0,0,D,D,0,No Deposit,9,NULL,0,Transient,190.0,0,2,Check-Out,2017-07-27
City Hotel,0,68,2017,July,30,23,2,2,3,0,0,BB,FIN,Online TA,TA/TO,0,0,0,D,D,0,No Deposit,9,NULL,0,Transient,197.5,0,2,Check-Out,2017-07-27
City Hotel,0,179,2017,July,30,23,2,2,3,0,0,BB,BEL,Online TA,TA/TO,0,0,0,D,D,0,No Deposit,9,NULL,0,Transient,175.5,0,1,Check-Out,2017-07-27
City Hotel,0,60,2017,July,29,20,2,5,3,2,0,BB,GBR,Online TA,TA/TO,0,0,0,G,G,0,No Deposit,7,NULL,0,Transient,239.3,0,1,Check-Out,2017-07-27
City Hotel,0,125,2017,July,30,23,2,2,2,1,0,BB,SWE,Online TA,TA/TO,0,0,0,A,A,0,No Deposit,9,NULL,0,Transient,157.5,1,0,Check-Out,2017-07-27
City Hotel,0,3,2017,July,30,27,0,1,2,1,0,BB,DEU,Direct,Direct,0,0,0,D,E,0,No Deposit,NULL,NULL,0,Transient,210.0,0,1,Check-Out,2017-07-28
City Hotel,0,199,2017,July,30,26,0,2,2,2,0,BB,CHE,Online TA,TA/TO,0,0,0,F,F,0,No Deposit,9,NULL,0,Transient,202.5,0,1,Check-Out,2017-07-28
City Hotel,0,0,2017,July,30,25,0,3,2,0,0,BB,PRT,Direct,Direct,0,0,0,A,A,1,No Deposit,NULL,NULL,0,Transient,160.0,0,0,Check-Out,2017-07-28
City Hotel,0,55,2017,July,30,24,1,3,2,0,0,BB,ESP,Online TA,TA/TO,0,0,0,A,A,0,No Deposit,9,NULL,0,Transient,151.0,0,1,Check-Out,2017-07-28
City Hotel,0,232,2017,July,30,26,0,2,3,0,0,HB,BEL,Online TA,TA/TO,0,0,0,D,D,3,No Deposit,9,NULL,0,Transient,208.0,0,0,Check-Out,2017-07-28
City Hotel,0,53,2017,July,30,23,2,3,2,2,0,HB,ESP,Direct,Direct,0,0,0,E,E,1,No Deposit,14,NULL,0,Transient,256.72,1,1,Check-Out,2017-07-28
City Hotel,0,93,2017,July,30,25,0,3,3,2,0,BB,BEL,Direct,Direct,0,0,0,G,G,0,No Deposit,14,NULL,0,Transient,300.0,0,0,Check-Out,2017-07-28
City Hotel,0,1,2017,July,30,27,0,1,1,1,0,BB,PRT,Direct,Direct,0,0,0,F,F,1,No Deposit,NULL,NULL,0,Transient,238.0,0,0,Check-Out,2017-07-28
City Hotel,0,187,2017,July,30,23,2,3,3,0,0,HB,FRA,Offline TA/TO,TA/TO,0,0,0,A,D,0,No Deposit,28,NULL,0,Transient,160.0,0,0,Check-Out,2017-07-28
City Hotel,0,129,2017,July,30,24,1,3,3,0,0,BB,FRA,Online TA,TA/TO,0,0,0,D,D,0,No Deposit,9,NULL,0,Transient,175.5,0,3,Check-Out,2017-07-28
City Hotel,0,274,2017,July,29,18,2,8,3,1,0,BB,DNK,Online TA,TA/TO,0,0,0,F,F,1,No Deposit,9,NULL,0,Transient,204.6,0,1,Check-Out,2017-07-28
City Hotel,0,203,2017,July,30,25,0,3,3,0,0,BB,FRA,Online TA,TA/TO,0,0,0,D,D,0,No Deposit,9,NULL,0,Transient,189.0,1,0,Check-Out,2017-07-28
City Hotel,0,0,2017,July,30,27,0,1,2,0,0,BB,PRT,Direct,Direct,0,0,0,A,C,0,No Deposit,NULL,NULL,0,Transient,170.0,0,0,Check-Out,2017-07-28
City Hotel,0,270,2017,July,30,26,0,2,3,0,0,BB,ISR,Online TA,TA/TO,0,0,0,D,D,1,No Deposit,9,NULL,0,Transient,156.6,0,4,Check-Out,2017-07-28
City Hotel,0,211,2017,July,30,25,0,3,2,0,0,BB,FRA,Online TA,TA/TO,0,0,0,A,A,0,No Deposit,155,NULL,0,Transient,157.67,0,2,Check-Out,2017-07-28
City Hotel,0,134,2017,July,30,23,2,3,3,0,0,BB,GBR,Online TA,TA/TO,0,0,0,D,D,0,No Deposit,9,NULL,0,Transient,175.5,0,0,Check-Out,2017-07-28
City Hotel,0,318,2017,July,30,26,0,2,2,0,0,BB,USA,Online TA,TA/TO,0,0,0,D,D,1,No Deposit,9,NULL,0,Transient-Party,155.0,0,3,Check-Out,2017-07-28
City Hotel,0,58,2017,July,30,25,0,3,2,0,0,HB,PRT,Online TA,TA/TO,0,0,0,A,K,0,No Deposit,9,NULL,0,Transient,188.0,0,1,Check-Out,2017-07-28
City Hotel,0,134,2017,July,30,25,0,4,3,0,0,BB,LUX,Online TA,TA/TO,0,0,0,D,D,0,No Deposit,9,NULL,0,Transient,175.5,0,0,Check-Out,2017-07-29
City Hotel,0,95,2017,July,30,26,0,3,2,0,0,BB,BEL,Online TA,TA/TO,0,0,0,D,D,0,No Deposit,9,NULL,0,Transient,155.0,0,2,Check-Out,2017-07-29
City Hotel,0,178,2017,July,30,24,1,4,3,0,0,BB,BRA,Online TA,TA/TO,0,0,0,D,D,0,No Deposit,9,NULL,0,Transient,175.5,0,2,Check-Out,2017-07-29
City Hotel,0,101,2017,July,30,25,0,4,3,0,0,BB,FRA,Online TA,TA/TO,0,0,0,D,D,0,No Deposit,9,NULL,0,Transient,195.0,0,0,Check-Out,2017-07-29
City Hotel,0,68,2017,July,30,28,0,1,3,0,0,BB,USA,Online TA,TA/TO,0,0,0,E,E,0,No Deposit,9,NULL,0,Transient,230.0,0,1,Check-Out,2017-07-29
City Hotel,0,16,2017,July,30,25,0,4,2,0,0,BB,NLD,Online TA,TA/TO,0,0,0,D,D,0,No Deposit,9,NULL,0,Transient,170.0,0,1,Check-Out,2017-07-29
City Hotel,0,127,2017,July,30,24,1,4,3,1,0,BB,NOR,Online TA,TA/TO,0,0,0,G,G,0,No Deposit,8,NULL,0,Transient,282.5,0,1,Check-Out,2017-07-29
City Hotel,0,253,2017,July,30,26,0,3,2,2,0,BB,GBR,Online TA,TA/TO,0,0,0,F,F,0,No Deposit,9,NULL,0,Transient,179.1,0,0,Check-Out,2017-07-29
City Hotel,0,7,2017,July,30,25,0,4,2,0,0,SC,PRT,Direct,Direct,0,0,0,A,A,0,No Deposit,14,NULL,0,Transient,160.0,0,1,Check-Out,2017-07-29
City Hotel,0,90,2017,July,29,22,2,5,3,0,0,BB,FRA,Online TA,TA/TO,0,0,0,E,E,2,No Deposit,9,NULL,0,Transient,225.0,0,2,Check-Out,2017-07-29
City Hotel,0,54,2017,July,30,27,0,2,2,1,0,BB,AUT,Online TA,TA/TO,0,0,0,A,A,0,No Deposit,9,NULL,0,Transient,180.0,0,2,Check-Out,2017-07-29
City Hotel,0,151,2017,July,30,25,0,4,3,0,0,BB,ESP,Direct,Direct,0,0,0,D,D,0,No Deposit,14,NULL,0,Transient,190.0,0,0,Check-Out,2017-07-29
City Hotel,0,63,2017,July,30,26,0,3,2,2,0,BB,ISR,Online TA,TA/TO,0,0,0,F,F,4,No Deposit,7,NULL,0,Transient,182.4,0,1,Check-Out,2017-07-29
City Hotel,0,27,2017,July,30,26,0,3,2,2,0,BB,GBR,Direct,Direct,0,0,0,F,F,0,No Deposit,14,NULL,0,Transient,245.0,0,0,Check-Out,2017-07-29
City Hotel,0,151,2017,July,30,25,0,4,2,0,0,BB,PRT,Direct,Direct,0,0,0,D,D,0,No Deposit,14,NULL,0,Transient,159.0,0,1,Check-Out,2017-07-29
City Hotel,0,162,2017,July,30,26,0,3,3,0,0,BB,DEU,Online TA,TA/TO,0,0,0,D,D,0,No Deposit,9,NULL,0,Transient,175.5,0,1,Check-Out,2017-07-29
City Hotel,0,63,2017,July,30,23,2,5,3,0,0,BB,JPN,Online TA,TA/TO,0,0,0,E,E,0,No Deposit,9,NULL,0,Transient,225.43,0,2,Check-Out,2017-07-30
City Hotel,0,90,2017,July,30,24,1,5,3,0,0,BB,CHE,Online TA,TA/TO,0,0,0,D,D,1,No Deposit,9,NULL,0,Transient,195.0,0,1,Check-Out,2017-07-30
City Hotel,0,178,2017,July,30,24,1,5,3,0,0,HB,ESP,Online TA,TA/TO,0,0,0,E,E,0,No Deposit,9,NULL,0,Transient,211.5,0,1,Check-Out,2017-07-30
City Hotel,0,35,2017,July,30,28,0,2,2,0,0,BB,DEU,Online TA,TA/TO,0,0,0,A,A,0,No Deposit,9,NULL,0,Transient,160.0,0,2,Check-Out,2017-07-30
City Hotel,0,37,2017,July,30,27,0,3,2,0,0,BB,SWE,Online TA,TA/TO,0,0,0,D,D,0,No Deposit,9,NULL,0,Transient,170.0,0,2,Check-Out,2017-07-30
City Hotel,0,37,2017,July,30,27,0,3,2,0,0,BB,SWE,Online TA,TA/TO,0,0,0,D,D,0,No Deposit,9,NULL,0,Transient,170.0,0,1,Check-Out,2017-07-30
City Hotel,0,5,2017,July,30,29,0,1,2,1,0,BB,GBR,Online TA,TA/TO,0,0,0,D,D,0,No Deposit,7,NULL,0,Transient,161.0,0,2,Check-Out,2017-07-30
City Hotel,0,43,2017,July,30,27,0,3,2,0,0,BB,ESP,Direct,Direct,0,0,0,A,A,1,No Deposit,14,NULL,0,Transient,153.0,0,1,Check-Out,2017-07-30
City Hotel,0,34,2017,July,30,28,0,2,2,0,0,BB,GBR,Online TA,TA/TO,0,0,0,A,A,0,No Deposit,9,NULL,0,Transient,160.0,0,1,Check-Out,2017-07-30
City Hotel,0,18,2017,July,30,27,0,3,2,0,0,BB,ESP,Online TA,TA/TO,0,0,0,A,A,0,No Deposit,9,NULL,0,Transient,169.0,0,1,Check-Out,2017-07-30
City Hotel,0,47,2017,July,30,28,0,2,2,1,0,HB,SWE,Online TA,TA/TO,0,0,0,F,F,1,No Deposit,9,NULL,0,Transient,307.0,0,0,Check-Out,2017-07-30
City Hotel,0,278,2017,July,30,26,0,4,3,0,0,BB,DEU,Online TA,TA/TO,0,0,0,D,D,0,No Deposit,9,NULL,0,Transient,165.6,0,2,Check-Out,2017-07-30
City Hotel,0,159,2017,July,30,29,0,1,2,2,0,BB,DEU,Online TA,TA/TO,0,0,0,E,E,1,No Deposit,9,NULL,0,Transient,200.5,0,2,Check-Out,2017-07-30
City Hotel,0,67,2017,July,30,29,0,1,2,2,0,BB,NOR,Online TA,TA/TO,0,0,0,F,F,0,No Deposit,8,NULL,0,Transient,240.0,0,0,Check-Out,2017-07-30
City Hotel,0,9,2017,July,30,27,0,3,2,0,0,BB,ESP,Online TA,TA/TO,0,0,0,A,A,2,No Deposit,9,NULL,0,Transient,180.0,0,1,Check-Out,2017-07-30
City Hotel,0,9,2017,July,30,27,0,3,2,0,1,BB,ESP,Online TA,TA/TO,0,0,0,D,D,3,No Deposit,9,NULL,0,Transient,230.0,0,3,Check-Out,2017-07-30
City Hotel,0,11,2017,July,30,28,0,2,2,0,0,BB,PRT,Direct,Direct,0,0,0,D,D,0,No Deposit,NULL,NULL,0,Transient,154.0,0,1,Check-Out,2017-07-30
City Hotel,0,287,2017,July,30,26,1,4,2,2,0,BB,USA,Online TA,TA/TO,0,0,0,F,F,0,No Deposit,9,NULL,0,Transient,179.1,0,0,Check-Out,2017-07-31
City Hotel,0,129,2017,July,30,24,2,5,2,1,0,BB,DEU,Direct,Direct,0,0,0,G,G,0,No Deposit,14,NULL,0,Transient,260.0,0,0,Check-Out,2017-07-31
City Hotel,0,123,2017,July,30,23,3,5,3,0,0,HB,FRA,Online TA,TA/TO,0,0,0,D,D,0,No Deposit,7,NULL,0,Transient,167.76,0,1,Check-Out,2017-07-31
City Hotel,0,71,2017,July,30,28,1,2,2,2,0,BB,FRA,Online TA,TA/TO,0,0,0,F,F,1,No Deposit,9,NULL,0,Transient,229.33,0,0,Check-Out,2017-07-31
City Hotel,0,102,2017,July,30,28,1,2,2,0,0,BB,GBR,Online TA,TA/TO,0,0,0,D,D,0,No Deposit,9,NULL,0,Transient,155.0,0,2,Check-Out,2017-07-31
City Hotel,0,102,2017,July,30,28,1,2,2,0,0,BB,GBR,Online TA,TA/TO,0,0,0,D,D,0,No Deposit,9,NULL,0,Transient,155.0,0,2,Check-Out,2017-07-31
City Hotel,0,19,2017,July,30,28,1,2,3,0,0,BB,FRA,Online TA,TA/TO,0,0,0,D,D,0,No Deposit,9,NULL,0,Transient,206.0,0,1,Check-Out,2017-07-31
City Hotel,0,16,2017,July,31,30,1,0,2,0,0,BB,PRT,Online TA,TA/TO,0,0,0,D,D,0,No Deposit,9,NULL,0,Transient,178.0,0,2,Check-Out,2017-07-31
City Hotel,0,34,2017,July,30,29,1,1,2,2,0,BB,USA,Online TA,TA/TO,0,0,0,G,G,0,No Deposit,7,NULL,0,Transient,250.96,0,1,Check-Out,2017-07-31
City Hotel,0,105,2017,July,30,26,1,4,2,0,0,BB,AUT,Online TA,TA/TO,0,0,0,D,D,0,No Deposit,9,NULL,0,Transient,155.0,0,1,Check-Out,2017-07-31
City Hotel,0,5,2017,July,30,29,1,1,2,0,0,BB,PRT,Online TA,TA/TO,0,0,0,A,A,0,No Deposit,9,NULL,0,Transient,164.5,0,2,Check-Out,2017-07-31
City Hotel,0,15,2017,July,30,27,1,3,2,0,0,BB,FRA,Online TA,TA/TO,0,0,0,A,A,0,No Deposit,9,NULL,0,Transient,157.0,0,1,Check-Out,2017-07-31
City Hotel,0,11,2017,July,30,28,1,2,2,0,0,BB,CHE,Direct,Direct,0,0,0,A,A,0,No Deposit,14,NULL,0,Transient,158.0,0,0,Check-Out,2017-07-31
City Hotel,0,28,2017,July,30,25,1,5,3,0,0,BB,GBR,Online TA,TA/TO,0,0,0,D,D,0,No Deposit,9,NULL,0,Transient,210.0,0,0,Check-Out,2017-07-31
City Hotel,0,207,2017,July,30,29,1,1,3,1,0,BB,GBR,Direct,Direct,0,0,0,G,G,0,No Deposit,14,NULL,0,Transient,268.5,1,0,Check-Out,2017-07-31
City Hotel,0,207,2017,July,30,29,1,1,3,1,0,BB,GBR,Direct,Direct,0,0,0,E,E,0,No Deposit,14,NULL,0,Transient,187.5,0,0,Check-Out,2017-07-31
City Hotel,0,0,2017,July,30,29,1,1,2,0,0,SC,FRA,Direct,Direct,0,0,0,A,A,2,No Deposit,NULL,NULL,0,Transient,189.0,0,0,Check-Out,2017-07-31
City Hotel,0,198,2017,July,30,25,1,5,3,0,0,BB,ESP,Online TA,TA/TO,0,0,0,D,D,0,No Deposit,9,NULL,0,Transient,170.0,0,2,Check-Out,2017-07-31
City Hotel,0,8,2017,July,30,27,1,3,3,0,0,BB,IRL,Direct,Direct,0,0,0,E,E,0,No Deposit,14,NULL,0,Transient,217.98,0,0,Check-Out,2017-07-31
City Hotel,0,0,2017,July,31,30,1,0,3,0,0,BB,AUS,Online TA,TA/TO,0,0,0,D,D,0,No Deposit,9,NULL,0,Transient,190.0,0,0,Check-Out,2017-07-31
City Hotel,0,2,2017,July,31,30,1,0,3,0,0,BB,CHE,Online TA,TA/TO,0,0,0,D,D,0,No Deposit,9,NULL,0,Transient,179.1,0,1,Check-Out,2017-07-31
City Hotel,0,145,2017,July,30,27,2,3,2,0,0,HB,BEL,Online TA,TA/TO,0,0,0,A,A,0,No Deposit,9,NULL,0,Transient,164.7,0,1,Check-Out,2017-08-01
City Hotel,0,38,2017,July,31,30,2,0,3,0,0,BB,USA,Online TA,TA/TO,0,0,0,D,D,0,No Deposit,9,NULL,0,Transient,210.0,0,0,Check-Out,2017-08-01
City Hotel,0,83,2017,July,30,28,2,2,3,0,0,BB,AUT,Online TA,TA/TO,0,0,0,E,E,0,No Deposit,9,NULL,0,Transient,220.0,0,1,Check-Out,2017-08-01
City Hotel,0,88,2017,July,30,28,2,2,3,0,0,BB,BEL,Online TA,TA/TO,0,0,0,D,D,0,No Deposit,9,NULL,0,Transient,190.0,0,1,Check-Out,2017-08-01
City Hotel,0,276,2017,July,30,29,2,1,2,2,0,BB,DEU,Online TA,TA/TO,0,0,0,F,F,0,No Deposit,9,NULL,0,Transient,188.1,0,2,Check-Out,2017-08-01
City Hotel,0,61,2017,July,31,31,1,0,2,0,0,HB,FRA,Direct,Direct,0,0,0,A,A,1,No Deposit,14,NULL,0,Transient,185.0,0,1,Check-Out,2017-08-01
City Hotel,0,58,2017,July,30,29,2,2,2,2,0,BB,IRL,Online TA,TA/TO,0,0,0,F,F,2,No Deposit,9,NULL,0,Transient,231.5,0,1,Check-Out,2017-08-02
City Hotel,0,19,2017,July,31,30,2,1,3,0,0,BB,DNK,Online TA,TA/TO,0,0,0,E,E,0,No Deposit,9,NULL,0,Transient,234.33,1,1,Check-Out,2017-08-02
City Hotel,0,74,2017,July,30,29,2,2,2,2,0,BB,FRA,Online TA,TA/TO,0,0,0,F,F,0,No Deposit,7,NULL,0,Transient,185.0,0,1,Check-Out,2017-08-02
City Hotel,0,135,2017,August,31,1,0,1,3,0,0,BB,ITA,Online TA,TA/TO,0,0,0,E,E,0,No Deposit,9,NULL,0,Transient,211.5,1,3,Check-Out,2017-08-02
City Hotel,0,68,2017,July,30,26,2,5,3,0,0,BB,ESP,Online TA,TA/TO,0,0,0,D,D,0,No Deposit,86,NULL,0,Transient,153.49,0,0,Check-Out,2017-08-02
City Hotel,0,83,2017,July,31,31,1,1,2,2,0,BB,GBR,Online TA,TA/TO,0,0,0,F,F,0,No Deposit,9,NULL,0,Transient,232.5,0,0,Check-Out,2017-08-02
City Hotel,0,20,2017,July,31,31,1,1,2,2,0,BB,CHN,Online TA,TA/TO,0,0,0,F,F,0,No Deposit,9,NULL,0,Transient,234.0,0,0,Check-Out,2017-08-02
City Hotel,0,60,2017,July,31,30,2,1,3,0,0,BB,BEL,Online TA,TA/TO,0,0,0,D,D,0,No Deposit,9,NULL,0,Transient,189.33,0,1,Check-Out,2017-08-02
City Hotel,0,19,2017,July,30,28,2,3,2,0,0,BB,ESP,Online TA,TA/TO,0,0,0,A,A,0,No Deposit,9,NULL,0,Transient,151.2,0,1,Check-Out,2017-08-02
City Hotel,0,87,2017,July,30,29,2,2,2,0,0,BB,BEL,Online TA,TA/TO,0,0,0,D,D,0,No Deposit,9,NULL,0,Transient,159.5,0,0,Check-Out,2017-08-02
City Hotel,0,64,2017,July,31,31,1,1,2,2,0,BB,FRA,Online TA,TA/TO,0,0,0,F,F,0,No Deposit,9,NULL,0,Transient,240.0,0,0,Check-Out,2017-08-02
City Hotel,0,13,2017,July,31,30,2,1,3,0,0,BB,AUT,Online TA,TA/TO,0,0,0,D,D,0,No Deposit,9,NULL,0,Transient,196.0,0,1,Check-Out,2017-08-02
City Hotel,0,19,2017,August,31,1,0,2,1,0,0,SC,FRA,Online TA,TA/TO,0,0,0,A,A,0,No Deposit,9,NULL,0,Transient,160.0,0,1,Check-Out,2017-08-03
City Hotel,0,137,2017,July,31,31,1,2,3,0,0,BB,BRA,Online TA,TA/TO,0,0,0,D,D,0,No Deposit,9,NULL,0,Transient,175.5,0,1,Check-Out,2017-08-03
City Hotel,0,208,2017,August,31,2,0,1,2,0,0,HB,CAF,Groups,TA/TO,0,0,0,A,A,0,No Deposit,30,NULL,0,Transient-Party,157.0,0,1,Check-Out,2017-08-03
City Hotel,0,208,2017,August,31,2,0,1,2,0,0,HB,FRA,Groups,TA/TO,0,0,0,A,A,0,No Deposit,30,NULL,0,Transient-Party,157.0,0,1,Check-Out,2017-08-03
City Hotel,0,208,2017,August,31,2,0,1,2,0,0,HB,FRA,Groups,TA/TO,0,0,0,A,A,0,No Deposit,30,NULL,0,Transient-Party,157.0,0,1,Check-Out,2017-08-03
City Hotel,0,208,2017,August,31,2,0,1,2,0,0,HB,FRA,Groups,TA/TO,0,0,0,A,A,0,No Deposit,30,NULL,0,Transient-Party,157.0,0,1,Check-Out,2017-08-03
City Hotel,0,208,2017,August,31,2,0,1,2,0,0,HB,FRA,Groups,TA/TO,0,0,0,A,D,0,No Deposit,30,NULL,0,Transient-Party,157.0,0,1,Check-Out,2017-08-03
City Hotel,0,208,2017,August,31,2,0,1,2,0,0,HB,FRA,Groups,TA/TO,0,0,0,A,A,0,No Deposit,30,NULL,0,Transient-Party,157.0,0,1,Check-Out,2017-08-03
City Hotel,0,208,2017,August,31,2,0,1,2,0,0,HB,FRA,Groups,TA/TO,0,0,0,A,A,0,No Deposit,30,NULL,0,Transient-Party,157.0,0,1,Check-Out,2017-08-03
City Hotel,0,208,2017,August,31,2,0,1,2,0,0,HB,FRA,Groups,TA/TO,0,0,0,A,A,0,No Deposit,30,NULL,0,Transient-Party,157.0,0,1,Check-Out,2017-08-03
City Hotel,0,208,2017,August,31,2,0,1,2,0,0,HB,FRA,Groups,TA/TO,0,0,0,A,A,0,No Deposit,30,NULL,0,Transient-Party,157.0,0,1,Check-Out,2017-08-03
City Hotel,0,208,2017,August,31,2,0,1,2,0,0,HB,FRA,Groups,TA/TO,0,0,0,A,A,0,No Deposit,30,NULL,0,Transient-Party,157.0,0,1,Check-Out,2017-08-03
City Hotel,0,208,2017,August,31,2,0,1,2,0,0,HB,FRA,Groups,TA/TO,0,0,0,A,A,0,No Deposit,30,NULL,0,Transient-Party,157.0,0,1,Check-Out,2017-08-03
City Hotel,0,208,2017,August,31,2,0,1,2,0,0,HB,FRA,Groups,TA/TO,0,0,0,A,A,0,No Deposit,30,NULL,0,Transient-Party,157.0,0,1,Check-Out,2017-08-03
City Hotel,0,208,2017,August,31,2,0,1,2,0,0,HB,FRA,Groups,TA/TO,0,0,0,A,A,0,No Deposit,30,NULL,0,Transient-Party,157.0,0,1,Check-Out,2017-08-03
City Hotel,0,208,2017,August,31,2,0,1,2,0,0,HB,FRA,Groups,TA/TO,0,0,0,A,A,0,No Deposit,30,NULL,0,Transient-Party,157.0,0,1,Check-Out,2017-08-03
City Hotel,0,208,2017,August,31,2,0,1,2,0,0,HB,FRA,Groups,TA/TO,0,0,0,A,A,0,No Deposit,30,NULL,0,Transient-Party,157.0,0,1,Check-Out,2017-08-03
City Hotel,0,208,2017,August,31,2,0,1,2,0,0,HB,FRA,Groups,TA/TO,0,0,0,A,A,0,No Deposit,30,NULL,0,Transient-Party,157.0,0,1,Check-Out,2017-08-03
City Hotel,0,208,2017,August,31,2,0,1,2,0,0,HB,FRA,Groups,TA/TO,0,0,0,A,A,0,No Deposit,30,NULL,0,Transient-Party,157.0,0,1,Check-Out,2017-08-03
City Hotel,0,208,2017,August,31,2,0,1,2,0,0,HB,FRA,Groups,TA/TO,0,0,0,A,A,0,No Deposit,30,NULL,0,Transient-Party,157.0,0,1,Check-Out,2017-08-03
City Hotel,0,208,2017,August,31,2,0,1,2,0,0,HB,FRA,Groups,TA/TO,0,0,0,A,A,0,No Deposit,30,NULL,0,Transient-Party,157.0,0,1,Check-Out,2017-08-03
City Hotel,0,208,2017,August,31,2,0,1,2,0,0,HB,FRA,Groups,TA/TO,0,0,0,A,A,0,No Deposit,30,NULL,0,Transient-Party,157.0,0,0,Check-Out,2017-08-03
City Hotel,0,0,2017,August,31,1,0,2,2,1,0,BB,PRT,Direct,Direct,0,0,0,D,D,0,No Deposit,NULL,NULL,0,Transient,179.0,1,0,Check-Out,2017-08-03
City Hotel,0,166,2017,August,31,1,0,2,2,1,0,HB,BEL,Online TA,TA/TO,0,0,0,F,F,3,No Deposit,9,NULL,0,Transient,280.0,1,0,Check-Out,2017-08-03
City Hotel,0,159,2017,July,31,31,1,2,2,3,0,BB,BEL,Direct,Direct,0,0,0,G,G,0,No Deposit,14,NULL,0,Transient,260.0,0,1,Check-Out,2017-08-03
City Hotel,0,19,2017,July,31,31,1,2,2,0,0,BB,FRA,Online TA,TA/TO,0,0,0,A,A,2,No Deposit,9,NULL,0,Transient,189.0,1,1,Check-Out,2017-08-03
City Hotel,0,14,2017,July,31,31,1,2,2,0,0,BB,BEL,Online TA,TA/TO,0,0,0,A,A,0,No Deposit,9,NULL,0,Transient,180.0,0,1,Check-Out,2017-08-03
City Hotel,0,13,2017,July,31,30,2,2,3,0,0,BB,ITA,Online TA,TA/TO,0,0,0,D,D,0,No Deposit,9,NULL,0,Transient,204.5,0,1,Check-Out,2017-08-03
City Hotel,0,208,2017,August,31,2,0,1,2,0,0,HB,PRT,Groups,TA/TO,0,0,0,A,A,0,No Deposit,30,NULL,0,Transient-Party,157.0,0,1,Check-Out,2017-08-03
City Hotel,0,148,2017,July,30,27,2,5,3,0,0,BB,FRA,Online TA,TA/TO,0,0,0,D,D,0,No Deposit,9,NULL,0,Transient,175.5,0,1,Check-Out,2017-08-03
City Hotel,0,150,2017,August,31,2,0,1,2,2,0,BB,ISR,Online TA,TA/TO,0,0,0,F,F,1,No Deposit,9,NULL,0,Transient-Party,235.0,0,0,Check-Out,2017-08-03
City Hotel,0,118,2017,July,31,30,2,2,3,0,0,BB,DEU,Online TA,TA/TO,0,0,0,E,E,0,No Deposit,9,NULL,0,Transient,225.0,0,2,Check-Out,2017-08-03
City Hotel,0,208,2017,August,31,2,0,1,2,0,0,HB,FRA,Groups,TA/TO,0,0,0,A,A,0,No Deposit,30,NULL,0,Transient-Party,157.0,0,1,Check-Out,2017-08-03
City Hotel,0,142,2017,July,31,31,1,2,2,1,0,BB,USA,Direct,Direct,0,0,0,D,D,0,No Deposit,14,NULL,0,Transient,164.0,0,1,Check-Out,2017-08-03
City Hotel,0,24,2017,July,31,31,1,2,2,2,0,HB,USA,Direct,Direct,0,0,0,E,E,2,No Deposit,14,NULL,0,Transient,266.2,0,1,Check-Out,2017-08-03
City Hotel,0,21,2017,July,31,31,1,2,3,0,0,BB,DEU,Online TA,TA/TO,0,0,0,D,D,0,No Deposit,9,NULL,0,Transient,199.33,0,2,Check-Out,2017-08-03
City Hotel,0,0,2017,August,31,2,0,1,3,0,0,BB,PRT,Direct,Direct,0,0,0,D,D,1,No Deposit,NULL,NULL,0,Transient,169.0,0,0,Check-Out,2017-08-03
City Hotel,0,12,2017,August,31,1,0,2,2,0,0,BB,FRA,Online TA,TA/TO,0,0,0,E,E,0,No Deposit,9,NULL,0,Transient,203.5,0,1,Check-Out,2017-08-03
City Hotel,0,37,2017,August,31,2,0,1,2,0,0,HB,GBR,Online TA,TA/TO,0,0,0,D,K,0,No Deposit,9,NULL,0,Transient,208.0,0,0,Check-Out,2017-08-03
City Hotel,0,144,2017,July,31,30,2,2,2,0,0,HB,RUS,Online TA,TA/TO,0,0,0,D,D,0,No Deposit,9,NULL,0,Transient,173.7,0,2,Check-Out,2017-08-03
City Hotel,0,44,2017,July,31,30,2,2,1,0,0,BB,DEU,Online TA,TA/TO,0,0,0,A,A,1,No Deposit,9,NULL,0,Transient,160.0,0,1,Check-Out,2017-08-03
City Hotel,0,44,2017,July,31,30,2,2,2,0,0,BB,DEU,Online TA,TA/TO,0,0,0,A,A,0,No Deposit,9,NULL,0,Transient,169.0,0,1,Check-Out,2017-08-03
City Hotel,0,150,2017,August,31,2,0,1,2,2,0,BB,ISR,Online TA,TA/TO,0,0,0,F,F,1,No Deposit,9,NULL,0,Transient-Party,244.0,0,0,Check-Out,2017-08-03
City Hotel,0,0,2017,August,31,1,0,2,1,0,0,BB,FIN,Online TA,TA/TO,0,0,0,D,D,1,No Deposit,9,NULL,0,Transient,160.0,0,0,Check-Out,2017-08-03
City Hotel,0,120,2017,July,30,28,2,5,3,0,0,BB,AUT,Online TA,TA/TO,0,0,0,D,D,0,No Deposit,9,NULL,0,Transient,195.0,0,1,Check-Out,2017-08-04
City Hotel,0,20,2017,July,31,31,1,3,2,1,0,BB,GBR,Direct,Direct,0,0,0,E,E,0,No Deposit,14,NULL,0,Transient,179.0,0,0,Check-Out,2017-08-04
City Hotel,0,2,2017,August,31,3,0,1,2,0,0,HB,PRT,Groups,TA/TO,0,0,0,A,A,0,No Deposit,509,NULL,0,Transient-Party,166.0,0,0,Check-Out,2017-08-04
City Hotel,0,2,2017,August,31,3,0,1,2,0,0,HB,PRT,Groups,TA/TO,0,0,0,A,A,2,No Deposit,509,NULL,0,Transient-Party,166.0,0,0,Check-Out,2017-08-04
City Hotel,0,99,2017,July,31,31,1,3,3,0,0,BB,DNK,Online TA,TA/TO,0,0,0,D,D,0,No Deposit,9,NULL,0,Transient,195.0,0,1,Check-Out,2017-08-04
City Hotel,0,2,2017,August,31,3,0,1,2,0,0,HB,PRT,Groups,TA/TO,0,0,0,A,A,0,No Deposit,509,NULL,0,Transient-Party,166.0,0,1,Check-Out,2017-08-04
City Hotel,0,2,2017,August,31,3,0,1,2,0,0,HB,PRT,Groups,TA/TO,0,0,0,A,A,0,No Deposit,509,NULL,0,Transient-Party,166.0,0,0,Check-Out,2017-08-04
City Hotel,0,2,2017,August,31,3,0,1,2,0,0,HB,PRT,Groups,TA/TO,0,0,0,A,A,0,No Deposit,509,NULL,0,Transient-Party,166.0,0,0,Check-Out,2017-08-04
City Hotel,0,2,2017,August,31,3,0,1,2,0,0,HB,PRT,Groups,TA/TO,0,0,0,A,A,0,No Deposit,509,NULL,0,Transient-Party,166.0,0,0,Check-Out,2017-08-04
City Hotel,0,19,2017,August,31,2,0,2,3,0,0,BB,FRA,Online TA,TA/TO,0,0,0,D,D,0,No Deposit,9,NULL,0,Transient,230.0,0,0,Check-Out,2017-08-04
City Hotel,0,331,2017,August,31,2,0,2,2,2,0,BB,NLD,Online TA,TA/TO,0,0,0,F,F,0,No Deposit,9,NULL,0,Transient,179.1,0,2,Check-Out,2017-08-04
City Hotel,0,168,2017,July,31,31,1,3,2,2,0,BB,FRA,Online TA,TA/TO,0,0,0,F,F,0,No Deposit,9,NULL,0,Transient,235.0,0,0,Check-Out,2017-08-04
City Hotel,0,188,2017,July,31,31,1,3,2,1,0,BB,PRT,Online TA,TA/TO,0,0,0,A,A,0,No Deposit,9,NULL,0,Transient,157.5,1,2,Check-Out,2017-08-04
City Hotel,0,6,2017,July,31,31,1,3,2,0,0,BB,FRA,Direct,Direct,0,0,0,A,A,2,No Deposit,14,NULL,0,Transient,156.76,1,2,Check-Out,2017-08-04
City Hotel,0,192,2017,July,31,30,2,3,2,1,0,BB,BEL,Direct,Direct,0,0,0,E,E,0,No Deposit,14,NULL,0,Transient,162.0,0,0,Check-Out,2017-08-04
City Hotel,0,0,2017,August,31,3,0,1,2,2,0,BB,FRA,Online TA,TA/TO,0,0,0,F,F,0,No Deposit,9,NULL,0,Transient,219.0,0,0,Check-Out,2017-08-04
City Hotel,0,1,2017,August,31,3,0,1,3,0,0,BB,GBR,Online TA,TA/TO,0,0,0,D,D,0,No Deposit,9,NULL,0,Transient,188.0,0,3,Check-Out,2017-08-04
City Hotel,0,20,2017,August,31,3,0,1,2,0,0,BB,CHN,Online TA,TA/TO,0,0,0,D,D,4,No Deposit,9,NULL,0,Transient-Party,190.0,0,2,Check-Out,2017-08-04
City Hotel,0,14,2017,August,31,2,0,2,2,1,0,HB,ESP,Online TA,TA/TO,0,0,0,D,D,0,No Deposit,7,NULL,0,Transient,214.4,0,1,Check-Out,2017-08-04
City Hotel,0,5,2017,August,31,3,0,1,2,0,0,BB,PRT,Direct,Direct,0,0,0,A,A,1,No Deposit,NULL,NULL,0,Transient,159.75,0,0,Check-Out,2017-08-04
City Hotel,0,2,2017,August,31,3,0,1,2,1,0,HB,PRT,Groups,TA/TO,0,0,0,A,A,10,No Deposit,509,NULL,0,Transient-Party,216.5,0,1,Check-Out,2017-08-04
City Hotel,0,3,2017,August,31,3,0,1,2,1,0,BB,RUS,Online TA,TA/TO,0,0,0,D,D,1,No Deposit,9,NULL,0,Transient,200.0,0,0,Check-Out,2017-08-04
City Hotel,0,2,2017,August,31,3,0,1,2,0,0,HB,PRT,Groups,TA/TO,0,0,0,A,A,0,No Deposit,509,NULL,0,Transient-Party,166.0,0,1,Check-Out,2017-08-04
City Hotel,0,144,2017,July,30,27,2,6,3,0,0,BB,MOZ,Online TA,TA/TO,0,0,0,D,D,0,No Deposit,9,NULL,0,Transient,175.5,0,1,Check-Out,2017-08-04
City Hotel,0,236,2017,July,30,23,4,9,3,0,0,BB,KOR,Direct,Direct,0,0,0,D,D,1,No Deposit,14,NULL,0,Transient,164.76,0,0,Check-Out,2017-08-05
City Hotel,0,1,2017,August,31,4,0,1,3,0,0,BB,NLD,Direct,Direct,0,0,0,D,D,0,No Deposit,14,NULL,0,Transient,190.0,0,1,Check-Out,2017-08-05
City Hotel,0,21,2017,August,31,1,0,4,2,0,0,BB,CN,Online TA,TA/TO,0,0,0,D,D,0,No Deposit,9,NULL,0,Transient,159.0,0,1,Check-Out,2017-08-05
City Hotel,0,20,2017,August,31,3,0,2,3,0,0,BB,CHN,Online TA,TA/TO,0,0,0,D,D,3,No Deposit,9,NULL,0,Transient-Party,230.0,0,2,Check-Out,2017-08-05
City Hotel,0,20,2017,August,31,3,0,2,2,0,0,BB,CHN,Online TA,TA/TO,0,0,0,D,D,0,No Deposit,9,NULL,0,Transient-Party,190.0,0,2,Check-Out,2017-08-05
City Hotel,0,63,2017,July,31,30,2,4,2,0,0,BB,ESP,Online TA,TA/TO,0,0,0,A,A,0,No Deposit,9,NULL,0,Transient,153.67,1,1,Check-Out,2017-08-05
City Hotel,0,87,2017,August,31,3,0,2,3,0,0,BB,CHE,Online TA,TA/TO,0,0,0,D,D,0,No Deposit,9,NULL,0,Transient,195.0,0,1,Check-Out,2017-08-05
City Hotel,0,175,2017,August,31,1,0,4,2,2,0,BB,FRA,Direct,Direct,0,0,0,G,G,0,No Deposit,NULL,NULL,0,Transient,260.0,0,1,Check-Out,2017-08-05
City Hotel,0,1,2017,August,31,3,0,2,2,1,0,BB,NLD,Online TA,TA/TO,0,0,0,D,D,1,No Deposit,9,NULL,0,Transient,185.0,0,0,Check-Out,2017-08-05
City Hotel,0,39,2017,August,31,2,0,3,2,0,0,BB,USA,Direct,Direct,0,0,0,A,A,1,No Deposit,14,NULL,0,Transient,153.0,0,3,Check-Out,2017-08-05
City Hotel,0,167,2017,August,31,4,0,1,3,0,0,BB,DEU,Online TA,TA/TO,0,0,0,D,D,0,No Deposit,9,NULL,0,Transient-Party,175.5,0,0,Check-Out,2017-08-05
City Hotel,0,167,2017,August,31,4,0,1,3,0,0,BB,DEU,Online TA,TA/TO,0,0,0,D,D,0,No Deposit,9,NULL,0,Transient-Party,175.5,0,0,Check-Out,2017-08-05
City Hotel,0,52,2017,August,31,1,0,4,2,0,0,BB,FRA,Online TA,TA/TO,0,0,0,A,A,0,No Deposit,9,NULL,0,Transient,160.0,0,3,Check-Out,2017-08-05
City Hotel,0,1,2017,August,31,4,0,1,2,1,0,BB,RUS,Direct,Direct,0,0,0,D,D,0,No Deposit,9,NULL,0,Transient,170.0,0,0,Check-Out,2017-08-05
City Hotel,0,185,2017,August,31,2,0,3,3,0,0,BB,FRA,Online TA,TA/TO,0,0,0,D,D,0,No Deposit,9,NULL,0,Transient,175.5,0,0,Check-Out,2017-08-05
City Hotel,0,2,2017,August,31,4,0,1,3,0,0,BB,PRT,Online TA,TA/TO,0,0,0,D,D,0,No Deposit,9,NULL,0,Transient,230.0,0,1,Check-Out,2017-08-05
City Hotel,0,185,2017,August,31,2,0,3,3,0,0,BB,FRA,Online TA,TA/TO,0,0,0,D,D,0,No Deposit,9,NULL,0,Transient,175.5,0,0,Check-Out,2017-08-05
City Hotel,0,131,2017,July,30,29,2,5,3,0,0,HB,BEL,Offline TA/TO,TA/TO,0,0,0,D,D,0,No Deposit,394,NULL,0,Transient,164.1,0,3,Check-Out,2017-08-05
City Hotel,0,221,2017,August,31,4,0,1,2,2,0,BB,NLD,Online TA,TA/TO,0,0,0,F,F,2,No Deposit,9,NULL,0,Transient,211.5,1,1,Check-Out,2017-08-05
City Hotel,0,156,2017,August,31,2,0,3,2,3,0,BB,GBR,Direct,Direct,0,0,0,G,G,0,No Deposit,14,NULL,0,Transient,260.0,0,1,Check-Out,2017-08-05
City Hotel,0,11,2017,August,31,4,0,1,2,0,0,SC,FRA,Online TA,TA/TO,0,0,0,A,A,0,No Deposit,9,NULL,0,Transient,160.0,0,1,Check-Out,2017-08-05
City Hotel,0,70,2017,August,31,4,0,1,2,2,0,BB,NLD,Online TA,TA/TO,0,0,0,F,F,1,No Deposit,9,NULL,0,Transient,249.0,0,1,Check-Out,2017-08-05
City Hotel,0,21,2017,August,31,1,0,4,2,0,0,BB,BEL,Online TA,TA/TO,0,0,0,D,A,0,No Deposit,9,NULL,0,Transient,159.0,0,0,Check-Out,2017-08-05
City Hotel,0,44,2017,August,31,4,0,1,2,0,0,BB,BEL,Online TA,TA/TO,0,0,0,A,A,0,No Deposit,9,NULL,0,Transient,160.0,0,1,Check-Out,2017-08-05
City Hotel,0,64,2017,August,31,4,0,1,2,2,0,BB,FRA,Online TA,TA/TO,0,0,0,E,E,3,No Deposit,9,NULL,0,Transient,210.0,0,1,Check-Out,2017-08-05
City Hotel,0,65,2017,July,30,29,2,6,2,0,0,HB,ITA,Online TA,TA/TO,0,0,0,A,A,0,No Deposit,9,NULL,0,Transient,184.0,0,1,Check-Out,2017-08-06
City Hotel,0,0,2017,August,31,5,0,1,3,0,0,BB,SWE,Online TA,TA/TO,0,0,0,D,D,0,No Deposit,9,NULL,0,Transient,249.0,0,0,Check-Out,2017-08-06
City Hotel,0,56,2017,August,31,5,0,1,2,1,0,BB,USA,Online TA,TA/TO,0,0,0,D,D,2,No Deposit,9,NULL,0,Transient,210.0,0,2,Check-Out,2017-08-06
City Hotel,0,2,2017,August,31,5,0,1,3,0,0,BB,FRA,Online TA,TA/TO,0,0,0,D,D,0,No Deposit,9,NULL,0,Transient,234.0,0,1,Check-Out,2017-08-06
City Hotel,0,99,2017,August,31,2,0,4,3,1,0,HB,PRT,Direct,Direct,0,0,0,E,E,1,No Deposit,14,NULL,0,Transient,260.0,1,2,Check-Out,2017-08-06
City Hotel,0,2,2017,August,31,5,0,1,3,0,0,BB,FRA,Online TA,TA/TO,0,0,0,D,D,0,No Deposit,9,NULL,0,Transient,234.0,2,1,Check-Out,2017-08-06
City Hotel,0,86,2017,August,31,3,0,3,1,2,0,BB,CN,Online TA,TA/TO,0,0,0,D,D,1,No Deposit,9,NULL,0,Transient,195.0,0,1,Check-Out,2017-08-06
City Hotel,0,18,2017,August,31,5,0,1,3,1,0,BB,PRT,Online TA,TA/TO,0,0,0,G,G,0,No Deposit,7,NULL,0,Transient,241.48,0,2,Check-Out,2017-08-06
City Hotel,0,23,2017,August,31,4,0,2,2,0,0,BB,ESP,Online TA,TA/TO,0,0,0,A,A,0,No Deposit,9,NULL,0,Transient,180.0,0,1,Check-Out,2017-08-06
City Hotel,0,13,2017,August,31,3,0,3,2,0,0,BB,DEU,Direct,Direct,0,0,0,A,A,1,No Deposit,14,NULL,0,Transient,156.33,0,0,Check-Out,2017-08-06
City Hotel,0,86,2017,August,31,3,0,3,3,0,0,BB,DEU,Online TA,TA/TO,0,0,0,D,D,0,No Deposit,9,NULL,0,Transient,195.0,0,2,Check-Out,2017-08-06
City Hotel,0,0,2017,August,31,5,0,1,1,0,0,SC,FRA,Online TA,TA/TO,0,0,0,A,A,1,No Deposit,9,NULL,0,Transient,179.0,0,0,Check-Out,2017-08-06
City Hotel,0,147,2017,August,31,1,0,5,3,0,0,BB,SWE,Online TA,TA/TO,0,0,0,D,D,0,No Deposit,9,NULL,0,Transient,175.5,0,0,Check-Out,2017-08-06
City Hotel,0,112,2017,July,31,30,2,5,3,0,0,BB,CHE,Online TA,TA/TO,0,0,0,E,E,0,No Deposit,9,NULL,0,Transient,225.0,0,2,Check-Out,2017-08-06
City Hotel,0,11,2017,August,31,4,0,2,2,0,0,SC,SLV,Online TA,TA/TO,0,0,0,A,A,0,No Deposit,9,NULL,0,Transient,160.0,0,1,Check-Out,2017-08-06
City Hotel,0,12,2017,August,31,5,0,1,3,0,0,BB,DEU,Online TA,TA/TO,0,0,0,E,K,0,No Deposit,9,NULL,0,Transient,260.0,0,1,Check-Out,2017-08-06
City Hotel,0,139,2017,August,31,5,1,1,3,0,0,BB,DNK,Online TA,TA/TO,0,0,0,D,D,0,No Deposit,9,NULL,0,Transient,175.5,0,2,Check-Out,2017-08-07
City Hotel,0,7,2017,August,31,4,1,2,1,0,0,SC,PRT,Direct,Direct,0,0,0,A,A,0,No Deposit,14,NULL,0,Transient,160.0,0,0,Check-Out,2017-08-07
City Hotel,0,106,2017,August,31,3,1,3,3,0,0,BB,ESP,Online TA,TA/TO,0,0,0,D,D,2,No Deposit,9,NULL,0,Transient,226.0,1,0,Check-Out,2017-08-07
City Hotel,0,144,2017,August,31,3,1,3,2,1,0,HB,DEU,Online TA,TA/TO,0,0,0,D,D,0,No Deposit,7,NULL,0,Transient,167.76,0,1,Check-Out,2017-08-07
City Hotel,0,1,2017,August,31,3,1,3,2,0,0,BB,PRT,Online TA,TA/TO,0,0,0,D,D,0,No Deposit,9,NULL,0,Transient,182.5,0,0,Check-Out,2017-08-07
City Hotel,0,68,2017,August,31,5,1,1,2,2,0,BB,ESP,Online TA,TA/TO,0,0,0,F,F,0,No Deposit,9,NULL,0,Transient,249.0,0,0,Check-Out,2017-08-07
City Hotel,0,0,2017,August,32,6,1,0,2,0,0,SC,FRA,Online TA,TA/TO,0,0,0,A,D,0,No Deposit,9,NULL,0,Transient,160.0,0,2,Check-Out,2017-08-07
City Hotel,0,206,2017,August,31,3,1,3,2,0,0,BB,DEU,Online TA,TA/TO,0,0,0,E,E,1,No Deposit,9,NULL,0,Transient,166.5,0,1,Check-Out,2017-08-07
City Hotel,0,48,2017,August,31,4,1,2,2,0,0,BB,ESP,Online TA,TA/TO,0,0,0,A,A,0,No Deposit,9,NULL,0,Transient,169.0,1,1,Check-Out,2017-08-07
City Hotel,0,199,2017,August,31,4,1,2,2,2,0,BB,GBR,Online TA,TA/TO,0,0,0,F,F,0,No Deposit,9,NULL,0,Transient,211.5,0,0,Check-Out,2017-08-07
City Hotel,0,242,2017,August,31,5,1,1,2,2,0,BB,GBR,Online TA,TA/TO,0,0,0,F,F,0,No Deposit,9,NULL,0,Transient,202.5,0,0,Check-Out,2017-08-07
City Hotel,0,0,2017,August,32,6,1,0,2,1,0,BB,PRT,Direct,Direct,0,0,0,A,A,0,No Deposit,NULL,NULL,0,Transient,170.0,0,0,Check-Out,2017-08-07
City Hotel,0,13,2017,August,32,6,1,0,2,0,0,SC,DEU,Online TA,TA/TO,0,0,0,A,D,0,No Deposit,9,NULL,0,Transient,160.0,0,1,Check-Out,2017-08-07
City Hotel,0,57,2017,August,32,6,1,0,2,1,0,BB,USA,Online TA,TA/TO,0,0,0,A,D,1,No Deposit,9,NULL,0,Transient,165.0,0,0,Check-Out,2017-08-07
City Hotel,0,131,2017,July,31,31,2,5,3,0,0,BB,NOR,Online TA,TA/TO,0,0,0,D,D,0,No Deposit,9,NULL,0,Transient,175.5,0,0,Check-Out,2017-08-07
City Hotel,0,213,2017,August,31,4,1,2,2,0,0,BB,BEL,Online TA,TA/TO,0,0,0,D,A,0,No Deposit,9,NULL,0,Transient,180.0,0,3,Check-Out,2017-08-07
City Hotel,0,217,2017,August,31,4,1,2,2,0,0,BB,BEL,Online TA,TA/TO,0,0,0,D,D,0,No Deposit,9,NULL,0,Transient,180.0,0,0,Check-Out,2017-08-07
City Hotel,0,46,2017,August,31,4,1,2,2,0,0,BB,BEL,Online TA,TA/TO,0,0,0,A,A,0,No Deposit,9,NULL,0,Transient,160.0,0,1,Check-Out,2017-08-07
City Hotel,0,105,2017,August,31,1,2,5,3,0,0,BB,ITA,Online TA,TA/TO,0,0,0,D,D,0,No Deposit,9,NULL,0,Transient,195.0,0,1,Check-Out,2017-08-08
City Hotel,0,1,2017,August,32,7,1,0,2,0,0,SC,PRT,Direct,Direct,0,0,0,A,A,0,No Deposit,14,NULL,0,Transient,160.0,0,0,Check-Out,2017-08-08
City Hotel,0,0,2017,August,32,7,1,0,3,0,0,BB,ARG,Online TA,TA/TO,0,0,0,D,D,0,No Deposit,9,NULL,0,Transient,210.0,0,0,Check-Out,2017-08-08
City Hotel,0,70,2017,August,31,5,2,1,3,0,0,BB,ESP,Online TA,TA/TO,0,0,0,G,G,0,No Deposit,8,NULL,0,Transient,270.0,0,1,Check-Out,2017-08-08
City Hotel,0,12,2017,August,32,7,1,0,3,0,0,BB,ESP,Online TA,TA/TO,0,0,0,D,D,0,No Deposit,9,NULL,0,Transient,230.0,0,1,Check-Out,2017-08-08
City Hotel,0,21,2017,August,32,7,1,0,3,0,0,BB,ESP,Online TA,TA/TO,0,0,0,D,D,0,No Deposit,9,NULL,0,Transient,230.0,0,1,Check-Out,2017-08-08
City Hotel,0,167,2017,August,31,4,2,2,2,0,0,BB,DEU,Online TA,TA/TO,0,0,0,E,E,0,No Deposit,9,NULL,0,Transient,166.5,0,0,Check-Out,2017-08-08
City Hotel,0,1,2017,August,32,7,1,0,2,2,0,BB,FRA,Online TA,TA/TO,0,0,0,F,F,0,No Deposit,9,NULL,0,Transient,279.0,0,2,Check-Out,2017-08-08
City Hotel,0,167,2017,August,31,4,2,2,2,0,0,BB,DEU,Online TA,TA/TO,0,0,0,E,E,0,No Deposit,9,NULL,0,Transient,166.5,0,0,Check-Out,2017-08-08
City Hotel,0,206,2017,August,31,2,2,4,2,2,0,HB,NLD,Online TA,TA/TO,0,0,0,F,F,0,No Deposit,9,NULL,0,Transient,256.5,0,2,Check-Out,2017-08-08
City Hotel,0,175,2017,August,32,7,1,0,3,0,0,HB,POL,Offline TA/TO,TA/TO,0,0,0,A,A,0,No Deposit,6,NULL,0,Transient,155.1,0,3,Check-Out,2017-08-08
City Hotel,0,0,2017,August,32,7,1,0,2,0,0,BB,ITA,Online TA,TA/TO,0,0,0,A,A,0,No Deposit,9,NULL,0,Transient,160.0,0,1,Check-Out,2017-08-08
City Hotel,0,73,2017,August,31,3,2,3,2,0,0,BB,BRA,Online TA,TA/TO,0,0,0,A,A,0,No Deposit,86,NULL,0,Transient,161.0,0,0,Check-Out,2017-08-08
City Hotel,0,57,2017,August,31,2,2,4,2,0,0,HB,ESP,Direct,Direct,0,0,0,A,A,1,No Deposit,14,NULL,0,Transient,162.0,0,0,Check-Out,2017-08-08
City Hotel,0,0,2017,August,32,7,1,0,2,0,0,BB,USA,Direct,Direct,0,0,0,D,D,0,No Deposit,NULL,NULL,0,Transient,160.0,0,0,Check-Out,2017-08-08
City Hotel,0,185,2017,August,31,1,2,5,3,1,0,BB,GBR,Online TA,TA/TO,0,0,0,G,G,0,No Deposit,7,NULL,0,Transient,207.33,0,1,Check-Out,2017-08-08
City Hotel,0,0,2017,August,32,7,1,0,2,0,0,BB,USA,Direct,Direct,0,0,0,D,D,0,No Deposit,NULL,NULL,0,Transient,160.0,0,0,Check-Out,2017-08-08
City Hotel,0,2,2017,August,31,5,2,1,3,0,0,BB,ESP,Online TA,TA/TO,0,0,0,D,D,2,No Deposit,425,NULL,0,Transient,197.6,1,1,Check-Out,2017-08-08
City Hotel,0,81,2017,August,32,7,1,1,2,0,0,HB,ESP,Online TA,TA/TO,0,0,0,A,A,0,No Deposit,9,NULL,0,Transient,197.0,0,1,Check-Out,2017-08-09
City Hotel,0,5,2017,August,32,7,1,1,2,0,0,BB,CN,Online TA,TA/TO,0,0,0,D,E,0,No Deposit,9,NULL,0,Transient,190.0,0,2,Check-Out,2017-08-09
City Hotel,0,138,2017,August,31,5,2,2,2,1,0,BB,ESP,Direct,Direct,0,0,0,D,D,0,No Deposit,14,NULL,0,Transient,155.0,0,1,Check-Out,2017-08-09
City Hotel,0,129,2017,August,31,5,2,2,2,1,1,BB,ESP,Direct,Direct,0,0,0,D,D,1,No Deposit,14,NULL,0,Transient,155.0,0,3,Check-Out,2017-08-09
City Hotel,0,138,2017,August,32,7,1,1,2,1,0,BB,ESP,Online TA,TA/TO,0,0,0,A,A,0,No Deposit,9,NULL,0,Transient,157.5,1,3,Check-Out,2017-08-09
City Hotel,0,125,2017,July,31,31,3,6,2,0,0,HB,ITA,Online TA,TA/TO,0,0,0,D,D,0,No Deposit,9,NULL,0,Transient,193.0,0,0,Check-Out,2017-08-09
City Hotel,0,123,2017,August,31,2,2,5,2,2,0,BB,GBR,Online TA,TA/TO,0,0,0,F,F,0,No Deposit,8,NULL,0,Transient,235.0,0,0,Check-Out,2017-08-09
City Hotel,0,83,2017,August,32,8,0,1,3,0,0,BB,DEU,Online TA,TA/TO,0,0,0,E,E,0,No Deposit,9,NULL,0,Transient,230.0,0,3,Check-Out,2017-08-09
City Hotel,0,43,2017,August,32,7,1,1,2,0,0,BB,CHE,Online TA,TA/TO,0,0,0,A,A,0,No Deposit,9,NULL,0,Transient,160.0,0,1,Check-Out,2017-08-09
City Hotel,0,259,2017,August,31,5,2,2,3,0,0,BB,DEU,Online TA,TA/TO,0,0,0,D,D,0,No Deposit,9,NULL,0,Transient,156.6,0,3,Check-Out,2017-08-09
City Hotel,0,190,2017,August,31,5,2,2,2,1,0,BB,FRA,Direct,Direct,0,0,0,D,D,0,No Deposit,14,NULL,0,Transient,170.0,0,4,Check-Out,2017-08-09
City Hotel,0,263,2017,August,32,8,0,1,2,2,0,BB,PRT,Online TA,TA/TO,0,0,0,F,F,0,No Deposit,9,NULL,0,Transient,179.1,0,1,Check-Out,2017-08-09
City Hotel,0,0,2017,August,32,8,0,1,2,0,0,SC,NLD,Online TA,TA/TO,0,0,0,A,A,0,No Deposit,9,NULL,0,Transient,169.0,0,1,Check-Out,2017-08-09
City Hotel,0,159,2017,August,32,7,1,1,3,0,0,BB,FRA,Online TA,TA/TO,0,0,0,D,D,0,No Deposit,9,NULL,0,Transient,184.5,0,0,Check-Out,2017-08-09
City Hotel,0,13,2017,August,32,6,2,1,2,0,0,BB,DEU,Online TA,TA/TO,0,0,0,A,A,0,No Deposit,9,NULL,0,Transient,180.0,0,0,Check-Out,2017-08-09
City Hotel,0,13,2017,August,32,6,2,1,2,0,0,BB,DEU,Online TA,TA/TO,0,0,0,A,A,0,No Deposit,9,NULL,0,Transient,186.0,0,0,Check-Out,2017-08-09
City Hotel,0,169,2017,August,31,2,2,5,2,1,1,BB,FRA,Online TA,TA/TO,0,0,0,A,A,1,No Deposit,9,NULL,0,Transient,154.93,0,1,Check-Out,2017-08-09
City Hotel,0,261,2017,August,32,8,0,1,2,2,0,BB,NLD,Online TA,TA/TO,0,0,0,E,E,0,No Deposit,9,NULL,0,Transient,164.6,0,3,Check-Out,2017-08-09
City Hotel,0,0,2017,August,32,8,0,1,2,2,0,BB,PRT,Direct,Direct,0,0,0,G,G,0,No Deposit,NULL,NULL,0,Transient,269.0,0,0,Check-Out,2017-08-09
City Hotel,0,6,2017,August,32,7,1,1,3,0,0,BB,CHE,Online TA,TA/TO,0,0,0,D,D,0,No Deposit,7,NULL,0,Transient,183.99,0,1,Check-Out,2017-08-09
City Hotel,0,0,2017,August,32,8,0,1,2,0,0,SC,ESP,Online TA,TA/TO,0,0,0,A,A,0,No Deposit,9,NULL,0,Transient,169.0,0,2,Check-Out,2017-08-09
City Hotel,0,21,2017,August,32,7,1,1,2,0,0,BB,NOR,Online TA,TA/TO,0,0,0,A,A,0,No Deposit,9,NULL,0,Transient,180.0,0,2,Check-Out,2017-08-09
City Hotel,0,3,2017,August,31,5,2,3,1,0,0,SC,FRA,Direct,Direct,0,0,0,A,D,1,No Deposit,14,NULL,0,Transient,188.0,1,1,Check-Out,2017-08-10
City Hotel,0,2,2017,August,32,9,0,1,2,0,0,BB,PRT,Online TA,TA/TO,0,0,0,A,A,0,No Deposit,9,NULL,0,Transient,180.0,0,1,Check-Out,2017-08-10
City Hotel,0,23,2017,August,32,7,1,2,2,2,0,BB,DZA,Online TA,TA/TO,0,0,0,F,F,0,No Deposit,9,NULL,0,Transient,270.0,0,1,Check-Out,2017-08-10
City Hotel,0,211,2017,August,31,4,2,4,2,2,0,HB,PRT,Online TA,TA/TO,0,0,0,F,F,0,No Deposit,9,NULL,0,Transient,256.5,0,0,Check-Out,2017-08-10
City Hotel,0,64,2017,August,31,4,2,4,2,2,0,BB,BEL,Online TA,TA/TO,0,0,0,G,G,0,No Deposit,8,NULL,0,Transient,305.0,0,1,Check-Out,2017-08-10
City Hotel,0,3,2017,August,32,9,0,1,2,0,0,BB,PRT,Online TA,TA/TO,0,0,0,A,A,0,No Deposit,9,NULL,0,Transient,189.0,1,1,Check-Out,2017-08-10
City Hotel,0,127,2017,August,32,8,0,2,2,2,0,BB,CN,Online TA,TA/TO,0,0,0,G,G,0,No Deposit,83,NULL,0,Transient,217.3,0,0,Check-Out,2017-08-10
City Hotel,0,22,2017,August,32,9,0,1,2,0,0,SC,PRT,Online TA,TA/TO,0,0,0,A,A,0,No Deposit,9,NULL,0,Transient,160.0,0,0,Check-Out,2017-08-10
City Hotel,0,108,2017,August,32,6,2,2,2,0,0,HB,ESP,Online TA,TA/TO,0,0,0,A,A,0,No Deposit,9,NULL,0,Transient,183.0,0,1,Check-Out,2017-08-10
City Hotel,0,108,2017,August,32,6,2,2,2,0,0,HB,ESP,Online TA,TA/TO,0,0,0,A,A,0,No Deposit,9,NULL,0,Transient,183.0,0,1,Check-Out,2017-08-10
City Hotel,0,13,2017,August,32,9,0,1,2,2,0,BB,PRT,Online TA,TA/TO,0,0,0,F,F,0,No Deposit,9,NULL,0,Transient,270.0,0,3,Check-Out,2017-08-10
City Hotel,0,111,2017,August,32,7,1,2,2,0,0,BB,FRA,Online TA,TA/TO,0,0,0,D,D,0,No Deposit,9,NULL,0,Transient,155.0,0,3,Check-Out,2017-08-10
City Hotel,0,111,2017,August,32,7,1,2,2,0,0,BB,PRT,Online TA,TA/TO,0,0,0,D,D,0,No Deposit,9,NULL,0,Transient,164.0,0,3,Check-Out,2017-08-10
City Hotel,0,107,2017,August,32,7,1,2,2,0,0,BB,FRA,Online TA,TA/TO,0,0,0,D,D,0,No Deposit,9,NULL,0,Transient,155.0,0,2,Check-Out,2017-08-10
City Hotel,0,22,2017,August,32,6,2,2,3,0,0,HB,ITA,Online TA,TA/TO,0,0,0,D,D,0,No Deposit,9,NULL,0,Transient,293.75,0,2,Check-Out,2017-08-10
City Hotel,0,6,2017,August,32,7,1,2,2,0,0,SC,PRT,Online TA,TA/TO,0,0,0,A,A,0,No Deposit,9,NULL,0,Transient,160.0,0,2,Check-Out,2017-08-10
City Hotel,0,3,2017,August,32,7,1,2,2,0,0,SC,PRT,Online TA,TA/TO,0,0,0,A,A,0,No Deposit,9,NULL,0,Transient,169.0,0,0,Check-Out,2017-08-10
City Hotel,0,142,2017,August,32,8,0,2,3,0,0,BB,PRT,Online TA,TA/TO,0,0,0,E,E,0,No Deposit,9,NULL,0,Transient,211.5,0,3,Check-Out,2017-08-10
City Hotel,0,251,2017,August,31,5,2,3,3,0,0,BB,ITA,Online TA,TA/TO,0,0,0,D,D,0,No Deposit,9,NULL,0,Transient,156.6,0,2,Check-Out,2017-08-10
City Hotel,0,107,2017,August,31,3,2,5,3,0,0,BB,FRA,Direct,Direct,0,0,0,E,E,0,No Deposit,14,NULL,0,Transient,220.0,0,1,Check-Out,2017-08-10
City Hotel,0,174,2017,August,32,7,1,2,3,0,0,BB,NLD,Online TA,TA/TO,0,0,0,D,D,0,No Deposit,9,NULL,0,Transient,175.5,0,2,Check-Out,2017-08-10
City Hotel,0,7,2017,August,32,9,0,1,2,0,0,SC,PRT,Online TA,TA/TO,0,0,0,A,A,0,No Deposit,9,NULL,0,Transient,160.0,0,1,Check-Out,2017-08-10
City Hotel,0,1,2017,August,31,3,2,5,2,0,0,BB,DNK,Direct,Direct,0,0,0,D,D,0,No Deposit,14,NULL,0,Transient,168.43,0,0,Check-Out,2017-08-10
City Hotel,0,203,2017,July,31,31,3,7,3,0,0,BB,DEU,Online TA,TA/TO,0,0,0,D,D,0,No Deposit,9,NULL,0,Transient,170.0,0,1,Check-Out,2017-08-10
City Hotel,0,107,2017,August,31,5,2,3,2,0,0,BB,FRA,Online TA,TA/TO,0,0,0,E,E,0,No Deposit,425,NULL,0,Transient,151.7,0,0,Check-Out,2017-08-10
City Hotel,0,0,2017,August,32,6,2,2,2,0,0,BB,PRT,Direct,Direct,0,0,0,A,A,4,No Deposit,NULL,NULL,0,Transient,160.0,0,0,Check-Out,2017-08-10
City Hotel,0,169,2017,August,32,8,0,3,3,0,0,BB,GBR,Online TA,TA/TO,0,0,0,D,D,2,No Deposit,9,NULL,0,Transient-Party,175.5,0,1,Check-Out,2017-08-11
City Hotel,0,164,2017,August,32,7,1,3,2,2,0,BB,SWE,Online TA,TA/TO,0,0,0,F,F,3,No Deposit,9,NULL,0,Transient,250.5,0,1,Check-Out,2017-08-11
City Hotel,0,100,2017,August,32,7,1,3,3,0,0,BB,DEU,Online TA,TA/TO,0,0,0,E,E,0,No Deposit,9,NULL,0,Transient,225.0,0,0,Check-Out,2017-08-11
City Hotel,0,0,2017,August,32,10,0,1,2,0,0,BB,PRT,Direct,Direct,0,0,0,D,D,0,No Deposit,NULL,NULL,0,Transient,180.0,0,0,Check-Out,2017-08-11
City Hotel,0,92,2017,August,32,6,2,3,2,0,0,HB,FRA,Online TA,TA/TO,0,0,0,A,A,0,No Deposit,9,NULL,0,Transient,183.0,0,1,Check-Out,2017-08-11
City Hotel,0,283,2017,August,32,9,0,2,2,2,0,BB,BEL,Online TA,TA/TO,0,0,0,F,F,0,No Deposit,9,NULL,0,Transient,179.1,0,0,Check-Out,2017-08-11
City Hotel,0,6,2017,August,32,10,0,1,3,0,0,BB,FRA,Online TA,TA/TO,0,0,0,D,D,0,No Deposit,9,NULL,0,Transient,230.0,0,1,Check-Out,2017-08-11
City Hotel,0,175,2017,August,32,8,0,3,2,1,0,BB,ESP,Direct,Direct,0,0,0,A,A,0,No Deposit,14,NULL,0,Transient,169.0,1,3,Check-Out,2017-08-11
City Hotel,0,211,2017,August,31,4,2,5,2,1,0,HB,LUX,Online TA,TA/TO,0,0,0,A,A,0,No Deposit,9,NULL,0,Transient,191.25,0,2,Check-Out,2017-08-11
City Hotel,0,285,2017,August,31,4,2,5,2,2,0,BB,BEL,Online TA,TA/TO,0,0,0,F,F,0,No Deposit,9,NULL,0,Transient,179.1,0,1,Check-Out,2017-08-11
City Hotel,0,18,2017,August,32,7,1,3,2,0,0,BB,DNK,Online TA,TA/TO,0,0,0,A,A,0,No Deposit,9,NULL,0,Transient,180.0,0,2,Check-Out,2017-08-11
City Hotel,0,0,2017,August,32,9,0,2,2,0,0,SC,FRA,Online TA,TA/TO,0,0,0,A,B,0,No Deposit,9,NULL,0,Transient,170.0,0,2,Check-Out,2017-08-11
City Hotel,0,29,2017,August,32,10,0,1,2,2,0,BB,NLD,Online TA,TA/TO,0,0,0,F,F,0,No Deposit,9,NULL,0,Transient,270.0,0,2,Check-Out,2017-08-11
City Hotel,0,1,2017,August,32,9,0,2,3,0,0,BB,FRA,Online TA,TA/TO,0,0,0,D,D,0,No Deposit,9,NULL,0,Transient,229.0,0,1,Check-Out,2017-08-11
City Hotel,0,1,2017,August,32,10,0,1,2,0,0,SC,USA,Direct,Direct,0,0,0,A,A,0,No Deposit,14,NULL,0,Transient,190.0,0,0,Check-Out,2017-08-11
City Hotel,0,148,2017,August,31,3,2,7,3,0,0,BB,NLD,Online TA,TA/TO,0,0,0,D,D,0,No Deposit,9,NULL,0,Transient,175.5,0,0,Check-Out,2017-08-12
City Hotel,0,93,2017,August,32,9,0,3,2,0,0,BB,IRL,Online TA,TA/TO,0,0,0,D,D,0,No Deposit,9,NULL,0,Transient,155.0,0,2,Check-Out,2017-08-12
City Hotel,0,48,2017,August,32,9,0,3,2,0,0,BB,FRA,Online TA,TA/TO,0,0,0,D,D,0,No Deposit,9,NULL,0,Transient,170.0,0,2,Check-Out,2017-08-12
City Hotel,0,114,2017,August,32,9,0,3,2,0,0,HB,ITA,Online TA,TA/TO,0,0,0,A,A,2,No Deposit,9,NULL,0,Transient,183.0,0,1,Check-Out,2017-08-12
City Hotel,0,150,2017,August,32,9,0,3,2,1,0,BB,DEU,Online TA,TA/TO,0,0,0,A,A,0,No Deposit,9,NULL,0,Transient,157.5,0,1,Check-Out,2017-08-12
City Hotel,0,147,2017,August,31,5,2,5,3,0,0,BB,FRA,Online TA,TA/TO,0,0,0,D,D,0,No Deposit,9,NULL,0,Transient,184.5,0,1,Check-Out,2017-08-12
City Hotel,0,1,2017,August,32,11,0,1,2,1,0,BB,POL,Online TA,TA/TO,0,0,0,D,D,1,No Deposit,9,NULL,0,Transient,230.0,0,0,Check-Out,2017-08-12
City Hotel,0,21,2017,August,32,8,0,4,2,0,0,BB,NLD,Online TA,TA/TO,0,0,0,D,D,0,No Deposit,9,NULL,0,Transient,190.0,0,1,Check-Out,2017-08-12
City Hotel,0,143,2017,August,32,8,0,4,2,1,0,BB,GRC,Online TA,TA/TO,0,0,0,A,A,0,No Deposit,9,NULL,0,Transient,155.25,0,1,Check-Out,2017-08-12
City Hotel,0,161,2017,August,32,6,2,4,2,0,0,HB,FRA,Online TA,TA/TO,0,0,0,A,A,0,No Deposit,9,NULL,0,Transient,164.7,0,1,Check-Out,2017-08-12
City Hotel,0,16,2017,August,32,9,0,3,2,0,0,BB,CN,Online TA,TA/TO,0,0,0,A,A,0,No Deposit,9,NULL,0,Transient,180.0,0,1,Check-Out,2017-08-12
City Hotel,0,217,2017,August,32,8,0,4,2,2,0,HB,DEU,Online TA,TA/TO,0,0,0,F,F,1,No Deposit,83,NULL,0,Transient,228.0,0,0,Check-Out,2017-08-12
City Hotel,0,14,2017,August,32,9,0,3,4,0,0,BB,PRT,Offline TA/TO,TA/TO,0,0,0,G,G,0,No Deposit,159,NULL,0,Transient,275.9,0,0,Check-Out,2017-08-12
City Hotel,0,14,2017,August,32,9,0,3,2,0,0,SC,PRT,Online TA,TA/TO,0,0,0,A,A,0,No Deposit,9,NULL,0,Transient,160.0,0,2,Check-Out,2017-08-12
City Hotel,0,0,2017,August,32,11,0,1,2,0,0,BB,PRT,Direct,Direct,0,0,0,D,D,0,No Deposit,NULL,NULL,0,Transient,180.0,0,0,Check-Out,2017-08-12
City Hotel,0,3,2017,August,32,9,0,3,3,0,0,BB,ESP,Online TA,TA/TO,0,0,0,D,D,0,No Deposit,9,NULL,0,Transient,230.0,0,1,Check-Out,2017-08-12
City Hotel,0,1,2017,August,32,11,0,1,2,2,0,BB,USA,Direct,Direct,0,0,0,G,G,0,No Deposit,14,NULL,0,Transient,290.0,0,0,Check-Out,2017-08-12
City Hotel,0,5,2017,August,32,10,0,2,2,0,0,BB,NLD,Online TA,TA/TO,0,0,0,A,A,0,No Deposit,9,NULL,0,Transient,180.0,0,1,Check-Out,2017-08-12
City Hotel,0,144,2017,August,31,5,2,5,3,0,0,HB,BEL,Offline TA/TO,TA/TO,0,0,0,D,D,0,No Deposit,394,NULL,0,Transient,164.1,0,1,Check-Out,2017-08-12
City Hotel,0,48,2017,August,32,7,1,4,2,0,0,HB,FRA,Online TA,TA/TO,0,0,0,A,A,0,No Deposit,9,NULL,0,Transient,198.0,0,1,Check-Out,2017-08-12
City Hotel,0,2,2017,August,32,9,0,3,2,0,0,BB,LAO,Online TA,TA/TO,0,0,0,D,D,0,No Deposit,9,NULL,0,Transient,183.33,0,1,Check-Out,2017-08-12
City Hotel,0,3,2017,August,32,10,0,2,2,0,0,BB,LAO,Online TA,TA/TO,0,0,0,D,D,0,No Deposit,9,NULL,0,Transient,180.0,0,1,Check-Out,2017-08-12
City Hotel,0,109,2017,August,32,9,0,3,2,0,0,BB,PRT,Online TA,TA/TO,0,0,0,E,E,0,No Deposit,9,NULL,0,Transient,185.0,0,1,Check-Out,2017-08-12
City Hotel,0,0,2017,August,32,11,0,1,2,3,0,BB,BEL,Direct,Direct,0,0,0,F,F,1,No Deposit,NULL,NULL,0,Transient,250.0,0,0,Check-Out,2017-08-12
City Hotel,0,41,2017,August,32,7,1,4,2,0,0,BB,FRA,Online TA,TA/TO,0,0,0,A,A,0,No Deposit,9,NULL,0,Transient,160.0,0,1,Check-Out,2017-08-12
City Hotel,0,4,2017,August,32,10,0,2,2,0,0,BB,PRT,Online TA,TA/TO,0,0,0,D,D,0,No Deposit,9,NULL,0,Transient,199.0,0,1,Check-Out,2017-08-12
City Hotel,0,127,2017,August,32,9,0,3,3,0,0,BB,FRA,Online TA,TA/TO,0,0,0,D,D,0,No Deposit,9,NULL,0,Transient,195.0,0,2,Check-Out,2017-08-12
City Hotel,0,4,2017,August,32,9,0,3,2,0,0,BB,NOR,Online TA,TA/TO,0,0,0,D,D,0,No Deposit,7,NULL,0,Transient,152.0,0,1,Check-Out,2017-08-12
City Hotel,0,0,2017,August,32,10,0,2,2,0,0,SC,ITA,Online TA,TA/TO,0,0,0,A,A,0,No Deposit,9,NULL,0,Transient,189.0,0,0,Check-Out,2017-08-12
City Hotel,0,10,2017,August,32,11,0,1,2,0,0,BB,FRA,Online TA,TA/TO,0,0,0,A,A,0,No Deposit,9,NULL,0,Transient,189.0,0,0,Check-Out,2017-08-12
City Hotel,0,127,2017,August,32,9,0,3,3,0,0,BB,FRA,Online TA,TA/TO,0,0,0,D,D,0,No Deposit,9,NULL,0,Transient,204.0,1,2,Check-Out,2017-08-12
City Hotel,0,148,2017,August,32,9,0,3,2,0,1,HB,FRA,Online TA,TA/TO,0,0,0,A,A,1,No Deposit,9,NULL,0,Transient,164.7,0,1,Check-Out,2017-08-12
City Hotel,0,0,2017,August,32,12,0,1,2,0,0,HB,FRA,Direct,Direct,1,0,0,D,D,1,No Deposit,14,NULL,0,Transient,240.0,0,2,Check-Out,2017-08-13
City Hotel,0,6,2017,August,32,10,0,3,2,0,0,SC,SWE,Online TA,TA/TO,0,0,0,A,A,0,No Deposit,9,NULL,0,Transient,166.67,0,2,Check-Out,2017-08-13
City Hotel,0,120,2017,August,32,9,0,4,3,0,0,BB,SWE,Online TA,TA/TO,0,0,0,E,E,0,No Deposit,9,NULL,0,Transient,225.0,0,1,Check-Out,2017-08-13
City Hotel,0,53,2017,August,32,11,0,2,2,0,0,BB,CHN,Online TA,TA/TO,0,0,0,A,A,0,No Deposit,9,NULL,0,Transient,160.0,0,2,Check-Out,2017-08-13
City Hotel,0,179,2017,August,32,8,0,5,3,0,0,HB,PRT,Offline TA/TO,TA/TO,0,0,0,D,D,0,No Deposit,159,NULL,0,Transient,171.66,0,1,Check-Out,2017-08-13
City Hotel,0,270,2017,August,32,10,0,3,2,2,0,BB,NLD,Online TA,TA/TO,0,0,0,F,F,0,No Deposit,9,NULL,0,Transient,179.1,0,0,Check-Out,2017-08-13
City Hotel,0,7,2017,August,32,10,0,3,2,0,0,BB,MAR,Online TA,TA/TO,0,0,0,A,A,0,No Deposit,9,NULL,0,Transient,195.67,0,2,Check-Out,2017-08-13
City Hotel,0,7,2017,August,32,10,0,3,2,0,0,BB,MAR,Online TA,TA/TO,0,0,0,A,A,0,No Deposit,9,NULL,0,Transient,186.67,0,2,Check-Out,2017-08-13
City Hotel,0,84,2017,August,32,11,0,2,2,2,0,BB,BEL,Online TA,TA/TO,0,0,0,F,F,0,No Deposit,9,NULL,0,Transient,240.0,0,1,Check-Out,2017-08-13
City Hotel,0,125,2017,August,32,9,0,4,3,0,0,BB,USA,Direct,Direct,0,0,0,D,D,0,No Deposit,NULL,NULL,0,Transient-Party,175.0,0,3,Check-Out,2017-08-13
City Hotel,0,125,2017,August,32,9,0,4,2,2,0,BB,USA,Direct,Direct,0,0,0,E,E,0,No Deposit,NULL,NULL,0,Transient-Party,200.0,0,3,Check-Out,2017-08-13
City Hotel,0,101,2017,August,31,3,2,8,2,0,0,HB,FRA,Direct,Direct,0,0,0,A,A,1,No Deposit,14,NULL,0,Transient,157.5,0,2,Check-Out,2017-08-13
City Hotel,0,108,2017,August,32,8,0,5,2,0,0,HB,FRA,Online TA,TA/TO,0,0,0,A,A,0,No Deposit,9,NULL,0,Transient,192.0,0,0,Check-Out,2017-08-13
City Hotel,0,110,2017,August,32,6,2,5,3,0,0,BB,AUT,Direct,Direct,0,0,0,D,D,1,No Deposit,14,NULL,0,Transient,190.0,0,2,Check-Out,2017-08-13
City Hotel,0,193,2017,August,32,10,0,3,3,0,0,BB,BEL,Online TA,TA/TO,0,0,0,D,D,0,No Deposit,9,NULL,0,Transient,175.5,0,1,Check-Out,2017-08-13
City Hotel,0,0,2017,August,32,11,0,2,2,0,0,BB,ITA,Online TA,TA/TO,0,0,0,D,D,0,No Deposit,9,NULL,0,Transient,209.0,0,0,Check-Out,2017-08-13
City Hotel,0,175,2017,August,32,8,0,5,2,0,0,HB,ESP,Online TA,TA/TO,0,0,0,A,A,0,No Deposit,9,NULL,0,Transient,173.7,0,0,Check-Out,2017-08-13
City Hotel,0,175,2017,August,32,8,0,5,2,0,0,HB,ESP,Online TA,TA/TO,0,0,0,A,A,0,No Deposit,9,NULL,0,Transient,164.7,0,0,Check-Out,2017-08-13
City Hotel,0,19,2017,August,32,7,1,5,3,0,0,BB,ESP,Online TA,TA/TO,0,0,0,D,D,0,No Deposit,9,NULL,0,Transient,239.0,1,3,Check-Out,2017-08-13
City Hotel,0,160,2017,August,32,7,1,5,2,0,0,HB,ESP,Online TA,TA/TO,0,0,0,A,A,0,No Deposit,9,NULL,0,Transient,173.7,0,1,Check-Out,2017-08-13
City Hotel,0,202,2017,August,32,10,0,3,3,0,0,BB,DNK,Online TA,TA/TO,0,0,0,D,G,0,No Deposit,8,NULL,0,Transient,255.5,0,0,Check-Out,2017-08-13
City Hotel,0,0,2017,August,32,11,0,2,2,0,0,BB,CHN,Online TA,TA/TO,0,0,0,D,D,0,No Deposit,9,NULL,0,Transient,240.0,0,1,Check-Out,2017-08-13
City Hotel,0,0,2017,August,32,11,0,2,2,1,0,SC,CHN,Online TA,TA/TO,0,0,0,A,B,1,No Deposit,9,NULL,0,Transient,170.0,0,1,Check-Out,2017-08-13
City Hotel,0,53,2017,August,32,11,0,2,3,0,0,BB,GBR,Online TA,TA/TO,0,0,0,D,D,0,No Deposit,9,NULL,0,Transient,210.0,0,3,Check-Out,2017-08-13
City Hotel,0,1,2017,August,32,12,0,1,3,0,0,BB,FRA,Online TA,TA/TO,0,0,0,D,D,0,No Deposit,9,NULL,0,Transient,250.0,0,1,Check-Out,2017-08-13
City Hotel,0,0,2017,August,32,12,0,1,1,0,0,BB,DEU,Direct,Direct,0,0,0,A,C,1,No Deposit,NULL,NULL,0,Transient,199.0,0,0,Check-Out,2017-08-13
City Hotel,0,2,2017,August,32,10,0,3,3,0,0,BB,PRT,Online TA,TA/TO,0,0,0,D,D,0,No Deposit,9,NULL,0,Transient,230.0,0,0,Check-Out,2017-08-13
City Hotel,0,112,2017,August,32,10,0,3,2,0,0,BB,ESP,Online TA,TA/TO,0,0,0,D,D,0,No Deposit,9,NULL,0,Transient,155.0,0,0,Check-Out,2017-08-13
City Hotel,0,20,2017,August,32,8,0,5,2,0,0,BB,FRA,Online TA,TA/TO,0,0,0,A,A,0,No Deposit,9,NULL,0,Transient,180.0,0,1,Check-Out,2017-08-13
City Hotel,0,134,2017,August,32,7,1,5,3,0,0,BB,NLD,Online TA,TA/TO,0,0,0,D,D,0,No Deposit,9,NULL,0,Transient,195.0,0,3,Check-Out,2017-08-13
City Hotel,0,80,2017,August,32,6,2,5,3,0,0,BB,ROU,Online TA,TA/TO,0,0,0,E,E,1,No Deposit,9,NULL,0,Transient,237.71,0,0,Check-Out,2017-08-13
City Hotel,0,135,2017,August,32,10,0,3,2,0,0,BB,CHE,Online TA,TA/TO,0,0,0,D,D,0,No Deposit,9,NULL,0,Transient,155.0,0,1,Check-Out,2017-08-13
City Hotel,0,190,2017,August,32,7,1,5,3,0,0,BB,DEU,Online TA,TA/TO,0,0,0,D,D,0,No Deposit,9,NULL,0,Transient,175.5,0,0,Check-Out,2017-08-13
City Hotel,0,199,2017,August,32,6,2,5,3,0,0,BB,FRA,Online TA,TA/TO,0,0,0,D,D,0,No Deposit,9,NULL,0,Transient,183.21,0,2,Check-Out,2017-08-13
City Hotel,0,1,2017,August,32,12,0,1,3,0,0,BB,FRA,Direct,Direct,0,0,0,D,D,0,No Deposit,14,NULL,0,Transient,240.0,0,2,Check-Out,2017-08-13
City Hotel,0,112,2017,August,32,10,0,3,2,0,0,BB,ESP,Online TA,TA/TO,0,0,0,D,D,0,No Deposit,9,NULL,0,Transient,155.0,0,0,Check-Out,2017-08-13
City Hotel,0,42,2017,August,32,10,0,3,2,0,0,BB,GBR,Online TA,TA/TO,0,0,0,F,F,1,No Deposit,9,NULL,0,Transient,250.0,0,1,Check-Out,2017-08-13
City Hotel,0,87,2017,August,32,9,1,4,2,0,0,BB,FRA,Online TA,TA/TO,0,0,0,D,A,0,No Deposit,9,NULL,0,Transient,155.0,0,0,Check-Out,2017-08-14
City Hotel,0,135,2017,August,32,7,2,5,3,0,0,BB,ITA,Online TA,TA/TO,0,0,0,D,D,0,No Deposit,9,NULL,0,Transient,189.43,0,2,Check-Out,2017-08-14
City Hotel,0,31,2017,August,33,13,1,0,2,1,0,BB,FRA,Online TA,TA/TO,0,0,0,A,D,1,No Deposit,9,NULL,0,Transient,200.0,0,3,Check-Out,2017-08-14
City Hotel,0,22,2017,August,32,10,1,3,2,0,0,BB,FRA,Online TA,TA/TO,0,0,0,A,A,1,No Deposit,9,NULL,0,Transient,180.0,0,2,Check-Out,2017-08-14
City Hotel,0,117,2017,August,32,12,1,1,2,0,0,BB,ESP,Online TA,TA/TO,0,0,0,D,D,0,No Deposit,9,NULL,0,Transient,164.0,0,1,Check-Out,2017-08-14
City Hotel,0,117,2017,August,32,12,1,1,2,0,0,BB,ESP,Online TA,TA/TO,0,0,0,D,D,0,No Deposit,9,NULL,0,Transient,155.0,0,1,Check-Out,2017-08-14
City Hotel,0,117,2017,August,32,12,1,1,2,0,0,BB,ESP,Online TA,TA/TO,0,0,0,D,D,0,No Deposit,9,NULL,0,Transient,155.0,0,1,Check-Out,2017-08-14
City Hotel,0,156,2017,August,32,11,1,2,2,1,0,BB,ESP,Online TA,TA/TO,0,0,0,A,A,0,No Deposit,9,NULL,0,Transient,157.5,0,2,Check-Out,2017-08-14
City Hotel,0,54,2017,August,32,10,1,3,2,0,0,BB,ESP,Direct,Direct,0,0,0,D,D,2,No Deposit,14,NULL,0,Transient,157.5,0,0,Check-Out,2017-08-14
City Hotel,0,0,2017,August,33,13,1,0,2,0,0,BB,FRA,Direct,Direct,0,0,0,A,A,0,No Deposit,NULL,NULL,0,Transient,180.0,0,0,Check-Out,2017-08-14
City Hotel,0,1,2017,August,32,11,1,2,2,0,0,BB,PRT,Online TA,GDS,0,0,0,A,A,0,No Deposit,195,NULL,0,Transient,200.0,0,1,Check-Out,2017-08-14
City Hotel,0,102,2017,August,32,7,2,5,3,0,0,BB,GBR,Online TA,TA/TO,0,0,0,G,G,0,No Deposit,7,NULL,0,Transient,201.4,0,2,Check-Out,2017-08-14
City Hotel,0,20,2017,August,32,10,1,3,2,0,0,BB,ISR,Online TA,TA/TO,0,0,0,A,A,0,No Deposit,9,NULL,0,Transient,180.0,0,2,Check-Out,2017-08-14
City Hotel,0,158,2017,August,32,10,1,3,3,0,0,BB,ITA,Online TA,TA/TO,0,0,0,D,D,1,No Deposit,9,NULL,0,Transient,175.5,0,1,Check-Out,2017-08-14
City Hotel,0,36,2017,August,32,12,1,1,2,0,0,BB,ITA,Direct,Direct,0,0,0,A,A,0,No Deposit,14,NULL,0,Transient,155.0,0,1,Check-Out,2017-08-14
City Hotel,0,105,2017,August,32,12,1,1,3,0,0,BB,ESP,Online TA,TA/TO,0,0,0,E,E,0,No Deposit,9,NULL,0,Transient,225.0,0,0,Check-Out,2017-08-14
City Hotel,0,294,2017,August,33,13,1,0,2,0,0,BB,SWE,Direct,Direct,0,0,0,F,F,3,No Deposit,14,NULL,0,Transient,201.25,0,1,Check-Out,2017-08-14
City Hotel,0,2,2017,August,32,12,1,1,2,0,0,SC,PRT,Online TA,TA/TO,0,0,0,A,A,0,No Deposit,9,NULL,0,Transient,180.0,0,1,Check-Out,2017-08-14
City Hotel,0,295,2017,August,32,10,1,3,3,0,0,BB,DNK,Online TA,TA/TO,0,0,0,D,D,0,No Deposit,9,NULL,0,Transient-Party,156.6,0,0,Check-Out,2017-08-14
City Hotel,0,6,2017,August,32,10,1,3,2,0,0,BB,IRL,Online TA,TA/TO,0,0,0,D,D,0,No Deposit,9,NULL,0,Transient,200.0,0,0,Check-Out,2017-08-14
City Hotel,0,23,2017,August,32,8,1,5,2,0,0,SC,IRL,Online TA,TA/TO,0,0,0,A,A,0,No Deposit,9,NULL,0,Transient,160.0,0,0,Check-Out,2017-08-14
City Hotel,0,108,2017,August,32,10,1,3,3,0,0,BB,USA,Online TA,TA/TO,0,0,0,D,D,2,No Deposit,9,NULL,0,Transient,195.0,0,2,Check-Out,2017-08-14
City Hotel,0,295,2017,August,32,10,1,3,3,0,0,BB,DNK,Online TA,TA/TO,0,0,0,D,D,0,No Deposit,9,NULL,0,Transient-Party,156.6,0,0,Check-Out,2017-08-14
City Hotel,0,295,2017,August,32,10,1,3,3,0,0,BB,DNK,Online TA,TA/TO,0,0,0,D,D,0,No Deposit,9,NULL,0,Transient-Party,156.6,0,0,Check-Out,2017-08-14
City Hotel,0,54,2017,August,33,13,2,0,3,0,0,SC,AUS,Online TA,TA/TO,0,0,0,D,D,0,No Deposit,85,NULL,0,Transient,152.0,0,0,Check-Out,2017-08-15
City Hotel,0,1,2017,August,33,14,1,0,2,0,0,BB,PRT,Direct,Direct,0,0,0,D,A,2,No Deposit,NULL,NULL,0,Transient,180.0,0,0,Check-Out,2017-08-15
City Hotel,0,21,2017,August,33,13,2,0,2,0,0,SC,GBR,Online TA,TA/TO,0,0,0,A,A,0,No Deposit,9,NULL,0,Transient,160.0,0,2,Check-Out,2017-08-15
City Hotel,0,7,2017,August,33,14,1,0,2,0,0,SC,BRA,Online TA,TA/TO,0,0,0,A,D,0,No Deposit,9,NULL,0,Transient,180.0,0,0,Check-Out,2017-08-15
City Hotel,0,146,2017,August,32,12,2,1,3,0,0,BB,MYS,Online TA,TA/TO,0,0,0,D,D,0,No Deposit,9,NULL,0,Transient,175.5,0,2,Check-Out,2017-08-15
City Hotel,0,146,2017,August,32,12,2,1,3,0,0,BB,DEU,Online TA,TA/TO,0,0,0,D,D,0,No Deposit,9,NULL,0,Transient,175.5,0,2,Check-Out,2017-08-15
City Hotel,0,88,2017,August,33,13,2,5,1,2,0,BB,ITA,Online TA,TA/TO,0,0,0,D,D,3,No Deposit,9,NULL,0,Transient,172.29,0,1,Check-Out,2017-08-20
City Hotel,0,87,2017,August,32,12,2,1,2,0,0,BB,DEU,Online TA,TA/TO,0,0,0,D,D,0,No Deposit,9,NULL,0,Transient,160.0,0,2,Check-Out,2017-08-15
City Hotel,0,34,2017,August,33,14,1,0,3,0,0,BB,FRA,Online TA,TA/TO,0,0,0,D,D,1,No Deposit,9,NULL,0,Transient,219.0,1,2,Check-Out,2017-08-15
City Hotel,0,34,2017,August,33,14,1,0,2,0,0,BB,FRA,Online TA,TA/TO,0,0,0,A,D,2,No Deposit,9,NULL,0,Transient,160.0,0,2,Check-Out,2017-08-15
City Hotel,0,170,2017,August,32,11,2,2,2,0,0,BB,FRA,Online TA,TA/TO,0,0,0,D,D,4,No Deposit,9,NULL,0,Transient-Party,175.5,0,0,Check-Out,2017-08-15
City Hotel,0,1,2017,August,33,13,2,0,2,0,0,BB,DEU,Online TA,TA/TO,0,0,0,D,D,0,No Deposit,9,NULL,0,Transient,210.0,0,2,Check-Out,2017-08-15
City Hotel,0,21,2017,August,33,14,1,0,2,0,0,HB,FRA,Online TA,TA/TO,0,0,0,A,A,2,No Deposit,9,NULL,0,Transient,218.0,0,3,Check-Out,2017-08-15
City Hotel,0,215,2017,August,32,12,2,1,2,2,0,BB,MAR,Online TA,TA/TO,0,0,0,F,F,0,No Deposit,9,NULL,0,Transient,202.5,0,0,Check-Out,2017-08-15
City Hotel,0,9,2017,August,32,12,2,1,2,0,0,SC,FRA,Online TA,TA/TO,0,0,0,A,A,2,No Deposit,9,NULL,0,Transient-Party,166.67,0,0,Check-Out,2017-08-15
City Hotel,0,87,2017,August,32,8,2,5,2,0,0,BB,NLD,Online TA,TA/TO,0,0,0,D,D,0,No Deposit,9,NULL,0,Transient,155.0,0,1,Check-Out,2017-08-15
City Hotel,0,23,2017,August,32,12,2,1,2,0,0,BB,IRL,Online TA,TA/TO,0,0,0,D,K,0,No Deposit,9,NULL,0,Transient,190.0,0,0,Check-Out,2017-08-15
City Hotel,0,54,2017,August,32,11,2,2,3,0,0,BB,GBR,Online TA,TA/TO,0,0,0,D,D,0,No Deposit,9,NULL,0,Transient,210.0,0,1,Check-Out,2017-08-15
City Hotel,0,145,2017,August,32,12,2,1,3,0,0,BB,NLD,Online TA,TA/TO,0,0,0,D,D,1,No Deposit,9,NULL,0,Transient-Party,175.5,0,0,Check-Out,2017-08-15
City Hotel,0,4,2017,August,32,12,2,1,3,0,0,BB,PRT,Direct,Direct,0,0,0,D,D,0,No Deposit,14,NULL,0,Transient,233.33,0,0,Check-Out,2017-08-15
City Hotel,0,7,2017,August,32,12,2,1,2,0,0,SC,FRA,Online TA,TA/TO,0,0,0,A,A,0,No Deposit,9,NULL,0,Transient,180.0,0,1,Check-Out,2017-08-15
City Hotel,0,107,2017,August,32,11,2,2,2,0,0,BB,GBR,Online TA,TA/TO,0,0,0,E,E,0,No Deposit,9,NULL,0,Transient,185.0,0,2,Check-Out,2017-08-15
City Hotel,0,6,2017,August,33,13,2,1,2,0,1,BB,ROU,Direct,Direct,0,0,0,A,A,0,No Deposit,14,NULL,0,Transient,210.0,0,3,Check-Out,2017-08-16
City Hotel,0,209,2017,August,32,12,2,2,2,2,0,BB,PRT,Online TA,TA/TO,0,0,0,F,F,3,No Deposit,9,NULL,0,Transient,202.5,0,1,Check-Out,2017-08-16
City Hotel,0,127,2017,August,33,14,1,1,2,2,0,BB,USA,Online TA,TA/TO,0,0,0,G,G,0,No Deposit,8,NULL,0,Transient,300.0,0,1,Check-Out,2017-08-16
City Hotel,0,156,2017,August,32,11,2,3,3,0,0,BB,GBR,Online TA,TA/TO,0,0,0,D,D,0,No Deposit,9,NULL,0,Transient,175.5,0,3,Check-Out,2017-08-16
City Hotel,0,79,2017,August,32,12,2,2,3,0,0,BB,DEU,Direct,Direct,0,0,0,D,D,0,No Deposit,14,NULL,0,Transient,195.0,0,1,Check-Out,2017-08-16
City Hotel,0,167,2017,August,33,14,1,1,3,0,0,BB,GBR,Online TA,TA/TO,0,0,0,D,D,1,No Deposit,9,NULL,0,Transient,184.5,0,1,Check-Out,2017-08-16
City Hotel,0,262,2017,August,33,13,2,1,2,2,0,BB,DEU,Online TA,TA/TO,0,0,0,F,F,0,No Deposit,9,NULL,0,Transient,179.1,0,0,Check-Out,2017-08-16
City Hotel,0,77,2017,August,33,13,2,1,2,1,0,BB,FRA,Direct,Direct,0,0,0,D,D,0,No Deposit,14,NULL,0,Transient,175.0,0,0,Check-Out,2017-08-16
City Hotel,0,103,2017,August,32,7,3,6,2,2,0,BB,CN,Direct,Direct,0,0,0,E,E,0,No Deposit,14,NULL,0,Transient,200.0,0,1,Check-Out,2017-08-16
City Hotel,0,45,2017,August,33,13,2,1,2,1,0,BB,CHE,Online TA,TA/TO,0,0,0,A,A,0,No Deposit,9,NULL,0,Transient,180.0,0,2,Check-Out,2017-08-16
City Hotel,0,157,2017,August,32,10,2,4,2,0,0,BB,GBR,Online TA,TA/TO,0,0,0,D,D,1,No Deposit,159,NULL,0,Transient,175.5,0,0,Check-Out,2017-08-16
City Hotel,0,171,2017,August,33,14,1,1,3,0,0,BB,ESP,Online TA,TA/TO,0,0,0,D,D,1,No Deposit,9,NULL,0,Transient,184.5,1,1,Check-Out,2017-08-16
City Hotel,0,89,2017,August,32,12,2,2,3,0,0,BB,FRA,Online TA,TA/TO,0,0,0,D,A,5,No Deposit,9,NULL,0,Transient,195.0,0,2,Check-Out,2017-08-16
City Hotel,0,46,2017,August,32,12,2,2,2,0,0,BB,ESP,Online TA,TA/TO,0,0,0,A,A,0,No Deposit,9,NULL,0,Transient,160.0,0,1,Check-Out,2017-08-16
City Hotel,0,182,2017,August,33,14,1,1,3,0,0,BB,DEU,Online TA,TA/TO,0,0,0,D,D,0,No Deposit,9,NULL,0,Transient,175.5,0,0,Check-Out,2017-08-16
City Hotel,0,209,2017,August,32,11,2,3,2,2,0,BB,DEU,Direct,Direct,0,0,0,F,F,1,No Deposit,14,NULL,0,Transient,198.0,0,1,Check-Out,2017-08-16
City Hotel,0,5,2017,August,33,14,1,1,2,1,0,BB,FRA,Online TA,TA/TO,0,0,0,A,B,0,No Deposit,9,NULL,0,Transient,220.0,0,2,Check-Out,2017-08-16
City Hotel,0,1,2017,August,33,15,0,1,2,0,0,BB,ESP,Online TA,TA/TO,0,0,0,A,A,0,No Deposit,9,NULL,0,Transient,200.0,0,0,Check-Out,2017-08-16
City Hotel,0,4,2017,August,33,13,2,1,2,0,0,BB,ESP,Online TA,TA/TO,0,0,0,A,A,0,No Deposit,9,NULL,0,Transient,200.0,0,1,Check-Out,2017-08-16
City Hotel,0,4,2017,August,33,15,0,1,2,2,0,BB,ISR,Online TA,TA/TO,0,0,0,F,F,0,No Deposit,9,NULL,0,Transient,290.0,0,0,Check-Out,2017-08-16
City Hotel,0,126,2017,August,32,12,2,2,2,2,0,HB,ESP,Online TA,TA/TO,0,0,0,E,E,1,No Deposit,159,NULL,0,Transient,198.44,0,0,Check-Out,2017-08-16
City Hotel,0,3,2017,August,33,13,2,1,1,0,0,SC,FRA,Online TA,TA/TO,0,0,0,A,A,0,No Deposit,9,NULL,0,Transient,180.0,0,1,Check-Out,2017-08-16
City Hotel,0,210,2017,August,33,13,2,1,2,2,0,BB,NLD,Online TA,TA/TO,0,0,0,F,F,0,No Deposit,9,NULL,0,Transient,211.5,0,0,Check-Out,2017-08-16
City Hotel,0,50,2017,August,33,14,1,1,2,0,0,BB,CHE,Online TA,TA/TO,0,0,0,A,A,0,No Deposit,9,NULL,0,Transient,160.0,0,1,Check-Out,2017-08-16
City Hotel,0,173,2017,August,32,10,2,4,2,0,0,HB,GBR,Online TA,TA/TO,0,0,0,D,D,0,No Deposit,9,NULL,0,Transient,173.7,0,1,Check-Out,2017-08-16
City Hotel,0,0,2017,August,33,15,0,1,2,0,0,BB,PRT,Online TA,TA/TO,0,0,0,E,E,0,No Deposit,9,NULL,0,Transient-Party,219.0,0,0,Check-Out,2017-08-16
City Hotel,0,0,2017,August,33,15,0,1,2,1,0,BB,PRT,Online TA,TA/TO,0,0,0,A,A,0,No Deposit,9,NULL,0,Transient-Party,199.0,0,0,Check-Out,2017-08-16
City Hotel,0,222,2017,August,32,11,2,3,2,2,0,BB,GBR,Online TA,TA/TO,0,0,0,F,F,0,No Deposit,9,NULL,0,Transient,202.5,0,0,Check-Out,2017-08-16
City Hotel,0,173,2017,August,32,10,2,4,2,0,0,HB,GBR,Online TA,TA/TO,0,0,0,D,D,0,No Deposit,9,NULL,0,Transient,173.7,0,1,Check-Out,2017-08-16
City Hotel,0,58,2017,August,33,15,0,1,2,1,0,BB,PRT,Online TA,TA/TO,0,0,0,A,D,0,No Deposit,9,NULL,0,Transient,180.0,0,1,Check-Out,2017-08-16
City Hotel,0,72,2017,August,33,13,2,1,2,0,0,BB,POL,Online TA,TA/TO,0,0,0,D,D,0,No Deposit,9,NULL,0,Transient,160.0,0,1,Check-Out,2017-08-16
City Hotel,0,66,2017,August,33,13,2,2,2,0,0,BB,FRA,Online TA,TA/TO,0,0,0,A,A,0,No Deposit,9,NULL,0,Transient,160.0,0,1,Check-Out,2017-08-17
City Hotel,0,87,2017,August,33,13,2,2,3,0,0,BB,BRA,Online TA,TA/TO,0,0,0,D,D,0,No Deposit,9,NULL,0,Transient,200.0,0,2,Check-Out,2017-08-17
City Hotel,0,53,2017,August,33,15,0,2,2,0,0,BB,PRT,Online TA,TA/TO,0,0,0,A,A,0,No Deposit,9,NULL,0,Transient,160.0,0,1,Check-Out,2017-08-17
City Hotel,0,34,2017,August,33,16,0,1,3,0,0,BB,FRA,Online TA,TA/TO,0,0,0,D,D,1,No Deposit,9,NULL,0,Transient,239.0,1,1,Check-Out,2017-08-17
City Hotel,0,34,2017,August,33,16,0,1,2,0,0,SC,FRA,Online TA,TA/TO,0,0,0,A,A,1,No Deposit,9,NULL,0,Transient,160.0,0,1,Check-Out,2017-08-17
City Hotel,0,113,2017,August,33,13,2,2,2,0,0,BB,FRA,Online TA,TA/TO,0,0,0,D,D,0,No Deposit,9,NULL,0,Transient,164.0,1,1,Check-Out,2017-08-17
City Hotel,0,28,2017,August,33,14,1,2,2,0,0,SC,ZAF,Online TA,TA/TO,0,0,0,A,A,0,No Deposit,9,NULL,0,Transient,160.0,0,0,Check-Out,2017-08-17
City Hotel,0,111,2017,August,33,14,1,2,3,0,0,BB,ITA,Online TA,TA/TO,0,0,0,E,E,0,No Deposit,9,NULL,0,Transient,225.0,0,2,Check-Out,2017-08-17
City Hotel,0,119,2017,August,33,14,1,2,2,2,0,BB,DEU,Online TA,TA/TO,0,0,0,F,F,0,No Deposit,9,NULL,0,Transient,244.0,0,0,Check-Out,2017-08-17
City Hotel,0,209,2017,August,33,14,1,2,2,0,0,HB,ESP,Direct,Direct,0,0,0,D,D,1,No Deposit,14,NULL,0,Transient,188.0,0,1,Check-Out,2017-08-17
City Hotel,0,208,2017,August,33,14,1,2,2,2,0,HB,ESP,Direct,Direct,0,0,0,E,E,0,No Deposit,14,NULL,0,Transient,249.0,0,0,Check-Out,2017-08-17
City Hotel,0,72,2017,August,33,16,0,1,3,0,0,HB,GBR,Online TA,TA/TO,0,0,0,D,D,0,No Deposit,9,NULL,0,Transient,267.0,0,3,Check-Out,2017-08-17
City Hotel,0,192,2017,August,33,13,2,2,2,1,0,BB,FRA,Online TA,TA/TO,0,0,0,A,A,0,No Deposit,9,NULL,0,Transient,157.5,0,2,Check-Out,2017-08-17
City Hotel,0,75,2017,August,33,16,0,1,3,0,0,BB,FRA,Online TA,TA/TO,0,0,0,D,D,0,No Deposit,9,NULL,0,Transient,200.0,0,1,Check-Out,2017-08-17
City Hotel,0,190,2017,August,32,12,2,3,2,3,0,BB,PRT,Online TA,TA/TO,0,0,0,G,G,0,No Deposit,8,NULL,0,Transient,326.5,0,2,Check-Out,2017-08-17
City Hotel,0,27,2017,August,33,14,1,2,2,0,0,SC,IRL,Online TA,TA/TO,0,0,0,A,A,0,No Deposit,9,NULL,0,Transient,160.0,0,3,Check-Out,2017-08-17
City Hotel,0,48,2017,August,33,15,0,2,2,1,0,BB,ECU,Online TA,TA/TO,0,0,0,A,A,0,No Deposit,9,NULL,0,Transient,180.0,0,3,Check-Out,2017-08-17
City Hotel,0,0,2017,August,33,16,0,1,2,2,0,BB,USA,Direct,Direct,0,0,0,F,F,0,No Deposit,NULL,NULL,0,Transient,259.0,0,1,Check-Out,2017-08-17
City Hotel,0,25,2017,August,33,14,1,2,2,0,0,SC,FRA,Online TA,TA/TO,0,0,0,A,A,0,No Deposit,9,NULL,0,Transient,169.0,0,1,Check-Out,2017-08-17
City Hotel,0,45,2017,August,33,16,0,1,2,2,0,BB,COM,Online TA,TA/TO,0,0,0,F,F,0,No Deposit,9,NULL,0,Transient,259.0,0,0,Check-Out,2017-08-17
City Hotel,0,46,2017,August,33,16,0,1,2,0,0,BB,PRT,Direct,Direct,0,0,0,B,G,0,No Deposit,14,NULL,0,Transient,154.0,0,1,Check-Out,2017-08-17
City Hotel,0,190,2017,August,32,12,2,3,2,3,0,BB,NOR,Online TA,TA/TO,0,0,0,G,G,0,No Deposit,8,NULL,0,Transient,326.5,0,2,Check-Out,2017-08-17
City Hotel,0,47,2017,August,33,14,1,2,2,0,0,BB,FRA,Online TA,TA/TO,0,0,0,A,A,0,No Deposit,9,NULL,0,Transient,160.0,0,1,Check-Out,2017-08-17
City Hotel,0,113,2017,August,33,14,1,2,3,0,0,BB,DEU,Online TA,TA/TO,0,0,0,D,D,0,No Deposit,9,NULL,0,Transient,195.0,0,1,Check-Out,2017-08-17
City Hotel,0,113,2017,August,32,12,2,3,2,2,0,HB,ESP,Direct,Direct,0,0,0,E,E,0,No Deposit,14,NULL,0,Transient,240.0,1,1,Check-Out,2017-08-17
City Hotel,0,48,2017,August,33,15,0,2,2,1,0,BB,ECU,Online TA,TA/TO,0,0,0,A,A,0,No Deposit,9,NULL,0,Transient,180.0,0,3,Check-Out,2017-08-17
City Hotel,0,208,2017,August,33,14,1,2,2,2,1,HB,ESP,Direct,Direct,0,0,0,E,E,1,No Deposit,14,NULL,0,Transient,240.0,0,1,Check-Out,2017-08-17
City Hotel,0,95,2017,August,32,12,2,3,2,0,0,BB,FRA,Online TA,TA/TO,0,0,0,D,D,0,No Deposit,9,NULL,0,Transient-Party,155.0,0,1,Check-Out,2017-08-17
City Hotel,0,106,2017,August,33,13,2,3,2,0,0,BB,FRA,Online TA,TA/TO,0,0,0,A,A,2,No Deposit,9,NULL,0,Transient,154.0,0,1,Check-Out,2017-08-18
City Hotel,0,106,2017,August,33,13,2,3,3,0,0,BB,FRA,Online TA,TA/TO,0,0,0,D,D,1,No Deposit,9,NULL,0,Transient,195.0,0,1,Check-Out,2017-08-18
City Hotel,0,101,2017,August,33,16,0,2,3,0,0,BB,FRA,Online TA,TA/TO,0,0,0,E,E,0,No Deposit,9,NULL,0,Transient,225.0,0,2,Check-Out,2017-08-18
City Hotel,0,186,2017,August,33,15,0,3,2,1,0,HB,FRA,Online TA,TA/TO,0,0,0,A,A,0,No Deposit,9,NULL,0,Transient,199.8,1,3,Check-Out,2017-08-18
City Hotel,0,108,2017,August,33,14,1,3,2,0,0,BB,FRA,Online TA,TA/TO,0,0,0,D,D,0,No Deposit,9,NULL,0,Transient-Party,155.0,0,1,Check-Out,2017-08-18
City Hotel,0,108,2017,August,33,14,1,3,1,0,0,BB,FRA,Online TA,TA/TO,0,0,0,D,D,1,No Deposit,9,NULL,0,Transient-Party,155.0,0,3,Check-Out,2017-08-18
City Hotel,0,91,2017,August,33,17,0,1,3,0,0,BB,USA,Online TA,TA/TO,0,0,0,E,E,0,No Deposit,9,NULL,0,Transient,230.0,0,2,Check-Out,2017-08-18
City Hotel,0,78,2017,August,33,16,0,2,3,0,0,BB,FRA,Online TA,TA/TO,0,0,0,D,D,0,No Deposit,9,NULL,0,Transient,209.0,1,2,Check-Out,2017-08-18
City Hotel,0,73,2017,August,33,14,1,3,3,0,0,BB,ESP,Online TA,TA/TO,0,0,0,D,D,0,No Deposit,9,NULL,0,Transient,200.0,0,0,Check-Out,2017-08-18
City Hotel,0,77,2017,August,33,15,0,3,3,0,0,BB,BEL,Direct,Direct,0,0,0,D,D,0,No Deposit,14,NULL,0,Transient-Party,179.5,0,1,Check-Out,2017-08-18
City Hotel,0,113,2017,August,33,13,2,3,2,0,0,BB,ITA,Online TA,TA/TO,0,0,0,D,D,0,No Deposit,9,NULL,0,Transient,164.0,1,2,Check-Out,2017-08-18
City Hotel,0,10,2017,August,33,16,0,2,2,2,0,BB,FRA,Direct,Direct,0,0,0,F,F,0,No Deposit,14,NULL,0,Transient,260.0,0,1,Check-Out,2017-08-18
City Hotel,0,36,2017,August,33,15,0,3,3,0,0,BB,USA,Online TA,TA/TO,0,0,0,D,D,0,No Deposit,9,NULL,0,Transient,219.0,0,2,Check-Out,2017-08-18
City Hotel,0,12,2017,August,33,17,0,1,2,2,0,BB,GBR,Online TA,TA/TO,0,0,0,F,F,0,No Deposit,9,NULL,0,Transient,279.0,0,0,Check-Out,2017-08-18
City Hotel,0,84,2017,August,33,14,1,3,2,0,0,BB,IRL,Online TA,TA/TO,0,0,0,A,A,2,No Deposit,9,NULL,0,Transient-Party,170.0,0,0,Check-Out,2017-08-18
City Hotel,0,80,2017,August,33,16,0,2,2,1,0,BB,ESP,Online TA,TA/TO,0,0,0,A,A,0,No Deposit,9,NULL,0,Transient,170.0,0,2,Check-Out,2017-08-18
City Hotel,0,1,2017,August,33,17,0,1,2,0,0,BB,PRT,Online TA,TA/TO,0,0,0,A,A,0,No Deposit,9,NULL,0,Transient,189.0,0,2,Check-Out,2017-08-18
City Hotel,0,36,2017,August,33,15,0,3,2,0,0,BB,PRT,Online TA,TA/TO,0,0,0,A,A,0,No Deposit,9,NULL,0,Transient,160.0,0,1,Check-Out,2017-08-18
City Hotel,0,0,2017,August,33,17,0,1,2,0,0,BB,PRT,Direct,Direct,0,0,0,E,E,0,No Deposit,14,NULL,0,Transient,190.0,0,0,Check-Out,2017-08-18
City Hotel,0,77,2017,August,33,14,1,3,3,0,0,BB,FRA,Online TA,TA/TO,0,0,0,D,D,1,No Deposit,9,NULL,0,Transient,200.0,0,2,Check-Out,2017-08-18
City Hotel,0,191,2017,August,33,15,0,3,3,0,0,BB,DEU,Online TA,TA/TO,0,0,0,D,D,1,No Deposit,9,NULL,0,Transient,175.5,0,0,Check-Out,2017-08-18
City Hotel,0,49,2017,August,33,14,1,3,2,0,0,BB,ESP,Online TA,TA/TO,0,0,0,A,A,0,No Deposit,9,NULL,0,Transient,160.0,0,1,Check-Out,2017-08-18
City Hotel,0,96,2017,August,33,16,0,2,2,1,0,BB,ESP,Online TA,TA/TO,0,0,0,A,D,0,No Deposit,9,NULL,0,Transient,174.0,0,1,Check-Out,2017-08-18
City Hotel,0,174,2017,August,33,17,0,1,2,2,0,BB,DEU,Online TA,TA/TO,0,0,0,F,F,0,No Deposit,9,NULL,0,Transient,244.0,0,0,Check-Out,2017-08-18
City Hotel,0,84,2017,August,33,14,1,3,3,0,0,BB,IRN,Online TA,TA/TO,0,0,0,D,D,1,No Deposit,9,NULL,0,Transient-Party,200.0,0,0,Check-Out,2017-08-18
City Hotel,0,84,2017,August,33,14,1,3,2,1,0,BB,IRN,Online TA,TA/TO,0,0,0,A,A,0,No Deposit,9,NULL,0,Transient-Party,170.0,0,0,Check-Out,2017-08-18
City Hotel,0,163,2017,August,33,14,1,3,2,1,0,BB,FRA,Online TA,TA/TO,0,0,0,A,A,0,No Deposit,9,NULL,0,Transient,157.5,1,1,Check-Out,2017-08-18
City Hotel,0,114,2017,August,33,15,0,4,3,0,0,BB,ESP,Direct,Direct,0,0,0,D,D,0,No Deposit,14,NULL,0,Transient,184.0,1,0,Check-Out,2017-08-19
City Hotel,0,84,2017,August,33,15,0,4,3,0,0,BB,GBR,Online TA,TA/TO,0,0,0,D,D,0,No Deposit,7,NULL,0,Transient,152.0,0,1,Check-Out,2017-08-19
City Hotel,0,54,2017,August,33,15,0,4,2,0,0,SC,ITA,Online TA,TA/TO,0,0,0,A,A,1,No Deposit,9,NULL,0,Transient,152.5,0,3,Check-Out,2017-08-19
City Hotel,0,157,2017,August,33,13,2,4,3,0,0,BB,ESP,Online TA,TA/TO,0,0,0,A,A,1,No Deposit,9,NULL,0,Transient,168.5,0,2,Check-Out,2017-08-19
City Hotel,0,30,2017,August,33,15,0,4,2,0,0,SC,ROU,Online TA,TA/TO,0,0,0,A,A,0,No Deposit,9,NULL,0,Transient,160.0,0,1,Check-Out,2017-08-19
City Hotel,0,10,2017,August,33,18,0,1,2,1,0,BB,USA,Direct,Direct,0,0,0,F,F,0,No Deposit,14,NULL,0,Transient,260.0,0,1,Check-Out,2017-08-19
City Hotel,0,35,2017,August,33,17,0,2,2,0,0,BB,USA,Online TA,TA/TO,0,0,0,D,D,0,No Deposit,9,NULL,0,Transient,190.0,0,2,Check-Out,2017-08-19
City Hotel,0,89,2017,August,33,16,0,3,2,2,0,BB,ITA,Online TA,TA/TO,0,0,0,F,F,1,No Deposit,9,NULL,0,Transient,240.0,0,1,Check-Out,2017-08-19
City Hotel,0,89,2017,August,33,16,0,3,3,0,0,BB,ITA,Online TA,TA/TO,0,0,0,D,D,1,No Deposit,9,NULL,0,Transient,200.0,0,2,Check-Out,2017-08-19
City Hotel,0,10,2017,August,33,18,0,1,2,1,0,BB,USA,Direct,Direct,0,0,0,F,F,0,No Deposit,14,NULL,0,Transient,260.0,0,0,Check-Out,2017-08-19
City Hotel,0,123,2017,August,33,16,0,3,2,0,0,BB,CHE,Online TA,TA/TO,0,0,0,E,E,0,No Deposit,9,NULL,0,Transient,185.0,0,0,Check-Out,2017-08-19
City Hotel,0,135,2017,August,33,17,0,2,3,0,0,BB,ESP,Online TA,TA/TO,0,0,0,D,D,0,No Deposit,9,NULL,0,Transient,199.5,0,1,Check-Out,2017-08-19
City Hotel,0,112,2017,August,33,16,0,3,2,0,0,HB,PRT,Online TA,TA/TO,0,0,0,D,D,0,No Deposit,9,NULL,0,Transient,202.0,0,1,Check-Out,2017-08-19
City Hotel,0,72,2017,August,33,17,0,2,2,1,0,BB,ESP,Online TA,TA/TO,0,0,0,A,A,0,No Deposit,9,NULL,0,Transient,160.0,0,2,Check-Out,2017-08-19
City Hotel,0,72,2017,August,33,17,0,2,2,1,0,BB,ESP,Online TA,TA/TO,0,0,0,F,F,0,No Deposit,9,NULL,0,Transient,259.0,0,1,Check-Out,2017-08-19
City Hotel,0,113,2017,August,33,17,0,2,2,0,0,BB,FRA,Online TA,TA/TO,0,0,0,D,D,0,No Deposit,9,NULL,0,Transient,155.0,0,1,Check-Out,2017-08-19
City Hotel,0,125,2017,August,32,12,2,5,2,0,0,BB,FRA,Online TA,TA/TO,0,0,0,D,D,0,No Deposit,9,NULL,0,Transient,155.0,0,1,Check-Out,2017-08-19
City Hotel,0,31,2017,August,33,17,0,2,2,0,0,SC,CHE,Online TA,TA/TO,0,0,0,A,A,0,No Deposit,9,NULL,0,Transient,169.0,0,3,Check-Out,2017-08-19
City Hotel,0,2,2017,August,33,17,0,2,2,0,0,SC,ESP,Online TA,TA/TO,0,0,0,A,A,0,No Deposit,9,NULL,0,Transient,169.0,0,1,Check-Out,2017-08-19
City Hotel,0,107,2017,August,33,15,0,4,3,0,0,BB,ITA,Online TA,TA/TO,0,0,0,D,D,1,No Deposit,9,NULL,0,Transient,204.0,0,1,Check-Out,2017-08-19
City Hotel,0,156,2017,August,32,12,2,5,2,1,0,BB,PRT,Online TA,TA/TO,0,0,0,A,A,0,No Deposit,9,NULL,0,Transient,157.5,1,2,Check-Out,2017-08-19
City Hotel,0,201,2017,August,33,17,0,2,2,2,0,BB,GBR,Online TA,TA/TO,0,0,0,F,F,0,No Deposit,9,NULL,0,Transient,235.0,0,0,Check-Out,2017-08-19
City Hotel,0,139,2017,August,33,15,0,4,2,3,0,HB,ESP,Direct,Direct,0,0,0,G,G,0,No Deposit,NULL,14,0,Transient,300.0,0,1,Check-Out,2017-08-19
City Hotel,0,84,2017,August,33,15,0,4,3,0,0,BB,ESP,Direct,Direct,0,0,0,D,D,0,No Deposit,14,NULL,0,Transient,215.0,0,3,Check-Out,2017-08-19
City Hotel,0,137,2017,August,33,18,0,1,3,0,0,BB,GBR,Online TA,TA/TO,0,0,0,D,D,1,No Deposit,9,NULL,0,Transient,195.0,0,1,Check-Out,2017-08-19
City Hotel,0,77,2017,August,33,17,0,2,2,2,0,BB,ESP,Online TA,TA/TO,0,0,0,F,F,1,No Deposit,9,NULL,0,Transient,240.0,0,1,Check-Out,2017-08-19
City Hotel,0,27,2017,August,33,15,0,4,2,0,0,SC,GBR,Online TA,TA/TO,0,0,0,A,A,0,No Deposit,9,NULL,0,Transient,169.0,1,1,Check-Out,2017-08-19
City Hotel,0,210,2017,August,33,14,1,4,3,0,0,BB,CHE,Online TA,TA/TO,0,0,0,D,D,0,No Deposit,9,NULL,0,Transient,177.3,0,0,Check-Out,2017-08-19
City Hotel,0,22,2017,August,33,19,1,1,2,1,0,BB,FRA,Direct,TA/TO,0,0,0,D,A,0,No Deposit,NULL,NULL,0,Transient,174.0,0,3,Check-Out,2017-08-21
City Hotel,0,40,2017,August,33,18,0,1,2,0,0,BB,ESP,Direct,Direct,0,0,0,D,D,0,No Deposit,14,NULL,0,Transient,174.0,0,0,Check-Out,2017-08-19
City Hotel,0,23,2017,August,33,18,0,1,3,1,0,BB,FRA,Direct,Direct,0,0,0,E,E,0,No Deposit,14,NULL,0,Transient,264.0,1,1,Check-Out,2017-08-19
City Hotel,0,77,2017,August,33,17,0,2,2,1,0,BB,ESP,Online TA,TA/TO,0,0,0,A,A,1,No Deposit,9,NULL,0,Transient,170.0,0,2,Check-Out,2017-08-19
City Hotel,0,11,2017,August,33,14,1,5,2,0,0,BB,FRA,Online TA,TA/TO,0,0,0,A,A,0,No Deposit,9,NULL,0,Transient,189.0,0,1,Check-Out,2017-08-20
City Hotel,0,120,2017,August,33,16,0,4,2,0,0,HB,HUN,Online TA,TA/TO,0,0,0,A,A,2,No Deposit,9,NULL,0,Transient-Party,183.0,0,2,Check-Out,2017-08-20
City Hotel,0,94,2017,August,33,16,0,4,2,0,0,BB,FRA,Online TA,TA/TO,0,0,0,A,A,3,No Deposit,9,NULL,0,Transient,155.75,0,1,Check-Out,2017-08-20
City Hotel,0,20,2017,August,33,19,0,1,2,0,0,BB,FRA,Online TA,TA/TO,0,0,0,D,D,0,No Deposit,9,NULL,0,Transient,190.0,0,1,Check-Out,2017-08-20
City Hotel,0,120,2017,August,33,16,0,4,2,0,0,HB,HUN,Online TA,TA/TO,0,0,0,D,D,2,No Deposit,9,NULL,0,Transient-Party,193.0,0,2,Check-Out,2017-08-20
City Hotel,0,32,2017,August,33,18,0,2,2,0,0,BB,AUT,Online TA,TA/TO,0,0,0,A,A,0,No Deposit,9,NULL,0,Transient,180.0,0,1,Check-Out,2017-08-20
City Hotel,0,4,2017,August,33,19,0,1,2,1,0,BB,PRT,Online TA,TA/TO,0,0,0,A,A,0,No Deposit,159,NULL,0,Transient,209.0,0,0,Check-Out,2017-08-20
City Hotel,0,1,2017,August,33,19,0,1,2,0,0,BB,PRT,Direct,Direct,0,0,0,D,D,0,No Deposit,14,NULL,0,Transient,173.5,1,1,Check-Out,2017-08-20
City Hotel,0,1,2017,August,33,19,0,1,2,0,0,BB,PRT,Direct,Direct,0,0,0,D,D,0,No Deposit,14,NULL,0,Transient,173.5,0,1,Check-Out,2017-08-20
City Hotel,0,3,2017,August,33,19,0,1,3,0,0,BB,PRT,Online TA,TA/TO,0,0,0,D,D,0,No Deposit,9,NULL,0,Transient,189.0,0,0,Check-Out,2017-08-20
City Hotel,0,0,2017,August,33,19,0,1,2,0,1,BB,ESP,Direct,Direct,0,0,0,D,D,0,No Deposit,NULL,NULL,0,Transient,169.0,0,0,Check-Out,2017-08-20
City Hotel,0,4,2017,August,33,18,0,2,2,0,0,BB,ESP,Direct,Direct,0,0,0,A,A,2,No Deposit,14,NULL,0,Transient,189.0,0,2,Check-Out,2017-08-20
City Hotel,0,38,2017,August,33,19,0,1,2,0,0,BB,ITA,Online TA,TA/TO,0,0,0,A,A,0,No Deposit,9,NULL,0,Transient,160.0,0,1,Check-Out,2017-08-20
City Hotel,0,255,2017,August,33,17,0,3,3,0,0,BB,DEU,Online TA,TA/TO,0,0,0,D,D,0,No Deposit,9,NULL,0,Transient,172.2,0,2,Check-Out,2017-08-20
City Hotel,0,5,2017,August,33,17,0,3,2,0,0,SC,FRA,Online TA,TA/TO,0,0,0,A,A,0,No Deposit,9,NULL,0,Transient,160.0,0,0,Check-Out,2017-08-20
City Hotel,0,13,2017,August,33,17,0,3,2,0,0,SC,PRT,Online TA,TA/TO,0,0,0,A,A,0,No Deposit,9,NULL,0,Transient,160.0,0,1,Check-Out,2017-08-20
City Hotel,0,2,2017,August,33,19,0,1,3,0,0,BB,LUX,Direct,Direct,0,0,0,D,D,0,No Deposit,14,NULL,0,Transient,219.0,0,0,Check-Out,2017-08-20
City Hotel,0,109,2017,August,33,16,0,4,3,0,0,BB,FRA,Online TA,TA/TO,0,0,0,E,E,0,No Deposit,9,NULL,0,Transient,225.0,0,1,Check-Out,2017-08-20
City Hotel,0,0,2017,August,33,19,0,1,2,0,0,BB,AUS,Online TA,TA/TO,0,0,0,A,A,0,No Deposit,9,NULL,0,Transient,169.0,0,0,Check-Out,2017-08-20
City Hotel,0,13,2017,August,33,19,0,1,2,0,0,BB,ISR,Direct,Direct,0,0,0,A,A,0,No Deposit,NULL,NULL,0,Transient,170.0,0,0,Check-Out,2017-08-20
City Hotel,0,114,2017,August,33,17,0,3,3,0,0,BB,GBR,Online TA,TA/TO,0,0,0,D,D,1,No Deposit,9,NULL,0,Transient,195.0,0,1,Check-Out,2017-08-20
City Hotel,0,36,2017,August,33,19,0,1,2,1,0,BB,FRA,Online TA,TA/TO,0,0,0,A,A,0,No Deposit,9,NULL,0,Transient,200.0,0,2,Check-Out,2017-08-20
City Hotel,0,36,2017,August,33,19,0,1,2,1,0,BB,FRA,Online TA,TA/TO,0,0,0,A,A,0,No Deposit,9,NULL,0,Transient,200.0,0,2,Check-Out,2017-08-20
City Hotel,0,2,2017,August,33,18,0,2,3,0,0,BB,TUR,Direct,Direct,0,0,0,D,D,0,No Deposit,NULL,NULL,0,Transient,229.0,0,0,Check-Out,2017-08-20
City Hotel,0,25,2017,August,33,18,0,2,2,0,0,BB,SWE,Online TA,TA/TO,0,0,0,A,A,0,No Deposit,9,NULL,0,Transient,180.0,0,1,Check-Out,2017-08-20
City Hotel,0,81,2017,August,33,19,0,1,1,0,0,BB,CYP,Online TA,TA/TO,0,0,0,D,D,0,No Deposit,9,NULL,0,Transient,160.0,0,1,Check-Out,2017-08-20
City Hotel,0,10,2017,August,33,18,0,2,2,0,0,BB,PRT,Online TA,TA/TO,0,0,0,A,A,0,No Deposit,9,NULL,0,Transient,180.0,0,2,Check-Out,2017-08-20
City Hotel,0,19,2017,August,33,19,0,1,2,2,0,BB,CZE,Online TA,TA/TO,0,0,0,F,F,0,No Deposit,9,NULL,0,Transient,270.0,0,0,Check-Out,2017-08-20
City Hotel,0,272,2017,August,33,18,0,2,3,0,0,BB,NLD,Online TA,TA/TO,0,0,0,D,D,1,No Deposit,9,NULL,0,Transient,156.6,0,1,Check-Out,2017-08-20
City Hotel,0,23,2017,August,33,18,0,2,3,1,0,BB,ESP,Offline TA/TO,TA/TO,0,0,0,G,K,0,No Deposit,159,NULL,0,Transient,283.23,0,0,Check-Out,2017-08-20
City Hotel,0,193,2017,August,33,18,1,2,3,0,0,BB,FRA,Online TA,TA/TO,0,0,0,D,D,0,No Deposit,9,NULL,0,Transient,163.2,0,1,Check-Out,2017-08-21
City Hotel,0,174,2017,August,33,19,1,1,4,0,0,BB,GBR,Online TA,TA/TO,0,0,0,F,F,0,No Deposit,79,NULL,0,Transient,171.6,0,0,Check-Out,2017-08-21
City Hotel,0,236,2017,August,33,17,1,3,2,0,0,HB,FRA,Online TA,TA/TO,0,0,0,E,E,1,No Deposit,9,NULL,0,Transient,193.28,0,2,Check-Out,2017-08-21
City Hotel,0,53,2017,August,33,19,1,1,2,0,0,BB,DEU,Online TA,TA/TO,0,0,0,D,D,0,No Deposit,9,NULL,0,Transient,170.0,0,1,Check-Out,2017-08-21
City Hotel,0,9,2017,August,33,18,1,2,2,0,0,SC,ESP,Online TA,TA/TO,0,0,0,A,A,0,No Deposit,9,NULL,0,Transient,162.33,0,1,Check-Out,2017-08-21
City Hotel,0,27,2017,August,34,20,1,0,2,2,0,BB,PRT,Online TA,TA/TO,0,0,0,G,G,0,No Deposit,83,NULL,0,Transient,229.6,0,0,Check-Out,2017-08-21
City Hotel,0,1,2017,August,33,19,1,1,3,0,0,BB,ESP,Online TA,TA/TO,0,0,0,D,D,0,No Deposit,9,NULL,0,Transient,188.1,0,1,Check-Out,2017-08-21
City Hotel,0,12,2017,August,33,19,1,1,2,0,0,BB,PRT,Online TA,TA/TO,0,0,0,D,D,1,No Deposit,9,NULL,0,Transient,180.0,0,4,Check-Out,2017-08-21
City Hotel,0,12,2017,August,33,19,1,1,2,1,0,BB,PRT,Online TA,TA/TO,0,0,0,A,A,1,No Deposit,9,NULL,0,Transient,190.0,0,4,Check-Out,2017-08-21
City Hotel,0,0,2017,August,34,20,1,0,3,0,0,BB,PRT,Direct,Direct,0,0,0,D,D,0,No Deposit,NULL,NULL,0,Transient,198.0,0,0,Check-Out,2017-08-21
City Hotel,0,101,2017,August,33,18,1,2,3,0,0,BB,FRA,Online TA,TA/TO,0,0,0,D,D,0,No Deposit,9,NULL,0,Transient,195.0,0,1,Check-Out,2017-08-21
City Hotel,0,8,2017,August,34,20,1,0,1,1,0,BB,PRT,Online TA,TA/TO,0,0,0,A,A,1,No Deposit,9,NULL,0,Transient,180.0,0,3,Check-Out,2017-08-21
City Hotel,0,9,2017,August,34,20,1,0,2,0,0,HB,DEU,Online TA,TA/TO,0,0,0,A,D,1,No Deposit,9,NULL,0,Transient,198.0,0,0,Check-Out,2017-08-21
City Hotel,0,9,2017,August,33,18,1,2,2,0,0,BB,GBR,Online TA,TA/TO,0,0,0,D,D,0,No Deposit,9,NULL,0,Transient,183.33,0,1,Check-Out,2017-08-21
City Hotel,0,14,2017,August,33,18,1,2,3,2,0,HB,ESP,Direct,Direct,0,0,0,G,G,1,No Deposit,14,NULL,0,Transient,372.33,0,1,Check-Out,2017-08-21
City Hotel,0,22,2017,August,33,19,1,1,2,2,0,BB,FRA,Direct,Direct,0,0,0,E,E,0,No Deposit,NULL,NULL,0,Transient,200.4,0,1,Check-Out,2017-08-21
City Hotel,0,225,2017,August,33,19,1,1,2,2,0,BB,GBR,Direct,Direct,0,0,0,F,F,0,No Deposit,14,NULL,0,Transient,175.05,0,1,Check-Out,2017-08-21
City Hotel,0,14,2017,August,33,18,1,2,2,0,0,BB,BRA,Online TA,TA/TO,0,0,0,D,D,0,No Deposit,9,NULL,0,Transient,183.33,0,1,Check-Out,2017-08-21
City Hotel,0,32,2017,August,33,17,1,3,2,0,0,BB,FRA,Online TA,TA/TO,0,0,0,D,D,0,No Deposit,9,NULL,0,Transient,185.0,0,2,Check-Out,2017-08-21
City Hotel,0,32,2017,August,33,17,1,3,3,0,0,BB,FRA,Online TA,TA/TO,0,0,0,D,D,0,No Deposit,9,NULL,0,Transient,234.0,0,3,Check-Out,2017-08-21
City Hotel,0,2,2017,August,33,18,1,2,3,0,0,BB,DZA,Online TA,TA/TO,0,0,0,A,A,2,No Deposit,9,NULL,0,Transient,192.67,0,0,Check-Out,2017-08-21
City Hotel,0,15,2017,August,33,17,1,3,3,1,0,BB,GBR,Online TA,TA/TO,0,0,0,G,G,1,No Deposit,7,NULL,0,Transient,236.0,0,1,Check-Out,2017-08-21
City Hotel,0,112,2017,August,34,20,2,0,2,0,0,BB,USA,Online TA,TA/TO,0,0,0,F,F,1,No Deposit,9,NULL,0,Transient,235.0,0,0,Check-Out,2017-08-22
City Hotel,0,240,2017,August,33,18,2,2,3,0,0,BB,NLD,Online TA,TA/TO,0,0,0,D,D,0,No Deposit,9,NULL,0,Transient,158.1,0,1,Check-Out,2017-08-22
City Hotel,0,135,2017,August,33,15,2,5,3,0,0,BB,FRA,Online TA,TA/TO,0,0,0,D,D,2,No Deposit,9,NULL,0,Transient,195.0,0,1,Check-Out,2017-08-22
City Hotel,0,2,2017,August,34,20,2,0,3,0,0,BB,AGO,Online TA,TA/TO,0,0,0,D,D,0,No Deposit,9,NULL,0,Transient,204.5,0,1,Check-Out,2017-08-22
City Hotel,0,138,2017,August,34,20,2,0,2,0,0,BB,ITA,Online TA,TA/TO,0,0,0,D,D,0,No Deposit,9,NULL,0,Transient,164.0,0,1,Check-Out,2017-08-22
City Hotel,0,6,2017,August,34,21,1,0,2,3,0,BB,USA,Online TA,TA/TO,0,0,0,G,G,0,No Deposit,7,NULL,0,Transient,264.44,0,2,Check-Out,2017-08-22
City Hotel,0,0,2017,August,34,21,1,0,2,2,0,BB,PRT,Online TA,TA/TO,0,0,0,F,F,0,No Deposit,9,NULL,0,Transient,198.0,0,0,Check-Out,2017-08-22
City Hotel,0,16,2017,August,34,20,2,0,3,0,0,BB,ESP,Online TA,TA/TO,0,0,0,D,D,0,No Deposit,9,NULL,0,Transient,210.0,0,0,Check-Out,2017-08-22
City Hotel,0,211,2017,August,33,19,2,1,2,2,0,BB,ITA,Direct,Direct,0,0,0,E,E,2,No Deposit,14,NULL,0,Transient,174.2,1,0,Check-Out,2017-08-22
City Hotel,0,2,2017,August,33,19,2,1,3,0,0,BB,ESP,Online TA,TA/TO,0,0,0,D,D,0,No Deposit,9,NULL,0,Transient,218.33,0,1,Check-Out,2017-08-22
City Hotel,0,87,2017,August,33,13,4,5,2,1,0,BB,ESP,Direct,Direct,0,0,0,E,E,2,No Deposit,14,NULL,0,Transient,195.11,1,3,Check-Out,2017-08-22
City Hotel,0,295,2017,August,33,19,2,2,2,2,0,BB,NLD,Online TA,TA/TO,0,0,0,F,F,0,No Deposit,7,NULL,0,Transient,171.14,0,1,Check-Out,2017-08-23
City Hotel,0,11,2017,August,34,22,0,1,1,0,0,BB,POL,Online TA,TA/TO,0,0,0,D,G,1,No Deposit,9,NULL,0,Transient,170.0,0,0,Check-Out,2017-08-23
City Hotel,0,10,2017,August,34,21,1,1,3,0,0,BB,BEL,Online TA,TA/TO,0,0,0,D,D,2,No Deposit,9,NULL,0,Transient,210.0,0,2,Check-Out,2017-08-23
City Hotel,0,40,2017,August,34,21,1,1,2,0,0,BB,ITA,Online TA,TA/TO,0,0,0,A,D,1,No Deposit,9,NULL,0,Transient,169.0,0,2,Check-Out,2017-08-23
City Hotel,0,22,2017,August,34,21,1,1,1,0,0,BB,TUR,Direct,Direct,0,0,0,D,E,2,No Deposit,14,NULL,0,Transient,160.0,0,0,Check-Out,2017-08-23
City Hotel,0,254,2017,August,34,20,2,1,2,0,0,BB,ESP,Direct,Direct,0,0,0,D,D,1,No Deposit,14,NULL,0,Transient,174.0,1,0,Check-Out,2017-08-23
City Hotel,0,97,2017,August,33,19,2,2,2,0,0,HB,FRA,Online TA,TA/TO,0,0,0,A,A,1,No Deposit,9,NULL,0,Transient,183.0,0,1,Check-Out,2017-08-23
City Hotel,0,135,2017,August,33,15,2,6,3,0,0,BB,FRA,Online TA,TA/TO,0,0,0,D,D,0,No Deposit,9,NULL,0,Transient,195.0,0,1,Check-Out,2017-08-23
City Hotel,0,223,2017,August,34,20,2,1,3,0,0,BB,DEU,Online TA,TA/TO,0,0,0,D,D,0,No Deposit,9,NULL,0,Transient,166.5,0,2,Check-Out,2017-08-23
City Hotel,0,0,2017,August,34,22,0,1,2,1,0,BB,DEU,Direct,Direct,0,0,0,G,G,0,No Deposit,14,NULL,0,Transient,195.0,0,1,Check-Out,2017-08-23
City Hotel,0,2,2017,August,33,18,2,3,2,0,0,BB,DEU,Direct,Direct,0,0,0,D,D,2,No Deposit,14,NULL,0,Transient,174.16,0,1,Check-Out,2017-08-23
City Hotel,0,1,2017,August,34,22,0,1,2,0,0,BB,PRT,Online TA,TA/TO,0,0,0,E,E,0,No Deposit,9,NULL,0,Transient,199.0,0,1,Check-Out,2017-08-23
City Hotel,0,163,2017,August,34,21,1,1,3,0,0,BB,POL,Online TA,TA/TO,0,0,0,D,D,0,No Deposit,9,NULL,0,Transient,175.5,0,2,Check-Out,2017-08-23
City Hotel,0,212,2017,August,34,22,0,2,2,0,0,HB,BEL,Online TA,TA/TO,0,0,0,D,D,0,No Deposit,9,NULL,0,Transient,171.0,1,2,Check-Out,2017-08-24
City Hotel,0,99,2017,August,34,21,1,2,3,0,0,BB,IRL,Online TA,TA/TO,0,0,0,D,E,0,No Deposit,9,NULL,0,Transient,195.0,0,2,Check-Out,2017-08-24
City Hotel,0,116,2017,August,34,20,2,2,2,2,0,HB,ESP,Offline TA/TO,TA/TO,0,0,0,E,E,0,No Deposit,168,NULL,0,Transient,178.5,0,0,Check-Out,2017-08-24
City Hotel,0,231,2017,August,34,21,1,2,3,0,0,BB,ITA,Online TA,TA/TO,0,0,0,D,D,0,No Deposit,9,NULL,0,Transient,166.5,0,1,Check-Out,2017-08-24
City Hotel,0,99,2017,August,34,21,1,2,2,1,0,BB,FRA,Online TA,TA/TO,0,0,0,G,G,0,No Deposit,7,NULL,0,Transient,225.48,0,2,Check-Out,2017-08-24
City Hotel,0,227,2017,August,33,18,2,4,2,2,0,HB,CN,Online TA,TA/TO,0,0,0,F,F,2,No Deposit,9,NULL,0,Transient,199.77,0,1,Check-Out,2017-08-24
City Hotel,0,111,2017,August,34,20,2,2,3,0,0,BB,GBR,Online TA,TA/TO,0,0,0,D,D,0,No Deposit,9,NULL,0,Transient,195.0,0,1,Check-Out,2017-08-24
City Hotel,0,19,2017,August,34,22,0,2,2,0,0,BB,ESP,Online TA,TA/TO,0,0,0,A,A,0,No Deposit,9,NULL,0,Transient,169.0,1,1,Check-Out,2017-08-24
City Hotel,0,171,2017,August,34,23,0,1,3,0,0,BB,DEU,Online TA,TA/TO,0,0,0,D,D,0,No Deposit,9,NULL,0,Transient,175.5,0,0,Check-Out,2017-08-24
City Hotel,0,163,2017,August,34,21,1,2,2,2,0,HB,ITA,Direct,Direct,0,0,0,E,E,0,No Deposit,14,NULL,0,Transient,240.0,0,1,Check-Out,2017-08-24
City Hotel,0,150,2017,August,34,21,1,2,2,2,0,BB,ESP,Online TA,TA/TO,0,0,0,F,F,0,No Deposit,83,NULL,0,Transient,188.0,0,1,Check-Out,2017-08-24
City Hotel,0,184,2017,August,33,17,2,5,3,0,0,BB,FRA,Online TA,TA/TO,0,0,0,D,D,0,No Deposit,9,NULL,0,Transient,164.44,0,0,Check-Out,2017-08-24
City Hotel,0,30,2017,August,34,23,0,1,2,1,0,BB,GBR,Online TA,TA/TO,0,0,0,A,A,0,No Deposit,9,NULL,0,Transient,180.0,0,0,Check-Out,2017-08-24
City Hotel,0,141,2017,August,33,17,2,5,3,0,0,BB,FRA,Online TA,TA/TO,0,0,0,D,D,2,No Deposit,9,NULL,0,Transient,195.0,0,1,Check-Out,2017-08-24
City Hotel,0,2,2017,August,34,23,0,1,2,1,0,BB,GBR,Online TA,TA/TO,0,0,0,D,D,2,No Deposit,9,NULL,0,Transient,179.0,1,2,Check-Out,2017-08-24
City Hotel,0,181,2017,August,33,18,2,5,3,0,0,HB,DEU,Online TA,TA/TO,0,0,0,D,D,0,No Deposit,9,NULL,0,Transient,213.81,0,0,Check-Out,2017-08-25
City Hotel,0,161,2017,August,34,20,2,3,2,1,0,BB,USA,Online TA,TA/TO,0,0,0,G,G,0,No Deposit,8,NULL,0,Transient,282.5,0,2,Check-Out,2017-08-25
City Hotel,0,120,2017,August,34,23,0,2,1,0,0,BB,USA,Direct,Direct,0,0,0,E,E,3,No Deposit,14,NULL,0,Transient,180.0,0,2,Check-Out,2017-08-25
City Hotel,0,7,2017,August,34,23,0,2,2,0,0,HB,ESP,Online TA,TA/TO,0,0,0,A,A,0,No Deposit,9,NULL,0,Transient,196.5,0,1,Check-Out,2017-08-25
City Hotel,0,182,2017,August,34,22,0,3,2,2,0,BB,ESP,Offline TA/TO,TA/TO,0,0,0,F,F,0,No Deposit,159,NULL,0,Transient,173.73,0,1,Check-Out,2017-08-25
City Hotel,0,263,2017,August,34,22,0,3,2,2,0,BB,BEL,Online TA,TA/TO,0,0,0,F,F,0,No Deposit,83,NULL,0,Transient,168.0,0,1,Check-Out,2017-08-25
City Hotel,0,41,2017,August,34,22,0,3,2,1,0,SC,FRA,Direct,Direct,0,0,0,A,A,0,No Deposit,14,NULL,0,Transient,152.67,0,1,Check-Out,2017-08-25
City Hotel,0,23,2017,August,34,23,0,2,3,0,0,BB,PRT,Direct,Direct,0,0,0,D,D,0,No Deposit,14,NULL,0,Transient,189.5,0,1,Check-Out,2017-08-25
City Hotel,0,141,2017,August,34,23,0,2,2,0,0,HB,USA,Direct,Direct,0,0,0,D,D,1,No Deposit,14,NULL,0,Transient,186.0,0,2,Check-Out,2017-08-25
City Hotel,0,177,2017,August,34,23,0,2,2,2,0,BB,AUT,Direct,Direct,0,0,0,F,F,0,No Deposit,14,NULL,0,Transient,230.0,0,0,Check-Out,2017-08-25
City Hotel,0,115,2017,August,34,21,1,3,2,1,0,BB,FIN,Online TA,TA/TO,0,0,0,D,D,1,No Deposit,9,NULL,0,Transient,195.0,0,3,Check-Out,2017-08-25
City Hotel,0,5,2017,August,34,22,0,4,3,0,0,BB,ITA,Online TA,TA/TO,0,0,0,D,D,0,No Deposit,7,NULL,0,Transient,155.61,0,2,Check-Out,2017-08-26
City Hotel,0,34,2017,August,34,23,0,3,2,0,0,BB,CN,Online TA,TA/TO,0,0,0,A,A,0,No Deposit,9,NULL,0,Transient,153.0,0,1,Check-Out,2017-08-26
City Hotel,0,186,2017,August,33,19,2,5,2,2,0,BB,AUT,Online TA,TA/TO,0,0,0,F,F,0,No Deposit,9,NULL,0,Transient,218.43,0,0,Check-Out,2017-08-26
City Hotel,0,116,2017,August,34,21,1,4,2,0,0,HB,FRA,Direct,Direct,0,0,0,A,A,1,No Deposit,14,NULL,0,Transient,176.0,0,0,Check-Out,2017-08-26
City Hotel,0,33,2017,August,34,22,0,4,2,0,0,HB,ESP,Online TA,TA/TO,0,0,0,A,A,0,No Deposit,9,NULL,0,Transient,201.75,0,1,Check-Out,2017-08-26
City Hotel,0,2,2017,August,34,25,0,1,2,0,0,BB,PRT,Direct,Direct,0,0,0,D,K,0,No Deposit,NULL,NULL,0,Transient,170.0,0,3,Check-Out,2017-08-26
City Hotel,0,42,2017,August,34,26,0,1,2,0,0,BB,PRT,Online TA,Direct,0,0,0,D,D,2,No Deposit,9,NULL,0,Transient,170.0,0,3,Check-Out,2017-08-27
City Hotel,0,111,2017,August,34,20,2,4,2,0,0,BB,CHN,Direct,Direct,0,0,0,A,A,1,No Deposit,14,NULL,0,Transient,160.0,0,2,Check-Out,2017-08-26
City Hotel,0,111,2017,August,34,20,2,4,2,0,0,BB,CHN,Direct,Direct,0,0,0,A,A,1,No Deposit,14,NULL,0,Transient,160.0,0,3,Check-Out,2017-08-26
City Hotel,0,111,2017,August,34,24,0,2,3,0,0,BB,GBR,Online TA,TA/TO,0,0,0,D,D,1,No Deposit,9,NULL,0,Transient,195.0,0,2,Check-Out,2017-08-26
City Hotel,0,191,2017,August,34,22,0,4,3,0,0,BB,NOR,Online TA,TA/TO,0,0,0,D,D,0,No Deposit,9,NULL,0,Transient,162.0,0,1,Check-Out,2017-08-26
City Hotel,0,18,2017,August,34,24,0,2,2,1,0,BB,ESP,Online TA,TA/TO,0,0,0,A,A,0,No Deposit,9,NULL,0,Transient,178.5,0,2,Check-Out,2017-08-26
City Hotel,0,179,2017,August,34,21,1,4,2,1,0,BB,BEL,Direct,Direct,0,0,0,E,E,0,No Deposit,14,NULL,0,Transient,165.0,0,1,Check-Out,2017-08-26
City Hotel,0,163,2017,August,34,23,0,3,2,2,0,BB,DEU,Direct,Direct,0,0,0,E,E,0,No Deposit,14,NULL,0,Transient,200.0,0,1,Check-Out,2017-08-26
City Hotel,0,6,2017,August,34,25,0,1,2,1,0,BB,PRT,Corporate,Corporate,0,0,0,D,E,0,No Deposit,NULL,492,0,Transient,169.0,0,1,Check-Out,2017-08-26
City Hotel,0,70,2017,August,34,24,0,2,3,0,0,BB,DEU,Online TA,TA/TO,0,0,0,D,D,0,No Deposit,9,NULL,0,Transient,199.0,0,2,Check-Out,2017-08-26
City Hotel,0,178,2017,August,34,22,0,4,3,0,0,BB,POL,Online TA,TA/TO,0,0,0,D,D,0,No Deposit,9,NULL,0,Transient,162.0,0,2,Check-Out,2017-08-26
City Hotel,0,165,2017,August,34,25,0,1,3,0,0,BB,GBR,Online TA,TA/TO,0,0,0,D,D,0,No Deposit,9,NULL,0,Transient,175.5,0,0,Check-Out,2017-08-26
City Hotel,0,215,2017,August,34,25,0,1,2,2,0,BB,GBR,Direct,Direct,0,0,0,F,F,0,No Deposit,14,NULL,0,Transient,215.0,0,0,Check-Out,2017-08-26
City Hotel,0,124,2017,August,34,20,2,4,2,1,0,BB,ITA,Online TA,TA/TO,0,0,0,D,D,0,No Deposit,8,NULL,0,Transient,172.5,0,3,Check-Out,2017-08-26
City Hotel,0,215,2017,August,34,25,0,1,2,3,0,BB,GBR,Direct,Direct,0,0,0,G,G,0,No Deposit,14,NULL,0,Transient,245.0,0,1,Check-Out,2017-08-26
City Hotel,0,181,2017,August,33,19,2,5,2,1,0,BB,GBR,Online TA,TA/TO,0,0,0,F,F,0,No Deposit,9,NULL,0,Transient-Party,218.43,0,1,Check-Out,2017-08-26
City Hotel,0,143,2017,August,34,23,0,4,2,0,0,BB,ITA,Online TA,TA/TO,0,0,0,D,A,0,No Deposit,9,NULL,0,Transient,155.0,0,1,Check-Out,2017-08-27
City Hotel,0,28,2017,August,34,24,0,3,2,0,0,BB,IRL,Online TA,TA/TO,0,0,0,D,D,0,No Deposit,9,NULL,0,Transient,163.0,0,2,Check-Out,2017-08-27
City Hotel,0,159,2017,August,34,24,0,3,3,0,0,BB,DNK,Online TA,TA/TO,0,0,0,E,E,1,No Deposit,9,NULL,0,Transient,202.5,0,1,Check-Out,2017-08-27
City Hotel,0,32,2017,August,34,25,0,2,2,0,0,BB,GBR,Online TA,TA/TO,0,0,0,D,D,0,No Deposit,9,NULL,0,Transient,170.0,0,1,Check-Out,2017-08-27
City Hotel,0,224,2017,August,34,24,0,3,2,2,0,BB,GBR,Direct,Direct,0,0,0,E,E,0,No Deposit,14,NULL,0,Transient,163.5,0,3,Check-Out,2017-08-27
City Hotel,0,31,2017,August,34,25,0,2,3,0,0,BB,ESP,Online TA,TA/TO,0,0,0,D,D,0,No Deposit,9,NULL,0,Transient,210.0,0,2,Check-Out,2017-08-27
City Hotel,0,137,2017,August,34,23,0,4,4,0,0,BB,NLD,Online TA,TA/TO,0,0,0,G,G,1,No Deposit,7,NULL,0,Transient,225.48,0,2,Check-Out,2017-08-27
City Hotel,0,6,2017,August,34,24,0,3,2,0,0,HB,PRT,Direct,Direct,0,0,0,A,A,1,No Deposit,14,NULL,0,Transient,179.0,0,0,Check-Out,2017-08-27
City Hotel,0,200,2017,August,34,25,0,2,3,2,0,BB,IRL,Direct,Direct,0,0,0,G,G,0,No Deposit,NULL,NULL,0,Transient,294.0,1,0,Check-Out,2017-08-27
City Hotel,0,131,2017,August,34,25,0,2,2,2,0,BB,GBR,Online TA,TA/TO,0,0,0,F,F,0,No Deposit,9,NULL,0,Transient,244.0,0,0,Check-Out,2017-08-27
City Hotel,0,122,2017,August,34,26,0,1,2,0,0,BB,DEU,Online TA,TA/TO,0,0,0,D,D,0,No Deposit,9,NULL,0,Transient,164.0,1,1,Check-Out,2017-08-27
City Hotel,0,44,2017,August,34,24,0,3,2,0,0,BB,FRA,Online TA,TA/TO,0,0,0,D,D,0,No Deposit,9,NULL,0,Transient,162.67,0,1,Check-Out,2017-08-27
City Hotel,0,2,2017,August,34,26,0,1,2,1,0,BB,AUT,Online TA,TA/TO,0,0,0,F,F,1,No Deposit,9,NULL,0,Transient,239.0,0,0,Check-Out,2017-08-27
City Hotel,0,31,2017,August,34,26,0,1,2,0,0,HB,DEU,Direct,Direct,0,0,0,A,E,1,No Deposit,14,NULL,0,Transient,195.0,0,4,Check-Out,2017-08-27
City Hotel,0,175,2017,August,33,19,2,6,1,1,0,BB,HUN,Online TA,TA/TO,0,0,0,D,D,1,No Deposit,9,NULL,0,Transient,160.76,0,0,Check-Out,2017-08-27
City Hotel,0,38,2017,August,34,24,0,3,2,0,0,BB,AUS,Online TA,TA/TO,0,0,0,D,D,0,No Deposit,9,NULL,0,Transient,162.67,0,2,Check-Out,2017-08-27
City Hotel,0,112,2017,August,34,25,0,2,2,2,0,BB,GBR,Online TA,TA/TO,0,0,0,F,F,0,No Deposit,9,NULL,0,Transient,235.0,0,0,Check-Out,2017-08-27
City Hotel,0,0,2017,August,34,26,0,1,2,2,0,BB,PRT,Direct,Direct,0,0,0,F,F,0,No Deposit,NULL,NULL,0,Transient,200.0,0,0,Check-Out,2017-08-27
City Hotel,0,12,2017,August,34,26,0,1,3,0,0,BB,USA,Online TA,TA/TO,0,0,0,E,E,0,No Deposit,9,NULL,0,Transient,240.0,0,1,Check-Out,2017-08-27
City Hotel,0,139,2017,August,34,26,1,1,3,0,0,BB,GBR,Online TA,TA/TO,0,0,0,D,D,2,No Deposit,9,NULL,0,Transient,195.0,0,1,Check-Out,2017-08-28
City Hotel,0,218,2017,August,33,18,3,7,2,2,0,HB,BEL,Direct,Direct,0,0,0,E,E,2,No Deposit,14,NULL,0,Transient,215.86,0,1,Check-Out,2017-08-28
City Hotel,0,15,2017,August,34,25,1,2,2,0,0,BB,GBR,Direct,Direct,0,0,0,D,D,0,No Deposit,NULL,NULL,0,Transient,160.0,0,2,Check-Out,2017-08-28
City Hotel,0,16,2017,August,34,25,1,2,2,0,0,BB,GBR,Direct,Direct,0,0,0,D,F,1,No Deposit,NULL,NULL,0,Transient,160.0,0,2,Check-Out,2017-08-28
City Hotel,0,101,2017,August,35,27,1,0,2,0,0,HB,USA,Online TA,TA/TO,0,0,0,D,D,4,No Deposit,9,NULL,0,Transient,166.0,0,2,Check-Out,2017-08-28
City Hotel,0,5,2017,August,34,24,1,3,3,0,0,BB,ESP,Online TA,TA/TO,0,0,0,D,D,0,No Deposit,9,NULL,0,Transient,203.5,0,0,Check-Out,2017-08-28
City Hotel,0,202,2017,August,34,25,1,2,3,0,0,BB,DEU,Online TA,TA/TO,0,0,0,D,D,0,No Deposit,9,NULL,0,Transient,162.0,0,0,Check-Out,2017-08-28
City Hotel,0,164,2017,August,34,23,1,4,2,0,0,BB,DEU,Online TA,TA/TO,0,0,0,D,D,0,No Deposit,9,NULL,0,Transient,175.5,0,1,Check-Out,2017-08-28
City Hotel,0,101,2017,August,35,27,1,0,2,0,0,HB,USA,Online TA,TA/TO,0,0,0,D,D,4,No Deposit,9,NULL,0,Transient,166.0,0,2,Check-Out,2017-08-28
City Hotel,0,101,2017,August,35,27,1,0,2,0,0,HB,USA,Online TA,TA/TO,0,0,0,D,D,4,No Deposit,9,NULL,0,Transient,166.0,0,2,Check-Out,2017-08-28
City Hotel,0,104,2017,August,35,27,1,0,3,1,0,BB,PRT,Direct,Direct,0,0,0,E,E,0,No Deposit,NULL,NULL,0,Transient,162.0,0,1,Check-Out,2017-08-28
City Hotel,0,206,2017,August,34,23,1,4,2,1,0,HB,ESP,Online TA,TA/TO,0,0,0,A,A,0,No Deposit,9,NULL,0,Transient,177.75,0,3,Check-Out,2017-08-28
City Hotel,0,206,2017,August,34,23,1,4,2,1,0,HB,ESP,Online TA,TA/TO,0,0,0,A,A,0,No Deposit,9,NULL,0,Transient,177.75,0,3,Check-Out,2017-08-28
City Hotel,0,155,2017,August,34,26,1,1,2,0,0,HB,ESP,Online TA,TA/TO,0,0,0,D,D,0,No Deposit,9,NULL,0,Transient,173.7,0,1,Check-Out,2017-08-28
City Hotel,0,206,2017,August,34,23,1,4,2,1,0,HB,ESP,Online TA,TA/TO,0,0,0,A,A,0,No Deposit,9,NULL,0,Transient,177.75,0,3,Check-Out,2017-08-28
City Hotel,0,183,2017,August,34,22,1,5,2,0,0,HB,ESP,Online TA,TA/TO,0,0,0,D,D,0,No Deposit,9,NULL,0,Transient,164.7,0,1,Check-Out,2017-08-28
City Hotel,0,164,2017,August,34,24,1,3,2,2,0,BB,FRA,Online TA,TA/TO,0,0,0,F,F,0,No Deposit,9,NULL,0,Transient,235.0,0,0,Check-Out,2017-08-28
City Hotel,0,25,2017,August,34,26,1,1,3,0,0,BB,ESP,Online TA,TA/TO,0,0,0,D,D,0,No Deposit,9,NULL,0,Transient,184.5,0,3,Check-Out,2017-08-28
City Hotel,0,71,2017,August,34,26,1,1,1,0,0,BB,PRT,Online TA,TA/TO,0,0,0,E,E,0,No Deposit,425,NULL,0,Transient,164.0,0,1,Check-Out,2017-08-28
City Hotel,0,49,2017,August,34,26,1,1,3,0,0,HB,BEL,Offline TA/TO,TA/TO,0,0,0,D,D,0,No Deposit,394,NULL,0,Transient,164.1,0,2,Check-Out,2017-08-28
City Hotel,0,35,2017,August,34,26,2,1,2,2,0,BB,GBR,Direct,Direct,0,0,0,E,E,0,No Deposit,14,NULL,0,Transient,176.64,0,1,Check-Out,2017-08-29
City Hotel,0,8,2017,August,34,26,2,1,2,3,0,BB,GBR,Online TA,TA/TO,0,0,0,G,G,0,No Deposit,7,NULL,0,Transient,253.51,0,2,Check-Out,2017-08-29
City Hotel,0,301,2017,August,35,27,2,0,2,2,0,BB,GBR,Online TA,TA/TO,0,0,0,F,F,0,No Deposit,9,NULL,0,Transient,179.1,0,0,Check-Out,2017-08-29
City Hotel,0,39,2017,August,34,24,2,3,3,0,0,BB,NLD,Online TA,TA/TO,0,0,0,D,D,0,No Deposit,9,NULL,0,Transient,194.6,0,1,Check-Out,2017-08-29
City Hotel,0,172,2017,August,34,25,2,2,3,0,0,BB,FRO,Online TA,TA/TO,0,0,0,E,E,1,No Deposit,9,NULL,0,Transient,202.5,0,1,Check-Out,2017-08-29
City Hotel,0,267,2017,August,34,25,2,2,3,0,0,BB,ITA,Online TA,TA/TO,0,0,0,D,D,0,No Deposit,9,NULL,0,Transient,166.5,0,2,Check-Out,2017-08-29
City Hotel,0,0,2017,August,35,29,0,1,2,3,0,BB,GBR,Offline TA/TO,TA/TO,1,0,0,G,G,3,No Deposit,229,NULL,0,Group,270.0,0,1,Check-Out,2017-08-30
City Hotel,0,58,2017,August,34,24,2,3,2,0,0,BB,FRA,Direct,Direct,0,0,0,D,D,0,No Deposit,14,NULL,0,Transient,150.33,1,0,Check-Out,2017-08-29
City Hotel,0,221,2017,August,34,26,2,1,2,2,0,BB,DEU,Online TA,TA/TO,0,0,0,F,F,0,No Deposit,9,NULL,0,Transient,198.0,0,1,Check-Out,2017-08-29
City Hotel,0,14,2017,August,34,24,2,3,2,1,0,BB,GBR,Online TA,TA/TO,0,0,0,A,A,0,No Deposit,9,NULL,0,Transient,165.6,0,2,Check-Out,2017-08-29
City Hotel,0,10,2017,August,35,27,2,0,3,0,0,BB,DEU,Online TA,TA/TO,0,0,0,E,E,1,No Deposit,9,NULL,0,Transient,214.5,0,1,Check-Out,2017-08-29
City Hotel,0,267,2017,August,34,25,2,2,3,0,0,BB,ITA,Online TA,TA/TO,0,0,0,D,D,0,No Deposit,9,NULL,0,Transient,166.5,0,2,Check-Out,2017-08-29
City Hotel,0,179,2017,August,34,23,2,5,2,0,0,HB,DEU,Online TA,TA/TO,0,0,0,D,D,0,No Deposit,9,NULL,0,Transient,160.2,0,0,Check-Out,2017-08-30
City Hotel,0,43,2017,August,35,29,0,1,3,0,0,BB,FRA,Online TA,TA/TO,0,0,0,D,D,1,No Deposit,9,NULL,0,Transient,210.0,0,1,Check-Out,2017-08-30
City Hotel,0,189,2017,August,35,28,1,1,3,0,0,HB,RUS,Online TA,TA/TO,0,0,0,E,E,0,No Deposit,9,NULL,0,Transient,187.2,0,0,Check-Out,2017-08-30
City Hotel,0,130,2017,August,34,23,2,5,2,2,0,HB,FRA,Direct,Direct,0,0,0,G,G,0,No Deposit,14,NULL,0,Transient,300.0,0,1,Check-Out,2017-08-30
City Hotel,0,209,2017,August,34,26,2,2,3,0,0,BB,ITA,Online TA,TA/TO,0,0,0,D,D,0,No Deposit,9,NULL,0,Transient,162.0,0,0,Check-Out,2017-08-30
City Hotel,0,146,2017,August,35,28,1,1,3,0,0,BB,BEL,Online TA,TA/TO,0,0,0,D,D,0,No Deposit,9,NULL,0,Transient,195.0,0,1,Check-Out,2017-08-30
City Hotel,0,4,2017,August,35,28,1,1,3,0,0,BB,GBR,Online TA,TA/TO,0,0,0,D,D,0,No Deposit,9,NULL,0,Transient,219.0,0,2,Check-Out,2017-08-30
City Hotel,0,223,2017,August,34,23,2,5,3,0,0,HB,AUT,Online TA,TA/TO,0,0,0,A,A,1,No Deposit,83,NULL,0,Transient,154.7,0,1,Check-Out,2017-08-30
City Hotel,0,6,2017,August,35,27,2,1,3,0,0,BB,PRT,Online TA,TA/TO,0,0,0,D,D,0,No Deposit,9,NULL,0,Transient,196.33,0,2,Check-Out,2017-08-30
City Hotel,0,52,2017,August,35,27,2,1,3,0,0,BB,DEU,Online TA,TA/TO,0,0,0,E,E,0,No Deposit,9,NULL,0,Transient,258.0,1,2,Check-Out,2017-08-30
City Hotel,0,190,2017,August,35,27,2,1,3,0,0,BB,BEL,Online TA,TA/TO,0,0,0,D,D,0,No Deposit,9,NULL,0,Transient,162.0,0,2,Check-Out,2017-08-30
City Hotel,0,5,2017,August,35,29,0,1,2,2,0,BB,DEU,Online TA,TA/TO,0,0,0,F,F,0,No Deposit,9,NULL,0,Transient,259.0,0,0,Check-Out,2017-08-30
City Hotel,0,39,2017,August,35,29,0,1,1,0,0,BB,DEU,Online TA,TA/TO,0,0,0,D,E,1,No Deposit,9,NULL,0,Transient,170.0,0,1,Check-Out,2017-08-30
City Hotel,0,13,2017,August,34,26,2,2,2,0,0,BB,GBR,Online TA,TA/TO,0,0,0,D,D,0,No Deposit,9,NULL,0,Transient,157.25,0,1,Check-Out,2017-08-30
City Hotel,0,0,2017,August,35,29,0,1,2,2,0,BB,NLD,Direct,Direct,0,0,0,G,G,0,No Deposit,NULL,NULL,0,Transient,270.0,0,0,Check-Out,2017-08-30
City Hotel,0,29,2017,August,35,27,2,1,2,2,0,BB,LUX,Online TA,TA/TO,0,0,0,F,F,0,No Deposit,9,NULL,0,Transient,233.0,0,0,Check-Out,2017-08-30
City Hotel,0,31,2017,August,35,28,1,2,2,0,0,BB,GBR,Online TA,TA/TO,0,0,0,D,D,0,No Deposit,9,NULL,0,Transient,170.0,0,1,Check-Out,2017-08-31
City Hotel,0,180,2017,August,34,25,2,4,3,0,0,HB,ESP,Online TA,TA/TO,0,0,0,D,D,0,No Deposit,9,NULL,0,Transient,222.3,1,0,Check-Out,2017-08-31
City Hotel,0,171,2017,August,34,22,2,7,2,1,0,BB,ITA,Direct,Direct,0,0,0,E,E,0,No Deposit,14,NULL,0,Transient,180.0,0,1,Check-Out,2017-08-31
City Hotel,0,232,2017,August,34,26,2,3,3,0,0,BB,ITA,Online TA,TA/TO,0,0,0,D,D,2,No Deposit,9,NULL,0,Transient,157.25,0,0,Check-Out,2017-08-31
City Hotel,0,175,2017,August,35,27,2,2,1,2,0,BB,IRL,Online TA,TA/TO,0,0,0,D,D,1,No Deposit,9,NULL,0,Transient,175.5,0,1,Check-Out,2017-08-31
City Hotel,0,113,2017,August,35,27,2,3,2,0,0,BB,GBR,Online TA,TA/TO,0,0,0,E,E,1,No Deposit,9,NULL,0,Transient,185.0,0,2,Check-Out,2017-09-01
City Hotel,0,27,2017,August,35,28,1,3,2,0,0,BB,DEU,Direct,Direct,0,0,0,D,D,2,No Deposit,14,NULL,0,Transient,169.0,1,0,Check-Out,2017-09-01
City Hotel,0,6,2017,August,35,28,1,3,2,2,0,BB,FRA,Online TA,TA/TO,0,0,0,F,F,1,No Deposit,7,NULL,0,Transient,190.0,0,1,Check-Out,2017-09-01
City Hotel,0,28,2017,August,35,30,0,2,3,0,0,BB,BRA,Online TA,TA/TO,0,0,0,D,D,0,No Deposit,9,NULL,0,Transient,210.0,0,0,Check-Out,2017-09-01
City Hotel,0,196,2017,August,35,27,2,3,2,0,0,HB,FRA,Online TA,TA/TO,0,0,0,A,A,0,No Deposit,9,NULL,0,Transient,151.2,0,2,Check-Out,2017-09-01
City Hotel,0,211,2017,August,35,28,1,3,3,0,0,BB,GBR,Direct,Direct,0,0,0,D,D,0,No Deposit,14,NULL,0,Transient,161.5,0,1,Check-Out,2017-09-01
City Hotel,0,140,2017,August,35,27,2,3,2,2,0,BB,AUT,Online TA,TA/TO,0,0,0,F,F,0,No Deposit,9,NULL,0,Transient,235.0,0,0,Check-Out,2017-09-01
City Hotel,0,140,2017,August,35,27,2,3,2,2,0,BB,AUT,Online TA,TA/TO,0,0,0,F,F,0,No Deposit,9,NULL,0,Transient,235.0,0,0,Check-Out,2017-09-01
City Hotel,0,9,2017,August,35,28,1,3,2,2,0,BB,ESP,Direct,Direct,0,0,0,E,E,0,No Deposit,14,NULL,0,Transient,210.0,0,0,Check-Out,2017-09-01
City Hotel,0,115,2017,August,35,28,1,3,2,0,0,BB,FRA,Online TA,TA/TO,0,0,0,D,D,0,No Deposit,9,NULL,0,Transient,155.0,0,1,Check-Out,2017-09-01
City Hotel,0,22,2017,August,35,28,1,3,2,0,0,BB,GBR,Direct,Direct,0,0,0,D,D,0,No Deposit,14,NULL,0,Transient,160.0,0,0,Check-Out,2017-09-01
City Hotel,0,30,2017,August,35,30,0,3,3,0,0,HB,ITA,Online TA,TA/TO,0,0,0,D,D,0,No Deposit,7,NULL,0,Transient,195.47,0,3,Check-Out,2017-09-02
City Hotel,0,198,2017,August,35,29,0,4,2,0,0,HB,ITA,Online TA,TA/TO,0,0,0,A,A,0,No Deposit,9,NULL,0,Transient,160.2,0,0,Check-Out,2017-09-02
City Hotel,0,135,2017,August,35,27,2,4,2,0,0,BB,SWE,Online TA,TA/TO,0,0,0,D,D,2,No Deposit,9,NULL,0,Transient,157.17,0,1,Check-Out,2017-09-02
City Hotel,0,177,2017,August,35,27,2,4,2,0,0,HB,FRA,Online TA,TA/TO,0,0,0,D,D,0,No Deposit,9,NULL,0,Transient,175.95,0,1,Check-Out,2017-09-02
City Hotel,0,167,2017,August,35,27,2,4,2,1,0,BB,AUT,Online TA,TA/TO,0,0,0,D,D,1,No Deposit,9,NULL,0,Transient,177.75,0,0,Check-Out,2017-09-02
City Hotel,0,44,2017,August,35,30,0,3,3,0,0,BB,FRA,Online TA,TA/TO,0,0,0,D,D,0,No Deposit,9,NULL,0,Transient,206.33,0,1,Check-Out,2017-09-02
City Hotel,0,25,2017,August,35,30,0,3,3,0,0,BB,ITA,Online TA,TA/TO,0,0,0,E,F,1,No Deposit,9,NULL,0,Transient,236.33,0,3,Check-Out,2017-09-02
City Hotel,0,243,2017,August,35,30,0,3,2,2,0,BB,DEU,Online TA,TA/TO,0,0,0,F,F,0,No Deposit,9,NULL,0,Transient,189.0,0,3,Check-Out,2017-09-02
City Hotel,0,332,2017,August,35,31,0,2,2,0,0,BB,GBR,Online TA,TA/TO,0,0,0,D,F,4,No Deposit,9,NULL,0,Transient,170.8,0,2,Check-Out,2017-09-02
City Hotel,0,26,2017,August,35,29,0,4,3,0,0,BB,GBR,Online TA,TA/TO,0,0,0,D,D,0,No Deposit,9,NULL,0,Transient,207.25,0,0,Check-Out,2017-09-02
City Hotel,0,130,2017,August,35,28,1,4,2,0,0,BB,DEU,Online TA,TA/TO,0,0,0,E,E,0,No Deposit,9,NULL,0,Transient,188.0,0,0,Check-Out,2017-09-02
City Hotel,0,211,2017,August,35,31,0,3,3,0,0,BB,DNK,Online TA,TA/TO,0,0,0,D,D,0,No Deposit,9,NULL,0,Transient,162.0,0,1,Check-Out,2017-09-03
City Hotel,0,160,2017,August,35,29,0,5,2,1,0,BB,GBR,Online TA,TA/TO,0,0,0,A,A,0,No Deposit,9,NULL,0,Transient,153.9,0,0,Check-Out,2017-09-03
City Hotel,0,45,2017,August,35,28,1,5,2,2,0,BB,GBR,Online TA,TA/TO,0,0,0,F,F,1,No Deposit,7,NULL,0,Transient,194.13,0,1,Check-Out,2017-09-03
City Hotel,0,140,2017,August,35,29,0,5,2,0,0,BB,JPN,Direct,Direct,0,0,0,D,D,0,No Deposit,14,NULL,0,Transient,156.0,0,1,Check-Out,2017-09-03
City Hotel,0,30,2017,August,35,31,0,3,2,0,0,BB,DEU,Direct,Direct,0,0,0,A,A,0,No Deposit,14,NULL,0,Transient,151.67,1,0,Check-Out,2017-09-03
City Hotel,0,27,2017,August,35,31,0,3,2,0,0,BB,DEU,Online TA,TA/TO,0,0,0,A,A,0,No Deposit,9,NULL,0,Transient,152.67,0,1,Check-Out,2017-09-03
City Hotel,0,63,2017,August,35,31,0,3,3,0,0,BB,SWE,Online TA,TA/TO,0,0,0,D,D,0,No Deposit,9,NULL,0,Transient-Party,195.33,0,2,Check-Out,2017-09-03
City Hotel,0,103,2017,August,35,29,0,5,1,0,0,BB,CHN,Online TA,TA/TO,0,0,0,D,D,1,No Deposit,9,NULL,0,Transient,153.6,0,0,Check-Out,2017-09-03
City Hotel,0,110,2017,August,35,29,0,5,3,0,0,HB,ITA,Direct,Direct,0,0,0,D,D,1,No Deposit,14,NULL,0,Transient,229.0,0,1,Check-Out,2017-09-03
City Hotel,0,110,2017,August,35,29,0,5,2,0,0,HB,PRT,Direct,Direct,0,0,0,D,D,1,No Deposit,14,NULL,0,Transient,171.0,0,2,Check-Out,2017-09-03
City Hotel,0,63,2017,August,35,31,0,3,3,0,0,BB,SWE,Online TA,TA/TO,0,0,0,D,D,0,No Deposit,9,NULL,0,Transient-Party,195.33,0,2,Check-Out,2017-09-03
City Hotel,0,31,2017,August,35,31,0,3,2,0,0,BB,LUX,Online TA,TA/TO,0,0,0,A,A,0,No Deposit,9,NULL,0,Transient,152.67,0,1,Check-Out,2017-09-03
City Hotel,0,45,2017,August,35,27,2,5,2,0,0,HB,ESP,Online TA,TA/TO,0,0,0,A,A,0,No Deposit,9,NULL,0,Transient,183.86,0,2,Check-Out,2017-09-03
City Hotel,0,63,2017,August,35,31,0,3,3,0,0,BB,SWE,Online TA,TA/TO,0,0,0,D,D,0,No Deposit,9,NULL,0,Transient-Party,195.33,0,2,Check-Out,2017-09-03
City Hotel,0,63,2017,August,35,31,0,3,3,0,0,BB,SWE,Online TA,TA/TO,0,0,0,D,D,0,No Deposit,9,NULL,0,Transient-Party,195.33,0,2,Check-Out,2017-09-03
City Hotel,0,63,2017,August,35,31,0,3,3,0,0,BB,SWE,Online TA,TA/TO,0,0,0,D,D,0,No Deposit,9,NULL,0,Transient-Party,195.33,0,2,Check-Out,2017-09-03
City Hotel,0,63,2017,August,35,31,0,3,3,0,0,BB,SWE,Online TA,TA/TO,0,0,0,D,D,0,No Deposit,9,NULL,0,Transient-Party,195.33,0,2,Check-Out,2017-09-03
City Hotel,0,63,2017,August,35,31,0,3,3,0,0,BB,SWE,Online TA,TA/TO,0,0,0,D,D,0,No Deposit,9,NULL,0,Transient-Party,195.33,0,2,Check-Out,2017-09-03
City Hotel,0,54,2017,August,35,27,3,5,1,0,0,BB,JPN,Direct,Direct,0,0,0,G,G,0,No Deposit,14,NULL,0,Transient,266.75,0,1,Check-Out,2017-09-04
City Hotel,0,165,2017,August,35,29,1,5,3,0,0,BB,AUT,Online TA,TA/TO,0,0,0,E,E,0,No Deposit,9,NULL,0,Transient,209.25,0,3,Check-Out,2017-09-04
City Hotel,0,109,2017,August,35,31,1,3,2,0,0,BB,GBR,Online TA,TA/TO,0,0,0,D,D,0,No Deposit,9,NULL,0,Transient,155.0,0,1,Check-Out,2017-09-04
City Hotel,0,135,2017,August,35,30,2,4,3,0,0,BB,JPN,Online TA,TA/TO,0,0,0,G,G,0,No Deposit,7,NULL,0,Transient,209.0,0,0,Check-Out,2017-09-05
City Hotel,0,102,2017,August,35,31,2,5,3,0,0,BB,FRA,Online TA,TA/TO,0,0,0,E,E,0,No Deposit,9,NULL,0,Transient,225.43,0,2,Check-Out,2017-09-07
City Hotel,0,34,2017,August,35,31,2,5,2,0,0,BB,DEU,Online TA,TA/TO,0,0,0,D,D,0,No Deposit,9,NULL,0,Transient,157.71,0,4,Check-Out,2017-09-07
City Hotel,0,205,2017,August,35,29,2,7,2,0,0,HB,DEU,Online TA,TA/TO,0,0,0,A,A,0,No Deposit,9,NULL,0,Transient,151.2,0,2,Check-Out,2017-09-07
