order_id,customer_id,order_date,status,region_code
ORD000001,CUST00367,2025-12-06 23:35:23,SHIPPED,NORTH
ORD000002,CUST00351,2025-05-23 00:55:59,DELIVERED,WEST
ORD000003,CUST00395,2026-06-20 20:42:48,DELIVERED,SOUTH
ORD000004,CUST00713,2026-07-19 05:17:04,RETURNED,SOUTH
ORD000005,CUST00934,2026-04-04 20:23:01,DELIVERED,WEST
ORD000006,CUST00389,2025-10-06 12:46:05,CANCELLED,SOUTH
ORD000007,CUST00500,2025-03-29 17:18:25,DELIVERED,NORTH
ORD000008,CUST00322,2025-01-10 14:24:39,DELIVERED,CENTRAL
ORD000009,CUST00230,2026-06-05 06:48:13,DELIVERED,CENTRAL
ORD000010,CUST00678,2026-07-19 09:46:28,DELIVERED,WEST
ORD000011,CUST00847,2026-03-10 16:17:27,DELIVERED,NORTH
ORD000012,CUST00161,2026-01-28 16:27:45,CANCELLED,SOUTH
ORD000013,CUST00504,2025-09-07 01:02:51,RETURNED,NORTH
ORD000014,CUST00564,2026-05-15 16:18:14,CANCELLED,NORTH
ORD000015,CUST00821,2026-03-22 02:08:43,CANCELLED,WEST
ORD000016,CUST00510,23-05-2026,DELIVERED,NORTH
ORD000017,CUST00001,2025-03-12 14:24:56,RETURNED,EAST
ORD000018,CUST00576,2025-06-10 15:59:12,DELIVERED,EAST
ORD000019,CUST00056,2025-06-23 03:29:41,DELIVERED,CENTRAL
ORD000020,CUST00734,2026-05-26 10:29:04,DELIVERED,NORTH
ORD000021,CUST00228,2025-01-02 16:57:14,CANCELLED,EAST
ORD000022,CUST00383,2026-06-30 08:01:08,CANCELLED,WEST
ORD000023,CUST00735,2026-07-31 17:24:22,SHIPPED,CENTRAL
ORD000024,CUST00124,2025-11-02 04:07:17,CANCELLED,SOUTH
ORD000025,CUST00111,2025-11-18 22:17:14,DELIVERED,CENTRAL
ORD000026,CUST00914,2025-12-16 22:00:51,DELIVERED,CENTRAL
ORD000027,CUST00511,2025-01-04 08:51:33,PLACED,WEST
ORD000028,CUST00495,2026-01-30 20:00:43,RETURNED,CENTRAL
ORD000029,CUST00835,2025-04-10 17:12:35,DELIVERED,CENTRAL
ORD000030,CUST00517,2025-10-26 18:37:52,DELIVERED,SOUTH
ORD000031,CUST00987,2025-09-24 07:21:04,DELIVERED,SOUTH
ORD000032,CUST00617,2026-06-28 17:12:43,DELIVERED,CENTRAL
ORD000033,CUST00729,2026-07-27 07:17:42,DELIVERED,SOUTH
ORD000034,CUST00732,2025-08-14 16:47:39,RETURNED,SOUTH
ORD000035,CUST00666,2025-05-19 02:40:08,DELIVERED,EAST
ORD000036,CUST00780,2025-10-01 14:11:18,DELIVERED,WEST
ORD000037,CUST00916,2026-02-19 16:40:10,CANCELLED,NORTH
ORD000038,CUST00026,2025-10-23 19:56:14,DELIVERED,SOUTH
ORD000039,CUST00805,2025-05-06 00:03:11,DELIVERED,SOUTH
ORD000040,CUST00708,2025-08-18 05:49:08,DELIVERED,EAST
ORD000041,CUST00105,2026-04-24 13:06:03,DELIVERED,SOUTH
ORD000042,CUST00575,2025-10-30 01:22:22,DELIVERED,EAST
ORD000043,CUST00049,2025-10-24 09:12:56,RETURNED,EAST
ORD000044,CUST00056,2025-01-11 01:41:22,SHIPPED,WEST
ORD000045,CUST00934,2026-05-08 06:40:25,DELIVERED,CENTRAL
ORD000046,CUST00618,2025-06-02 14:26:56,RETURNED,EAST
ORD000047,CUST00700,2025-02-27 20:12:09,SHIPPED,CENTRAL
ORD000048,CUST00042,2025-11-29 19:57:52,SHIPPED,SOUTH
ORD000049,CUST00262,2025-01-05 09:13:58,DELIVERED,SOUTH
ORD000050,,2025-09-08 14:15:34,DELIVERED,CENTRAL
ORD000051,CUST00309,2026-01-17 00:31:56,DELIVERED,NORTH
ORD000052,CUST00326,2026-02-13 02:04:26,SHIPPED,NORTH
ORD000053,CUST00164,2025-11-20 01:31:13,DELIVERED,EAST
ORD000054,CUST00219,2026-05-31 05:27:03,DELIVERED,SOUTH
ORD000055,CUST00634,2026-02-17 01:12:58,DELIVERED,NORTH
ORD000056,CUST00355,2025-12-13 03:50:22,DELIVERED,CENTRAL
ORD000057,CUST00041,2026-06-15 03:40:46,DELIVERED,NORTH
ORD000058,CUST00554,2026-07-17 07:53:00,RETURNED,EAST
ORD000059,CUST00521,2025-12-13 01:46:57,SHIPPED,SOUTH
ORD000060,CUST00085,2025-03-16 12:45:27,RETURNED,CENTRAL
ORD000061,CUST00642,2025-02-20 20:28:59,DELIVERED,SOUTH
ORD000062,CUST00435,2025-03-22 17:20:10,CANCELLED,WEST
ORD000063,CUST00963,2025-02-26 00:25:24,SHIPPED,WEST
ORD000064,CUST00039,2025-03-09 23:30:28,SHIPPED,EAST
ORD000065,CUST00589,2025-06-26 19:37:19,DELIVERED,WEST
ORD000066,CUST00444,03-09-2025,DELIVERED,CENTRAL
ORD000067,,2026-07-14 11:05:53,DELIVERED,CENTRAL
ORD000068,,2025-02-26 09:09:55,DELIVERED,EAST
ORD000069,CUST00309,2026-04-17 03:12:24,DELIVERED,WEST
ORD000070,CUST00842,2026-05-29 04:46:21,SHIPPED,SOUTH
ORD000071,CUST00401,2026-02-28 21:02:29,DELIVERED,EAST
ORD000072,CUST00937,2026-07-21 11:35:43,RETURNED,NORTH
ORD000073,CUST00569,2025-04-20 19:23:59,PLACED,CENTRAL
ORD000074,CUST00561,2025-03-08 02:52:46,DELIVERED,EAST
ORD000075,CUST00928,2026-05-17 17:02:09,SHIPPED,SOUTH
ORD000076,CUST00855,2025-07-16 07:26:53,SHIPPED,CENTRAL
ORD000077,CUST00872,2026-03-03 07:19:34,DELIVERED,EAST
ORD000078,CUST00257,2025-03-18 06:37:31,DELIVERED,EAST
ORD000079,CUST00688,2026-05-25 02:54:07,SHIPPED,NORTH
ORD000080,CUST00326,2026-01-13 09:06:35,DELIVERED,EAST
ORD000081,CUST00157,2026-03-16 06:39:12,CANCELLED,WEST
ORD000082,CUST00321,2025-07-11 05:02:13,DELIVERED,WEST
ORD000083,CUST00369,2025-04-15 07:38:31,DELIVERED,WEST
ORD000084,CUST00368,2025-08-26 06:24:25,SHIPPED,CENTRAL
ORD000085,CUST00288,2025-04-19 17:49:12,SHIPPED,NORTH
ORD000086,CUST00914,2025-01-15 11:17:37,DELIVERED,CENTRAL
ORD000087,CUST00788,2026-04-04 07:04:26,PLACED,EAST
ORD000088,CUST00553,2026-01-02 16:39:19,SHIPPED,WEST
ORD000089,CUST00791,2026-04-03 22:57:16,SHIPPED,WEST
ORD000090,CUST00093,2025-11-05 04:36:41,PLACED,SOUTH
ORD000091,CUST00826,2026-04-22 22:27:36,DELIVERED,SOUTH
ORD000092,CUST00184,2026-03-16 21:39:51,DELIVERED,SOUTH
ORD000093,CUST00496,2025-10-06 16:26:01,DELIVERED,SOUTH
ORD000094,CUST00379,2025-07-01 18:25:27,SHIPPED,EAST
ORD000095,CUST00940,2025-12-20 03:10:05,PLACED,EAST
ORD000096,CUST00992,2026-02-09 23:05:43,SHIPPED,EAST
ORD000097,CUST00584,2025-05-16 00:47:43,DELIVERED,CENTRAL
ORD000098,CUST00856,2025-03-02 10:59:44,DELIVERED,SOUTH
ORD000099,CUST00362,2025-09-25 23:52:07,DELIVERED,CENTRAL
ORD000100,,2025-04-18 22:33:25,SHIPPED,CENTRAL
ORD000101,CUST00217,2025-04-27 16:41:03,DELIVERED,NORTH
ORD000102,CUST00425,2025-09-14 11:50:08,DELIVERED,WEST
ORD000103,CUST00605,2025-05-06 05:50:53,DELIVERED,SOUTH
ORD000104,,2026-03-22 10:33:48,SHIPPED,CENTRAL
ORD000105,,2026-03-21 11:52:22,SHIPPED,SOUTH
ORD000106,CUST00416,2026-04-11 12:50:02,DELIVERED,EAST
ORD000107,CUST00222,2025-12-15 21:45:27,DELIVERED,WEST
ORD000108,CUST00851,2025-11-16 01:14:56,DELIVERED,SOUTH
ORD000109,CUST00524,2025-07-25 11:01:23,DELIVERED,WEST
ORD000110,CUST00071,2025-06-28 12:02:22,SHIPPED,NORTH
ORD000111,CUST00881,2026-01-27 17:56:34,CANCELLED,CENTRAL
ORD000112,CUST00488,2026-04-23 11:44:11,CANCELLED,CENTRAL
ORD000113,CUST00121,2025-03-14 09:11:12,SHIPPED,CENTRAL
ORD000114,CUST00002,2026-06-12 01:15:47,DELIVERED,EAST
ORD000115,CUST00715,2026-02-16 12:29:44,RETURNED,WEST
ORD000116,CUST00391,2025-09-30 06:07:32,DELIVERED,CENTRAL
ORD000117,CUST00138,2025-07-17 16:33:35,SHIPPED,NORTH
ORD000118,CUST00898,2026-02-27 07:52:51,SHIPPED,NORTH
ORD000119,CUST00121,08-02-2026,DELIVERED,EAST
ORD000120,CUST00110,2025-05-01 05:16:54,DELIVERED,EAST
ORD000121,CUST00434,2026-03-15 14:12:58,SHIPPED,WEST
ORD000122,CUST00424,2026-03-05 19:58:55,DELIVERED,EAST
ORD000123,CUST00496,2025-07-17 02:45:29,DELIVERED,WEST
ORD000124,CUST00876,2026-05-28 01:55:23,SHIPPED,SOUTH
ORD000125,CUST00521,2025-11-08 02:59:47,CANCELLED,CENTRAL
ORD000126,CUST00724,2025-02-10 10:20:04,RETURNED,NORTH
ORD000127,CUST00844,2025-04-23 21:07:06,DELIVERED,NORTH
ORD000128,CUST00228,2025-10-16 00:52:04,PLACED,WEST
ORD000129,CUST00411,2026-04-22 21:08:53,SHIPPED,CENTRAL
ORD000130,CUST00793,2025-05-17 03:17:26,DELIVERED,SOUTH
ORD000131,CUST00954,2026-02-07 11:04:38,PLACED,CENTRAL
ORD000132,CUST00716,2025-06-29 22:39:35,DELIVERED,EAST
ORD000133,CUST00001,2025-05-03 06:58:59,SHIPPED,WEST
ORD000134,CUST00405,2025-11-11 22:09:13,DELIVERED,NORTH
ORD000135,CUST00563,2025-08-09 23:20:54,DELIVERED,CENTRAL
ORD000136,CUST00987,2025-08-03 18:28:47,RETURNED,WEST
ORD000137,CUST00589,2025-01-04 14:42:33,DELIVERED,NORTH
ORD000138,CUST00516,2025-08-17 13:15:05,SHIPPED,CENTRAL
ORD000139,CUST00898,2026-02-22 19:14:45,DELIVERED,WEST
ORD000140,CUST00577,2026-01-11 15:30:52,DELIVERED,WEST
ORD000141,CUST00919,2026-04-01 19:14:20,DELIVERED,EAST
ORD000142,CUST00649,2025-06-21 04:13:27,SHIPPED,EAST
ORD000143,CUST00362,2026-02-06 04:20:11,DELIVERED,EAST
ORD000144,CUST00096,2025-11-06 20:36:21,CANCELLED,NORTH
ORD000145,CUST00183,2026-01-06 03:38:15,SHIPPED,CENTRAL
ORD000146,CUST00970,2026-06-15 14:02:35,SHIPPED,SOUTH
ORD000147,CUST00248,2025-07-26 03:30:53,SHIPPED,SOUTH
ORD000148,CUST00365,2025-05-02 03:58:05,SHIPPED,NORTH
ORD000149,CUST00680,2026-01-18 15:56:19,DELIVERED,CENTRAL
ORD000150,CUST00869,2026-01-10 14:34:33,DELIVERED,CENTRAL
ORD000151,CUST00503,2025-05-23 00:58:42,RETURNED,EAST
ORD000152,CUST00769,2026-03-24 21:49:05,DELIVERED,WEST
ORD000153,CUST00554,2025-01-26 07:00:42,DELIVERED,SOUTH
ORD000154,CUST00124,2026-06-27 08:13:19,DELIVERED,NORTH
ORD000155,,2025-06-13 16:42:33,SHIPPED,EAST
ORD000156,CUST00266,2025-05-26 08:46:27,SHIPPED,WEST
ORD000157,CUST00352,2025-10-12 05:19:14,DELIVERED,WEST
ORD000158,CUST00382,2025-10-11 13:32:48,SHIPPED,SOUTH
ORD000159,CUST00590,2026-06-17 20:11:20,PLACED,EAST
ORD000160,CUST00569,2025-12-02 17:08:29,SHIPPED,SOUTH
ORD000161,CUST00010,2025-05-18 04:11:53,SHIPPED,CENTRAL
ORD000162,CUST00324,2026-01-13 23:15:28,DELIVERED,CENTRAL
ORD000163,,2025-03-18 21:01:26,PLACED,EAST
ORD000164,CUST00645,2025-03-16 19:11:50,DELIVERED,EAST
ORD000165,CUST00571,2025-07-20 04:09:09,DELIVERED,EAST
ORD000166,CUST00987,2026-04-16 08:45:19,DELIVERED,CENTRAL
ORD000167,CUST00800,2025-08-10 01:29:28,DELIVERED,WEST
ORD000168,CUST00458,2025-03-02 21:37:19,SHIPPED,SOUTH
ORD000169,CUST00656,2025-09-20 01:22:26,DELIVERED,WEST
ORD000170,CUST00074,2025-03-03 10:45:11,SHIPPED,EAST
ORD000171,CUST00728,2025-07-27 18:02:48,DELIVERED,WEST
ORD000172,CUST00962,2025-10-10 01:52:59,DELIVERED,WEST
ORD000173,CUST00189,2025-01-18 22:38:08,SHIPPED,EAST
ORD000174,CUST00718,2025-03-04 04:30:53,DELIVERED,NORTH
ORD000175,CUST00900,2026-01-03 12:49:21,PLACED,WEST
ORD000176,CUST00086,2025-03-22 17:21:57,SHIPPED,WEST
ORD000177,CUST00254,2026-07-27 21:44:03,DELIVERED,SOUTH
ORD000178,CUST00175,2025-01-23 04:36:27,DELIVERED,EAST
ORD000179,CUST00479,2026-02-24 21:13:08,DELIVERED,SOUTH
ORD000180,CUST00715,2026-02-23 21:02:56,DELIVERED,CENTRAL
ORD000181,CUST00656,2026-05-12 17:40:14,RETURNED,WEST
ORD000182,CUST00825,2025-03-11 13:24:28,DELIVERED,EAST
ORD000183,CUST00011,2025-01-01 01:43:17,DELIVERED,SOUTH
ORD000184,CUST00481,20-02-2026,RETURNED,WEST
ORD000185,CUST00785,2025-12-01 07:53:44,DELIVERED,NORTH
ORD000186,CUST00194,2025-11-16 19:18:46,DELIVERED,SOUTH
ORD000187,CUST00755,2026-05-17 18:08:28,DELIVERED,EAST
ORD000188,CUST00641,2025-07-06 01:45:21,DELIVERED,CENTRAL
ORD000189,CUST00702,2025-07-31 03:55:59,DELIVERED,EAST
ORD000190,CUST00874,2025-02-23 04:15:38,SHIPPED,WEST
ORD000191,CUST00279,2026-06-29 01:45:20,SHIPPED,NORTH
ORD000192,CUST00993,20-02-2026,RETURNED,EAST
ORD000193,CUST00733,2025-12-07 12:40:42,SHIPPED,SOUTH
ORD000194,,2025-06-18 16:40:45,DELIVERED,WEST
ORD000195,CUST00475,2026-06-26 07:48:22,DELIVERED,SOUTH
ORD000196,CUST00795,2025-11-01 19:16:19,DELIVERED,SOUTH
ORD000197,CUST00257,2025-10-24 09:07:06,SHIPPED,SOUTH
ORD000198,CUST00999,2025-12-11 01:23:25,RETURNED,SOUTH
ORD000199,CUST00790,2025-03-14 23:32:49,RETURNED,WEST
ORD000200,CUST00985,2025-08-31 10:08:24,SHIPPED,NORTH
ORD000201,CUST00563,2026-02-09 14:46:09,DELIVERED,EAST
ORD000202,CUST00909,2025-02-10 10:58:53,SHIPPED,NORTH
ORD000203,CUST00445,10-09-2025,DELIVERED,CENTRAL
ORD000204,CUST00809,08-07-2025,PLACED,WEST
ORD000205,CUST00159,2025-10-16 11:22:22,SHIPPED,WEST
ORD000206,CUST00634,2025-09-20 20:38:42,RETURNED,NORTH
ORD000207,CUST00661,2025-04-30 13:14:51,DELIVERED,SOUTH
ORD000208,CUST00325,2026-03-10 16:24:23,DELIVERED,WEST
ORD000209,CUST00022,2026-06-20 08:33:03,DELIVERED,EAST
ORD000210,CUST00497,2026-07-03 20:27:46,SHIPPED,WEST
ORD000211,CUST00192,2026-02-27 05:49:17,DELIVERED,EAST
ORD000212,CUST00614,2026-03-07 17:00:28,DELIVERED,WEST
ORD000213,CUST00270,2026-02-25 16:16:00,PLACED,CENTRAL
ORD000214,CUST00190,2025-01-15 12:57:48,DELIVERED,CENTRAL
ORD000215,CUST00739,2025-02-19 04:46:33,DELIVERED,WEST
ORD000216,CUST00700,2026-01-22 10:59:18,SHIPPED,EAST
ORD000217,CUST00657,2025-09-08 02:57:48,DELIVERED,NORTH
ORD000218,,2025-04-11 19:10:03,PLACED,NORTH
ORD000219,CUST00102,2025-01-25 17:06:52,CANCELLED,WEST
ORD000220,CUST00719,2026-04-04 12:00:23,DELIVERED,CENTRAL
ORD000221,CUST00014,2025-06-12 03:09:36,RETURNED,NORTH
ORD000222,CUST00655,2025-02-17 03:32:00,DELIVERED,WEST
ORD000223,CUST00814,2026-07-05 06:09:46,DELIVERED,CENTRAL
ORD000224,,2025-02-24 16:07:47,PLACED,SOUTH
ORD000225,CUST00100,2025-03-20 14:58:22,DELIVERED,SOUTH
ORD000226,CUST00673,2025-07-13 05:16:44,RETURNED,CENTRAL
ORD000227,CUST00426,2025-03-23 22:55:36,DELIVERED,WEST
ORD000228,CUST00438,2025-03-22 20:36:33,SHIPPED,WEST
ORD000229,CUST00674,2025-05-03 20:37:22,DELIVERED,EAST
ORD000230,CUST00564,2025-09-10 03:59:28,DELIVERED,WEST
ORD000231,CUST00332,2026-04-18 13:38:50,DELIVERED,WEST
ORD000232,CUST00949,2025-07-17 08:33:52,DELIVERED,WEST
ORD000233,,2025-01-27 22:09:47,DELIVERED,CENTRAL
ORD000234,CUST00912,23-08-2025,RETURNED,SOUTH
ORD000235,CUST00023,2026-06-20 17:17:50,RETURNED,CENTRAL
ORD000236,CUST00949,2026-03-20 23:37:00,PLACED,EAST
ORD000237,CUST00272,2025-10-13 02:55:15,SHIPPED,EAST
ORD000238,CUST00095,2026-03-20 02:39:05,RETURNED,NORTH
ORD000239,CUST00812,2026-01-10 19:04:13,CANCELLED,CENTRAL
ORD000240,CUST00098,2026-04-08 07:54:49,PLACED,CENTRAL
ORD000241,CUST00799,2025-02-13 10:28:29,DELIVERED,WEST
ORD000242,CUST00889,2025-04-04 15:02:17,SHIPPED,CENTRAL
ORD000243,CUST00650,2026-05-07 00:56:35,DELIVERED,NORTH
ORD000244,CUST00579,2025-04-27 04:22:25,DELIVERED,SOUTH
ORD000245,CUST00750,2025-11-02 03:51:51,DELIVERED,CENTRAL
ORD000246,CUST00228,2025-12-02 11:51:52,DELIVERED,SOUTH
ORD000247,CUST00488,2026-03-20 20:25:28,DELIVERED,EAST
ORD000248,CUST00514,2025-12-04 11:30:04,SHIPPED,SOUTH
ORD000249,CUST00203,2026-01-14 22:23:24,DELIVERED,CENTRAL
ORD000250,CUST00754,2026-02-12 04:41:13,PLACED,WEST
ORD000251,CUST00947,2026-03-24 09:45:29,DELIVERED,WEST
ORD000252,CUST00196,2025-09-07 02:59:47,DELIVERED,EAST
ORD000253,CUST00359,2026-04-24 15:11:30,CANCELLED,CENTRAL
ORD000254,CUST00046,2025-07-01 08:33:41,DELIVERED,NORTH
ORD000255,CUST00056,2025-07-08 18:44:55,RETURNED,EAST
ORD000256,,2026-06-23 21:16:49,DELIVERED,WEST
ORD000257,,2025-06-12 08:13:12,SHIPPED,CENTRAL
ORD000258,CUST00265,2026-03-03 06:22:28,DELIVERED,SOUTH
ORD000259,CUST00685,2025-01-15 06:47:12,RETURNED,CENTRAL
ORD000260,,2025-05-13 06:59:18,SHIPPED,CENTRAL
ORD000261,CUST00477,2026-05-24 13:34:16,PLACED,EAST
ORD000262,CUST00935,2026-05-28 17:09:46,SHIPPED,EAST
ORD000263,CUST00665,2025-10-28 05:18:54,DELIVERED,NORTH
ORD000264,CUST00497,2026-04-09 18:52:12,SHIPPED,CENTRAL
ORD000265,CUST00575,08-07-2026,SHIPPED,CENTRAL
ORD000266,CUST00502,2025-11-02 13:30:14,PLACED,EAST
ORD000267,CUST00310,2025-07-03 11:10:33,RETURNED,EAST
ORD000268,CUST00641,2025-07-20 03:29:29,CANCELLED,NORTH
ORD000269,CUST00972,2025-08-06 15:11:30,DELIVERED,WEST
ORD000270,CUST00090,2026-07-21 22:07:46,RETURNED,CENTRAL
ORD000271,CUST00703,2025-06-26 15:33:53,DELIVERED,WEST
ORD000272,CUST00932,2026-04-16 04:53:38,DELIVERED,SOUTH
ORD000273,CUST00595,2026-02-25 11:34:00,SHIPPED,SOUTH
ORD000274,CUST00723,2026-02-11 20:26:30,DELIVERED,SOUTH
ORD000275,CUST00579,2025-05-03 18:13:36,DELIVERED,NORTH
ORD000276,CUST00860,2025-04-24 00:44:31,DELIVERED,WEST
ORD000277,CUST00311,2025-12-11 02:12:07,CANCELLED,EAST
ORD000278,CUST00193,2025-03-24 22:21:49,PLACED,CENTRAL
ORD000279,CUST00621,2026-03-17 10:26:57,DELIVERED,SOUTH
ORD000280,CUST00368,2025-03-03 17:31:45,DELIVERED,CENTRAL
ORD000281,CUST00481,2026-07-08 00:59:54,SHIPPED,WEST
ORD000282,CUST00141,2025-05-08 05:11:57,PLACED,NORTH
ORD000283,CUST00974,2025-11-17 19:41:55,DELIVERED,SOUTH
ORD000284,CUST00068,2025-05-18 12:58:36,RETURNED,CENTRAL
ORD000285,CUST00333,2025-12-22 09:15:20,DELIVERED,NORTH
ORD000286,CUST00845,2025-10-23 10:41:18,DELIVERED,CENTRAL
ORD000287,CUST00538,2026-05-14 04:26:50,DELIVERED,CENTRAL
ORD000288,CUST00468,2025-02-02 22:41:23,SHIPPED,CENTRAL
ORD000289,CUST00753,2025-01-31 11:42:11,DELIVERED,NORTH
ORD000290,CUST00451,2025-11-06 04:00:04,DELIVERED,EAST
ORD000291,CUST00433,2025-08-17 16:22:53,PLACED,CENTRAL
ORD000292,CUST00475,2026-05-17 20:12:18,DELIVERED,NORTH
ORD000293,CUST00600,2026-06-25 16:30:29,DELIVERED,EAST
ORD000294,CUST00184,2025-12-19 09:13:18,DELIVERED,SOUTH
ORD000295,CUST00093,2025-07-14 05:52:18,DELIVERED,SOUTH
ORD000296,CUST00127,2025-03-12 19:55:40,DELIVERED,EAST
ORD000297,CUST00725,2025-10-26 07:54:27,RETURNED,CENTRAL
ORD000298,CUST00388,2026-03-04 11:11:27,DELIVERED,EAST
ORD000299,CUST00676,2025-04-27 13:52:31,SHIPPED,NORTH
ORD000300,CUST00317,2026-07-22 03:12:05,DELIVERED,SOUTH
ORD000301,CUST00135,07-06-2025,DELIVERED,NORTH
ORD000302,CUST00876,2026-01-23 07:21:54,PLACED,WEST
ORD000303,CUST00603,2026-05-28 05:25:24,DELIVERED,NORTH
ORD000304,CUST00007,2025-07-10 01:47:02,SHIPPED,CENTRAL
ORD000305,CUST00213,2025-02-07 23:54:45,PLACED,EAST
ORD000306,,2025-01-26 04:34:40,CANCELLED,EAST
ORD000307,CUST00090,2025-02-08 02:00:39,RETURNED,SOUTH
ORD000308,CUST00626,2026-05-29 08:31:39,DELIVERED,CENTRAL
ORD000309,CUST00467,2026-03-26 16:42:50,PLACED,EAST
ORD000310,CUST00920,2025-10-22 07:56:29,DELIVERED,CENTRAL
ORD000311,CUST00483,2025-04-15 12:06:55,CANCELLED,EAST
ORD000312,CUST00538,2025-06-12 23:48:04,DELIVERED,NORTH
ORD000313,CUST00645,2026-02-15 20:16:46,DELIVERED,CENTRAL
ORD000314,CUST00724,2025-08-12 01:33:33,CANCELLED,EAST
ORD000315,CUST00639,2025-10-02 20:18:15,DELIVERED,WEST
ORD000316,CUST00648,2026-01-22 14:34:00,SHIPPED,CENTRAL
ORD000317,CUST00298,31-05-2025,PLACED,NORTH
ORD000318,CUST00213,2026-04-23 22:10:20,DELIVERED,EAST
ORD000319,CUST00826,2026-05-11 03:55:38,DELIVERED,EAST
ORD000320,CUST00070,2025-08-28 01:17:46,DELIVERED,NORTH
ORD000321,CUST00342,2025-09-23 03:26:28,DELIVERED,NORTH
ORD000322,CUST00199,2025-09-14 17:14:34,RETURNED,WEST
ORD000323,CUST00817,2025-01-28 14:51:13,DELIVERED,WEST
ORD000324,CUST00550,2025-09-18 06:53:48,CANCELLED,NORTH
ORD000325,CUST00307,2026-03-15 19:17:38,DELIVERED,CENTRAL
ORD000326,,2026-03-25 11:28:19,DELIVERED,EAST
ORD000327,CUST00153,2025-08-06 20:09:13,DELIVERED,WEST
ORD000328,CUST00863,2025-05-09 21:53:43,DELIVERED,CENTRAL
ORD000329,CUST00802,2025-08-28 10:46:55,DELIVERED,NORTH
ORD000330,CUST00089,2026-01-22 01:45:58,DELIVERED,EAST
ORD000331,CUST00310,2025-05-16 22:28:26,DELIVERED,SOUTH
ORD000332,CUST00455,29-01-2026,DELIVERED,CENTRAL
ORD000333,CUST00349,2026-01-11 12:34:12,DELIVERED,EAST
ORD000334,CUST00893,2025-03-18 07:32:30,RETURNED,SOUTH
ORD000335,CUST00038,2025-12-23 19:14:52,CANCELLED,NORTH
ORD000336,,2025-02-04 04:46:40,DELIVERED,NORTH
ORD000337,CUST00911,2025-02-05 20:06:27,DELIVERED,EAST
ORD000338,,2025-08-31 10:45:55,SHIPPED,SOUTH
ORD000339,CUST00284,2026-02-18 10:20:24,DELIVERED,NORTH
ORD000340,CUST00162,2025-08-01 12:57:40,RETURNED,CENTRAL
ORD000341,CUST00212,2026-02-26 09:28:05,DELIVERED,SOUTH
ORD000342,CUST00824,2025-08-09 00:29:33,SHIPPED,EAST
ORD000343,CUST00347,2026-02-24 21:05:15,SHIPPED,WEST
ORD000344,CUST00052,2025-03-24 06:37:15,PLACED,WEST
ORD000345,CUST00611,2026-04-06 09:46:36,DELIVERED,WEST
ORD000346,CUST00320,2025-09-16 03:07:09,DELIVERED,CENTRAL
ORD000347,CUST00945,2025-12-28 17:11:26,PLACED,WEST
ORD000348,CUST00318,2026-06-16 15:35:39,DELIVERED,WEST
ORD000349,CUST00230,2025-04-22 15:09:58,DELIVERED,EAST
ORD000350,CUST00717,2026-06-01 15:51:55,CANCELLED,EAST
ORD000351,CUST00031,2025-02-20 18:29:44,DELIVERED,WEST
ORD000352,CUST00290,2025-09-28 18:39:46,SHIPPED,NORTH
ORD000353,CUST00732,2025-03-25 02:16:33,DELIVERED,EAST
ORD000354,CUST00411,2026-04-04 16:23:17,DELIVERED,CENTRAL
ORD000355,CUST00494,2025-10-26 02:51:26,SHIPPED,CENTRAL
ORD000356,CUST00446,2026-03-17 13:34:58,DELIVERED,SOUTH
ORD000357,CUST00686,2025-03-02 12:03:24,DELIVERED,WEST
ORD000358,CUST00611,2025-12-26 13:14:19,PLACED,WEST
ORD000359,CUST00979,2025-11-12 04:32:34,SHIPPED,CENTRAL
ORD000360,CUST00389,2025-09-12 07:19:55,DELIVERED,NORTH
ORD000361,CUST00143,2026-03-28 02:17:53,DELIVERED,NORTH
ORD000362,CUST00677,2025-04-26 21:35:45,SHIPPED,CENTRAL
ORD000363,CUST00201,2025-06-09 17:48:41,DELIVERED,CENTRAL
ORD000364,CUST00696,2025-08-25 13:13:33,RETURNED,EAST
ORD000365,CUST00597,2025-01-07 07:21:13,DELIVERED,SOUTH
ORD000366,CUST00064,2025-10-14 18:48:48,RETURNED,NORTH
ORD000367,CUST00841,2025-10-07 00:48:19,SHIPPED,NORTH
ORD000368,CUST00720,2026-04-04 09:27:07,DELIVERED,WEST
ORD000369,CUST00446,2026-02-28 09:45:02,SHIPPED,SOUTH
ORD000370,CUST00394,2025-10-07 20:15:10,SHIPPED,SOUTH
ORD000371,CUST00074,19-05-2026,DELIVERED,WEST
ORD000372,CUST00999,2025-04-16 11:02:36,DELIVERED,WEST
ORD000373,CUST00916,2026-06-25 03:01:07,DELIVERED,SOUTH
ORD000374,CUST00435,2026-03-05 18:57:30,DELIVERED,SOUTH
ORD000375,CUST00620,2025-01-06 18:30:18,CANCELLED,SOUTH
ORD000376,CUST00276,2025-11-16 02:34:18,DELIVERED,NORTH
ORD000377,CUST00582,2026-01-11 08:46:15,SHIPPED,WEST
ORD000378,CUST00082,2025-04-21 08:42:09,DELIVERED,EAST
ORD000379,CUST00081,2026-02-11 12:04:39,PLACED,WEST
ORD000380,CUST00680,2026-06-04 09:47:27,DELIVERED,CENTRAL
ORD000381,CUST00055,2025-09-24 20:09:53,PLACED,WEST
ORD000382,CUST00481,2026-03-22 19:29:19,DELIVERED,EAST
ORD000383,CUST00037,2026-06-24 20:41:33,DELIVERED,CENTRAL
ORD000384,CUST00645,2026-01-03 12:21:05,DELIVERED,EAST
ORD000385,CUST00640,2025-01-22 04:52:23,PLACED,CENTRAL
ORD000386,CUST00803,2025-08-04 19:28:37,DELIVERED,EAST
ORD000387,CUST00015,2026-07-30 21:14:29,SHIPPED,CENTRAL
ORD000388,CUST00675,2025-12-13 22:13:06,SHIPPED,SOUTH
ORD000389,CUST00819,2026-02-14 15:14:26,DELIVERED,NORTH
ORD000390,CUST00610,2025-04-30 17:34:11,DELIVERED,WEST
ORD000391,CUST00244,2026-05-29 03:43:51,DELIVERED,SOUTH
ORD000392,CUST00863,2025-09-26 00:40:39,SHIPPED,NORTH
ORD000393,CUST00476,2025-11-06 17:08:30,DELIVERED,CENTRAL
ORD000394,CUST00700,2026-07-03 01:28:58,SHIPPED,CENTRAL
ORD000395,CUST00013,2025-08-13 07:28:37,DELIVERED,EAST
ORD000396,CUST00700,2025-02-01 20:37:25,DELIVERED,EAST
ORD000397,CUST00443,2026-04-20 04:16:32,CANCELLED,EAST
ORD000398,CUST00822,2025-03-18 08:00:43,DELIVERED,WEST
ORD000399,CUST00768,2025-07-07 19:25:19,DELIVERED,SOUTH
ORD000400,CUST00694,2026-06-21 03:43:14,DELIVERED,NORTH
ORD000401,CUST00852,22-02-2025,PLACED,NORTH
ORD000402,CUST00360,2025-06-20 10:13:00,SHIPPED,NORTH
ORD000403,,2025-03-13 09:54:35,DELIVERED,SOUTH
ORD000404,CUST00654,2025-04-05 14:19:57,SHIPPED,CENTRAL
ORD000405,CUST00673,2026-05-19 05:50:24,RETURNED,NORTH
ORD000406,CUST00260,2025-08-17 19:09:25,RETURNED,WEST
ORD000407,CUST00284,2025-11-28 15:32:50,DELIVERED,EAST
ORD000408,CUST00800,2025-02-27 11:24:18,PLACED,WEST
ORD000409,CUST00062,2025-07-20 13:54:59,SHIPPED,WEST
ORD000410,CUST00951,2025-06-05 20:44:36,SHIPPED,WEST
ORD000411,CUST00554,2025-12-01 23:08:57,DELIVERED,WEST
ORD000412,CUST00106,2025-01-28 01:51:15,DELIVERED,EAST
ORD000413,CUST00020,2026-01-22 13:49:34,DELIVERED,NORTH
ORD000414,CUST00273,2025-04-28 18:10:05,RETURNED,CENTRAL
ORD000415,,2026-07-04 14:43:31,DELIVERED,WEST
ORD000416,CUST00746,2025-02-24 10:45:10,PLACED,WEST
ORD000417,CUST00549,2025-10-06 18:43:21,DELIVERED,NORTH
ORD000418,CUST00982,2026-05-18 14:20:28,DELIVERED,EAST
ORD000419,CUST00471,2025-08-14 05:13:16,SHIPPED,NORTH
ORD000420,CUST00677,2025-05-29 08:33:25,DELIVERED,NORTH
ORD000421,CUST00368,2026-01-13 21:05:00,DELIVERED,SOUTH
ORD000422,CUST00198,2025-01-20 16:49:49,DELIVERED,WEST
ORD000423,CUST00812,2026-02-24 20:37:13,DELIVERED,WEST
ORD000424,CUST00017,2025-01-29 18:31:32,DELIVERED,NORTH
ORD000425,CUST00217,2026-05-23 20:38:46,DELIVERED,CENTRAL
ORD000426,CUST00594,2025-06-30 23:10:02,PLACED,SOUTH
ORD000427,CUST00020,2026-01-02 00:10:14,DELIVERED,SOUTH
ORD000428,CUST00134,2025-01-12 03:47:12,PLACED,EAST
ORD000429,CUST00100,2025-12-21 07:53:49,CANCELLED,NORTH
ORD000430,CUST00109,2025-03-30 16:27:48,DELIVERED,SOUTH
ORD000431,CUST00208,2025-11-28 01:09:27,CANCELLED,WEST
ORD000432,CUST01000,2026-06-16 08:19:54,SHIPPED,SOUTH
ORD000433,CUST00608,2025-05-15 17:17:54,SHIPPED,SOUTH
ORD000434,CUST00173,2026-06-25 19:53:39,SHIPPED,SOUTH
ORD000435,CUST00042,2025-04-14 14:12:48,CANCELLED,CENTRAL
ORD000436,CUST00162,2025-01-13 03:22:13,PLACED,NORTH
ORD000437,CUST00092,2026-07-03 22:36:42,CANCELLED,WEST
ORD000438,CUST00812,2026-01-05 17:30:56,SHIPPED,EAST
ORD000439,CUST00422,2025-07-05 20:00:47,DELIVERED,NORTH
ORD000440,CUST00735,2026-01-24 06:34:51,PLACED,EAST
ORD000441,CUST00005,2026-03-10 04:28:31,SHIPPED,CENTRAL
ORD000442,CUST00634,2025-10-09 02:19:45,RETURNED,CENTRAL
ORD000443,CUST00789,2026-05-02 14:08:23,SHIPPED,SOUTH
ORD000444,CUST00153,2026-06-17 05:52:09,RETURNED,WEST
ORD000445,CUST00687,2025-02-03 11:43:59,DELIVERED,SOUTH
ORD000446,CUST00343,2026-04-25 02:20:45,DELIVERED,NORTH
ORD000447,CUST00054,2026-02-22 09:07:42,DELIVERED,WEST
ORD000448,CUST00073,2025-07-02 18:18:24,DELIVERED,EAST
ORD000449,CUST00766,2026-06-10 17:26:45,SHIPPED,NORTH
ORD000450,CUST00101,2025-07-04 04:12:23,CANCELLED,WEST
ORD000451,CUST00076,2026-01-01 19:53:41,PLACED,WEST
ORD000452,CUST00951,2026-04-19 08:39:53,DELIVERED,SOUTH
ORD000453,CUST00199,2026-05-06 21:43:39,SHIPPED,EAST
ORD000454,CUST00709,2026-03-18 16:41:58,SHIPPED,WEST
ORD000455,CUST00176,2025-09-24 20:43:15,SHIPPED,SOUTH
ORD000456,CUST00654,2026-04-20 23:42:35,DELIVERED,CENTRAL
ORD000457,CUST00089,2025-11-16 18:34:20,DELIVERED,SOUTH
ORD000458,CUST00858,2025-12-26 10:31:33,DELIVERED,SOUTH
ORD000459,CUST00445,2026-03-27 02:02:54,RETURNED,SOUTH
ORD000460,CUST00920,2025-01-04 22:39:10,PLACED,WEST
ORD000461,CUST00517,2025-01-27 02:43:57,DELIVERED,NORTH
ORD000462,CUST00247,2025-03-06 12:56:17,PLACED,WEST
ORD000463,CUST00136,2025-10-06 09:09:58,DELIVERED,NORTH
ORD000464,,2026-06-04 15:43:39,DELIVERED,CENTRAL
ORD000465,CUST00025,2025-12-20 06:50:49,SHIPPED,WEST
ORD000466,CUST00893,2025-10-15 17:08:16,DELIVERED,NORTH
ORD000467,CUST00073,2025-10-26 22:40:10,DELIVERED,NORTH
ORD000468,CUST00771,2025-07-29 13:14:18,DELIVERED,CENTRAL
ORD000469,CUST00807,2026-06-16 19:05:02,CANCELLED,NORTH
ORD000470,CUST00932,2026-06-09 00:26:34,PLACED,WEST
ORD000471,CUST00634,2025-02-01 17:57:10,SHIPPED,CENTRAL
ORD000472,CUST00575,2026-07-05 23:00:09,SHIPPED,EAST
ORD000473,CUST00117,2026-05-20 02:57:09,RETURNED,CENTRAL
ORD000474,CUST00720,2025-06-12 22:50:35,DELIVERED,EAST
ORD000475,CUST00274,2026-01-27 03:09:00,SHIPPED,NORTH
ORD000476,CUST00464,2026-01-13 15:55:35,CANCELLED,WEST
ORD000477,CUST00695,2026-02-18 21:08:44,DELIVERED,EAST
ORD000478,CUST00969,2026-06-23 10:36:53,RETURNED,NORTH
ORD000479,CUST00906,2025-12-22 15:23:32,DELIVERED,SOUTH
ORD000480,CUST00980,2025-03-01 18:24:06,SHIPPED,SOUTH
ORD000481,CUST00896,2025-06-08 15:36:38,DELIVERED,EAST
ORD000482,CUST00699,2026-02-25 13:04:44,DELIVERED,WEST
ORD000483,CUST00661,2025-01-17 16:27:32,PLACED,SOUTH
ORD000484,CUST00533,2026-05-16 17:33:27,DELIVERED,EAST
ORD000485,CUST00682,2026-06-26 06:28:43,DELIVERED,WEST
ORD000486,CUST00136,2025-08-27 01:28:51,SHIPPED,WEST
ORD000487,CUST00296,2025-02-06 18:05:20,SHIPPED,SOUTH
ORD000488,CUST00165,2026-07-07 21:08:26,SHIPPED,SOUTH
ORD000489,CUST00710,2026-06-02 13:46:31,SHIPPED,NORTH
ORD000490,,2025-09-03 22:20:00,DELIVERED,EAST
ORD000491,CUST00576,2026-07-04 05:56:25,DELIVERED,EAST
ORD000492,CUST00460,2026-02-24 07:50:33,DELIVERED,NORTH
ORD000493,CUST00415,2026-01-23 21:48:21,RETURNED,EAST
ORD000494,CUST00994,2026-07-28 14:32:39,DELIVERED,EAST
ORD000495,CUST00297,2026-03-22 15:03:26,DELIVERED,WEST
ORD000496,CUST00116,2026-07-23 06:46:04,PLACED,CENTRAL
ORD000497,CUST00026,2025-11-08 22:55:27,SHIPPED,EAST
ORD000498,CUST00057,2026-04-18 08:45:36,DELIVERED,SOUTH
ORD000499,CUST00786,2025-08-04 20:56:16,PLACED,WEST
ORD000500,CUST00981,2025-03-09 20:49:26,DELIVERED,WEST
ORD000501,CUST00620,2026-02-02 08:05:31,RETURNED,EAST
ORD000502,CUST00734,2025-11-29 03:47:46,DELIVERED,EAST
ORD000503,CUST00316,2025-12-13 02:08:21,PLACED,WEST
ORD000504,CUST00426,2025-12-10 16:52:45,CANCELLED,WEST
ORD000505,CUST00425,2025-04-19 09:43:48,DELIVERED,SOUTH
ORD000506,CUST00487,2026-02-13 00:19:16,PLACED,CENTRAL
ORD000507,CUST00091,2025-01-06 03:23:04,RETURNED,WEST
ORD000508,CUST00474,2026-07-06 15:57:49,RETURNED,SOUTH
ORD000509,CUST00391,2025-08-13 19:59:04,PLACED,EAST
ORD000510,CUST00312,2026-01-19 18:42:02,DELIVERED,NORTH
ORD000511,CUST00158,2025-07-24 00:39:16,DELIVERED,WEST
ORD000512,CUST00682,2025-08-12 10:54:44,DELIVERED,SOUTH
ORD000513,,2025-08-04 07:42:00,RETURNED,CENTRAL
ORD000514,CUST00596,2026-01-09 04:54:23,CANCELLED,WEST
ORD000515,CUST00838,2025-04-03 21:12:05,DELIVERED,NORTH
ORD000516,CUST00167,2026-03-28 18:49:32,DELIVERED,SOUTH
ORD000517,CUST00055,2025-07-31 18:56:37,DELIVERED,EAST
ORD000518,,2025-08-15 13:00:46,RETURNED,CENTRAL
ORD000519,CUST00644,2025-05-23 07:58:51,DELIVERED,SOUTH
ORD000520,CUST00894,2025-09-03 14:35:22,DELIVERED,EAST
ORD000521,CUST00715,2026-06-19 15:42:41,DELIVERED,EAST
ORD000522,CUST00014,2025-04-17 08:55:21,DELIVERED,WEST
ORD000523,CUST00944,2025-05-07 15:05:00,SHIPPED,SOUTH
ORD000524,CUST00815,2026-03-10 22:05:16,CANCELLED,CENTRAL
ORD000525,CUST00730,2026-03-05 01:29:15,CANCELLED,WEST
ORD000526,CUST00079,2025-04-01 12:56:28,RETURNED,WEST
ORD000527,CUST00708,2025-10-09 14:46:04,DELIVERED,CENTRAL
ORD000528,CUST00994,2025-09-23 16:11:00,DELIVERED,NORTH
ORD000529,CUST00878,2026-06-24 05:39:02,SHIPPED,SOUTH
ORD000530,CUST00081,2025-11-26 22:56:25,DELIVERED,NORTH
ORD000531,,2026-01-12 03:09:55,PLACED,NORTH
ORD000532,,2026-05-28 11:21:19,PLACED,NORTH
ORD000533,CUST00045,2025-02-21 10:56:25,PLACED,NORTH
ORD000534,CUST00943,2026-04-13 10:12:55,RETURNED,SOUTH
ORD000535,CUST00030,2025-03-12 12:14:56,DELIVERED,EAST
ORD000536,CUST00357,2025-10-01 13:32:41,DELIVERED,CENTRAL
ORD000537,CUST00584,2025-02-23 01:53:41,DELIVERED,NORTH
ORD000538,CUST00733,2025-05-29 18:42:16,SHIPPED,CENTRAL
ORD000539,,2026-07-18 09:29:31,SHIPPED,CENTRAL
ORD000540,CUST00487,2025-10-12 15:21:57,SHIPPED,NORTH
ORD000541,CUST00364,2025-10-22 20:32:15,DELIVERED,WEST
ORD000542,CUST00322,2025-04-07 00:21:29,DELIVERED,WEST
ORD000543,CUST00722,2025-08-12 21:45:56,PLACED,EAST
ORD000544,CUST00395,2025-08-09 06:54:01,DELIVERED,WEST
ORD000545,CUST00418,2025-08-14 16:58:39,DELIVERED,NORTH
ORD000546,CUST00822,2026-01-05 11:15:29,DELIVERED,NORTH
ORD000547,CUST00504,2026-06-07 00:46:04,DELIVERED,NORTH
ORD000548,CUST00405,2025-11-08 04:10:40,RETURNED,SOUTH
ORD000549,CUST00999,2025-06-04 15:14:21,DELIVERED,WEST
ORD000550,CUST00859,2025-11-26 21:03:36,SHIPPED,CENTRAL
ORD000551,CUST00775,2026-05-16 01:52:58,DELIVERED,CENTRAL
ORD000552,CUST00497,2026-02-02 05:27:27,DELIVERED,NORTH
ORD000553,CUST00502,2026-01-22 05:51:18,RETURNED,NORTH
ORD000554,CUST00055,2025-02-22 23:52:28,PLACED,SOUTH
ORD000555,CUST00696,2025-09-11 22:53:58,DELIVERED,NORTH
ORD000556,CUST00677,2026-02-08 20:33:00,DELIVERED,SOUTH
ORD000557,CUST00510,2026-01-16 18:55:44,DELIVERED,CENTRAL
ORD000558,CUST00976,2025-01-25 13:02:20,CANCELLED,NORTH
ORD000559,CUST00323,2025-10-20 07:25:19,PLACED,SOUTH
ORD000560,CUST00882,2025-08-24 09:09:36,SHIPPED,WEST
ORD000561,CUST00733,2025-10-30 04:59:09,SHIPPED,WEST
ORD000562,CUST00702,2026-02-23 23:00:10,DELIVERED,SOUTH
ORD000563,CUST00401,2025-07-24 13:57:49,RETURNED,CENTRAL
ORD000564,CUST00785,2025-08-09 22:18:00,PLACED,NORTH
ORD000565,CUST00376,2025-09-28 23:32:04,DELIVERED,EAST
ORD000566,CUST00439,2025-09-26 01:55:56,DELIVERED,NORTH
ORD000567,CUST00254,2025-07-02 05:40:21,DELIVERED,NORTH
ORD000568,CUST00118,2025-09-20 05:12:47,DELIVERED,NORTH
ORD000569,CUST00885,2025-11-25 03:28:05,RETURNED,EAST
ORD000570,,2025-12-31 19:50:26,RETURNED,WEST
ORD000571,CUST00331,2026-03-21 16:53:38,DELIVERED,SOUTH
ORD000572,CUST00515,2026-06-03 09:00:20,DELIVERED,EAST
ORD000573,CUST00207,2026-01-21 23:51:04,RETURNED,NORTH
ORD000574,CUST00549,2025-06-16 06:44:32,PLACED,CENTRAL
ORD000575,CUST00232,2026-05-01 02:52:16,PLACED,CENTRAL
ORD000576,CUST00345,2025-08-01 07:53:30,CANCELLED,WEST
ORD000577,CUST00356,2025-03-01 13:04:32,DELIVERED,EAST
ORD000578,CUST00553,2025-09-01 09:19:21,DELIVERED,CENTRAL
ORD000579,CUST00688,2026-03-02 07:18:16,PLACED,CENTRAL
ORD000580,CUST00591,2026-01-23 17:49:48,RETURNED,WEST
ORD000581,CUST00654,2026-02-18 18:36:29,CANCELLED,WEST
ORD000582,CUST00745,2026-05-02 19:37:29,SHIPPED,WEST
ORD000583,CUST00155,2026-06-17 07:02:29,CANCELLED,WEST
ORD000584,CUST00851,2025-02-20 01:00:58,CANCELLED,EAST
ORD000585,CUST00662,2025-05-05 17:30:30,DELIVERED,WEST
ORD000586,CUST00154,30-05-2025,DELIVERED,EAST
ORD000587,CUST00574,2025-12-05 18:06:24,RETURNED,SOUTH
ORD000588,CUST00140,2025-01-23 15:14:37,CANCELLED,CENTRAL
ORD000589,CUST00873,2025-02-02 19:16:06,DELIVERED,NORTH
ORD000590,CUST00919,2025-03-07 04:33:36,SHIPPED,NORTH
ORD000591,CUST00417,2025-10-10 06:54:19,CANCELLED,WEST
ORD000592,CUST00742,2025-04-20 04:13:52,DELIVERED,CENTRAL
ORD000593,CUST00535,2026-05-31 21:54:17,RETURNED,CENTRAL
ORD000594,CUST00906,2025-03-12 02:21:33,SHIPPED,EAST
ORD000595,CUST00599,2026-07-27 15:04:54,DELIVERED,SOUTH
ORD000596,CUST00224,2025-04-23 01:32:06,SHIPPED,EAST
ORD000597,CUST00261,2026-04-03 20:43:16,DELIVERED,NORTH
ORD000598,CUST00434,2026-01-04 19:55:20,RETURNED,SOUTH
ORD000599,CUST00733,2025-10-13 15:09:25,PLACED,CENTRAL
ORD000600,,2026-07-29 08:20:30,RETURNED,SOUTH
ORD000601,CUST00394,2025-08-29 05:10:57,DELIVERED,NORTH
ORD000602,CUST00243,2025-12-10 14:59:09,RETURNED,WEST
ORD000603,CUST00940,2025-07-18 11:29:35,RETURNED,SOUTH
ORD000604,CUST00881,2025-05-05 10:51:07,DELIVERED,WEST
ORD000605,CUST00281,2025-03-04 05:04:14,RETURNED,WEST
ORD000606,CUST00949,2025-09-16 10:23:29,CANCELLED,NORTH
ORD000607,CUST00716,2025-07-22 16:50:05,DELIVERED,CENTRAL
ORD000608,CUST00561,2026-07-28 01:19:08,DELIVERED,NORTH
ORD000609,CUST00189,2026-05-05 10:57:56,DELIVERED,NORTH
ORD000610,CUST00644,2025-08-26 07:49:08,PLACED,SOUTH
ORD000611,CUST00731,2026-05-20 05:36:10,CANCELLED,WEST
ORD000612,CUST00328,2025-12-17 16:22:54,DELIVERED,EAST
ORD000613,CUST00608,2025-09-12 10:32:30,SHIPPED,WEST
ORD000614,CUST00403,2025-10-21 01:45:18,CANCELLED,SOUTH
ORD000615,,2025-01-18 20:11:36,DELIVERED,SOUTH
ORD000616,CUST00998,2025-12-26 04:13:28,DELIVERED,SOUTH
ORD000617,,2026-04-26 00:25:49,SHIPPED,NORTH
ORD000618,CUST00175,2026-03-17 14:10:26,DELIVERED,WEST
ORD000619,CUST00951,2025-12-19 09:43:39,DELIVERED,SOUTH
ORD000620,CUST00196,2025-07-26 18:22:50,DELIVERED,SOUTH
ORD000621,CUST00212,2026-04-12 02:21:14,CANCELLED,SOUTH
ORD000622,CUST00419,24-04-2025,RETURNED,SOUTH
ORD000623,CUST00930,2025-07-12 20:58:56,DELIVERED,WEST
ORD000624,CUST00481,2025-04-14 11:07:11,RETURNED,WEST
ORD000625,CUST00731,2025-10-25 20:52:24,DELIVERED,EAST
ORD000626,CUST00571,2025-02-15 15:13:21,RETURNED,WEST
ORD000627,CUST00621,2026-06-06 00:27:38,DELIVERED,NORTH
ORD000628,,2026-01-27 21:20:40,DELIVERED,WEST
ORD000629,CUST00136,2026-03-11 14:57:42,SHIPPED,SOUTH
ORD000630,CUST00953,2025-09-21 10:42:45,SHIPPED,EAST
ORD000631,CUST00444,2025-04-21 03:15:50,DELIVERED,SOUTH
ORD000632,CUST00997,2025-08-07 06:13:54,RETURNED,EAST
ORD000633,CUST00270,2026-04-22 01:52:21,RETURNED,CENTRAL
ORD000634,CUST00915,2025-05-09 03:31:16,RETURNED,SOUTH
ORD000635,CUST00946,2026-05-26 15:11:14,DELIVERED,SOUTH
ORD000636,CUST00236,2025-05-23 06:00:06,SHIPPED,WEST
ORD000637,CUST00917,2026-01-20 09:48:20,DELIVERED,CENTRAL
ORD000638,CUST00505,2025-03-29 08:58:55,CANCELLED,NORTH
ORD000639,CUST00209,2025-08-09 16:18:52,SHIPPED,CENTRAL
ORD000640,CUST00577,2026-05-31 01:46:56,DELIVERED,NORTH
ORD000641,CUST00585,2025-05-21 06:02:50,PLACED,WEST
ORD000642,CUST00909,13-09-2025,DELIVERED,NORTH
ORD000643,CUST00605,2025-03-24 09:17:11,SHIPPED,NORTH
ORD000644,CUST00725,2026-05-28 06:42:14,DELIVERED,EAST
ORD000645,CUST00006,2025-09-13 20:57:46,DELIVERED,WEST
ORD000646,CUST00750,2026-07-25 08:42:31,DELIVERED,SOUTH
ORD000647,CUST00050,2026-05-15 22:23:39,DELIVERED,NORTH
ORD000648,CUST00617,2025-10-24 05:38:32,SHIPPED,SOUTH
ORD000649,CUST00887,2025-11-06 20:21:24,CANCELLED,SOUTH
ORD000650,CUST00413,2025-08-10 07:35:23,RETURNED,SOUTH
ORD000651,CUST00503,2025-12-02 19:44:42,RETURNED,CENTRAL
ORD000652,CUST00682,2025-03-16 15:38:53,DELIVERED,WEST
ORD000653,CUST00398,2026-01-06 01:28:46,DELIVERED,NORTH
ORD000654,CUST00831,2025-10-14 00:25:01,DELIVERED,WEST
ORD000655,CUST00526,2025-09-23 10:35:08,DELIVERED,SOUTH
ORD000656,CUST00540,2026-05-04 23:50:28,PLACED,WEST
ORD000657,CUST00929,2026-01-06 23:19:16,RETURNED,EAST
ORD000658,CUST00536,2025-11-29 05:29:55,PLACED,NORTH
ORD000659,CUST00526,2025-03-25 14:24:32,DELIVERED,WEST
ORD000660,CUST00583,2025-07-16 19:21:06,DELIVERED,CENTRAL
ORD000661,,2026-07-30 04:13:18,SHIPPED,SOUTH
ORD000662,CUST00047,2025-03-06 16:38:55,DELIVERED,EAST
ORD000663,CUST00466,2026-06-05 14:32:58,CANCELLED,EAST
ORD000664,CUST00893,2025-05-26 09:30:24,PLACED,CENTRAL
ORD000665,CUST00690,2025-03-24 14:08:49,PLACED,WEST
ORD000666,CUST00176,2026-05-25 09:00:58,DELIVERED,CENTRAL
ORD000667,CUST00311,2026-04-26 09:39:50,DELIVERED,WEST
ORD000668,CUST00090,2025-04-08 03:50:13,SHIPPED,NORTH
ORD000669,CUST00193,2025-01-21 19:52:24,DELIVERED,SOUTH
ORD000670,CUST00642,2026-02-23 07:54:22,DELIVERED,WEST
ORD000671,CUST00433,2025-01-17 22:41:42,RETURNED,WEST
ORD000672,CUST00483,2025-01-16 05:53:17,DELIVERED,SOUTH
ORD000673,CUST00850,2025-11-01 06:26:23,PLACED,WEST
ORD000674,CUST00869,2026-01-21 00:34:39,DELIVERED,CENTRAL
ORD000675,CUST00038,2026-01-14 15:35:37,DELIVERED,CENTRAL
ORD000676,CUST00927,2026-01-14 23:08:35,PLACED,NORTH
ORD000677,CUST00324,2026-03-06 17:26:00,CANCELLED,WEST
ORD000678,CUST00120,2026-01-20 07:31:54,DELIVERED,WEST
ORD000679,CUST00022,2025-05-06 07:28:23,SHIPPED,EAST
ORD000680,CUST00520,2025-06-20 15:32:54,DELIVERED,CENTRAL
ORD000681,CUST00733,2026-05-26 06:35:14,CANCELLED,WEST
ORD000682,CUST00854,2026-06-07 19:37:45,DELIVERED,WEST
ORD000683,CUST00865,2025-05-06 20:22:44,SHIPPED,NORTH
ORD000684,CUST00133,2025-05-15 14:22:49,DELIVERED,NORTH
ORD000685,CUST00966,2026-01-19 11:42:09,SHIPPED,NORTH
ORD000686,CUST00368,2025-07-22 13:48:49,SHIPPED,CENTRAL
ORD000687,,2025-02-19 10:48:45,SHIPPED,SOUTH
ORD000688,CUST00230,2026-01-13 18:30:22,DELIVERED,EAST
ORD000689,CUST00789,2026-03-09 15:38:57,SHIPPED,CENTRAL
ORD000690,CUST00107,2026-07-03 16:20:31,RETURNED,WEST
ORD000691,CUST00774,2025-03-28 03:54:02,DELIVERED,CENTRAL
ORD000692,CUST00971,2025-03-21 02:57:28,PLACED,NORTH
ORD000693,CUST00121,2025-06-09 12:40:36,SHIPPED,EAST
ORD000694,CUST00781,2026-01-28 22:35:47,CANCELLED,SOUTH
ORD000695,CUST00343,2025-04-18 00:15:53,SHIPPED,WEST
ORD000696,CUST00007,2025-07-10 13:01:22,DELIVERED,EAST
ORD000697,CUST00088,2025-07-26 14:53:26,DELIVERED,EAST
ORD000698,CUST00252,2025-04-28 18:14:16,DELIVERED,SOUTH
ORD000699,CUST00440,2025-11-18 02:30:36,CANCELLED,CENTRAL
ORD000700,CUST00371,2025-01-24 02:49:16,DELIVERED,CENTRAL
ORD000701,CUST00087,2025-09-20 18:26:12,RETURNED,SOUTH
ORD000702,CUST00403,2025-01-29 19:28:38,DELIVERED,CENTRAL
ORD000703,CUST00647,2026-07-09 02:10:17,CANCELLED,EAST
ORD000704,CUST00908,2026-06-13 20:20:56,CANCELLED,EAST
ORD000705,CUST00009,2025-08-06 07:29:27,DELIVERED,SOUTH
ORD000706,CUST00457,2026-05-16 02:46:51,DELIVERED,CENTRAL
ORD000707,CUST00715,2025-09-26 03:56:16,DELIVERED,WEST
ORD000708,CUST00903,2025-08-23 04:57:10,DELIVERED,WEST
ORD000709,CUST00758,2025-04-08 20:54:55,DELIVERED,SOUTH
ORD000710,CUST00566,2025-08-31 12:48:24,DELIVERED,SOUTH
ORD000711,,2026-02-24 09:04:26,SHIPPED,EAST
ORD000712,CUST00518,2025-03-27 18:47:10,CANCELLED,EAST
ORD000713,CUST00363,2025-04-07 04:02:31,DELIVERED,NORTH
ORD000714,CUST00587,27-07-2026,DELIVERED,SOUTH
ORD000715,CUST00596,2026-03-16 07:29:47,RETURNED,CENTRAL
ORD000716,CUST00240,2025-09-30 02:45:27,DELIVERED,CENTRAL
ORD000717,CUST00732,2025-10-21 08:11:57,SHIPPED,EAST
ORD000718,CUST00198,2025-10-08 14:30:53,SHIPPED,WEST
ORD000719,CUST00084,2025-03-13 15:38:19,CANCELLED,WEST
ORD000720,CUST00080,2025-10-14 20:08:35,DELIVERED,CENTRAL
ORD000721,CUST00405,2025-07-24 19:36:25,DELIVERED,WEST
ORD000722,CUST00971,2026-01-16 05:42:24,DELIVERED,SOUTH
ORD000723,CUST00131,2026-01-12 12:39:48,SHIPPED,CENTRAL
ORD000724,CUST00121,2026-06-24 09:52:20,DELIVERED,SOUTH
ORD000725,CUST00379,2025-04-03 05:57:35,DELIVERED,NORTH
ORD000726,CUST00297,2025-02-01 06:54:48,SHIPPED,EAST
ORD000727,CUST00311,2025-08-17 08:12:30,DELIVERED,SOUTH
ORD000728,CUST00432,2025-02-07 18:55:16,DELIVERED,EAST
ORD000729,CUST00839,2026-07-29 12:16:04,SHIPPED,EAST
ORD000730,CUST00046,2025-11-21 08:09:54,DELIVERED,WEST
ORD000731,CUST00801,2025-10-21 01:29:12,DELIVERED,CENTRAL
ORD000732,CUST00142,2026-01-28 01:28:49,DELIVERED,WEST
ORD000733,CUST00746,2025-09-10 14:28:15,DELIVERED,CENTRAL
ORD000734,CUST00239,2025-11-04 02:44:12,PLACED,WEST
ORD000735,CUST00662,2025-03-10 18:19:00,DELIVERED,CENTRAL
ORD000736,CUST00791,2026-07-04 10:52:13,DELIVERED,CENTRAL
ORD000737,CUST00979,2026-04-26 13:28:46,DELIVERED,CENTRAL
ORD000738,CUST00769,2026-01-05 14:13:12,PLACED,CENTRAL
ORD000739,CUST00020,2025-08-02 13:40:22,SHIPPED,CENTRAL
ORD000740,CUST00827,2026-02-19 09:58:42,DELIVERED,NORTH
ORD000741,CUST00957,2025-01-19 01:39:30,SHIPPED,NORTH
ORD000742,CUST00325,2025-10-24 17:12:03,SHIPPED,NORTH
ORD000743,CUST00293,2025-04-22 20:59:35,DELIVERED,SOUTH
ORD000744,CUST00418,2026-06-12 02:10:50,DELIVERED,EAST
ORD000745,CUST00731,2025-02-15 10:33:08,PLACED,SOUTH
ORD000746,CUST00332,2025-07-20 08:14:37,CANCELLED,NORTH
ORD000747,CUST00246,2026-04-09 16:58:21,DELIVERED,CENTRAL
ORD000748,CUST00118,2025-07-29 03:53:00,DELIVERED,WEST
ORD000749,CUST00030,2025-11-13 12:14:05,RETURNED,NORTH
ORD000750,CUST00987,2026-04-01 07:03:03,SHIPPED,CENTRAL
ORD000751,CUST00129,2025-08-25 14:23:41,DELIVERED,CENTRAL
ORD000752,CUST00992,2025-04-21 13:54:49,RETURNED,SOUTH
ORD000753,CUST00434,2026-03-08 04:47:16,PLACED,WEST
ORD000754,CUST00636,2025-08-13 16:00:02,SHIPPED,NORTH
ORD000755,CUST00494,2025-08-01 06:44:09,CANCELLED,WEST
ORD000756,CUST00863,2026-05-07 01:11:29,CANCELLED,EAST
ORD000757,,2026-07-29 03:22:07,PLACED,NORTH
ORD000758,CUST00126,2025-04-19 11:16:10,RETURNED,WEST
ORD000759,CUST00517,2025-09-05 05:36:55,RETURNED,EAST
ORD000760,CUST00725,2025-12-18 15:16:36,DELIVERED,EAST
ORD000761,CUST00471,2026-04-11 15:44:41,RETURNED,SOUTH
ORD000762,CUST00003,2026-04-18 20:36:27,RETURNED,SOUTH
ORD000763,CUST00917,2026-06-25 23:30:48,DELIVERED,CENTRAL
ORD000764,CUST00898,2026-05-20 04:03:00,DELIVERED,WEST
ORD000765,CUST00362,2025-10-20 08:09:55,DELIVERED,SOUTH
ORD000766,CUST00832,2026-06-26 09:35:00,SHIPPED,EAST
ORD000767,CUST00456,2025-01-08 06:32:40,PLACED,EAST
ORD000768,CUST00727,2025-10-05 22:16:02,CANCELLED,EAST
ORD000769,CUST00227,2025-07-01 22:53:04,RETURNED,NORTH
ORD000770,CUST00927,2026-07-01 20:24:01,SHIPPED,SOUTH
ORD000771,CUST00654,2025-11-04 15:34:53,SHIPPED,CENTRAL
ORD000772,CUST00566,2025-05-31 12:08:21,DELIVERED,CENTRAL
ORD000773,CUST00067,2026-04-02 20:10:57,PLACED,EAST
ORD000774,CUST00877,2025-06-27 01:34:43,DELIVERED,EAST
ORD000775,CUST00695,2025-01-18 22:56:29,DELIVERED,CENTRAL
ORD000776,CUST00698,2026-03-12 01:19:06,PLACED,WEST
ORD000777,CUST00966,2026-05-20 21:26:18,RETURNED,WEST
ORD000778,CUST00417,2025-08-01 20:23:37,DELIVERED,WEST
ORD000779,CUST00778,2025-02-03 18:14:24,SHIPPED,EAST
ORD000780,CUST00546,2025-12-15 15:23:05,DELIVERED,EAST
ORD000781,CUST00586,2025-01-20 16:58:01,SHIPPED,WEST
ORD000782,CUST00940,2025-07-14 04:02:33,DELIVERED,NORTH
ORD000783,CUST00100,2025-01-22 15:35:08,CANCELLED,CENTRAL
ORD000784,CUST00958,2025-09-17 15:51:03,SHIPPED,WEST
ORD000785,CUST00349,2025-02-12 06:42:07,DELIVERED,SOUTH
ORD000786,CUST00795,2026-04-12 00:09:09,DELIVERED,WEST
ORD000787,CUST00088,2025-02-17 03:17:11,DELIVERED,NORTH
ORD000788,CUST00064,2025-12-10 05:57:22,DELIVERED,WEST
ORD000789,CUST00694,2025-02-13 08:00:00,SHIPPED,WEST
ORD000790,CUST00633,2025-11-16 07:36:31,DELIVERED,CENTRAL
ORD000791,,2025-10-26 04:47:16,DELIVERED,CENTRAL
ORD000792,CUST00348,2026-05-21 14:03:17,DELIVERED,WEST
ORD000793,CUST00602,2025-05-30 12:06:42,PLACED,NORTH
ORD000794,CUST00861,2025-05-31 09:14:11,SHIPPED,CENTRAL
ORD000795,CUST00432,2026-01-09 21:56:00,DELIVERED,SOUTH
ORD000796,CUST00046,2025-02-16 23:38:14,DELIVERED,CENTRAL
ORD000797,CUST00773,2025-10-05 20:49:29,CANCELLED,SOUTH
ORD000798,CUST00317,2026-04-14 14:52:36,DELIVERED,NORTH
ORD000799,CUST00674,2026-06-11 20:26:07,SHIPPED,CENTRAL
ORD000800,CUST00433,2025-09-25 01:11:48,SHIPPED,SOUTH
ORD000801,CUST00350,2025-05-28 01:50:37,DELIVERED,WEST
ORD000802,CUST00340,2026-03-26 06:21:28,DELIVERED,EAST
ORD000803,CUST00167,2025-03-23 10:30:23,DELIVERED,NORTH
ORD000804,CUST00943,2025-01-03 20:55:06,DELIVERED,WEST
ORD000805,CUST00245,2026-01-09 09:45:31,RETURNED,EAST
ORD000806,CUST00385,2025-06-09 11:22:27,CANCELLED,NORTH
ORD000807,CUST00076,2025-10-05 23:29:27,SHIPPED,EAST
ORD000808,CUST00647,2026-03-31 21:59:08,DELIVERED,NORTH
ORD000809,CUST00291,2025-05-16 06:19:41,SHIPPED,SOUTH
ORD000810,CUST00568,2025-07-11 01:06:22,PLACED,EAST
ORD000811,CUST00022,2026-06-11 04:37:39,DELIVERED,NORTH
ORD000812,CUST00216,2025-08-25 22:57:40,DELIVERED,EAST
ORD000813,CUST00964,2026-02-14 06:37:34,RETURNED,WEST
ORD000814,CUST00067,2025-04-03 00:52:32,RETURNED,SOUTH
ORD000815,CUST00388,2026-06-24 07:41:41,DELIVERED,SOUTH
ORD000816,CUST00782,2026-04-24 11:35:39,CANCELLED,EAST
ORD000817,CUST00336,2025-07-11 23:36:48,DELIVERED,SOUTH
ORD000818,CUST00992,2026-03-30 16:04:54,SHIPPED,NORTH
ORD000819,CUST00810,2026-05-31 08:34:38,SHIPPED,WEST
ORD000820,CUST00661,2026-01-31 11:24:09,DELIVERED,SOUTH
ORD000821,CUST00383,2026-02-13 03:34:35,DELIVERED,WEST
ORD000822,CUST00596,2025-11-08 10:10:35,DELIVERED,NORTH
ORD000823,CUST00917,2025-06-07 16:12:12,SHIPPED,SOUTH
ORD000824,CUST00911,2025-10-20 21:20:09,RETURNED,EAST
ORD000825,CUST00087,2025-04-15 08:05:54,SHIPPED,CENTRAL
ORD000826,CUST00598,2025-02-01 22:57:34,DELIVERED,WEST
ORD000827,CUST00443,2025-11-14 15:25:56,DELIVERED,EAST
ORD000828,CUST00184,2025-12-10 01:40:13,DELIVERED,EAST
ORD000829,CUST00302,2026-01-25 17:34:33,DELIVERED,EAST
ORD000830,CUST00101,2025-04-03 02:38:18,PLACED,SOUTH
ORD000831,CUST00692,2025-09-13 17:30:09,DELIVERED,EAST
ORD000832,CUST00619,2025-04-18 01:59:31,DELIVERED,CENTRAL
ORD000833,CUST00009,2025-08-21 14:36:10,DELIVERED,WEST
ORD000834,CUST00842,2026-03-27 11:07:19,PLACED,CENTRAL
ORD000835,CUST00975,2025-04-26 22:48:07,SHIPPED,SOUTH
ORD000836,CUST00529,2026-04-01 22:32:27,DELIVERED,WEST
ORD000837,CUST00088,2025-09-01 04:08:16,DELIVERED,WEST
ORD000838,CUST00461,2026-03-10 18:12:11,SHIPPED,SOUTH
ORD000839,CUST00756,2025-01-08 12:28:11,DELIVERED,EAST
ORD000840,CUST00430,2025-11-27 15:59:01,DELIVERED,CENTRAL
ORD000841,CUST00602,2025-01-19 01:13:19,PLACED,SOUTH
ORD000842,CUST00976,2025-09-14 12:18:57,DELIVERED,CENTRAL
ORD000843,CUST00401,2025-10-24 04:17:35,DELIVERED,CENTRAL
ORD000844,CUST00487,2025-03-26 09:09:56,RETURNED,EAST
ORD000845,CUST00107,2026-06-09 04:46:41,PLACED,CENTRAL
ORD000846,CUST00192,2025-06-04 13:36:19,RETURNED,EAST
ORD000847,CUST00299,2026-05-28 07:16:26,DELIVERED,EAST
ORD000848,CUST00176,2025-09-11 19:28:22,DELIVERED,SOUTH
ORD000849,CUST00133,2026-02-21 16:12:32,DELIVERED,WEST
ORD000850,CUST00887,2025-06-10 09:03:37,SHIPPED,WEST
ORD000851,CUST00681,2026-01-04 18:32:28,DELIVERED,EAST
ORD000852,CUST00515,2026-07-11 17:35:57,SHIPPED,NORTH
ORD000853,CUST00457,2025-02-19 16:29:16,DELIVERED,SOUTH
ORD000854,CUST00933,2026-03-19 03:11:56,DELIVERED,CENTRAL
ORD000855,,2025-03-12 18:16:37,CANCELLED,WEST
ORD000856,CUST00863,2026-07-07 18:04:44,DELIVERED,SOUTH
ORD000857,CUST00184,2026-04-25 19:26:35,DELIVERED,SOUTH
ORD000858,CUST00098,2025-11-02 16:19:41,PLACED,SOUTH
ORD000859,CUST00644,2026-02-22 16:09:15,RETURNED,SOUTH
ORD000860,CUST00422,2026-03-06 09:23:03,DELIVERED,NORTH
ORD000861,CUST00799,2025-09-11 05:19:31,SHIPPED,SOUTH
ORD000862,CUST00474,2025-01-21 18:03:26,DELIVERED,WEST
ORD000863,CUST00764,2025-11-07 04:16:16,DELIVERED,NORTH
ORD000864,CUST00727,2025-04-17 00:10:56,DELIVERED,WEST
ORD000865,CUST00085,2026-03-02 23:26:56,DELIVERED,WEST
ORD000866,CUST00841,2025-08-05 19:34:54,SHIPPED,NORTH
ORD000867,CUST00182,2025-08-17 11:15:13,DELIVERED,SOUTH
ORD000868,CUST00782,2025-01-09 16:58:51,SHIPPED,EAST
ORD000869,CUST00732,2025-01-27 18:05:54,DELIVERED,WEST
ORD000870,CUST00857,2026-05-09 01:21:03,DELIVERED,NORTH
ORD000871,CUST00316,2025-12-11 20:30:42,PLACED,WEST
ORD000872,CUST00952,2025-07-13 22:44:28,SHIPPED,NORTH
ORD000873,,2025-01-22 16:55:01,DELIVERED,SOUTH
ORD000874,CUST00065,2025-06-21 07:40:57,PLACED,SOUTH
ORD000875,CUST00046,2025-11-19 20:50:13,CANCELLED,EAST
ORD000876,CUST00195,2026-05-01 04:45:19,DELIVERED,WEST
ORD000877,CUST00219,2025-03-24 05:50:43,SHIPPED,WEST
ORD000878,CUST00013,2025-10-30 06:57:54,SHIPPED,EAST
ORD000879,CUST00378,2025-02-04 03:04:52,SHIPPED,EAST
ORD000880,CUST00512,2025-03-21 01:56:34,DELIVERED,CENTRAL
ORD000881,CUST00983,2025-03-15 14:10:00,RETURNED,WEST
ORD000882,CUST00996,2026-06-23 19:53:31,SHIPPED,EAST
ORD000883,CUST00683,2026-01-10 11:33:42,PLACED,CENTRAL
ORD000884,CUST00524,2026-05-13 13:29:58,DELIVERED,NORTH
ORD000885,CUST00632,2025-04-07 08:34:28,DELIVERED,SOUTH
ORD000886,CUST00062,2025-04-17 20:13:12,SHIPPED,SOUTH
ORD000887,CUST00658,2025-01-30 10:37:56,DELIVERED,WEST
ORD000888,CUST00337,2025-04-15 06:55:06,DELIVERED,NORTH
ORD000889,CUST00425,2026-05-19 08:27:39,DELIVERED,SOUTH
ORD000890,CUST00340,2025-09-24 04:55:14,DELIVERED,SOUTH
ORD000891,CUST00713,2026-07-13 20:29:36,CANCELLED,CENTRAL
ORD000892,CUST00453,05-05-2026,CANCELLED,NORTH
ORD000893,CUST00054,2026-05-08 17:27:25,RETURNED,SOUTH
ORD000894,CUST00607,2026-03-03 07:15:05,RETURNED,SOUTH
ORD000895,CUST00437,2026-07-18 02:46:35,SHIPPED,SOUTH
ORD000896,CUST00181,2026-04-16 13:53:08,SHIPPED,WEST
ORD000897,CUST00207,2025-07-31 03:51:08,DELIVERED,EAST
ORD000898,CUST00172,2026-01-01 14:44:07,DELIVERED,WEST
ORD000899,CUST00840,10-01-2026,DELIVERED,NORTH
ORD000900,CUST00944,2025-08-22 04:43:18,SHIPPED,SOUTH
ORD000901,CUST00475,2025-08-26 13:24:23,DELIVERED,CENTRAL
ORD000902,CUST00342,2025-04-17 03:27:32,SHIPPED,SOUTH
ORD000903,,2026-01-24 21:43:15,DELIVERED,WEST
ORD000904,CUST00963,2025-11-03 12:48:12,DELIVERED,WEST
ORD000905,CUST00603,2025-02-25 07:54:16,PLACED,NORTH
ORD000906,CUST00580,2025-05-07 02:39:15,DELIVERED,EAST
ORD000907,CUST00770,2026-07-15 23:37:41,DELIVERED,EAST
ORD000908,CUST00667,2025-10-27 07:07:50,DELIVERED,SOUTH
ORD000909,CUST00944,2025-10-08 17:15:02,DELIVERED,SOUTH
ORD000910,CUST00467,2026-06-13 23:59:58,SHIPPED,CENTRAL
ORD000911,CUST00862,06-05-2025,DELIVERED,WEST
ORD000912,CUST00601,2025-03-04 09:48:04,SHIPPED,WEST
ORD000913,CUST00438,2025-07-16 09:51:41,DELIVERED,CENTRAL
ORD000914,CUST00392,2026-04-01 05:19:07,DELIVERED,NORTH
ORD000915,CUST00587,2025-09-25 11:56:50,SHIPPED,SOUTH
ORD000916,CUST00408,2026-06-27 22:28:19,RETURNED,WEST
ORD000917,,2025-02-24 05:56:23,DELIVERED,WEST
ORD000918,CUST00751,2025-12-01 17:28:57,DELIVERED,SOUTH
ORD000919,CUST00187,2026-01-26 09:23:57,DELIVERED,SOUTH
ORD000920,CUST00061,2025-05-22 22:19:22,SHIPPED,WEST
ORD000921,CUST00935,2026-05-01 00:03:34,DELIVERED,NORTH
ORD000922,CUST00387,2025-04-07 20:13:59,DELIVERED,CENTRAL
ORD000923,CUST00497,2026-06-07 13:59:11,PLACED,EAST
ORD000924,CUST00008,2026-06-01 18:30:22,RETURNED,NORTH
ORD000925,CUST00811,2025-01-06 15:22:21,DELIVERED,EAST
ORD000926,CUST00485,2025-09-19 18:41:38,DELIVERED,EAST
ORD000927,CUST00837,2025-07-06 02:24:44,DELIVERED,WEST
ORD000928,CUST00999,2025-10-04 12:51:57,CANCELLED,NORTH
ORD000929,CUST00716,2025-11-09 02:15:02,CANCELLED,SOUTH
ORD000930,,2025-04-06 10:55:12,SHIPPED,SOUTH
ORD000931,CUST00634,2026-06-17 23:24:48,DELIVERED,WEST
ORD000932,CUST00004,2026-05-11 14:32:51,CANCELLED,NORTH
ORD000933,CUST00895,2025-02-05 12:55:17,DELIVERED,WEST
ORD000934,CUST00497,2025-11-07 19:37:11,DELIVERED,EAST
ORD000935,CUST00954,2026-01-05 19:33:20,CANCELLED,NORTH
ORD000936,CUST00301,2026-04-17 14:32:24,SHIPPED,CENTRAL
ORD000937,CUST00804,2026-07-11 15:36:56,SHIPPED,NORTH
ORD000938,CUST00690,2026-03-03 05:22:44,DELIVERED,WEST
ORD000939,CUST00494,2026-05-30 16:32:39,SHIPPED,SOUTH
ORD000940,CUST00676,2026-06-28 15:14:58,DELIVERED,NORTH
ORD000941,CUST00952,2025-09-11 14:24:57,DELIVERED,SOUTH
ORD000942,CUST00682,2026-01-05 22:55:07,DELIVERED,SOUTH
ORD000943,CUST00649,2026-07-18 10:42:16,DELIVERED,EAST
ORD000944,CUST00955,2026-03-24 08:53:52,DELIVERED,EAST
ORD000945,CUST00735,2026-07-26 16:04:50,DELIVERED,CENTRAL
ORD000946,CUST00448,2025-07-01 06:17:04,SHIPPED,NORTH
ORD000947,CUST00349,2026-07-30 05:26:04,SHIPPED,NORTH
ORD000948,CUST00131,2025-09-01 09:40:58,DELIVERED,NORTH
ORD000949,CUST00605,2026-02-21 00:21:51,DELIVERED,WEST
ORD000950,CUST00374,2026-06-12 15:06:36,SHIPPED,CENTRAL
ORD000951,CUST00110,04-11-2025,CANCELLED,EAST
ORD000952,CUST00966,2025-08-19 13:11:31,DELIVERED,WEST
ORD000953,CUST00291,2025-04-24 07:13:36,CANCELLED,NORTH
ORD000954,CUST00317,2026-01-26 05:00:16,SHIPPED,CENTRAL
ORD000955,CUST00849,2025-06-17 13:02:01,DELIVERED,WEST
ORD000956,CUST00830,2025-09-16 18:15:52,DELIVERED,SOUTH
ORD000957,CUST00054,2025-05-20 01:10:44,DELIVERED,EAST
ORD000958,CUST00676,2025-05-04 15:34:36,DELIVERED,EAST
ORD000959,CUST00485,2025-09-28 12:54:57,DELIVERED,CENTRAL
ORD000960,CUST00290,2026-06-25 21:23:43,DELIVERED,CENTRAL
ORD000961,CUST00135,2025-09-09 04:57:33,DELIVERED,NORTH
ORD000962,CUST00727,2025-08-25 04:21:01,SHIPPED,SOUTH
ORD000963,CUST00495,2025-08-15 02:09:13,SHIPPED,SOUTH
ORD000964,CUST00010,2025-10-09 08:22:40,DELIVERED,SOUTH
ORD000965,CUST00438,2026-06-12 17:46:39,RETURNED,NORTH
ORD000966,CUST00486,2025-05-20 12:35:58,SHIPPED,CENTRAL
ORD000967,CUST00608,2025-12-03 23:01:03,DELIVERED,WEST
ORD000968,CUST00122,2025-07-07 01:52:13,DELIVERED,CENTRAL
ORD000969,CUST00669,2025-10-19 13:26:04,RETURNED,NORTH
ORD000970,CUST00886,2026-05-21 02:40:28,DELIVERED,WEST
ORD000971,CUST00123,2025-04-01 14:05:48,DELIVERED,CENTRAL
ORD000972,CUST00601,2026-03-22 01:09:24,DELIVERED,NORTH
ORD000973,CUST00186,2025-10-26 05:31:51,DELIVERED,WEST
ORD000974,CUST00129,2025-03-19 05:43:09,DELIVERED,CENTRAL
ORD000975,CUST00833,29-06-2026,DELIVERED,CENTRAL
ORD000976,CUST00543,2026-01-15 11:28:45,CANCELLED,CENTRAL
ORD000977,CUST00810,2026-05-22 04:34:51,DELIVERED,NORTH
ORD000978,CUST00614,2026-06-24 23:45:48,DELIVERED,EAST
ORD000979,CUST00132,2026-03-23 16:17:14,SHIPPED,CENTRAL
ORD000980,CUST00772,2025-01-28 04:32:44,SHIPPED,EAST
ORD000981,CUST00558,2025-05-14 06:54:55,RETURNED,NORTH
ORD000982,CUST00048,2026-02-08 11:07:14,SHIPPED,CENTRAL
ORD000983,CUST00591,2026-01-16 22:31:00,DELIVERED,EAST
ORD000984,CUST00523,2025-06-12 23:41:30,DELIVERED,NORTH
ORD000985,CUST00193,2025-04-21 00:52:13,CANCELLED,SOUTH
ORD000986,CUST00222,2026-04-05 15:38:14,SHIPPED,CENTRAL
ORD000987,CUST00564,2025-07-18 00:56:10,DELIVERED,SOUTH
ORD000988,CUST00086,2025-07-17 10:14:50,RETURNED,SOUTH
ORD000989,CUST00073,2026-05-05 00:00:06,RETURNED,SOUTH
ORD000990,CUST00578,2026-05-26 13:17:47,DELIVERED,SOUTH
ORD000991,CUST00158,2025-09-03 17:23:02,DELIVERED,NORTH
ORD000992,CUST00254,2025-03-02 05:09:47,DELIVERED,CENTRAL
ORD000993,CUST00338,2026-05-13 05:46:24,RETURNED,EAST
ORD000994,CUST00818,2025-06-25 08:34:24,PLACED,SOUTH
ORD000995,CUST00108,2025-04-06 22:16:19,DELIVERED,EAST
ORD000996,CUST00827,2026-01-16 07:09:08,DELIVERED,CENTRAL
ORD000997,CUST00565,2025-07-30 12:48:43,CANCELLED,SOUTH
ORD000998,CUST00770,2025-10-30 13:59:12,CANCELLED,CENTRAL
ORD000999,CUST00904,2025-11-09 17:57:48,SHIPPED,NORTH
ORD001000,CUST00731,2025-05-01 18:34:03,SHIPPED,CENTRAL
ORD001001,CUST00055,2026-07-18 10:47:43,DELIVERED,SOUTH
ORD001002,CUST00429,2026-07-03 23:27:36,DELIVERED,EAST
ORD001003,CUST00515,2025-08-11 18:42:21,DELIVERED,SOUTH
ORD001004,CUST00879,2025-03-09 12:43:17,DELIVERED,EAST
ORD001005,CUST00650,2025-03-03 17:31:08,SHIPPED,NORTH
ORD001006,CUST00059,2025-03-07 16:46:51,DELIVERED,WEST
ORD001007,CUST00011,2025-11-26 07:37:39,RETURNED,SOUTH
ORD001008,CUST00528,2026-06-17 03:35:49,CANCELLED,NORTH
ORD001009,CUST00632,2025-05-28 17:17:12,DELIVERED,WEST
ORD001010,CUST00768,2025-09-26 00:23:46,DELIVERED,CENTRAL
ORD001011,CUST00044,2026-04-17 18:15:48,SHIPPED,CENTRAL
ORD001012,CUST00180,2025-02-28 08:22:57,SHIPPED,EAST
ORD001013,CUST00433,2026-01-20 20:56:09,DELIVERED,NORTH
ORD001014,CUST00696,2025-07-13 23:57:40,CANCELLED,NORTH
ORD001015,CUST00495,2025-08-17 00:04:34,PLACED,CENTRAL
ORD001016,CUST00946,2025-08-25 18:15:10,RETURNED,CENTRAL
ORD001017,CUST00037,2025-12-26 16:00:27,CANCELLED,NORTH
ORD001018,CUST00631,2025-12-24 13:37:05,DELIVERED,NORTH
ORD001019,CUST00740,2025-05-25 14:13:52,PLACED,WEST
ORD001020,CUST00087,2026-02-15 23:04:29,SHIPPED,NORTH
ORD001021,CUST00008,2025-05-01 21:09:39,SHIPPED,WEST
ORD001022,CUST00307,2025-10-11 02:41:32,SHIPPED,EAST
ORD001023,CUST00450,2026-05-25 17:56:21,SHIPPED,EAST
ORD001024,CUST00006,2025-10-07 00:39:29,DELIVERED,NORTH
ORD001025,CUST00042,2025-04-14 19:58:55,DELIVERED,NORTH
ORD001026,CUST00204,2026-01-08 06:42:21,RETURNED,NORTH
ORD001027,CUST00564,2026-01-20 22:02:58,DELIVERED,EAST
ORD001028,CUST00800,2025-11-07 14:13:45,RETURNED,WEST
ORD001029,CUST00981,2025-03-25 19:01:16,SHIPPED,EAST
ORD001030,CUST00786,2026-06-16 14:50:34,DELIVERED,EAST
ORD001031,CUST00612,27-07-2026,DELIVERED,EAST
ORD001032,CUST00780,2025-11-30 04:14:37,SHIPPED,CENTRAL
ORD001033,CUST00288,2025-03-31 08:07:40,RETURNED,SOUTH
ORD001034,CUST00440,2025-06-04 02:40:34,DELIVERED,NORTH
ORD001035,CUST00515,2026-04-20 15:44:16,RETURNED,CENTRAL
ORD001036,CUST00153,2025-06-28 04:01:52,DELIVERED,EAST
ORD001037,CUST00952,2025-04-24 13:32:08,DELIVERED,NORTH
ORD001038,CUST00390,2025-11-13 08:34:11,DELIVERED,SOUTH
ORD001039,CUST00437,2026-01-08 04:50:48,DELIVERED,NORTH
ORD001040,CUST00276,2025-10-10 09:33:02,DELIVERED,WEST
ORD001041,CUST00917,2025-02-06 22:30:55,PLACED,EAST
ORD001042,CUST00484,2025-08-06 14:32:55,SHIPPED,SOUTH
ORD001043,CUST00504,2025-10-10 09:38:44,SHIPPED,NORTH
ORD001044,CUST00789,2025-04-12 05:07:07,DELIVERED,EAST
ORD001045,CUST00604,2026-02-15 18:42:12,SHIPPED,EAST
ORD001046,CUST00394,2025-03-09 18:06:24,SHIPPED,CENTRAL
ORD001047,CUST00601,2026-05-24 06:03:51,SHIPPED,WEST
ORD001048,CUST00077,2026-03-01 12:58:17,DELIVERED,WEST
ORD001049,CUST00207,2026-02-19 10:14:01,PLACED,SOUTH
ORD001050,CUST00729,2025-07-16 03:24:59,DELIVERED,CENTRAL
ORD001051,CUST00917,2025-10-12 06:57:31,DELIVERED,WEST
ORD001052,CUST00430,2026-02-11 19:38:43,DELIVERED,NORTH
ORD001053,CUST00281,2026-06-26 03:32:43,SHIPPED,CENTRAL
ORD001054,CUST00996,2026-06-23 21:25:53,CANCELLED,WEST
ORD001055,CUST00892,2026-02-03 20:06:15,SHIPPED,CENTRAL
ORD001056,CUST00799,2025-10-31 02:43:46,SHIPPED,SOUTH
ORD001057,,2026-03-21 04:57:03,DELIVERED,CENTRAL
ORD001058,CUST00725,2026-07-14 16:34:09,DELIVERED,SOUTH
ORD001059,CUST00275,2026-03-05 20:50:21,SHIPPED,CENTRAL
ORD001060,CUST00041,2026-05-12 19:17:39,CANCELLED,SOUTH
ORD001061,CUST00810,2025-02-10 00:24:06,SHIPPED,SOUTH
ORD001062,CUST00002,2026-05-19 19:37:42,DELIVERED,EAST
ORD001063,CUST00970,2026-07-02 22:45:34,SHIPPED,SOUTH
ORD001064,CUST00627,2025-08-18 01:14:51,PLACED,NORTH
ORD001065,CUST00225,2026-07-22 09:04:19,SHIPPED,NORTH
ORD001066,CUST00889,2026-03-30 00:46:37,DELIVERED,WEST
ORD001067,CUST00264,2026-05-02 09:45:59,DELIVERED,WEST
ORD001068,CUST00276,2025-06-08 09:19:07,CANCELLED,WEST
ORD001069,CUST00238,2026-07-21 20:40:47,DELIVERED,WEST
ORD001070,CUST00186,2025-12-23 19:39:08,CANCELLED,SOUTH
ORD001071,CUST00966,2026-07-21 14:29:33,SHIPPED,EAST
ORD001072,CUST00182,2025-11-03 04:22:15,SHIPPED,SOUTH
ORD001073,CUST00252,2025-12-20 10:15:54,RETURNED,NORTH
ORD001074,CUST00141,2026-07-19 11:52:28,PLACED,NORTH
ORD001075,CUST00022,2025-03-27 11:12:38,DELIVERED,NORTH
ORD001076,CUST00789,2025-03-06 22:20:02,RETURNED,CENTRAL
ORD001077,,2025-01-08 07:09:26,SHIPPED,EAST
ORD001078,CUST00088,2025-06-07 03:32:55,DELIVERED,WEST
ORD001079,CUST00315,2025-09-15 16:23:09,SHIPPED,CENTRAL
ORD001080,CUST00643,2026-02-27 05:40:44,CANCELLED,NORTH
ORD001081,CUST00106,2026-02-02 07:50:30,DELIVERED,NORTH
ORD001082,CUST00025,2025-06-26 01:31:51,SHIPPED,EAST
ORD001083,CUST00901,2026-06-16 14:27:59,CANCELLED,NORTH
ORD001084,CUST00113,2025-06-24 09:24:07,RETURNED,EAST
ORD001085,CUST00342,2025-04-02 22:13:19,RETURNED,NORTH
ORD001086,CUST00620,2025-04-28 08:45:48,DELIVERED,CENTRAL
ORD001087,CUST00436,2025-04-27 16:18:15,DELIVERED,CENTRAL
ORD001088,CUST00357,2025-03-22 17:15:25,DELIVERED,EAST
ORD001089,CUST00831,2026-07-07 11:43:03,DELIVERED,SOUTH
ORD001090,CUST00151,2025-09-06 18:00:16,DELIVERED,WEST
ORD001091,CUST00116,2026-03-25 19:46:19,DELIVERED,SOUTH
ORD001092,CUST00131,2025-05-22 06:20:45,DELIVERED,WEST
ORD001093,CUST00711,2025-11-18 12:28:54,DELIVERED,SOUTH
ORD001094,CUST00670,2025-07-11 00:03:34,DELIVERED,CENTRAL
ORD001095,CUST00546,2026-02-21 11:43:35,DELIVERED,CENTRAL
ORD001096,CUST00540,2026-03-25 20:23:51,CANCELLED,SOUTH
ORD001097,CUST00241,08-10-2025,RETURNED,NORTH
ORD001098,CUST00486,2025-04-14 18:20:52,PLACED,EAST
ORD001099,CUST00870,2025-04-19 05:39:31,SHIPPED,CENTRAL
ORD001100,CUST00935,2025-11-24 01:26:37,CANCELLED,NORTH
ORD001101,CUST00121,2026-06-25 10:17:34,DELIVERED,NORTH
ORD001102,CUST00435,2025-10-16 16:41:46,SHIPPED,CENTRAL
ORD001103,CUST00858,2026-04-07 07:34:35,PLACED,EAST
ORD001104,CUST00251,01-03-2025,CANCELLED,WEST
ORD001105,CUST00187,2025-12-31 21:02:57,DELIVERED,EAST
ORD001106,CUST00740,2025-09-20 00:25:02,DELIVERED,NORTH
ORD001107,CUST00160,2025-02-16 14:29:45,PLACED,SOUTH
ORD001108,CUST00012,2025-11-04 21:15:28,DELIVERED,WEST
ORD001109,CUST00850,2025-07-20 10:28:54,DELIVERED,SOUTH
ORD001110,CUST00161,2025-07-31 03:14:01,DELIVERED,SOUTH
ORD001111,CUST00411,2026-04-26 19:48:43,DELIVERED,CENTRAL
ORD001112,CUST00080,2026-06-22 19:46:02,DELIVERED,WEST
ORD001113,CUST00169,2025-02-12 11:09:12,DELIVERED,SOUTH
ORD001114,CUST00107,2025-03-02 10:27:25,DELIVERED,EAST
ORD001115,,2025-08-08 04:43:06,SHIPPED,SOUTH
ORD001116,CUST00775,2025-08-29 02:24:59,SHIPPED,NORTH
ORD001117,CUST00088,2026-03-19 19:51:31,DELIVERED,WEST
ORD001118,,2025-09-02 08:12:06,DELIVERED,EAST
ORD001119,CUST00982,2025-11-06 05:48:00,DELIVERED,WEST
ORD001120,CUST00998,2025-04-11 14:22:11,PLACED,WEST
ORD001121,CUST00516,2025-03-20 10:49:48,DELIVERED,NORTH
ORD001122,CUST00392,2026-01-06 11:02:56,CANCELLED,EAST
ORD001123,CUST00699,2025-12-26 16:55:32,DELIVERED,SOUTH
ORD001124,CUST00827,2026-06-14 07:19:48,DELIVERED,SOUTH
ORD001125,CUST00514,2026-02-06 00:32:39,DELIVERED,CENTRAL
ORD001126,CUST00350,2025-12-14 13:38:08,DELIVERED,EAST
ORD001127,CUST00963,2025-12-01 16:35:06,DELIVERED,WEST
ORD001128,CUST00626,2026-04-17 09:00:29,SHIPPED,WEST
ORD001129,CUST00016,2025-04-21 18:40:35,DELIVERED,NORTH
ORD001130,CUST00466,2025-09-01 16:08:25,SHIPPED,NORTH
ORD001131,CUST00373,2025-10-02 11:15:57,SHIPPED,WEST
ORD001132,CUST00485,2025-07-18 20:40:34,DELIVERED,SOUTH
ORD001133,CUST00996,2026-03-18 17:57:35,DELIVERED,EAST
ORD001134,CUST00878,2026-04-27 07:44:15,SHIPPED,EAST
ORD001135,CUST00640,2025-09-01 14:46:27,DELIVERED,CENTRAL
ORD001136,CUST00899,2026-06-15 03:45:30,RETURNED,NORTH
ORD001137,CUST00251,2026-06-28 12:11:51,PLACED,NORTH
ORD001138,CUST00163,2026-03-19 20:03:46,PLACED,WEST
ORD001139,CUST00686,2025-03-14 15:01:28,DELIVERED,CENTRAL
ORD001140,CUST00477,2025-03-26 18:07:35,DELIVERED,WEST
ORD001141,CUST00205,2025-11-08 20:53:02,DELIVERED,CENTRAL
ORD001142,CUST00720,2026-07-30 18:32:58,SHIPPED,NORTH
ORD001143,CUST00972,2026-01-01 00:49:48,SHIPPED,CENTRAL
ORD001144,,2026-04-12 20:53:42,PLACED,EAST
ORD001145,CUST00485,2025-06-15 18:27:09,CANCELLED,WEST
ORD001146,CUST00651,2025-05-17 18:50:48,PLACED,WEST
ORD001147,CUST00895,2026-07-08 04:29:42,DELIVERED,SOUTH
ORD001148,CUST00266,2025-05-23 23:28:04,PLACED,WEST
ORD001149,CUST00772,2025-08-19 14:42:36,DELIVERED,WEST
ORD001150,CUST00549,2026-06-20 00:43:51,RETURNED,WEST
ORD001151,CUST00710,2026-03-19 23:28:37,PLACED,CENTRAL
ORD001152,CUST00741,2026-06-03 19:43:23,SHIPPED,EAST
ORD001153,,2025-12-23 06:01:28,DELIVERED,EAST
ORD001154,CUST00994,2026-06-08 11:15:04,DELIVERED,NORTH
ORD001155,CUST00966,2025-04-08 15:32:18,DELIVERED,CENTRAL
ORD001156,CUST00224,2025-05-26 18:10:44,DELIVERED,SOUTH
ORD001157,CUST00222,2025-09-28 08:47:06,SHIPPED,CENTRAL
ORD001158,CUST00380,10-10-2025,CANCELLED,CENTRAL
ORD001159,CUST00128,2026-06-28 04:12:59,RETURNED,WEST
ORD001160,CUST00361,2026-02-26 08:19:05,RETURNED,EAST
ORD001161,CUST00181,2025-12-23 09:05:28,SHIPPED,CENTRAL
ORD001162,CUST00447,2025-10-24 08:51:21,DELIVERED,WEST
ORD001163,CUST00719,2026-04-27 20:39:21,RETURNED,NORTH
ORD001164,CUST00826,2025-03-22 15:11:48,PLACED,WEST
ORD001165,CUST00768,2026-04-30 12:57:13,PLACED,WEST
ORD001166,CUST00826,2025-01-26 08:22:13,CANCELLED,SOUTH
ORD001167,CUST00466,2026-03-05 10:20:38,SHIPPED,WEST
ORD001168,CUST00360,2025-12-27 08:36:04,CANCELLED,WEST
ORD001169,,2025-10-18 23:51:59,DELIVERED,EAST
ORD001170,CUST00271,2025-08-27 18:17:22,DELIVERED,WEST
ORD001171,CUST00005,2025-11-18 23:53:46,PLACED,EAST
ORD001172,CUST00532,2026-07-30 17:48:58,DELIVERED,CENTRAL
ORD001173,CUST00248,2026-03-08 15:44:11,SHIPPED,WEST
ORD001174,CUST00821,2026-03-25 19:58:19,RETURNED,WEST
ORD001175,CUST00178,2025-11-10 02:40:59,DELIVERED,WEST
ORD001176,CUST00728,2025-04-09 02:58:01,DELIVERED,WEST
ORD001177,CUST00643,2025-07-22 03:02:27,SHIPPED,EAST
ORD001178,CUST00096,2025-01-20 21:58:06,DELIVERED,CENTRAL
ORD001179,CUST00633,2026-07-04 14:10:15,RETURNED,CENTRAL
ORD001180,CUST00761,2026-07-25 05:54:18,DELIVERED,EAST
ORD001181,CUST00669,2025-06-22 05:49:01,DELIVERED,SOUTH
ORD001182,CUST00827,2025-10-21 16:25:28,DELIVERED,EAST
ORD001183,CUST00148,03-05-2026,RETURNED,NORTH
ORD001184,CUST00950,2026-04-08 20:16:39,SHIPPED,EAST
ORD001185,CUST00096,2025-03-02 02:29:39,DELIVERED,SOUTH
ORD001186,CUST00503,2025-01-18 01:18:27,DELIVERED,NORTH
ORD001187,CUST00430,2025-10-19 11:14:54,DELIVERED,WEST
ORD001188,CUST00185,21-08-2025,SHIPPED,CENTRAL
ORD001189,CUST00876,2025-01-25 10:16:45,DELIVERED,EAST
ORD001190,CUST00629,2026-04-12 00:40:39,SHIPPED,EAST
ORD001191,CUST00198,16-04-2026,PLACED,CENTRAL
ORD001192,CUST00222,2025-10-11 10:03:16,SHIPPED,EAST
ORD001193,CUST00086,2026-07-20 06:07:46,SHIPPED,EAST
ORD001194,CUST00977,2025-03-13 10:26:31,DELIVERED,EAST
ORD001195,CUST00829,2026-01-21 02:24:49,RETURNED,SOUTH
ORD001196,CUST00203,2026-06-18 15:40:45,DELIVERED,WEST
ORD001197,CUST00813,2026-04-02 09:15:51,DELIVERED,WEST
ORD001198,CUST00457,2025-11-26 03:02:10,SHIPPED,EAST
ORD001199,CUST00622,2025-10-25 12:29:31,DELIVERED,EAST
ORD001200,CUST00840,2025-02-19 22:00:35,CANCELLED,CENTRAL
ORD001201,CUST00420,2025-08-16 22:44:36,CANCELLED,CENTRAL
ORD001202,CUST00031,2025-03-31 01:13:48,DELIVERED,SOUTH
ORD001203,CUST00075,2025-06-17 03:19:24,DELIVERED,EAST
ORD001204,CUST00327,19-06-2026,DELIVERED,WEST
ORD001205,CUST00330,2025-06-30 16:53:12,DELIVERED,CENTRAL
ORD001206,CUST00223,2025-03-21 22:34:17,DELIVERED,NORTH
ORD001207,CUST00662,2025-11-24 13:59:32,DELIVERED,EAST
ORD001208,CUST00051,2026-01-19 15:36:07,RETURNED,WEST
ORD001209,CUST00464,2025-05-13 22:16:32,DELIVERED,SOUTH
ORD001210,CUST00292,2025-01-14 20:29:33,CANCELLED,NORTH
ORD001211,CUST00292,2025-04-12 19:05:56,DELIVERED,CENTRAL
ORD001212,CUST00041,2025-09-20 01:24:10,PLACED,NORTH
ORD001213,CUST00426,2026-07-16 18:25:32,DELIVERED,EAST
ORD001214,CUST00570,2025-09-01 05:59:55,PLACED,EAST
ORD001215,CUST00466,2026-01-19 04:27:40,RETURNED,NORTH
ORD001216,CUST00961,2026-04-25 23:55:34,SHIPPED,NORTH
ORD001217,CUST00331,2026-06-19 01:46:21,SHIPPED,NORTH
ORD001218,CUST00924,2025-10-14 12:24:46,DELIVERED,NORTH
ORD001219,CUST00889,2025-02-10 18:30:10,DELIVERED,NORTH
ORD001220,,2025-08-25 08:22:42,DELIVERED,CENTRAL
ORD001221,CUST00389,2025-07-29 15:31:31,RETURNED,CENTRAL
ORD001222,CUST00130,2025-09-06 00:47:33,DELIVERED,WEST
ORD001223,CUST00685,2025-04-06 01:12:13,SHIPPED,WEST
ORD001224,CUST01000,2025-08-06 21:40:28,DELIVERED,SOUTH
ORD001225,CUST00785,2025-08-19 02:12:19,DELIVERED,SOUTH
ORD001226,CUST00753,2025-06-09 22:05:26,PLACED,WEST
ORD001227,CUST00014,2026-06-05 19:00:23,CANCELLED,SOUTH
ORD001228,CUST00349,2025-06-12 01:43:53,DELIVERED,CENTRAL
ORD001229,CUST00779,2025-08-31 04:50:50,DELIVERED,CENTRAL
ORD001230,CUST00134,2025-06-19 22:26:41,DELIVERED,WEST
ORD001231,CUST00526,2025-06-07 16:34:50,SHIPPED,EAST
ORD001232,CUST00703,2025-08-27 13:37:51,DELIVERED,NORTH
ORD001233,CUST00898,2025-03-25 05:51:24,SHIPPED,WEST
ORD001234,CUST00030,2026-01-05 21:45:53,DELIVERED,EAST
ORD001235,CUST00564,2025-03-07 07:07:05,SHIPPED,WEST
ORD001236,CUST00521,2025-09-17 05:21:19,SHIPPED,NORTH
ORD001237,,2025-10-25 02:44:12,DELIVERED,EAST
ORD001238,CUST00181,2026-04-07 09:52:44,DELIVERED,CENTRAL
ORD001239,CUST00698,2025-02-08 17:40:16,RETURNED,SOUTH
ORD001240,CUST00917,2025-01-28 17:16:18,SHIPPED,CENTRAL
ORD001241,CUST00232,2026-04-27 17:45:09,DELIVERED,WEST
ORD001242,CUST00752,2026-06-22 05:55:13,SHIPPED,SOUTH
ORD001243,CUST00295,2026-07-03 06:03:36,DELIVERED,NORTH
ORD001244,CUST00930,2026-06-29 01:43:48,DELIVERED,SOUTH
ORD001245,CUST00698,2025-02-23 22:43:41,DELIVERED,WEST
ORD001246,CUST00014,2026-06-02 07:43:29,DELIVERED,SOUTH
ORD001247,CUST00903,2025-03-01 18:57:23,DELIVERED,NORTH
ORD001248,CUST00993,2026-01-04 00:50:03,DELIVERED,SOUTH
ORD001249,CUST00047,2025-01-14 12:11:18,RETURNED,SOUTH
ORD001250,CUST00172,2025-04-24 20:30:15,PLACED,EAST
ORD001251,CUST00753,2025-09-30 11:01:57,SHIPPED,WEST
ORD001252,CUST00470,2025-01-11 12:47:46,DELIVERED,EAST
ORD001253,CUST00794,2026-05-31 16:40:59,RETURNED,CENTRAL
ORD001254,CUST00277,2026-06-17 15:56:35,DELIVERED,SOUTH
ORD001255,CUST00877,2025-06-21 01:51:43,SHIPPED,WEST
ORD001256,,2026-03-25 14:56:59,RETURNED,EAST
ORD001257,CUST00092,2025-05-31 13:28:43,DELIVERED,NORTH
ORD001258,CUST00899,2026-05-02 22:06:30,CANCELLED,WEST
ORD001259,CUST00898,2026-02-14 06:15:22,RETURNED,EAST
ORD001260,CUST00401,2026-04-03 14:30:42,RETURNED,EAST
ORD001261,CUST00594,2026-02-08 22:57:05,CANCELLED,NORTH
ORD001262,CUST00466,2026-03-17 03:21:11,DELIVERED,EAST
ORD001263,CUST00009,2026-01-23 12:40:25,SHIPPED,SOUTH
ORD001264,CUST00297,2026-04-30 12:23:02,SHIPPED,WEST
ORD001265,CUST00819,17-08-2025,PLACED,EAST
ORD001266,CUST00127,2025-02-11 07:35:40,PLACED,EAST
ORD001267,CUST00001,2025-02-08 18:14:29,DELIVERED,EAST
ORD001268,CUST00515,2026-06-01 18:34:31,DELIVERED,NORTH
ORD001269,CUST00147,2026-07-24 09:06:03,DELIVERED,NORTH
ORD001270,CUST00033,2026-01-03 12:40:22,SHIPPED,WEST
ORD001271,CUST00991,2025-03-18 05:26:16,RETURNED,CENTRAL
ORD001272,CUST00578,2025-12-05 12:12:14,DELIVERED,CENTRAL
ORD001273,CUST00787,2025-06-04 23:04:25,DELIVERED,SOUTH
ORD001274,CUST00088,2025-08-19 22:42:36,DELIVERED,CENTRAL
ORD001275,CUST00802,2025-12-06 08:16:20,DELIVERED,EAST
ORD001276,CUST00702,2026-07-08 11:47:56,DELIVERED,WEST
ORD001277,CUST00421,25-12-2025,DELIVERED,WEST
ORD001278,CUST00144,2026-04-23 20:19:06,DELIVERED,CENTRAL
ORD001279,CUST00131,2026-04-28 06:13:25,DELIVERED,EAST
ORD001280,CUST00866,2025-11-01 23:42:01,DELIVERED,WEST
ORD001281,CUST00896,2026-02-07 08:22:27,PLACED,NORTH
ORD001282,CUST00666,2025-03-25 03:32:11,PLACED,EAST
ORD001283,CUST00708,2025-09-15 08:01:16,SHIPPED,CENTRAL
ORD001284,CUST00758,2026-07-11 20:56:32,SHIPPED,SOUTH
ORD001285,CUST00991,2026-01-20 17:08:52,CANCELLED,SOUTH
ORD001286,CUST00319,2026-07-13 13:46:45,PLACED,WEST
ORD001287,CUST00206,2025-03-31 02:19:41,SHIPPED,NORTH
ORD001288,CUST00254,2025-06-08 16:18:35,PLACED,CENTRAL
ORD001289,CUST00057,2025-04-05 14:43:45,DELIVERED,SOUTH
ORD001290,CUST00862,2026-03-01 15:35:07,DELIVERED,WEST
ORD001291,CUST00632,2025-04-06 16:32:59,DELIVERED,SOUTH
ORD001292,CUST00763,2026-05-26 16:02:33,DELIVERED,CENTRAL
ORD001293,CUST00492,2025-08-14 06:39:59,SHIPPED,CENTRAL
ORD001294,CUST00684,2025-08-02 17:45:07,DELIVERED,NORTH
ORD001295,CUST00834,2025-11-26 23:27:37,SHIPPED,NORTH
ORD001296,CUST00012,2026-03-27 22:00:50,DELIVERED,CENTRAL
ORD001297,CUST00930,2025-10-03 12:35:17,DELIVERED,WEST
ORD001298,CUST00163,2025-10-05 20:53:59,CANCELLED,SOUTH
ORD001299,CUST00724,2026-02-12 19:44:48,PLACED,SOUTH
ORD001300,CUST00737,2026-03-14 09:50:06,DELIVERED,SOUTH
ORD001301,CUST00781,2026-05-27 10:17:05,DELIVERED,WEST
ORD001302,CUST00484,2026-04-16 13:42:34,DELIVERED,CENTRAL
ORD001303,CUST00539,2025-07-21 08:19:23,DELIVERED,CENTRAL
ORD001304,CUST00633,2025-11-10 14:53:24,PLACED,SOUTH
ORD001305,CUST00682,2025-03-24 12:05:32,DELIVERED,EAST
ORD001306,CUST00791,2026-07-24 01:31:51,SHIPPED,SOUTH
ORD001307,CUST00394,2025-11-23 06:24:51,PLACED,EAST
ORD001308,CUST00868,2025-02-26 14:36:47,DELIVERED,NORTH
ORD001309,CUST00329,2025-03-25 14:56:47,DELIVERED,CENTRAL
ORD001310,CUST00201,2025-07-16 02:50:48,DELIVERED,SOUTH
ORD001311,CUST00166,2025-12-04 03:31:15,CANCELLED,SOUTH
ORD001312,CUST00025,2026-05-04 15:33:57,PLACED,NORTH
ORD001313,CUST00915,2025-01-05 01:36:41,DELIVERED,CENTRAL
ORD001314,CUST00349,2025-05-24 22:19:24,RETURNED,CENTRAL
ORD001315,CUST00853,2025-06-11 03:36:36,DELIVERED,EAST
ORD001316,CUST00922,2026-03-10 22:52:21,CANCELLED,WEST
ORD001317,CUST00386,2025-02-25 01:04:05,SHIPPED,CENTRAL
ORD001318,CUST00121,2026-01-23 08:40:12,DELIVERED,EAST
ORD001319,,2025-08-14 04:03:43,SHIPPED,EAST
ORD001320,CUST00893,2025-05-03 14:46:47,PLACED,CENTRAL
ORD001321,CUST00531,2026-04-20 18:28:35,DELIVERED,NORTH
ORD001322,CUST00914,2025-03-28 02:50:59,RETURNED,EAST
ORD001323,CUST00034,2025-09-20 13:37:12,SHIPPED,NORTH
ORD001324,CUST00561,2026-07-25 00:22:41,DELIVERED,NORTH
ORD001325,CUST00075,2026-03-14 23:02:28,DELIVERED,NORTH
ORD001326,CUST00073,2025-11-20 07:16:45,DELIVERED,NORTH
ORD001327,CUST00491,2025-04-11 13:23:40,PLACED,NORTH
ORD001328,CUST00231,2026-05-21 03:09:35,DELIVERED,SOUTH
ORD001329,,12-02-2025,DELIVERED,SOUTH
ORD001330,CUST00881,2025-10-22 16:18:43,DELIVERED,CENTRAL
ORD001331,CUST00397,2025-10-21 00:02:09,DELIVERED,WEST
ORD001332,CUST00119,2025-12-07 04:01:58,DELIVERED,EAST
ORD001333,CUST00352,2025-12-06 01:24:45,SHIPPED,NORTH
ORD001334,CUST00233,2025-11-17 20:05:55,CANCELLED,CENTRAL
ORD001335,CUST00822,2025-01-12 13:43:45,SHIPPED,NORTH
ORD001336,CUST00130,2025-12-07 15:16:27,PLACED,EAST
ORD001337,CUST00912,2025-07-09 17:02:40,SHIPPED,WEST
ORD001338,CUST00126,2026-05-25 23:43:48,SHIPPED,CENTRAL
ORD001339,CUST00723,2026-07-26 01:28:06,CANCELLED,SOUTH
ORD001340,CUST00310,2025-10-13 00:08:19,SHIPPED,SOUTH
ORD001341,CUST00274,2025-09-05 15:57:41,DELIVERED,NORTH
ORD001342,CUST00421,2026-07-02 23:30:15,DELIVERED,NORTH
ORD001343,CUST00141,2026-02-09 16:02:59,DELIVERED,SOUTH
ORD001344,CUST00743,2025-04-21 06:20:57,SHIPPED,WEST
ORD001345,CUST00465,30-03-2025,CANCELLED,EAST
ORD001346,CUST00394,2025-08-22 08:06:04,PLACED,EAST
ORD001347,CUST00394,20-01-2026,DELIVERED,WEST
ORD001348,,2025-06-09 19:05:14,DELIVERED,CENTRAL
ORD001349,CUST00313,2025-01-25 07:35:16,DELIVERED,NORTH
ORD001350,CUST00773,2025-09-19 03:33:47,RETURNED,CENTRAL
ORD001351,CUST00029,2025-09-22 19:39:50,DELIVERED,WEST
ORD001352,CUST00951,2026-07-26 05:07:10,CANCELLED,CENTRAL
ORD001353,CUST00739,2026-06-11 14:16:04,RETURNED,CENTRAL
ORD001354,CUST00587,2026-07-13 15:14:10,DELIVERED,SOUTH
ORD001355,CUST00479,2025-07-05 00:52:17,PLACED,EAST
ORD001356,CUST00256,2026-02-26 14:36:37,DELIVERED,NORTH
ORD001357,CUST00371,2025-07-28 17:48:49,DELIVERED,CENTRAL
ORD001358,,2025-08-27 08:56:25,DELIVERED,EAST
ORD001359,CUST00455,26-12-2025,PLACED,NORTH
ORD001360,CUST00492,2026-05-11 08:23:34,SHIPPED,NORTH
ORD001361,CUST00082,2025-08-03 17:19:14,DELIVERED,NORTH
ORD001362,CUST00265,2025-08-03 11:42:13,DELIVERED,SOUTH
ORD001363,CUST00151,2026-04-25 23:24:35,SHIPPED,NORTH
ORD001364,CUST00519,2025-12-08 23:57:08,PLACED,SOUTH
ORD001365,CUST00732,2025-07-21 05:07:49,PLACED,EAST
ORD001366,CUST00046,2026-04-12 11:36:03,SHIPPED,CENTRAL
ORD001367,CUST00524,2025-03-02 03:46:36,DELIVERED,EAST
ORD001368,CUST00698,2025-11-20 02:14:12,DELIVERED,EAST
ORD001369,CUST00335,2026-04-17 10:40:48,DELIVERED,WEST
ORD001370,CUST00384,2026-01-01 14:12:17,SHIPPED,NORTH
ORD001371,CUST00046,2025-08-14 22:15:31,RETURNED,NORTH
ORD001372,CUST00217,2025-09-01 04:42:52,DELIVERED,CENTRAL
ORD001373,CUST00730,2025-09-25 05:36:28,DELIVERED,CENTRAL
ORD001374,,2026-07-19 02:27:47,DELIVERED,NORTH
ORD001375,CUST00982,2025-06-24 10:29:36,RETURNED,CENTRAL
ORD001376,CUST00552,2026-07-24 08:57:41,CANCELLED,NORTH
ORD001377,CUST00676,2026-02-12 08:25:14,DELIVERED,SOUTH
ORD001378,CUST00301,2025-07-09 13:01:48,DELIVERED,EAST
ORD001379,CUST00323,2025-03-31 15:31:38,DELIVERED,WEST
ORD001380,CUST00361,2026-03-12 07:40:41,RETURNED,WEST
ORD001381,CUST00460,2025-11-22 07:56:03,CANCELLED,SOUTH
ORD001382,CUST00251,2025-11-13 14:32:23,DELIVERED,CENTRAL
ORD001383,CUST00294,2025-09-23 07:21:35,PLACED,WEST
ORD001384,CUST00152,2026-03-24 09:38:14,CANCELLED,SOUTH
ORD001385,CUST00898,19-12-2025,SHIPPED,EAST
ORD001386,CUST00729,2025-12-31 22:49:48,SHIPPED,NORTH
ORD001387,CUST00025,2026-06-20 23:24:01,PLACED,CENTRAL
ORD001388,CUST00941,2025-10-29 10:58:18,DELIVERED,WEST
ORD001389,CUST00248,2026-07-08 00:20:04,DELIVERED,EAST
ORD001390,CUST00632,2025-03-25 17:00:42,PLACED,EAST
ORD001391,CUST00933,2025-11-14 13:58:38,DELIVERED,WEST
ORD001392,CUST00489,2026-06-28 19:03:54,SHIPPED,CENTRAL
ORD001393,CUST00960,2026-01-31 15:25:09,CANCELLED,CENTRAL
ORD001394,CUST00691,2026-05-20 09:46:55,DELIVERED,SOUTH
ORD001395,CUST00603,2025-08-05 22:31:17,PLACED,EAST
ORD001396,CUST00050,2026-03-15 04:10:13,DELIVERED,CENTRAL
ORD001397,CUST00437,2025-08-10 13:34:46,DELIVERED,SOUTH
ORD001398,CUST00043,2026-07-25 14:24:59,DELIVERED,WEST
ORD001399,CUST00589,2026-04-24 01:19:55,DELIVERED,SOUTH
ORD001400,CUST00281,2026-01-13 23:32:50,CANCELLED,EAST
ORD001401,CUST00266,2026-04-16 19:49:52,RETURNED,EAST
ORD001402,CUST00212,2026-03-05 21:04:21,DELIVERED,NORTH
ORD001403,CUST00041,2026-02-24 07:09:21,SHIPPED,WEST
ORD001404,CUST00027,2025-10-15 00:44:07,RETURNED,CENTRAL
ORD001405,CUST00456,2026-02-09 14:09:57,DELIVERED,NORTH
ORD001406,CUST00942,2025-04-04 03:51:16,DELIVERED,EAST
ORD001407,CUST00141,2025-08-05 06:44:37,SHIPPED,EAST
ORD001408,CUST00763,2025-06-22 18:36:54,DELIVERED,CENTRAL
ORD001409,CUST00465,2026-05-05 19:40:56,DELIVERED,NORTH
ORD001410,CUST00323,2025-01-30 19:01:24,RETURNED,CENTRAL
ORD001411,CUST00862,2026-03-10 13:02:53,CANCELLED,NORTH
ORD001412,CUST00643,2025-01-07 04:34:57,DELIVERED,SOUTH
ORD001413,CUST00272,2026-01-01 03:35:11,CANCELLED,WEST
ORD001414,CUST00204,2026-05-09 01:01:16,RETURNED,SOUTH
ORD001415,,2025-02-22 05:50:27,DELIVERED,SOUTH
ORD001416,,2026-06-19 08:54:27,DELIVERED,CENTRAL
ORD001417,CUST00358,2026-01-12 02:45:30,RETURNED,EAST
ORD001418,CUST00897,2025-08-15 21:26:07,DELIVERED,WEST
ORD001419,CUST00557,2026-01-09 13:43:35,SHIPPED,EAST
ORD001420,CUST00458,2025-09-10 17:50:26,DELIVERED,SOUTH
ORD001421,CUST00327,2026-05-29 02:42:58,DELIVERED,SOUTH
ORD001422,CUST00496,2026-01-15 22:52:16,DELIVERED,NORTH
ORD001423,CUST00520,2025-06-17 01:52:10,DELIVERED,NORTH
ORD001424,CUST00331,2025-07-23 04:40:31,DELIVERED,WEST
ORD001425,CUST00267,2025-02-12 10:26:23,DELIVERED,EAST
ORD001426,CUST00047,2025-08-28 15:03:19,SHIPPED,SOUTH
ORD001427,CUST00799,2026-05-01 16:11:07,RETURNED,CENTRAL
ORD001428,CUST00620,24-02-2026,DELIVERED,WEST
ORD001429,CUST00722,2025-09-16 20:56:24,DELIVERED,CENTRAL
ORD001430,CUST00051,2026-02-07 20:19:05,DELIVERED,SOUTH
ORD001431,CUST00406,2026-07-12 13:08:38,CANCELLED,EAST
ORD001432,CUST00221,2026-03-06 11:45:24,RETURNED,NORTH
ORD001433,CUST00774,2026-02-13 23:42:13,DELIVERED,WEST
ORD001434,,2025-08-08 21:10:29,SHIPPED,SOUTH
ORD001435,,2025-04-07 00:52:09,DELIVERED,WEST
ORD001436,CUST00759,2025-07-29 17:08:23,PLACED,CENTRAL
ORD001437,CUST00781,2026-07-24 01:22:39,PLACED,CENTRAL
ORD001438,CUST00156,2025-03-16 05:18:19,DELIVERED,SOUTH
ORD001439,CUST00880,2025-08-31 11:38:16,DELIVERED,NORTH
ORD001440,CUST00470,2025-06-07 09:58:51,RETURNED,CENTRAL
ORD001441,CUST00299,2025-11-30 15:06:17,RETURNED,CENTRAL
ORD001442,CUST00292,2026-06-30 22:37:22,SHIPPED,NORTH
ORD001443,CUST00746,2025-11-02 18:04:40,DELIVERED,NORTH
ORD001444,CUST00592,2025-01-20 08:01:05,SHIPPED,EAST
ORD001445,CUST00112,2026-05-15 07:00:23,SHIPPED,NORTH
ORD001446,CUST00174,2025-06-11 07:28:10,DELIVERED,SOUTH
ORD001447,CUST00413,2026-04-24 20:10:40,DELIVERED,CENTRAL
ORD001448,CUST00061,2026-01-19 05:58:24,DELIVERED,EAST
ORD001449,CUST00038,2025-09-07 16:07:53,DELIVERED,NORTH
ORD001450,CUST00215,2026-03-13 20:04:22,DELIVERED,EAST
ORD001451,CUST00242,2025-09-07 23:29:39,DELIVERED,CENTRAL
ORD001452,CUST00751,2025-03-05 06:02:43,DELIVERED,NORTH
ORD001453,CUST00776,2025-01-11 13:58:46,DELIVERED,SOUTH
ORD001454,CUST00891,2025-03-30 06:51:41,DELIVERED,SOUTH
ORD001455,CUST00538,2026-01-14 09:56:34,CANCELLED,WEST
ORD001456,CUST00304,2025-04-02 07:54:40,SHIPPED,EAST
ORD001457,CUST00630,2025-10-16 15:43:08,SHIPPED,EAST
ORD001458,CUST00210,2026-04-22 21:47:10,DELIVERED,CENTRAL
ORD001459,CUST00474,2025-06-13 14:11:16,RETURNED,SOUTH
ORD001460,CUST00733,04-01-2026,DELIVERED,SOUTH
ORD001461,CUST00006,2025-08-31 05:07:42,SHIPPED,NORTH
ORD001462,CUST00339,2025-03-15 13:36:27,DELIVERED,SOUTH
ORD001463,CUST00652,2026-03-11 07:25:29,DELIVERED,NORTH
ORD001464,CUST00282,2025-08-09 17:38:25,CANCELLED,CENTRAL
ORD001465,CUST00377,2026-05-01 01:32:28,RETURNED,CENTRAL
ORD001466,CUST00676,2025-06-07 08:30:58,SHIPPED,SOUTH
ORD001467,CUST00270,2026-03-14 19:22:46,DELIVERED,CENTRAL
ORD001468,CUST00393,2025-09-14 10:37:55,CANCELLED,CENTRAL
ORD001469,CUST00827,2026-07-27 15:37:31,DELIVERED,WEST
ORD001470,CUST00003,2025-06-30 01:38:37,PLACED,CENTRAL
ORD001471,CUST00169,2026-01-05 07:17:28,DELIVERED,NORTH
ORD001472,CUST00827,2025-12-08 12:23:50,DELIVERED,EAST
ORD001473,CUST00121,2025-07-07 00:19:55,DELIVERED,WEST
ORD001474,CUST00364,2025-08-31 03:39:42,DELIVERED,NORTH
ORD001475,CUST00863,2025-06-16 03:22:23,RETURNED,EAST
ORD001476,CUST00861,2025-12-06 14:48:17,DELIVERED,EAST
ORD001477,CUST00572,2025-12-05 04:41:36,SHIPPED,EAST
ORD001478,CUST00790,2026-06-05 10:26:02,DELIVERED,CENTRAL
ORD001479,CUST00943,2025-05-29 08:12:00,SHIPPED,NORTH
ORD001480,CUST00370,2026-02-13 13:23:56,DELIVERED,EAST
ORD001481,CUST00378,2025-07-17 02:26:07,PLACED,EAST
ORD001482,,2025-08-02 13:27:57,DELIVERED,EAST
ORD001483,CUST00059,2026-03-21 10:13:31,CANCELLED,WEST
ORD001484,CUST00648,2025-12-20 00:08:04,DELIVERED,CENTRAL
ORD001485,CUST00040,15-10-2025,CANCELLED,SOUTH
ORD001486,CUST00182,2025-04-13 06:06:01,CANCELLED,NORTH
ORD001487,CUST00653,2026-07-06 22:22:26,PLACED,CENTRAL
ORD001488,CUST00874,2025-05-31 19:49:18,DELIVERED,EAST
ORD001489,CUST00869,2025-09-03 19:37:12,SHIPPED,CENTRAL
ORD001490,CUST00376,06-02-2026,DELIVERED,WEST
ORD001491,CUST00686,2025-02-17 18:08:01,CANCELLED,CENTRAL
ORD001492,CUST00274,2025-03-07 05:17:24,PLACED,CENTRAL
ORD001493,CUST00518,2025-11-14 21:00:04,DELIVERED,NORTH
ORD001494,CUST00575,2025-09-30 09:14:17,DELIVERED,NORTH
ORD001495,CUST00475,2025-03-10 11:27:28,PLACED,NORTH
ORD001496,CUST00606,2026-05-02 17:08:07,DELIVERED,NORTH
ORD001497,CUST00384,2025-12-24 13:31:45,DELIVERED,SOUTH
ORD001498,CUST00698,2026-05-14 21:39:50,CANCELLED,SOUTH
ORD001499,CUST00389,2026-07-03 07:11:24,SHIPPED,CENTRAL
ORD001500,CUST00232,2025-05-27 05:08:47,SHIPPED,EAST
ORD001501,CUST00451,2025-07-25 11:28:44,DELIVERED,EAST
ORD001502,CUST00658,2026-02-11 06:13:23,DELIVERED,SOUTH
ORD001503,,2026-03-31 13:20:49,DELIVERED,SOUTH
ORD001504,CUST00445,2025-09-27 11:05:09,DELIVERED,EAST
ORD001505,CUST00717,2026-01-27 06:51:53,DELIVERED,EAST
ORD001506,CUST00792,2025-06-13 16:08:33,DELIVERED,NORTH
ORD001507,CUST00530,2026-05-27 08:12:04,DELIVERED,WEST
ORD001508,CUST00382,2026-03-14 21:25:25,DELIVERED,NORTH
ORD001509,CUST00108,2026-05-04 22:12:36,RETURNED,SOUTH
ORD001510,CUST00343,2025-09-19 12:01:04,SHIPPED,EAST
ORD001511,CUST00479,2026-03-01 16:40:57,PLACED,CENTRAL
ORD001512,CUST00590,2026-06-24 10:23:21,DELIVERED,SOUTH
ORD001513,CUST00383,2026-04-12 18:22:09,DELIVERED,EAST
ORD001514,,2025-07-01 23:43:31,RETURNED,CENTRAL
ORD001515,CUST00437,2025-07-29 05:15:09,DELIVERED,NORTH
ORD001516,CUST00171,2025-08-22 11:16:07,RETURNED,CENTRAL
ORD001517,CUST00996,2026-03-18 04:04:07,SHIPPED,EAST
ORD001518,CUST00056,2025-03-12 05:09:10,DELIVERED,EAST
ORD001519,CUST00170,24-12-2025,SHIPPED,SOUTH
ORD001520,CUST00083,2025-05-24 09:04:30,SHIPPED,NORTH
ORD001521,CUST00158,2026-06-16 19:59:10,DELIVERED,NORTH
ORD001522,CUST00353,2025-03-19 14:31:19,DELIVERED,SOUTH
ORD001523,CUST00685,2025-10-20 06:35:00,DELIVERED,NORTH
ORD001524,CUST00326,2025-04-14 17:06:36,DELIVERED,EAST
ORD001525,CUST00748,2025-11-26 18:58:36,DELIVERED,EAST
ORD001526,CUST00759,01-04-2026,CANCELLED,SOUTH
ORD001527,CUST00378,2025-10-09 09:23:48,CANCELLED,CENTRAL
ORD001528,CUST00408,2025-03-02 00:24:37,SHIPPED,SOUTH
ORD001529,,2025-08-23 12:31:50,DELIVERED,SOUTH
ORD001530,CUST00292,2025-08-30 15:10:35,CANCELLED,NORTH
ORD001531,CUST00978,2025-11-24 13:44:43,DELIVERED,CENTRAL
ORD001532,CUST00477,2025-03-06 04:31:48,DELIVERED,WEST
ORD001533,CUST00013,2025-05-05 23:05:27,DELIVERED,WEST
ORD001534,CUST00012,2026-01-13 14:17:41,DELIVERED,WEST
ORD001535,CUST00311,2025-11-27 02:13:25,DELIVERED,CENTRAL
ORD001536,CUST00931,2025-12-16 17:38:24,DELIVERED,EAST
ORD001537,CUST00996,2025-10-11 09:31:00,SHIPPED,WEST
ORD001538,CUST00393,2026-06-09 01:40:19,PLACED,CENTRAL
ORD001539,CUST00528,2026-04-23 07:29:06,DELIVERED,NORTH
ORD001540,CUST00041,2025-04-05 09:52:59,DELIVERED,NORTH
ORD001541,CUST00703,2025-10-14 20:11:03,DELIVERED,EAST
ORD001542,CUST00025,2026-02-26 13:33:55,SHIPPED,WEST
ORD001543,,2025-09-10 03:35:21,PLACED,NORTH
ORD001544,CUST00038,2026-02-17 15:33:47,SHIPPED,NORTH
ORD001545,CUST00130,2026-07-19 12:17:57,DELIVERED,EAST
ORD001546,CUST00470,2026-06-20 03:44:27,RETURNED,CENTRAL
ORD001547,CUST00042,2025-03-01 10:44:13,PLACED,CENTRAL
ORD001548,CUST00654,2025-03-20 13:03:50,RETURNED,NORTH
ORD001549,CUST00653,2025-08-23 13:25:35,PLACED,EAST
ORD001550,CUST00761,2025-03-03 13:56:50,DELIVERED,NORTH
ORD001551,CUST00585,2025-07-22 16:56:25,DELIVERED,CENTRAL
ORD001552,CUST00250,2026-06-24 05:53:27,DELIVERED,WEST
ORD001553,CUST00958,2025-12-06 09:15:25,DELIVERED,SOUTH
ORD001554,CUST00688,2025-02-05 12:41:45,RETURNED,EAST
ORD001555,CUST00417,10-06-2025,DELIVERED,SOUTH
ORD001556,CUST00474,2026-04-11 07:39:01,DELIVERED,NORTH
ORD001557,CUST00019,2026-07-05 16:52:35,PLACED,EAST
ORD001558,CUST00624,2025-12-24 19:01:45,DELIVERED,EAST
ORD001559,CUST00488,10-03-2026,DELIVERED,EAST
ORD001560,CUST00156,2025-12-25 19:19:35,DELIVERED,CENTRAL
ORD001561,CUST00690,2025-10-30 23:16:07,PLACED,CENTRAL
ORD001562,CUST00647,2026-01-13 21:44:07,DELIVERED,SOUTH
ORD001563,CUST00543,2025-10-14 18:13:39,DELIVERED,WEST
ORD001564,CUST00031,2025-05-02 02:11:45,SHIPPED,EAST
ORD001565,CUST00426,2025-01-19 04:21:47,SHIPPED,WEST
ORD001566,CUST00385,2026-02-22 13:27:16,DELIVERED,NORTH
ORD001567,CUST00224,2025-06-14 03:00:49,DELIVERED,SOUTH
ORD001568,CUST00786,2026-07-25 11:20:23,DELIVERED,EAST
ORD001569,CUST00429,2026-04-11 10:48:08,DELIVERED,NORTH
ORD001570,CUST00704,2026-05-07 18:15:37,DELIVERED,CENTRAL
ORD001571,CUST00231,2025-11-10 18:28:17,DELIVERED,WEST
ORD001572,CUST00895,2025-05-18 23:12:01,PLACED,EAST
ORD001573,CUST00672,2025-05-14 19:21:28,PLACED,CENTRAL
ORD001574,CUST00998,2025-11-21 21:06:36,DELIVERED,CENTRAL
ORD001575,CUST00625,2026-04-27 12:09:06,PLACED,CENTRAL
ORD001576,CUST00969,2025-01-18 17:38:58,SHIPPED,CENTRAL
ORD001577,CUST00701,2025-03-12 15:44:14,PLACED,CENTRAL
ORD001578,CUST00670,2025-10-30 09:48:43,CANCELLED,SOUTH
ORD001579,CUST00741,2025-07-05 21:09:39,RETURNED,SOUTH
ORD001580,CUST00301,2025-02-20 08:11:54,SHIPPED,WEST
ORD001581,CUST00701,2026-04-14 13:22:34,SHIPPED,SOUTH
ORD001582,CUST00513,2026-05-14 04:10:33,DELIVERED,EAST
ORD001583,CUST00931,2025-05-04 16:56:39,DELIVERED,NORTH
ORD001584,,2025-01-26 02:32:10,DELIVERED,CENTRAL
ORD001585,CUST00883,2025-10-27 06:48:11,DELIVERED,EAST
ORD001586,CUST00551,2025-04-04 23:16:02,DELIVERED,CENTRAL
ORD001587,CUST00450,2026-01-09 10:54:09,PLACED,WEST
ORD001588,CUST00743,2025-01-31 23:54:37,DELIVERED,CENTRAL
ORD001589,CUST00451,2025-11-29 21:28:09,SHIPPED,EAST
ORD001590,CUST00594,2025-03-28 19:47:59,DELIVERED,EAST
ORD001591,CUST00249,2026-01-10 20:08:54,PLACED,NORTH
ORD001592,CUST00727,2026-01-17 19:39:29,DELIVERED,EAST
ORD001593,CUST00456,2025-09-14 19:58:18,DELIVERED,CENTRAL
ORD001594,CUST00037,2025-04-19 18:10:49,SHIPPED,SOUTH
ORD001595,CUST00578,2025-10-09 17:40:11,DELIVERED,SOUTH
ORD001596,CUST00313,2026-01-05 03:57:05,DELIVERED,SOUTH
ORD001597,CUST00712,2025-04-10 20:24:11,SHIPPED,WEST
ORD001598,CUST00234,2025-01-22 18:02:43,DELIVERED,SOUTH
ORD001599,CUST00266,2025-10-10 20:28:04,DELIVERED,CENTRAL
ORD001600,CUST00634,2025-05-13 08:40:29,DELIVERED,CENTRAL
ORD001601,CUST00322,2026-02-11 11:42:59,CANCELLED,WEST
ORD001602,CUST00892,2026-02-12 23:07:29,DELIVERED,WEST
ORD001603,,2025-02-20 07:04:33,DELIVERED,SOUTH
ORD001604,CUST00624,2026-07-21 01:06:17,DELIVERED,EAST
ORD001605,CUST00584,2026-05-12 01:02:55,CANCELLED,CENTRAL
ORD001606,CUST00760,2025-06-07 07:25:57,PLACED,NORTH
ORD001607,CUST00520,2025-02-22 04:39:23,RETURNED,CENTRAL
ORD001608,CUST00994,2025-02-13 11:26:45,DELIVERED,SOUTH
ORD001609,CUST00758,2025-05-22 21:29:19,DELIVERED,SOUTH
ORD001610,CUST00735,2025-12-21 05:41:14,RETURNED,EAST
ORD001611,CUST00094,2025-05-28 14:07:14,RETURNED,SOUTH
ORD001612,CUST00063,2025-06-11 08:24:21,DELIVERED,CENTRAL
ORD001613,CUST00101,2026-02-22 01:10:06,PLACED,NORTH
ORD001614,CUST00120,2025-12-10 05:34:37,SHIPPED,CENTRAL
ORD001615,CUST00613,2026-01-14 10:38:16,PLACED,WEST
ORD001616,CUST00115,2026-07-14 05:25:37,DELIVERED,SOUTH
ORD001617,CUST00651,2026-04-23 05:29:37,RETURNED,EAST
ORD001618,CUST00616,2025-07-30 07:01:08,SHIPPED,CENTRAL
ORD001619,CUST00291,2026-05-17 04:53:03,CANCELLED,SOUTH
ORD001620,CUST00695,2026-03-12 22:43:30,DELIVERED,NORTH
ORD001621,CUST00969,2025-05-22 12:05:11,DELIVERED,CENTRAL
ORD001622,CUST00168,2025-05-19 20:59:00,DELIVERED,EAST
ORD001623,CUST00883,2025-12-11 05:48:56,DELIVERED,SOUTH
ORD001624,CUST00112,2025-06-30 01:07:02,DELIVERED,EAST
ORD001625,CUST00484,2025-03-21 22:30:50,RETURNED,SOUTH
ORD001626,CUST00159,2025-09-09 11:25:30,DELIVERED,SOUTH
ORD001627,CUST00625,2026-05-30 15:35:12,RETURNED,WEST
ORD001628,CUST00808,2025-11-20 19:45:00,SHIPPED,EAST
ORD001629,CUST00877,2025-08-24 19:51:07,DELIVERED,EAST
ORD001630,CUST00323,2025-12-16 07:09:44,DELIVERED,WEST
ORD001631,,2025-11-10 20:37:04,DELIVERED,SOUTH
ORD001632,CUST00786,01-08-2025,DELIVERED,SOUTH
ORD001633,CUST00263,2025-08-17 23:24:44,PLACED,WEST
ORD001634,CUST00334,2026-03-10 11:08:40,SHIPPED,SOUTH
ORD001635,CUST00451,2025-08-01 19:02:27,SHIPPED,EAST
ORD001636,CUST00965,2026-07-15 05:20:06,RETURNED,NORTH
ORD001637,CUST00400,2026-06-19 05:32:21,DELIVERED,SOUTH
ORD001638,CUST00622,2026-04-01 05:57:49,SHIPPED,EAST
ORD001639,CUST00379,2025-12-07 07:13:48,SHIPPED,SOUTH
ORD001640,CUST00076,2025-09-10 01:58:00,DELIVERED,SOUTH
ORD001641,CUST00604,2025-08-21 03:04:21,DELIVERED,WEST
ORD001642,CUST00587,2026-03-01 13:05:08,SHIPPED,CENTRAL
ORD001643,CUST00707,2025-01-17 23:20:50,DELIVERED,EAST
ORD001644,CUST00370,2025-12-13 07:04:00,SHIPPED,EAST
ORD001645,CUST00472,2025-10-09 07:58:05,DELIVERED,EAST
ORD001646,CUST00766,2025-01-18 23:19:45,DELIVERED,WEST
ORD001647,CUST00499,2025-02-07 07:21:51,PLACED,CENTRAL
ORD001648,CUST00580,2025-12-06 14:07:39,RETURNED,EAST
ORD001649,CUST00504,2025-08-08 12:54:40,DELIVERED,NORTH
ORD001650,CUST00998,2026-03-10 15:17:30,DELIVERED,CENTRAL
ORD001651,CUST00090,2026-03-22 18:44:30,DELIVERED,SOUTH
ORD001652,CUST00786,2026-06-16 05:48:38,SHIPPED,WEST
ORD001653,CUST00757,2025-04-29 05:18:45,PLACED,CENTRAL
ORD001654,CUST00541,2026-06-22 22:44:30,RETURNED,NORTH
ORD001655,CUST00301,2025-01-05 22:26:46,DELIVERED,NORTH
ORD001656,CUST00438,2025-04-27 21:25:43,SHIPPED,EAST
ORD001657,CUST00670,2026-06-01 19:59:23,CANCELLED,EAST
ORD001658,CUST00733,2026-03-25 01:22:36,DELIVERED,SOUTH
ORD001659,CUST00104,2025-01-21 08:51:35,RETURNED,NORTH
ORD001660,CUST00554,2025-09-28 16:52:34,DELIVERED,EAST
ORD001661,CUST00674,2025-06-12 04:26:57,SHIPPED,EAST
ORD001662,CUST00942,2025-06-18 17:34:08,PLACED,WEST
ORD001663,CUST00971,19-10-2025,CANCELLED,SOUTH
ORD001664,CUST00458,2025-12-07 15:06:21,SHIPPED,WEST
ORD001665,CUST00128,2025-03-14 02:52:59,DELIVERED,CENTRAL
ORD001666,CUST00125,2025-05-07 12:21:32,SHIPPED,WEST
ORD001667,CUST00367,2025-09-04 03:03:48,SHIPPED,NORTH
ORD001668,CUST00369,2026-01-07 06:10:24,SHIPPED,WEST
ORD001669,,2025-10-23 04:15:23,DELIVERED,NORTH
ORD001670,CUST00969,2025-08-29 18:28:41,DELIVERED,EAST
ORD001671,CUST00719,2025-03-07 14:17:22,CANCELLED,WEST
ORD001672,,2025-08-02 09:04:47,CANCELLED,NORTH
ORD001673,CUST00255,2025-05-18 18:11:59,SHIPPED,SOUTH
ORD001674,CUST00482,2025-01-31 06:50:29,CANCELLED,EAST
ORD001675,CUST00425,2025-05-03 07:41:24,SHIPPED,CENTRAL
ORD001676,CUST00760,2026-06-04 08:52:17,CANCELLED,NORTH
ORD001677,CUST00031,2026-01-22 11:06:17,DELIVERED,EAST
ORD001678,CUST00272,2026-04-29 01:18:33,DELIVERED,EAST
ORD001679,,2026-01-01 10:47:56,CANCELLED,WEST
ORD001680,,2025-10-20 20:28:29,DELIVERED,SOUTH
ORD001681,CUST00016,2025-09-28 19:36:46,PLACED,NORTH
ORD001682,CUST00488,2025-12-27 17:39:52,CANCELLED,CENTRAL
ORD001683,CUST00878,2026-04-14 13:47:17,PLACED,WEST
ORD001684,CUST00925,2025-07-19 12:14:51,DELIVERED,EAST
ORD001685,CUST00685,2026-07-11 09:05:05,DELIVERED,CENTRAL
ORD001686,CUST00225,2026-02-04 19:20:16,RETURNED,SOUTH
ORD001687,CUST00762,2025-03-15 14:59:54,SHIPPED,CENTRAL
ORD001688,CUST00232,2025-07-14 16:50:26,DELIVERED,EAST
ORD001689,CUST00474,2026-06-04 03:03:56,DELIVERED,EAST
ORD001690,CUST00135,2025-09-12 17:19:10,DELIVERED,CENTRAL
ORD001691,CUST00872,2025-01-27 14:00:21,DELIVERED,NORTH
ORD001692,CUST00187,2025-01-12 02:58:35,PLACED,SOUTH
ORD001693,CUST00331,2025-01-10 02:20:13,DELIVERED,EAST
ORD001694,CUST00891,2026-03-25 07:48:55,RETURNED,WEST
ORD001695,CUST00559,2025-12-08 15:38:26,SHIPPED,CENTRAL
ORD001696,CUST00346,2025-05-25 17:14:43,CANCELLED,WEST
ORD001697,CUST00468,2026-05-31 03:50:24,CANCELLED,CENTRAL
ORD001698,CUST00801,2025-10-11 19:57:51,PLACED,CENTRAL
ORD001699,CUST00233,2025-12-22 07:10:38,SHIPPED,EAST
ORD001700,CUST00356,2025-08-27 11:27:41,DELIVERED,NORTH
ORD001701,CUST00996,2026-01-28 00:43:55,CANCELLED,CENTRAL
ORD001702,CUST00861,2026-06-13 14:49:32,PLACED,EAST
ORD001703,CUST00799,2025-04-28 21:13:12,DELIVERED,NORTH
ORD001704,CUST00372,2026-02-24 00:12:40,RETURNED,CENTRAL
ORD001705,CUST00163,2025-03-19 18:42:32,DELIVERED,CENTRAL
ORD001706,CUST00953,2026-07-11 04:48:35,RETURNED,CENTRAL
ORD001707,CUST00208,2025-08-05 06:09:02,RETURNED,WEST
ORD001708,CUST00923,2026-02-10 06:05:53,CANCELLED,WEST
ORD001709,CUST00739,22-08-2025,SHIPPED,CENTRAL
ORD001710,CUST00214,2026-07-24 16:41:40,RETURNED,NORTH
ORD001711,CUST00144,2025-04-22 16:28:08,SHIPPED,SOUTH
ORD001712,CUST00164,2026-05-17 19:53:25,DELIVERED,SOUTH
ORD001713,CUST00073,2025-06-25 18:37:55,SHIPPED,WEST
ORD001714,CUST00758,2026-04-01 02:31:18,SHIPPED,WEST
ORD001715,CUST00283,12-09-2025,SHIPPED,EAST
ORD001716,CUST00791,2026-05-04 04:56:30,SHIPPED,WEST
ORD001717,CUST00128,2026-02-25 09:48:28,DELIVERED,NORTH
ORD001718,CUST00773,2026-07-14 05:53:59,SHIPPED,NORTH
ORD001719,CUST00913,2025-07-18 09:58:38,DELIVERED,CENTRAL
ORD001720,CUST00727,2026-06-22 01:19:06,DELIVERED,EAST
ORD001721,CUST00106,2025-03-10 19:07:10,DELIVERED,CENTRAL
ORD001722,CUST00248,2026-06-01 10:49:55,DELIVERED,WEST
ORD001723,CUST00654,2025-03-23 16:53:07,SHIPPED,EAST
ORD001724,CUST00656,2026-01-30 10:31:01,DELIVERED,EAST
ORD001725,CUST00086,2025-01-11 00:57:36,CANCELLED,SOUTH
ORD001726,CUST00227,2026-04-05 02:36:45,SHIPPED,WEST
ORD001727,CUST00858,2026-03-16 07:55:21,DELIVERED,WEST
ORD001728,,2025-03-25 17:29:39,DELIVERED,NORTH
ORD001729,CUST00121,2025-07-05 08:05:35,DELIVERED,CENTRAL
ORD001730,CUST00404,2026-07-12 21:52:38,DELIVERED,WEST
ORD001731,CUST00588,2026-02-11 01:03:11,DELIVERED,WEST
ORD001732,CUST00027,2025-06-17 19:16:07,PLACED,EAST
ORD001733,CUST00943,2025-11-17 02:55:09,DELIVERED,EAST
ORD001734,CUST00700,2025-09-25 05:33:06,RETURNED,EAST
ORD001735,CUST00049,2025-09-10 01:20:58,RETURNED,EAST
ORD001736,CUST00165,2025-06-12 15:08:42,CANCELLED,EAST
ORD001737,CUST00772,2025-09-28 17:14:25,SHIPPED,WEST
ORD001738,CUST00342,2025-10-01 06:06:53,DELIVERED,SOUTH
ORD001739,CUST00314,2025-03-20 16:20:04,PLACED,WEST
ORD001740,CUST00510,2026-05-12 16:40:41,DELIVERED,EAST
ORD001741,CUST00498,2025-09-30 07:32:38,DELIVERED,EAST
ORD001742,CUST00983,2025-05-11 21:52:22,SHIPPED,CENTRAL
ORD001743,CUST00519,2026-06-28 21:12:05,SHIPPED,CENTRAL
ORD001744,CUST00408,2026-04-26 09:08:04,SHIPPED,NORTH
ORD001745,CUST00937,2026-05-31 02:45:39,SHIPPED,EAST
ORD001746,CUST00407,2025-04-14 07:54:05,SHIPPED,EAST
ORD001747,CUST00995,2025-03-05 20:32:07,SHIPPED,NORTH
ORD001748,CUST00159,2026-06-03 11:29:57,PLACED,SOUTH
ORD001749,CUST00225,2025-07-10 13:41:16,DELIVERED,SOUTH
ORD001750,CUST00304,2025-07-09 06:31:41,CANCELLED,WEST
ORD001751,CUST00425,2026-03-09 02:36:00,DELIVERED,WEST
ORD001752,CUST00532,2026-03-28 04:40:44,DELIVERED,WEST
ORD001753,CUST00724,2025-10-10 16:52:20,SHIPPED,EAST
ORD001754,CUST00948,2025-07-02 07:14:00,DELIVERED,SOUTH
ORD001755,CUST00848,2026-06-30 14:20:02,DELIVERED,SOUTH
ORD001756,CUST00940,2026-01-30 03:37:30,DELIVERED,NORTH
ORD001757,CUST00619,2025-06-26 22:57:18,DELIVERED,CENTRAL
ORD001758,CUST00230,2025-12-28 09:34:04,CANCELLED,WEST
ORD001759,CUST00510,2026-04-05 02:12:41,RETURNED,SOUTH
ORD001760,,2025-12-15 08:03:16,PLACED,EAST
ORD001761,CUST00724,2025-04-25 20:41:07,DELIVERED,EAST
ORD001762,CUST00971,20-07-2026,DELIVERED,WEST
ORD001763,CUST00966,2025-04-14 13:57:02,SHIPPED,WEST
ORD001764,CUST00714,2026-06-09 00:42:57,SHIPPED,CENTRAL
ORD001765,CUST00148,2026-02-24 03:06:29,DELIVERED,NORTH
ORD001766,CUST00055,2026-07-08 02:45:42,DELIVERED,NORTH
ORD001767,CUST00543,2025-11-18 08:08:24,DELIVERED,SOUTH
ORD001768,CUST00793,2025-05-20 07:09:18,PLACED,WEST
ORD001769,CUST00340,2025-03-11 05:03:04,DELIVERED,WEST
ORD001770,CUST00391,2026-06-25 22:07:03,CANCELLED,SOUTH
ORD001771,CUST00364,2025-05-18 19:10:47,CANCELLED,WEST
ORD001772,CUST00267,2025-11-08 19:09:20,DELIVERED,NORTH
ORD001773,CUST00770,2025-03-15 00:48:24,PLACED,CENTRAL
ORD001774,CUST00571,2025-02-15 22:33:54,PLACED,NORTH
ORD001775,CUST00542,10-01-2025,DELIVERED,NORTH
ORD001776,CUST00582,2026-03-14 13:52:45,PLACED,SOUTH
ORD001777,CUST00636,2026-01-22 23:08:47,SHIPPED,EAST
ORD001778,CUST00700,2025-05-01 03:16:46,DELIVERED,WEST
ORD001779,CUST00901,2025-05-18 20:41:27,CANCELLED,WEST
ORD001780,,2025-01-31 02:48:17,CANCELLED,NORTH
ORD001781,CUST00320,2025-08-15 08:39:59,DELIVERED,CENTRAL
ORD001782,CUST00922,2025-03-19 10:56:41,DELIVERED,CENTRAL
ORD001783,CUST00961,2025-12-20 03:36:31,DELIVERED,WEST
ORD001784,CUST00967,2025-04-01 09:30:38,PLACED,SOUTH
ORD001785,CUST00246,2026-01-17 04:34:53,DELIVERED,EAST
ORD001786,CUST00944,2026-01-09 03:44:28,RETURNED,CENTRAL
ORD001787,CUST00533,2025-03-12 15:29:44,DELIVERED,CENTRAL
ORD001788,CUST00720,2026-02-18 03:48:48,DELIVERED,SOUTH
ORD001789,CUST00139,2025-12-14 21:32:46,SHIPPED,WEST
ORD001790,CUST00387,2025-03-05 23:50:24,DELIVERED,EAST
ORD001791,CUST00625,2025-10-29 23:55:07,RETURNED,EAST
ORD001792,CUST00716,2025-02-12 19:25:41,PLACED,NORTH
ORD001793,CUST00602,2026-03-20 17:20:10,DELIVERED,NORTH
ORD001794,CUST00049,2025-08-24 07:19:16,DELIVERED,CENTRAL
ORD001795,CUST00846,2026-06-16 09:46:00,DELIVERED,CENTRAL
ORD001796,CUST00521,2025-10-16 00:39:32,PLACED,SOUTH
ORD001797,CUST00973,2025-05-25 05:47:57,DELIVERED,NORTH
ORD001798,CUST00508,2025-06-10 13:51:21,DELIVERED,NORTH
ORD001799,CUST00211,2026-06-20 11:09:07,SHIPPED,SOUTH
ORD001800,CUST00938,2025-09-14 21:38:23,RETURNED,SOUTH
ORD001801,CUST00858,2025-11-09 05:03:14,SHIPPED,SOUTH
ORD001802,CUST00265,2025-11-25 10:19:12,DELIVERED,EAST
ORD001803,CUST00900,2026-05-23 11:04:20,SHIPPED,NORTH
ORD001804,CUST00424,2025-10-20 22:14:44,RETURNED,WEST
ORD001805,CUST00011,2026-05-02 15:29:52,PLACED,WEST
ORD001806,CUST00707,2025-06-23 04:32:51,SHIPPED,SOUTH
ORD001807,CUST00501,2025-02-21 15:39:20,DELIVERED,EAST
ORD001808,CUST00733,2026-06-24 20:05:51,DELIVERED,EAST
ORD001809,CUST00268,2025-03-26 06:26:18,DELIVERED,SOUTH
ORD001810,CUST00569,2026-01-22 18:46:54,DELIVERED,NORTH
ORD001811,CUST00112,2025-03-28 12:46:12,CANCELLED,SOUTH
ORD001812,CUST00711,2025-02-22 08:26:02,DELIVERED,WEST
ORD001813,CUST00453,2026-04-09 16:54:50,DELIVERED,CENTRAL
ORD001814,CUST00194,2025-06-13 10:43:29,PLACED,NORTH
ORD001815,CUST00350,2025-07-14 19:17:28,DELIVERED,SOUTH
ORD001816,CUST00058,2025-10-31 22:34:54,RETURNED,CENTRAL
ORD001817,CUST00189,2026-05-03 04:06:34,DELIVERED,WEST
ORD001818,,2025-12-09 04:05:01,SHIPPED,CENTRAL
ORD001819,CUST00165,2025-04-22 08:29:18,DELIVERED,NORTH
ORD001820,CUST00420,2026-02-07 09:06:06,DELIVERED,SOUTH
ORD001821,CUST00330,2025-10-15 16:14:14,RETURNED,SOUTH
ORD001822,,2025-01-03 15:46:16,CANCELLED,CENTRAL
ORD001823,CUST00230,2026-05-04 00:06:39,DELIVERED,NORTH
ORD001824,CUST00933,2026-01-06 01:15:57,DELIVERED,EAST
ORD001825,CUST00397,2025-12-16 06:28:43,SHIPPED,WEST
ORD001826,CUST00354,2026-05-10 12:54:10,RETURNED,SOUTH
ORD001827,CUST00901,2025-10-07 17:24:20,SHIPPED,SOUTH
ORD001828,CUST00398,2025-07-19 18:45:34,DELIVERED,NORTH
ORD001829,CUST00308,2025-04-22 20:03:07,DELIVERED,CENTRAL
ORD001830,CUST00412,2025-04-08 02:37:13,DELIVERED,WEST
ORD001831,CUST00428,2025-12-24 17:51:43,DELIVERED,WEST
ORD001832,CUST00346,2025-09-11 05:17:06,SHIPPED,CENTRAL
ORD001833,CUST00223,2026-07-08 11:38:16,SHIPPED,CENTRAL
ORD001834,CUST00475,2026-03-02 19:17:29,DELIVERED,EAST
ORD001835,CUST00219,2025-11-02 02:52:25,SHIPPED,WEST
ORD001836,CUST00853,2026-04-30 08:40:25,SHIPPED,EAST
ORD001837,CUST00161,2026-05-28 08:47:40,DELIVERED,SOUTH
ORD001838,CUST00025,2026-06-24 00:31:52,DELIVERED,SOUTH
ORD001839,CUST00764,2026-06-13 15:51:57,SHIPPED,WEST
ORD001840,CUST00821,2025-06-03 15:26:27,DELIVERED,SOUTH
ORD001841,CUST00134,2026-01-14 00:27:56,RETURNED,CENTRAL
ORD001842,CUST00644,2025-01-28 10:04:12,DELIVERED,NORTH
ORD001843,,2025-02-10 23:22:54,PLACED,EAST
ORD001844,CUST00155,2025-06-15 10:49:43,PLACED,CENTRAL
ORD001845,CUST00598,2025-12-13 21:32:41,DELIVERED,EAST
ORD001846,CUST00822,2026-03-13 10:20:35,CANCELLED,SOUTH
ORD001847,CUST00546,2026-04-26 05:44:25,DELIVERED,WEST
ORD001848,CUST00288,2026-06-20 21:51:20,SHIPPED,NORTH
ORD001849,CUST00151,2025-12-12 13:36:34,PLACED,WEST
ORD001850,CUST00489,2025-05-13 09:33:59,DELIVERED,EAST
ORD001851,CUST00599,2026-03-21 05:10:47,CANCELLED,WEST
ORD001852,CUST00581,2025-09-25 01:26:01,RETURNED,EAST
ORD001853,CUST00139,2026-04-30 16:46:58,DELIVERED,SOUTH
ORD001854,CUST00958,2026-06-04 13:16:18,DELIVERED,EAST
ORD001855,CUST00972,2025-03-06 12:35:14,RETURNED,WEST
ORD001856,,2026-04-04 12:24:48,SHIPPED,EAST
ORD001857,CUST00287,2026-02-09 05:32:53,PLACED,EAST
ORD001858,CUST00054,2026-05-20 09:47:19,DELIVERED,WEST
ORD001859,CUST00346,2025-02-01 10:08:58,RETURNED,WEST
ORD001860,CUST00341,2026-03-05 04:29:39,CANCELLED,CENTRAL
ORD001861,,22-03-2026,DELIVERED,WEST
ORD001862,CUST00037,2026-06-25 01:06:46,DELIVERED,EAST
ORD001863,CUST00525,2025-11-26 17:31:07,DELIVERED,EAST
ORD001864,CUST00566,2025-05-30 19:58:50,SHIPPED,WEST
ORD001865,CUST00087,2026-06-02 11:17:21,CANCELLED,NORTH
ORD001866,,2025-04-10 19:53:42,SHIPPED,NORTH
ORD001867,CUST00067,2025-04-30 14:52:56,SHIPPED,NORTH
ORD001868,CUST00010,16-07-2026,CANCELLED,CENTRAL
ORD001869,CUST00597,2026-05-02 07:50:29,RETURNED,EAST
ORD001870,CUST00109,2026-04-21 19:02:33,DELIVERED,SOUTH
ORD001871,CUST00949,2025-03-05 00:51:00,DELIVERED,NORTH
ORD001872,,2026-06-17 12:31:44,PLACED,NORTH
ORD001873,CUST00641,2026-02-16 03:29:28,CANCELLED,WEST
ORD001874,CUST00191,2025-12-31 10:43:00,DELIVERED,NORTH
ORD001875,CUST00520,2025-01-05 21:41:24,RETURNED,EAST
ORD001876,CUST00556,2026-03-23 22:52:07,DELIVERED,NORTH
ORD001877,CUST00869,2025-09-07 15:25:54,SHIPPED,WEST
ORD001878,CUST00607,2025-08-19 11:15:08,DELIVERED,EAST
ORD001879,CUST00257,2025-09-25 18:46:27,DELIVERED,EAST
ORD001880,CUST00166,2025-02-20 05:13:32,DELIVERED,NORTH
ORD001881,CUST00838,2025-12-01 01:32:52,DELIVERED,WEST
ORD001882,,2026-06-08 21:36:44,DELIVERED,EAST
ORD001883,CUST00621,2026-06-11 18:28:52,DELIVERED,EAST
ORD001884,CUST00761,2026-01-09 04:12:53,DELIVERED,WEST
ORD001885,CUST00763,2025-05-28 19:10:13,SHIPPED,EAST
ORD001886,CUST00902,2025-12-25 13:35:50,DELIVERED,WEST
ORD001887,CUST00921,2025-12-27 16:54:18,SHIPPED,WEST
ORD001888,CUST00026,2025-04-19 07:12:04,DELIVERED,SOUTH
ORD001889,CUST00015,2025-12-04 09:27:13,DELIVERED,SOUTH
ORD001890,CUST00969,2025-05-23 20:19:25,PLACED,WEST
ORD001891,CUST00346,03-06-2025,DELIVERED,EAST
ORD001892,CUST00875,2026-03-03 16:13:40,SHIPPED,CENTRAL
ORD001893,CUST00444,2025-12-04 22:59:34,SHIPPED,NORTH
ORD001894,CUST00109,2025-02-21 23:13:10,DELIVERED,CENTRAL
ORD001895,CUST00241,2026-02-07 22:26:15,CANCELLED,WEST
ORD001896,CUST00980,2025-08-28 05:40:45,DELIVERED,EAST
ORD001897,CUST00440,2026-04-21 01:32:57,SHIPPED,EAST
ORD001898,CUST00383,2026-06-19 18:50:25,DELIVERED,WEST
ORD001899,CUST00458,2025-10-15 09:27:31,SHIPPED,EAST
ORD001900,CUST00932,2025-08-31 18:06:45,RETURNED,WEST
ORD001901,CUST00569,2025-09-22 16:10:37,DELIVERED,SOUTH
ORD001902,CUST00989,2025-09-07 23:23:50,DELIVERED,SOUTH
ORD001903,CUST00625,2025-07-04 02:20:00,SHIPPED,CENTRAL
ORD001904,CUST00020,2025-09-01 11:19:07,PLACED,SOUTH
ORD001905,CUST00084,2026-02-16 01:39:57,DELIVERED,EAST
ORD001906,CUST00399,2025-05-31 01:10:05,SHIPPED,SOUTH
ORD001907,CUST00797,2025-02-15 20:14:09,SHIPPED,NORTH
ORD001908,CUST00845,2026-04-28 01:48:05,SHIPPED,EAST
ORD001909,CUST00497,2025-09-02 00:31:16,DELIVERED,SOUTH
ORD001910,CUST00612,2026-04-15 23:32:06,DELIVERED,SOUTH
ORD001911,CUST00517,2025-08-08 09:21:58,DELIVERED,NORTH
ORD001912,CUST00210,2025-04-22 21:27:56,PLACED,WEST
ORD001913,CUST00477,2025-04-25 15:44:17,DELIVERED,SOUTH
ORD001914,CUST00777,2025-09-01 23:00:22,SHIPPED,EAST
ORD001915,CUST00622,2025-12-19 02:44:55,DELIVERED,EAST
ORD001916,CUST00127,2025-02-10 17:14:40,DELIVERED,EAST
ORD001917,CUST00852,2026-07-14 15:07:00,PLACED,WEST
ORD001918,CUST00406,2025-05-19 06:07:52,CANCELLED,NORTH
ORD001919,CUST00332,2026-03-16 07:51:46,PLACED,CENTRAL
ORD001920,CUST00735,2026-07-09 07:39:48,PLACED,NORTH
ORD001921,CUST00105,2026-02-11 01:20:11,DELIVERED,NORTH
ORD001922,CUST00996,2025-10-05 08:28:22,DELIVERED,NORTH
ORD001923,CUST00559,2025-02-18 06:34:06,DELIVERED,WEST
ORD001924,CUST00562,2025-03-11 11:54:39,DELIVERED,NORTH
ORD001925,CUST00890,2025-07-22 12:49:11,PLACED,CENTRAL
ORD001926,,2026-05-15 08:34:20,SHIPPED,NORTH
ORD001927,,2025-06-30 17:12:07,RETURNED,SOUTH
ORD001928,CUST00331,2025-10-28 23:59:40,DELIVERED,NORTH
ORD001929,CUST00297,18-01-2026,DELIVERED,WEST
ORD001930,CUST00042,2025-06-05 10:35:21,SHIPPED,CENTRAL
ORD001931,CUST00358,2026-06-30 02:57:05,CANCELLED,CENTRAL
ORD001932,CUST00169,2025-11-05 11:59:58,DELIVERED,CENTRAL
ORD001933,CUST00570,2025-10-18 17:28:06,SHIPPED,SOUTH
ORD001934,CUST00263,2025-09-17 19:15:58,CANCELLED,WEST
ORD001935,CUST00293,17-12-2025,DELIVERED,CENTRAL
ORD001936,CUST00210,2025-05-24 13:31:08,DELIVERED,NORTH
ORD001937,CUST00896,2025-06-09 16:20:54,DELIVERED,EAST
ORD001938,CUST00691,2025-06-16 11:37:56,CANCELLED,EAST
ORD001939,CUST00664,2026-05-02 07:40:43,CANCELLED,EAST
ORD001940,CUST00025,29-08-2025,CANCELLED,EAST
ORD001941,CUST00970,2026-07-14 04:41:36,DELIVERED,WEST
ORD001942,CUST00170,2026-01-17 21:37:17,DELIVERED,SOUTH
ORD001943,CUST00110,2025-01-01 05:02:48,DELIVERED,NORTH
ORD001944,CUST00953,2025-01-01 00:10:36,DELIVERED,CENTRAL
ORD001945,CUST00100,2025-02-11 14:01:03,DELIVERED,WEST
ORD001946,CUST00382,2025-03-01 02:35:51,DELIVERED,EAST
ORD001947,CUST00921,2025-04-04 06:23:18,SHIPPED,SOUTH
ORD001948,CUST00652,2026-06-14 14:12:23,CANCELLED,WEST
ORD001949,CUST00116,2025-03-08 20:55:55,DELIVERED,CENTRAL
ORD001950,CUST00280,29-07-2025,DELIVERED,NORTH
ORD001951,CUST00157,2025-06-17 08:45:21,DELIVERED,NORTH
ORD001952,,2025-12-02 22:09:06,DELIVERED,NORTH
ORD001953,CUST00046,2026-05-26 00:05:53,DELIVERED,EAST
ORD001954,CUST00737,2026-01-08 04:23:53,SHIPPED,EAST
ORD001955,CUST00193,2025-07-02 09:20:02,CANCELLED,NORTH
ORD001956,CUST00856,2025-12-05 03:24:34,DELIVERED,SOUTH
ORD001957,CUST00761,2025-02-06 17:38:02,PLACED,EAST
ORD001958,CUST00484,2026-02-27 23:54:26,DELIVERED,EAST
ORD001959,CUST00554,2025-04-24 03:57:52,DELIVERED,WEST
ORD001960,CUST00412,2025-10-17 00:37:53,DELIVERED,EAST
ORD001961,CUST00689,2026-01-20 02:20:49,DELIVERED,WEST
ORD001962,CUST00260,2025-04-17 21:49:24,DELIVERED,WEST
ORD001963,CUST00553,2026-06-13 10:24:48,PLACED,CENTRAL
ORD001964,CUST00641,2025-04-23 15:56:13,DELIVERED,SOUTH
ORD001965,CUST00588,2025-04-19 08:51:55,DELIVERED,WEST
ORD001966,CUST00430,2025-03-28 21:35:36,DELIVERED,CENTRAL
ORD001967,CUST00005,2025-07-17 20:16:19,DELIVERED,SOUTH
ORD001968,CUST00701,2026-07-06 06:45:15,DELIVERED,EAST
ORD001969,CUST00817,2025-10-17 23:13:43,DELIVERED,WEST
ORD001970,CUST00360,2025-11-13 21:38:32,RETURNED,SOUTH
ORD001971,CUST00465,2025-05-01 22:28:49,CANCELLED,SOUTH
ORD001972,CUST00915,2026-01-27 20:46:05,DELIVERED,NORTH
ORD001973,CUST00314,2025-07-07 20:06:01,DELIVERED,SOUTH
ORD001974,CUST00099,29-05-2025,PLACED,NORTH
ORD001975,CUST00848,2026-06-13 13:05:41,SHIPPED,NORTH
ORD001976,CUST00367,2026-05-29 20:50:21,DELIVERED,EAST
ORD001977,CUST00384,2025-06-11 21:45:35,DELIVERED,WEST
ORD001978,CUST00608,2025-02-02 12:36:15,RETURNED,WEST
ORD001979,CUST00032,2025-07-18 16:07:31,CANCELLED,WEST
ORD001980,CUST00789,2025-03-18 02:58:46,DELIVERED,EAST
ORD001981,CUST00702,2026-01-16 20:00:43,DELIVERED,WEST
ORD001982,CUST00089,2026-01-04 20:15:06,PLACED,SOUTH
ORD001983,CUST00733,2026-05-06 08:15:46,DELIVERED,EAST
ORD001984,CUST00481,2025-01-27 16:11:02,DELIVERED,WEST
ORD001985,CUST00421,15-03-2025,SHIPPED,NORTH
ORD001986,CUST00456,2025-02-23 16:06:36,DELIVERED,CENTRAL
ORD001987,CUST00948,2026-02-21 01:28:50,PLACED,CENTRAL
ORD001988,CUST00530,2026-01-17 10:44:56,DELIVERED,SOUTH
ORD001989,,2026-04-12 21:41:43,SHIPPED,SOUTH
ORD001990,CUST00079,2025-06-04 15:55:23,SHIPPED,WEST
ORD001991,CUST00827,2026-05-23 21:02:55,DELIVERED,NORTH
ORD001992,CUST00229,2025-09-22 03:22:18,DELIVERED,WEST
ORD001993,CUST00456,2026-06-29 07:29:11,SHIPPED,SOUTH
ORD001994,CUST00759,2026-04-16 01:51:25,DELIVERED,EAST
ORD001995,CUST00441,2025-01-16 22:50:55,CANCELLED,EAST
ORD001996,CUST00109,2025-11-22 03:43:40,SHIPPED,CENTRAL
ORD001997,CUST00069,2025-02-20 14:57:23,CANCELLED,EAST
ORD001998,CUST00520,2025-07-08 22:10:20,CANCELLED,NORTH
ORD001999,,2025-03-09 02:11:37,DELIVERED,WEST
ORD002000,CUST00560,2025-10-17 23:07:50,DELIVERED,SOUTH
ORD002001,CUST00119,2026-03-11 16:56:28,SHIPPED,EAST
ORD002002,CUST00719,31-10-2025,PLACED,NORTH
ORD002003,CUST00682,2025-07-26 12:30:09,PLACED,SOUTH
ORD002004,CUST00250,2026-01-09 03:06:11,SHIPPED,WEST
ORD002005,CUST00220,2025-03-18 22:22:12,DELIVERED,CENTRAL
ORD002006,CUST00073,2025-04-24 11:43:56,CANCELLED,SOUTH
ORD002007,CUST00070,2026-01-07 00:45:25,RETURNED,CENTRAL
ORD002008,CUST00642,2025-11-18 04:21:33,DELIVERED,SOUTH
ORD002009,CUST00417,2025-02-16 08:23:08,PLACED,EAST
ORD002010,CUST00029,2025-05-30 14:25:49,RETURNED,WEST
ORD002011,CUST00857,2025-06-24 13:06:14,SHIPPED,CENTRAL
ORD002012,CUST00522,2025-11-12 18:18:09,DELIVERED,SOUTH
ORD002013,CUST00534,2025-08-12 09:46:06,PLACED,CENTRAL
ORD002014,,2025-02-21 12:33:17,DELIVERED,SOUTH
ORD002015,CUST00041,2025-10-15 00:22:23,SHIPPED,EAST
ORD002016,CUST00549,2026-04-16 03:31:58,DELIVERED,WEST
ORD002017,CUST00396,2026-06-19 17:40:10,DELIVERED,CENTRAL
ORD002018,CUST00805,2026-03-22 19:54:50,DELIVERED,WEST
ORD002019,CUST00546,2026-02-06 13:32:00,PLACED,EAST
ORD002020,CUST00896,2025-08-13 10:21:42,SHIPPED,EAST
ORD002021,CUST00580,2025-05-29 13:28:02,DELIVERED,EAST
ORD002022,CUST00422,2025-08-05 08:01:44,DELIVERED,SOUTH
ORD002023,CUST00912,2025-04-19 04:19:26,DELIVERED,SOUTH
ORD002024,CUST00371,2026-07-08 12:13:08,DELIVERED,WEST
ORD002025,CUST00178,2025-04-02 00:58:01,CANCELLED,SOUTH
ORD002026,CUST00809,2026-05-08 00:15:23,SHIPPED,WEST
ORD002027,CUST00402,2026-01-12 04:48:49,RETURNED,WEST
ORD002028,CUST00150,2025-07-17 20:25:53,SHIPPED,WEST
ORD002029,CUST00403,2025-01-03 12:54:09,CANCELLED,EAST
ORD002030,CUST00466,2026-03-04 16:45:05,SHIPPED,CENTRAL
ORD002031,CUST00273,2025-02-09 14:34:44,DELIVERED,WEST
ORD002032,CUST00488,2025-12-06 13:28:51,SHIPPED,SOUTH
ORD002033,CUST00779,2025-02-12 07:59:37,PLACED,NORTH
ORD002034,CUST00275,2025-04-09 23:19:13,RETURNED,WEST
ORD002035,CUST00913,2026-05-28 20:49:38,PLACED,EAST
ORD002036,CUST00737,2025-08-04 06:53:39,SHIPPED,SOUTH
ORD002037,CUST00585,2025-07-27 04:18:54,DELIVERED,SOUTH
ORD002038,CUST00567,2026-03-30 16:47:10,SHIPPED,WEST
ORD002039,CUST00632,2025-01-14 13:06:56,PLACED,CENTRAL
ORD002040,CUST00277,2026-01-13 16:29:20,SHIPPED,WEST
ORD002041,CUST00471,2026-04-19 11:54:07,SHIPPED,SOUTH
ORD002042,CUST00004,2025-07-05 11:00:33,DELIVERED,CENTRAL
ORD002043,CUST00457,2025-06-15 17:50:13,CANCELLED,WEST
ORD002044,CUST00454,2025-04-27 19:23:22,DELIVERED,CENTRAL
ORD002045,CUST00024,2026-02-25 09:54:13,SHIPPED,WEST
ORD002046,CUST00897,2026-02-11 22:51:48,PLACED,CENTRAL
ORD002047,CUST00859,2025-12-10 11:00:33,DELIVERED,NORTH
ORD002048,CUST00716,2026-06-15 17:14:00,DELIVERED,SOUTH
ORD002049,CUST00362,2025-11-11 15:39:14,DELIVERED,SOUTH
ORD002050,CUST00899,2025-12-31 20:05:07,DELIVERED,CENTRAL
ORD002051,CUST00715,2025-02-20 06:00:05,CANCELLED,WEST
ORD002052,CUST00369,23-10-2025,DELIVERED,WEST
ORD002053,CUST00092,2025-12-06 17:01:30,SHIPPED,EAST
ORD002054,CUST00267,2026-01-07 16:27:35,SHIPPED,CENTRAL
ORD002055,CUST00614,2026-02-17 09:22:29,CANCELLED,WEST
ORD002056,CUST00779,2025-06-27 13:02:36,RETURNED,NORTH
ORD002057,CUST00567,2025-02-08 21:16:50,DELIVERED,EAST
ORD002058,CUST00301,2025-04-21 00:14:59,SHIPPED,SOUTH
ORD002059,CUST00320,2025-05-10 10:11:09,SHIPPED,NORTH
ORD002060,CUST00587,2026-05-24 11:02:12,CANCELLED,SOUTH
ORD002061,CUST00482,2025-11-25 18:12:46,SHIPPED,SOUTH
ORD002062,CUST00079,2025-02-22 08:05:36,SHIPPED,SOUTH
ORD002063,CUST00798,2025-12-26 06:19:01,DELIVERED,SOUTH
ORD002064,CUST00955,2025-05-26 02:19:46,PLACED,SOUTH
ORD002065,CUST00526,2025-01-17 02:12:38,CANCELLED,WEST
ORD002066,CUST00050,2025-12-31 08:02:26,SHIPPED,CENTRAL
ORD002067,CUST00588,2025-08-05 22:06:05,DELIVERED,NORTH
ORD002068,CUST00166,2026-05-13 05:00:07,PLACED,WEST
ORD002069,CUST00295,2025-12-24 21:25:32,DELIVERED,WEST
ORD002070,CUST00744,2025-11-10 17:12:46,DELIVERED,CENTRAL
ORD002071,CUST00621,2026-03-25 12:51:21,DELIVERED,EAST
ORD002072,CUST00418,2025-05-10 15:09:29,DELIVERED,NORTH
ORD002073,CUST00615,2025-10-13 10:43:12,SHIPPED,WEST
ORD002074,CUST00307,18-10-2025,DELIVERED,NORTH
ORD002075,CUST00794,2026-05-11 21:38:20,DELIVERED,CENTRAL
ORD002076,CUST00768,2025-04-19 14:54:06,DELIVERED,SOUTH
ORD002077,CUST00923,2025-06-26 08:55:09,SHIPPED,WEST
ORD002078,CUST00477,2025-10-16 14:30:47,DELIVERED,WEST
ORD002079,CUST00252,2025-04-24 01:00:54,RETURNED,EAST
ORD002080,CUST00359,2025-12-28 05:53:42,CANCELLED,WEST
ORD002081,CUST00302,2025-10-03 13:28:25,DELIVERED,NORTH
ORD002082,CUST00890,2026-01-08 09:45:16,DELIVERED,EAST
ORD002083,CUST00170,2025-01-09 14:06:07,SHIPPED,CENTRAL
ORD002084,CUST00026,2026-01-31 17:53:36,DELIVERED,NORTH
ORD002085,CUST00343,2026-04-22 01:46:10,DELIVERED,EAST
ORD002086,CUST00821,2026-02-06 13:31:56,CANCELLED,WEST
ORD002087,CUST00527,2025-01-29 01:59:42,DELIVERED,CENTRAL
ORD002088,CUST00992,2025-04-30 02:16:42,DELIVERED,WEST
ORD002089,CUST00651,2025-07-27 11:12:50,DELIVERED,SOUTH
ORD002090,CUST00394,2025-08-03 04:32:08,PLACED,EAST
ORD002091,,2025-04-14 06:13:08,DELIVERED,WEST
ORD002092,CUST00905,2025-04-28 18:53:41,DELIVERED,SOUTH
ORD002093,,2025-02-21 10:35:03,PLACED,WEST
ORD002094,CUST00225,2025-12-30 17:52:04,SHIPPED,WEST
ORD002095,CUST00686,2025-12-23 23:40:55,DELIVERED,EAST
ORD002096,CUST00979,2025-07-20 11:01:21,DELIVERED,EAST
ORD002097,CUST00335,2026-02-14 02:34:13,DELIVERED,CENTRAL
ORD002098,CUST00286,2026-04-07 06:10:20,SHIPPED,NORTH
ORD002099,CUST00279,2025-09-12 21:13:36,DELIVERED,WEST
ORD002100,CUST00606,2025-08-22 06:47:23,SHIPPED,SOUTH
ORD002101,CUST00865,2025-06-20 01:34:17,SHIPPED,SOUTH
ORD002102,CUST00715,2026-02-26 03:30:48,DELIVERED,WEST
ORD002103,CUST00340,2025-08-21 07:20:23,SHIPPED,WEST
ORD002104,CUST00679,2025-02-21 12:18:19,RETURNED,NORTH
ORD002105,CUST00835,2025-12-02 16:11:24,DELIVERED,NORTH
ORD002106,CUST00380,2025-04-02 19:53:59,DELIVERED,WEST
ORD002107,CUST00406,2026-04-03 01:00:14,DELIVERED,SOUTH
ORD002108,CUST00626,2025-05-09 01:51:17,DELIVERED,CENTRAL
ORD002109,CUST00085,2025-03-20 04:26:07,DELIVERED,NORTH
ORD002110,CUST00439,2026-01-18 15:37:59,RETURNED,SOUTH
ORD002111,CUST00003,2026-01-01 23:57:23,SHIPPED,EAST
ORD002112,CUST00941,2026-06-28 16:39:16,DELIVERED,NORTH
ORD002113,CUST00318,2025-09-14 10:17:17,RETURNED,NORTH
ORD002114,CUST00630,2025-01-01 03:58:21,SHIPPED,SOUTH
ORD002115,CUST00844,2026-01-16 20:58:28,DELIVERED,CENTRAL
ORD002116,CUST00074,2026-04-21 22:14:41,PLACED,CENTRAL
ORD002117,CUST00162,2026-05-15 19:02:19,DELIVERED,WEST
ORD002118,CUST00706,2025-08-09 08:29:45,CANCELLED,SOUTH
ORD002119,CUST00830,2025-12-18 11:22:08,DELIVERED,EAST
ORD002120,CUST00835,2025-11-08 12:56:04,RETURNED,EAST
ORD002121,CUST00216,2025-07-06 22:37:27,DELIVERED,NORTH
ORD002122,CUST00602,2025-04-02 10:25:30,RETURNED,SOUTH
ORD002123,CUST00076,2025-08-08 09:43:13,DELIVERED,CENTRAL
ORD002124,CUST00494,2025-12-05 03:13:46,RETURNED,CENTRAL
ORD002125,CUST00310,2026-07-05 18:46:58,DELIVERED,NORTH
ORD002126,CUST00401,2025-05-29 17:36:22,PLACED,EAST
ORD002127,CUST00833,2026-01-22 12:15:06,RETURNED,EAST
ORD002128,CUST00836,2025-09-11 22:00:36,DELIVERED,EAST
ORD002129,CUST00770,2026-03-17 01:36:24,SHIPPED,SOUTH
ORD002130,CUST00426,2025-03-14 09:40:42,RETURNED,SOUTH
ORD002131,,2025-04-20 00:08:44,DELIVERED,EAST
ORD002132,CUST00739,2025-05-21 05:00:17,DELIVERED,EAST
ORD002133,CUST00820,2026-04-23 14:08:12,PLACED,WEST
ORD002134,CUST00993,2026-01-25 04:45:01,SHIPPED,CENTRAL
ORD002135,CUST00401,2026-02-15 16:20:15,DELIVERED,CENTRAL
ORD002136,CUST00789,2026-07-22 23:52:51,DELIVERED,CENTRAL
ORD002137,CUST00552,2025-12-21 12:35:26,DELIVERED,WEST
ORD002138,CUST00989,2025-02-18 18:38:53,CANCELLED,WEST
ORD002139,CUST00624,2026-03-21 04:56:41,DELIVERED,CENTRAL
ORD002140,CUST00272,2025-08-22 05:40:17,CANCELLED,SOUTH
ORD002141,CUST00594,2025-07-17 09:32:55,PLACED,SOUTH
ORD002142,,2025-12-15 22:37:32,PLACED,NORTH
ORD002143,CUST00822,2025-08-01 12:55:14,CANCELLED,WEST
ORD002144,,2026-07-24 03:27:06,DELIVERED,EAST
ORD002145,CUST00680,2025-02-09 18:21:24,DELIVERED,CENTRAL
ORD002146,CUST00295,2025-04-01 00:00:15,RETURNED,WEST
ORD002147,CUST00337,2025-05-18 15:55:54,SHIPPED,WEST
ORD002148,CUST00663,2025-07-10 18:14:49,PLACED,SOUTH
ORD002149,CUST00749,2025-07-20 13:04:13,SHIPPED,EAST
ORD002150,CUST00928,2025-11-28 05:35:34,SHIPPED,NORTH
ORD002151,CUST00296,2025-08-29 09:21:24,DELIVERED,NORTH
ORD002152,CUST00160,2025-04-05 07:49:19,PLACED,SOUTH
ORD002153,CUST00789,2025-07-29 18:07:02,SHIPPED,WEST
ORD002154,CUST00513,2026-02-20 05:30:54,SHIPPED,CENTRAL
ORD002155,CUST00086,2025-10-04 17:09:00,DELIVERED,WEST
ORD002156,CUST00559,2025-07-14 09:28:52,RETURNED,CENTRAL
ORD002157,CUST00813,2025-03-09 03:03:49,SHIPPED,EAST
ORD002158,CUST00835,2026-06-20 13:46:01,DELIVERED,EAST
ORD002159,,2025-10-30 08:40:18,DELIVERED,CENTRAL
ORD002160,CUST00413,2025-06-14 22:40:37,DELIVERED,WEST
ORD002161,CUST00766,2026-06-26 15:38:01,RETURNED,SOUTH
ORD002162,CUST00957,2026-01-19 23:49:16,DELIVERED,EAST
ORD002163,CUST00204,2025-02-02 14:16:38,SHIPPED,CENTRAL
ORD002164,CUST00681,2025-10-17 08:36:01,DELIVERED,NORTH
ORD002165,CUST00883,2025-12-26 23:55:02,CANCELLED,CENTRAL
ORD002166,CUST00785,2025-04-01 11:36:12,DELIVERED,CENTRAL
ORD002167,CUST00744,2025-09-22 15:10:13,CANCELLED,EAST
ORD002168,CUST00550,2025-11-27 14:30:57,CANCELLED,NORTH
ORD002169,CUST00681,2025-04-17 08:21:50,CANCELLED,SOUTH
ORD002170,CUST00871,2025-11-17 00:47:33,RETURNED,EAST
ORD002171,CUST00316,2026-07-28 17:01:52,PLACED,EAST
ORD002172,CUST00729,2025-03-14 07:04:01,RETURNED,CENTRAL
ORD002173,CUST00103,2025-10-09 14:05:21,RETURNED,EAST
ORD002174,CUST00127,2025-05-22 20:15:50,DELIVERED,NORTH
ORD002175,CUST00284,2025-08-30 22:34:00,DELIVERED,CENTRAL
ORD002176,CUST00082,2026-07-08 15:48:49,DELIVERED,CENTRAL
ORD002177,CUST00566,2026-05-27 00:08:22,CANCELLED,NORTH
ORD002178,CUST00900,2025-11-23 08:33:29,DELIVERED,NORTH
ORD002179,CUST00097,02-04-2026,CANCELLED,NORTH
ORD002180,CUST00370,2025-11-12 08:10:39,SHIPPED,CENTRAL
ORD002181,CUST00917,2025-07-12 07:08:48,SHIPPED,CENTRAL
ORD002182,CUST00107,2026-05-05 23:41:20,DELIVERED,SOUTH
ORD002183,CUST00981,2026-06-15 01:45:18,RETURNED,NORTH
ORD002184,CUST00897,2025-08-01 06:56:59,DELIVERED,SOUTH
ORD002185,CUST00244,2025-02-16 02:46:04,DELIVERED,WEST
ORD002186,CUST00541,2025-08-16 08:26:27,DELIVERED,CENTRAL
ORD002187,CUST00593,2025-08-12 10:25:20,DELIVERED,NORTH
ORD002188,CUST00262,2026-05-19 13:53:20,PLACED,NORTH
ORD002189,CUST00196,2025-07-16 11:04:21,DELIVERED,CENTRAL
ORD002190,CUST00688,2025-07-13 05:35:52,PLACED,SOUTH
ORD002191,CUST00749,2025-02-26 01:53:29,SHIPPED,SOUTH
ORD002192,CUST00116,23-03-2026,SHIPPED,NORTH
ORD002193,CUST00015,2025-11-18 01:30:40,SHIPPED,SOUTH
ORD002194,CUST00664,2025-04-06 17:26:15,DELIVERED,WEST
ORD002195,CUST00532,2026-06-13 09:58:55,DELIVERED,SOUTH
ORD002196,CUST00362,2025-05-27 00:35:12,CANCELLED,SOUTH
ORD002197,CUST00972,2025-08-01 17:49:06,SHIPPED,WEST
ORD002198,CUST00063,2025-02-16 06:52:52,DELIVERED,SOUTH
ORD002199,CUST00903,2025-08-12 01:58:52,SHIPPED,WEST
ORD002200,CUST00485,2026-02-16 08:19:01,DELIVERED,EAST
ORD002201,CUST00461,2025-06-06 01:29:41,SHIPPED,WEST
ORD002202,CUST00277,2025-05-05 15:09:33,DELIVERED,SOUTH
ORD002203,,2025-07-02 01:55:24,DELIVERED,CENTRAL
ORD002204,CUST00957,2025-04-23 09:15:27,DELIVERED,CENTRAL
ORD002205,CUST00102,2025-07-31 02:56:41,DELIVERED,EAST
ORD002206,CUST00021,2025-02-18 21:48:15,CANCELLED,SOUTH
ORD002207,CUST00259,2025-07-09 17:58:25,DELIVERED,CENTRAL
ORD002208,CUST00589,2026-02-16 14:24:43,DELIVERED,CENTRAL
ORD002209,,2025-01-16 04:48:43,DELIVERED,CENTRAL
ORD002210,CUST00350,2025-01-02 03:13:33,SHIPPED,EAST
ORD002211,CUST00436,2025-07-15 02:06:19,SHIPPED,SOUTH
ORD002212,CUST00686,2026-04-13 06:07:15,DELIVERED,WEST
ORD002213,CUST00201,2025-07-10 04:58:11,CANCELLED,EAST
ORD002214,CUST00247,2026-02-18 14:15:29,SHIPPED,CENTRAL
ORD002215,,2025-03-01 05:44:37,CANCELLED,SOUTH
ORD002216,CUST00045,2025-06-09 04:43:09,DELIVERED,NORTH
ORD002217,CUST01000,2026-03-03 02:02:59,SHIPPED,SOUTH
ORD002218,CUST00100,2025-01-29 10:34:09,RETURNED,WEST
ORD002219,CUST00288,2026-05-15 10:44:49,DELIVERED,SOUTH
ORD002220,CUST00946,2025-07-03 20:35:06,PLACED,EAST
ORD002221,CUST00550,2026-05-04 15:24:15,SHIPPED,WEST
ORD002222,CUST00555,2025-05-10 17:48:32,DELIVERED,NORTH
ORD002223,CUST00502,2025-06-18 01:12:56,CANCELLED,NORTH
ORD002224,CUST00597,2025-06-28 03:00:23,SHIPPED,WEST
ORD002225,CUST00958,2025-10-05 05:05:31,DELIVERED,SOUTH
ORD002226,,2025-03-17 17:44:24,DELIVERED,EAST
ORD002227,CUST00843,2025-05-02 21:50:15,PLACED,SOUTH
ORD002228,CUST00215,2025-06-03 12:21:49,DELIVERED,WEST
ORD002229,CUST00138,2025-01-25 11:01:58,RETURNED,SOUTH
ORD002230,CUST00775,2025-08-21 16:49:48,DELIVERED,NORTH
ORD002231,CUST00163,2026-01-03 22:58:05,SHIPPED,NORTH
ORD002232,CUST00701,2025-11-23 12:00:57,DELIVERED,SOUTH
ORD002233,CUST00426,2025-03-26 05:27:46,DELIVERED,SOUTH
ORD002234,CUST00533,2026-07-09 08:44:53,DELIVERED,CENTRAL
ORD002235,CUST00940,2026-03-31 20:45:24,CANCELLED,SOUTH
ORD002236,CUST00609,2026-02-18 21:00:09,SHIPPED,WEST
ORD002237,CUST00626,2025-12-12 16:48:50,SHIPPED,SOUTH
ORD002238,CUST00818,2025-01-16 13:20:39,SHIPPED,CENTRAL
ORD002239,CUST00094,2026-03-28 14:07:42,DELIVERED,NORTH
ORD002240,CUST00718,2026-02-19 09:57:37,SHIPPED,WEST
ORD002241,CUST00666,2026-03-28 00:19:49,CANCELLED,NORTH
ORD002242,CUST00552,2025-06-30 01:04:23,SHIPPED,NORTH
ORD002243,CUST00622,2026-02-27 06:45:10,SHIPPED,CENTRAL
ORD002244,CUST00538,2026-02-22 12:57:55,SHIPPED,CENTRAL
ORD002245,CUST00183,2025-02-04 04:33:55,CANCELLED,SOUTH
ORD002246,CUST00809,2025-06-21 06:33:49,PLACED,SOUTH
ORD002247,CUST00074,2025-11-24 20:55:55,DELIVERED,EAST
ORD002248,CUST00698,2025-08-03 14:48:55,DELIVERED,NORTH
ORD002249,CUST00799,2025-01-22 05:18:55,DELIVERED,NORTH
ORD002250,CUST00169,2026-07-31 11:34:27,DELIVERED,NORTH
ORD002251,CUST00493,2025-03-18 07:42:37,CANCELLED,EAST
ORD002252,CUST00646,15-04-2026,SHIPPED,EAST
ORD002253,CUST00689,2025-03-31 10:41:32,DELIVERED,EAST
ORD002254,CUST00268,2025-05-04 17:05:27,CANCELLED,CENTRAL
ORD002255,CUST00553,2026-01-06 07:47:32,DELIVERED,NORTH
ORD002256,CUST00845,2025-08-13 10:55:31,DELIVERED,EAST
ORD002257,CUST00042,2026-01-29 21:50:36,PLACED,CENTRAL
ORD002258,,2026-05-30 05:15:58,SHIPPED,EAST
ORD002259,CUST00091,2025-10-08 18:13:42,SHIPPED,SOUTH
ORD002260,CUST00577,2025-04-06 11:48:40,SHIPPED,EAST
ORD002261,CUST00330,2025-10-15 01:12:54,DELIVERED,SOUTH
ORD002262,CUST00385,2026-07-21 16:43:26,DELIVERED,WEST
ORD002263,CUST00213,2025-07-06 17:11:30,CANCELLED,CENTRAL
ORD002264,CUST00364,2025-01-14 04:47:52,DELIVERED,CENTRAL
ORD002265,CUST00067,2025-02-17 03:44:57,PLACED,NORTH
ORD002266,CUST00259,2026-02-15 13:22:01,DELIVERED,CENTRAL
ORD002267,CUST00268,2026-05-01 21:37:36,RETURNED,SOUTH
ORD002268,CUST00486,2026-01-23 03:43:46,SHIPPED,SOUTH
ORD002269,CUST00783,2025-05-26 18:41:00,PLACED,EAST
ORD002270,CUST00690,2025-02-20 21:34:41,DELIVERED,EAST
ORD002271,CUST00535,2026-03-20 20:02:55,DELIVERED,EAST
ORD002272,CUST00163,2025-01-17 02:03:02,DELIVERED,SOUTH
ORD002273,CUST00743,2026-02-15 08:37:05,SHIPPED,EAST
ORD002274,CUST00895,2025-02-01 16:10:22,SHIPPED,WEST
ORD002275,CUST00969,2025-10-18 05:37:10,CANCELLED,NORTH
ORD002276,CUST00808,2025-06-27 22:20:35,DELIVERED,CENTRAL
ORD002277,CUST00301,2025-05-29 21:01:33,RETURNED,NORTH
ORD002278,CUST00482,2025-10-21 00:50:37,DELIVERED,EAST
ORD002279,CUST00984,2026-02-16 22:31:57,RETURNED,SOUTH
ORD002280,CUST00378,2025-07-07 12:49:51,DELIVERED,SOUTH
ORD002281,CUST00283,2025-09-15 12:33:46,SHIPPED,CENTRAL
ORD002282,CUST00064,2026-06-08 06:15:50,PLACED,NORTH
ORD002283,CUST00299,2025-07-05 11:52:24,SHIPPED,EAST
ORD002284,CUST00539,2025-07-20 04:11:41,CANCELLED,NORTH
ORD002285,CUST00228,2025-04-20 20:11:12,PLACED,CENTRAL
ORD002286,CUST00478,2026-07-15 05:06:23,SHIPPED,NORTH
ORD002287,CUST00204,2025-07-07 06:21:40,DELIVERED,SOUTH
ORD002288,CUST00138,2025-11-11 13:38:41,RETURNED,NORTH
ORD002289,CUST00876,2025-01-27 23:55:34,RETURNED,CENTRAL
ORD002290,CUST00509,2025-09-12 07:56:37,PLACED,CENTRAL
ORD002291,CUST00798,2026-03-06 04:16:30,DELIVERED,NORTH
ORD002292,,2025-05-24 13:27:31,PLACED,NORTH
ORD002293,CUST00343,2025-11-19 08:35:01,SHIPPED,CENTRAL
ORD002294,CUST00014,2025-07-09 19:40:55,DELIVERED,WEST
ORD002295,CUST00291,2026-04-08 23:35:22,DELIVERED,WEST
ORD002296,CUST00904,2026-04-28 09:21:43,DELIVERED,CENTRAL
ORD002297,CUST00138,2025-02-15 00:10:26,DELIVERED,NORTH
ORD002298,CUST00655,2026-03-23 15:18:09,DELIVERED,SOUTH
ORD002299,CUST00543,2026-01-06 18:23:27,PLACED,SOUTH
ORD002300,CUST00418,2025-06-01 05:34:53,DELIVERED,SOUTH
ORD002301,CUST00518,2025-04-25 20:43:34,DELIVERED,EAST
ORD002302,CUST00079,2025-03-13 15:11:37,PLACED,EAST
ORD002303,CUST00549,2025-11-13 07:39:05,PLACED,EAST
ORD002304,CUST00797,2025-09-20 03:18:12,RETURNED,WEST
ORD002305,CUST00810,2025-02-06 00:10:59,PLACED,SOUTH
ORD002306,CUST00867,2025-01-14 22:57:47,RETURNED,NORTH
ORD002307,CUST00209,2025-10-08 15:31:55,CANCELLED,NORTH
ORD002308,CUST00782,2025-01-22 04:20:26,DELIVERED,NORTH
ORD002309,CUST00764,2025-06-15 07:52:33,SHIPPED,SOUTH
ORD002310,CUST00349,2025-10-04 08:30:21,DELIVERED,CENTRAL
ORD002311,CUST00586,2025-03-26 11:41:18,CANCELLED,WEST
ORD002312,CUST00660,2025-04-21 18:10:41,RETURNED,EAST
ORD002313,CUST00987,2025-02-01 08:01:35,DELIVERED,CENTRAL
ORD002314,,2026-02-14 23:05:21,DELIVERED,EAST
ORD002315,CUST00489,2026-06-03 03:46:18,DELIVERED,CENTRAL
ORD002316,CUST00048,2025-06-14 15:14:05,DELIVERED,NORTH
ORD002317,CUST00684,2025-10-15 19:47:30,DELIVERED,CENTRAL
ORD002318,CUST00520,2025-10-14 00:32:37,DELIVERED,NORTH
ORD002319,CUST00293,2026-03-22 21:45:59,PLACED,WEST
ORD002320,CUST00597,2025-05-09 15:01:37,DELIVERED,CENTRAL
ORD002321,CUST00641,2025-11-23 19:07:23,DELIVERED,WEST
ORD002322,CUST00673,2025-08-19 05:30:50,DELIVERED,CENTRAL
ORD002323,CUST00693,2026-06-11 20:02:32,CANCELLED,NORTH
ORD002324,CUST00303,2025-04-23 18:22:15,DELIVERED,WEST
ORD002325,CUST00583,2025-07-12 18:47:54,DELIVERED,EAST
ORD002326,,2026-01-24 16:50:51,DELIVERED,SOUTH
ORD002327,CUST00912,2025-05-28 20:51:39,CANCELLED,SOUTH
ORD002328,CUST00145,2025-11-30 21:26:35,DELIVERED,NORTH
ORD002329,CUST00717,2025-01-18 20:01:04,DELIVERED,WEST
ORD002330,CUST00469,2025-11-21 10:33:37,PLACED,WEST
ORD002331,CUST00222,2025-08-29 09:31:51,RETURNED,SOUTH
ORD002332,CUST00226,2025-09-11 00:56:37,DELIVERED,EAST
ORD002333,CUST00921,2026-02-09 01:23:23,CANCELLED,NORTH
ORD002334,CUST00292,2025-01-03 09:16:14,RETURNED,NORTH
ORD002335,CUST00924,2026-06-24 22:24:20,DELIVERED,NORTH
ORD002336,CUST00870,2025-04-25 08:47:48,DELIVERED,CENTRAL
ORD002337,CUST00445,2026-05-29 08:24:57,DELIVERED,WEST
ORD002338,CUST00353,2025-11-13 01:37:50,RETURNED,SOUTH
ORD002339,,2026-01-10 07:48:32,PLACED,SOUTH
ORD002340,CUST00827,2026-02-15 12:02:25,DELIVERED,NORTH
ORD002341,CUST00197,2025-07-27 10:07:04,SHIPPED,CENTRAL
ORD002342,CUST00319,2026-01-31 09:01:49,CANCELLED,NORTH
ORD002343,CUST00169,2026-01-07 14:20:43,PLACED,CENTRAL
ORD002344,CUST00401,2025-10-30 08:49:20,PLACED,WEST
ORD002345,CUST00077,2025-03-05 01:56:26,CANCELLED,EAST
ORD002346,CUST00844,2025-01-20 19:04:51,PLACED,CENTRAL
ORD002347,CUST00664,2025-08-05 21:32:34,DELIVERED,NORTH
ORD002348,CUST00330,2025-02-12 04:39:50,DELIVERED,CENTRAL
ORD002349,CUST00597,2025-12-11 07:57:53,DELIVERED,NORTH
ORD002350,CUST00226,2026-05-11 03:54:54,PLACED,WEST
ORD002351,CUST00614,2025-08-07 15:33:29,PLACED,WEST
ORD002352,CUST00744,2025-11-10 04:33:04,DELIVERED,SOUTH
ORD002353,CUST00353,2025-01-16 02:48:25,PLACED,WEST
ORD002354,CUST00846,2026-01-04 06:35:53,RETURNED,SOUTH
ORD002355,CUST00955,2026-04-13 10:19:53,DELIVERED,NORTH
ORD002356,CUST00537,2026-06-09 00:03:35,PLACED,SOUTH
ORD002357,CUST00465,2025-06-30 06:54:06,SHIPPED,EAST
ORD002358,CUST00953,2025-05-14 00:18:11,RETURNED,WEST
ORD002359,CUST00558,2025-03-03 11:28:42,SHIPPED,SOUTH
ORD002360,CUST00081,2026-04-14 07:22:37,DELIVERED,SOUTH
ORD002361,CUST00244,2026-02-03 16:30:05,DELIVERED,WEST
ORD002362,CUST00588,2025-09-25 22:37:04,SHIPPED,WEST
ORD002363,CUST00684,2026-02-28 11:03:20,SHIPPED,NORTH
ORD002364,CUST00173,2026-03-26 13:44:08,SHIPPED,WEST
ORD002365,CUST00045,2025-03-15 09:54:37,SHIPPED,NORTH
ORD002366,CUST00210,2026-06-14 18:18:36,SHIPPED,WEST
ORD002367,CUST00950,2025-04-21 02:50:41,DELIVERED,WEST
ORD002368,CUST00175,2025-05-25 23:22:37,CANCELLED,NORTH
ORD002369,CUST00916,2026-04-03 11:37:36,SHIPPED,SOUTH
ORD002370,CUST00953,2025-11-23 02:54:06,DELIVERED,WEST
ORD002371,CUST00704,2026-04-17 01:52:09,DELIVERED,SOUTH
ORD002372,CUST00553,2025-07-08 18:23:46,CANCELLED,SOUTH
ORD002373,CUST00327,14-11-2025,SHIPPED,WEST
ORD002374,CUST00024,2026-01-18 18:56:38,DELIVERED,WEST
ORD002375,CUST00950,2025-04-03 10:13:36,DELIVERED,WEST
ORD002376,CUST00509,2025-07-03 06:25:30,DELIVERED,SOUTH
ORD002377,CUST00016,2025-10-11 13:42:07,DELIVERED,SOUTH
ORD002378,CUST00861,2025-05-13 18:33:27,DELIVERED,EAST
ORD002379,CUST00089,2025-11-02 12:42:05,DELIVERED,NORTH
ORD002380,CUST00553,2025-12-14 09:56:48,DELIVERED,WEST
ORD002381,CUST00751,2025-02-26 14:14:57,DELIVERED,SOUTH
ORD002382,CUST00585,2025-04-18 18:22:38,DELIVERED,WEST
ORD002383,CUST00978,2025-01-31 15:07:05,DELIVERED,EAST
ORD002384,CUST00639,2026-04-18 23:51:38,DELIVERED,NORTH
ORD002385,CUST00130,2025-01-30 08:25:18,DELIVERED,CENTRAL
ORD002386,CUST00236,2026-05-30 10:25:11,DELIVERED,CENTRAL
ORD002387,CUST00257,2026-01-30 01:53:55,DELIVERED,EAST
ORD002388,CUST00346,2026-07-26 05:18:36,DELIVERED,NORTH
ORD002389,CUST00291,2025-09-27 08:26:09,DELIVERED,WEST
ORD002390,CUST00770,2025-01-28 19:21:02,DELIVERED,EAST
ORD002391,CUST00241,2026-02-27 12:18:55,DELIVERED,SOUTH
ORD002392,CUST00996,2026-05-26 02:16:25,RETURNED,WEST
ORD002393,CUST00799,2025-03-02 13:52:24,PLACED,WEST
ORD002394,CUST00545,2026-01-18 12:19:41,SHIPPED,CENTRAL
ORD002395,CUST00447,2026-01-28 20:53:52,CANCELLED,SOUTH
ORD002396,CUST00591,2025-06-02 08:34:04,DELIVERED,CENTRAL
ORD002397,CUST00537,2025-01-01 12:12:11,SHIPPED,SOUTH
ORD002398,CUST00713,2025-07-29 04:37:23,DELIVERED,EAST
ORD002399,CUST00400,2025-10-23 21:13:16,DELIVERED,WEST
ORD002400,CUST00032,2026-06-07 17:50:20,SHIPPED,CENTRAL
ORD002401,CUST00765,2025-09-24 03:06:49,SHIPPED,SOUTH
ORD002402,CUST00403,2025-12-24 19:48:21,SHIPPED,EAST
ORD002403,CUST00627,2025-08-17 11:36:43,SHIPPED,SOUTH
ORD002404,CUST00758,2026-03-24 10:24:35,DELIVERED,SOUTH
ORD002405,CUST00200,2026-03-01 05:34:19,RETURNED,NORTH
ORD002406,CUST00169,2025-07-22 12:19:47,DELIVERED,EAST
ORD002407,CUST00780,2025-09-20 10:41:15,RETURNED,SOUTH
ORD002408,CUST00352,2025-10-30 04:54:44,DELIVERED,WEST
ORD002409,CUST00227,2026-06-24 12:14:21,DELIVERED,EAST
ORD002410,CUST00882,2026-01-27 20:12:43,DELIVERED,EAST
ORD002411,CUST00975,2026-05-17 14:58:22,SHIPPED,WEST
ORD002412,CUST00573,09-09-2025,DELIVERED,WEST
ORD002413,CUST00295,2025-07-23 06:34:20,SHIPPED,CENTRAL
ORD002414,CUST00692,2026-02-02 22:09:15,PLACED,NORTH
ORD002415,CUST00614,2026-01-12 03:03:26,SHIPPED,EAST
ORD002416,CUST00276,2025-01-30 06:36:09,DELIVERED,WEST
ORD002417,CUST00334,2025-08-17 02:01:57,DELIVERED,EAST
ORD002418,CUST00222,2026-07-21 04:17:10,DELIVERED,SOUTH
ORD002419,CUST00488,2026-07-20 07:57:07,DELIVERED,SOUTH
ORD002420,CUST00459,2025-09-04 11:16:40,RETURNED,EAST
ORD002421,CUST00154,2026-06-26 11:22:08,CANCELLED,EAST
ORD002422,CUST00812,2025-03-09 16:21:07,DELIVERED,WEST
ORD002423,CUST00542,2025-04-05 18:30:00,DELIVERED,CENTRAL
ORD002424,CUST00751,2025-04-13 05:50:34,PLACED,EAST
ORD002425,CUST00865,2026-02-04 10:25:20,CANCELLED,EAST
ORD002426,CUST00912,2025-04-17 07:03:52,DELIVERED,WEST
ORD002427,CUST00979,2025-09-10 00:16:57,DELIVERED,WEST
ORD002428,CUST00461,2026-02-23 14:06:06,SHIPPED,SOUTH
ORD002429,CUST00724,2025-09-20 10:44:09,RETURNED,EAST
ORD002430,CUST00348,2026-07-24 06:01:07,RETURNED,EAST
ORD002431,CUST00862,2026-04-22 15:13:28,DELIVERED,EAST
ORD002432,CUST00933,2025-04-03 03:56:28,CANCELLED,WEST
ORD002433,CUST00027,2025-04-16 17:33:32,PLACED,NORTH
ORD002434,,2025-08-27 07:56:09,SHIPPED,SOUTH
ORD002435,CUST00243,2025-04-12 20:24:04,CANCELLED,NORTH
ORD002436,CUST00890,2025-09-04 12:20:04,PLACED,EAST
ORD002437,CUST00535,2025-06-08 12:32:13,DELIVERED,SOUTH
ORD002438,CUST00291,2025-08-24 13:13:17,DELIVERED,CENTRAL
ORD002439,CUST00601,2026-04-27 12:56:03,DELIVERED,WEST
ORD002440,CUST00707,2025-06-22 11:58:26,CANCELLED,WEST
ORD002441,CUST00300,2026-05-15 13:06:10,DELIVERED,SOUTH
ORD002442,CUST00528,2026-07-28 19:16:09,RETURNED,EAST
ORD002443,CUST00982,2025-02-24 01:18:41,CANCELLED,SOUTH
ORD002444,CUST00828,2025-03-24 05:23:44,SHIPPED,NORTH
ORD002445,CUST00622,2025-04-22 05:40:35,DELIVERED,EAST
ORD002446,CUST00061,2025-10-20 22:42:12,CANCELLED,CENTRAL
ORD002447,CUST00269,2026-01-16 05:38:49,DELIVERED,WEST
ORD002448,CUST00546,2025-05-09 04:55:31,DELIVERED,NORTH
ORD002449,CUST00182,2025-05-21 07:50:36,DELIVERED,EAST
ORD002450,CUST00997,2025-10-10 02:18:13,SHIPPED,SOUTH
ORD002451,CUST00884,2026-03-20 16:17:25,DELIVERED,CENTRAL
ORD002452,CUST00837,2026-06-05 05:40:58,DELIVERED,CENTRAL
ORD002453,CUST00105,2025-11-01 20:38:51,CANCELLED,WEST
ORD002454,CUST00661,2025-12-31 02:33:08,DELIVERED,SOUTH
ORD002455,CUST00807,2026-07-12 01:28:18,RETURNED,CENTRAL
ORD002456,CUST00980,2025-01-23 17:34:05,SHIPPED,CENTRAL
ORD002457,CUST00932,2026-04-23 12:52:27,DELIVERED,SOUTH
ORD002458,CUST00751,2025-11-28 17:43:19,DELIVERED,CENTRAL
ORD002459,CUST00311,2025-07-03 12:25:49,SHIPPED,SOUTH
ORD002460,CUST00373,2026-06-30 14:59:40,DELIVERED,CENTRAL
ORD002461,CUST00570,2025-08-28 06:40:51,SHIPPED,WEST
ORD002462,CUST00904,2026-01-19 00:05:00,CANCELLED,EAST
ORD002463,CUST00021,2026-03-20 13:01:35,CANCELLED,CENTRAL
ORD002464,CUST00794,2026-01-22 21:34:51,DELIVERED,SOUTH
ORD002465,CUST00619,2026-03-29 06:13:15,SHIPPED,SOUTH
ORD002466,CUST00166,2025-02-13 01:25:49,DELIVERED,CENTRAL
ORD002467,CUST00540,2026-01-22 13:49:02,SHIPPED,EAST
ORD002468,CUST00975,2026-03-10 15:41:40,DELIVERED,SOUTH
ORD002469,CUST00832,2026-06-09 11:01:29,PLACED,EAST
ORD002470,CUST00810,2026-07-18 23:39:31,DELIVERED,SOUTH
ORD002471,,2025-02-04 12:53:56,DELIVERED,CENTRAL
ORD002472,CUST00703,2025-12-28 15:27:02,DELIVERED,CENTRAL
ORD002473,CUST00701,2025-06-13 13:36:09,DELIVERED,EAST
ORD002474,CUST00366,2025-05-24 10:14:28,DELIVERED,NORTH
ORD002475,CUST00945,2025-02-01 09:48:54,SHIPPED,EAST
ORD002476,CUST00398,2026-05-17 07:15:20,DELIVERED,CENTRAL
ORD002477,CUST00472,2025-02-21 13:56:34,CANCELLED,SOUTH
ORD002478,CUST00585,14-03-2025,SHIPPED,CENTRAL
ORD002479,CUST00950,2026-07-21 19:50:23,DELIVERED,NORTH
ORD002480,CUST00204,2026-01-07 05:58:59,CANCELLED,CENTRAL
ORD002481,CUST00627,2025-06-02 11:54:18,DELIVERED,WEST
ORD002482,CUST00704,2026-04-06 23:21:41,DELIVERED,NORTH
ORD002483,CUST00050,2026-05-07 21:23:38,SHIPPED,SOUTH
ORD002484,CUST00888,2026-06-18 10:37:04,RETURNED,WEST
ORD002485,CUST00677,2025-04-19 10:59:09,DELIVERED,NORTH
ORD002486,CUST00392,2025-11-09 18:48:10,RETURNED,NORTH
ORD002487,CUST00739,2025-01-25 18:58:57,DELIVERED,CENTRAL
ORD002488,CUST00955,2025-07-13 03:36:59,DELIVERED,SOUTH
ORD002489,,2026-03-21 04:41:15,DELIVERED,SOUTH
ORD002490,CUST00677,2025-05-19 21:46:34,CANCELLED,EAST
ORD002491,CUST00107,2025-04-27 05:20:18,SHIPPED,NORTH
ORD002492,CUST00024,2026-03-10 17:04:50,DELIVERED,SOUTH
ORD002493,CUST00881,2025-01-07 18:57:56,DELIVERED,SOUTH
ORD002494,CUST00294,2025-10-19 17:15:41,CANCELLED,CENTRAL
ORD002495,CUST00868,2025-10-12 20:17:25,DELIVERED,WEST
ORD002496,CUST00068,2026-07-31 09:58:16,PLACED,SOUTH
ORD002497,CUST00583,2026-04-09 02:01:29,DELIVERED,CENTRAL
ORD002498,CUST00018,2025-03-17 11:20:38,DELIVERED,SOUTH
ORD002499,CUST00435,2025-10-06 20:32:40,DELIVERED,WEST
ORD002500,CUST00947,2025-04-12 05:35:40,PLACED,NORTH
ORD002501,CUST00798,02-05-2025,RETURNED,NORTH
ORD002502,CUST00371,2026-04-23 02:28:17,SHIPPED,WEST
ORD002503,CUST00171,2026-04-11 07:24:52,DELIVERED,NORTH
ORD002504,CUST00883,04-04-2026,SHIPPED,SOUTH
ORD002505,CUST00544,2026-05-20 22:38:07,SHIPPED,EAST
ORD002506,CUST00885,2025-05-04 04:29:21,DELIVERED,NORTH
ORD002507,CUST00728,2025-08-10 17:16:54,PLACED,NORTH
ORD002508,CUST00930,2025-11-11 23:48:48,DELIVERED,WEST
ORD002509,CUST00915,2025-08-28 10:22:13,DELIVERED,CENTRAL
ORD002510,CUST00357,2025-10-16 22:01:10,CANCELLED,SOUTH
ORD002511,CUST00862,2025-03-24 15:54:22,CANCELLED,WEST
ORD002512,CUST00114,2025-02-04 06:31:24,DELIVERED,CENTRAL
ORD002513,CUST00213,2025-01-21 16:42:23,DELIVERED,WEST
ORD002514,CUST00103,2025-12-16 00:02:22,DELIVERED,NORTH
ORD002515,CUST00434,2026-02-06 00:09:18,PLACED,NORTH
ORD002516,CUST00687,2025-10-12 11:16:51,SHIPPED,NORTH
ORD002517,CUST00111,2025-09-24 04:44:42,DELIVERED,SOUTH
ORD002518,CUST00419,2025-12-18 19:50:41,PLACED,SOUTH
ORD002519,CUST00993,2025-02-07 03:01:35,SHIPPED,CENTRAL
ORD002520,CUST00504,2025-08-22 04:48:55,DELIVERED,NORTH
ORD002521,CUST00026,2025-01-14 12:54:41,SHIPPED,CENTRAL
ORD002522,CUST00693,2025-10-03 23:53:48,DELIVERED,CENTRAL
ORD002523,CUST00031,2025-06-08 21:18:36,PLACED,SOUTH
ORD002524,CUST00823,2025-06-05 15:05:08,SHIPPED,WEST
ORD002525,CUST00859,2025-12-06 19:07:21,DELIVERED,SOUTH
ORD002526,CUST00600,2025-02-19 18:26:10,CANCELLED,WEST
ORD002527,,2025-02-14 17:23:07,DELIVERED,WEST
ORD002528,CUST00989,2025-09-14 13:49:48,PLACED,NORTH
ORD002529,CUST00052,2025-12-14 03:24:17,DELIVERED,NORTH
ORD002530,CUST00039,2025-01-16 06:15:45,SHIPPED,SOUTH
ORD002531,CUST00965,2026-03-05 18:40:17,DELIVERED,EAST
ORD002532,CUST00323,2025-07-13 15:06:43,DELIVERED,EAST
ORD002533,CUST00044,2025-07-18 11:16:10,DELIVERED,CENTRAL
ORD002534,CUST00851,2026-04-10 10:17:06,RETURNED,WEST
ORD002535,CUST00542,2026-01-18 18:54:47,DELIVERED,SOUTH
ORD002536,CUST00450,2026-06-17 04:13:41,DELIVERED,CENTRAL
ORD002537,CUST00300,2025-03-21 06:27:03,DELIVERED,NORTH
ORD002538,CUST00497,2025-08-11 15:38:13,DELIVERED,CENTRAL
ORD002539,CUST00239,2025-05-16 07:14:16,DELIVERED,SOUTH
ORD002540,CUST00991,2026-02-05 07:31:50,DELIVERED,CENTRAL
ORD002541,CUST00117,2026-04-20 05:24:19,PLACED,EAST
ORD002542,CUST00442,2026-05-28 21:17:59,SHIPPED,NORTH
ORD002543,CUST00840,2026-02-24 20:35:18,SHIPPED,WEST
ORD002544,CUST00163,2026-05-29 05:23:01,PLACED,EAST
ORD002545,CUST00954,2026-02-28 21:28:25,DELIVERED,SOUTH
ORD002546,CUST00719,2026-04-23 20:20:09,DELIVERED,CENTRAL
ORD002547,CUST00151,2025-03-28 23:01:27,DELIVERED,NORTH
ORD002548,CUST00551,2026-01-27 04:42:27,RETURNED,CENTRAL
ORD002549,,2025-02-24 20:15:15,RETURNED,EAST
ORD002550,CUST00142,2025-05-05 19:58:09,DELIVERED,EAST
ORD002551,CUST00756,2025-07-01 02:00:14,DELIVERED,CENTRAL
ORD002552,CUST00955,2025-01-09 23:00:35,PLACED,NORTH
ORD002553,CUST00048,2025-11-22 06:45:58,DELIVERED,NORTH
ORD002554,CUST00185,2025-05-27 17:37:06,PLACED,CENTRAL
ORD002555,CUST00783,2026-05-19 06:42:02,RETURNED,CENTRAL
ORD002556,CUST00691,2026-04-04 14:24:42,SHIPPED,WEST
ORD002557,CUST00517,2025-04-27 20:20:57,DELIVERED,CENTRAL
ORD002558,CUST00687,2026-01-06 14:27:15,PLACED,NORTH
ORD002559,CUST00235,2026-07-09 02:24:15,RETURNED,NORTH
ORD002560,CUST00434,2025-03-29 09:01:17,PLACED,CENTRAL
ORD002561,CUST00182,2026-01-14 15:47:06,CANCELLED,CENTRAL
ORD002562,CUST00342,2026-07-16 11:11:09,SHIPPED,WEST
ORD002563,CUST00880,2026-05-27 13:46:28,DELIVERED,EAST
ORD002564,CUST00907,2026-04-15 17:17:51,DELIVERED,EAST
ORD002565,CUST00386,2025-10-26 01:15:29,DELIVERED,CENTRAL
ORD002566,CUST00273,2025-12-18 21:38:46,SHIPPED,WEST
ORD002567,,2026-03-12 14:41:15,DELIVERED,SOUTH
ORD002568,CUST00365,2026-03-27 11:56:06,CANCELLED,WEST
ORD002569,CUST00560,08-04-2025,RETURNED,SOUTH
ORD002570,CUST00410,2026-02-18 18:18:42,SHIPPED,NORTH
ORD002571,CUST00141,2025-07-20 19:22:40,SHIPPED,CENTRAL
ORD002572,CUST00590,2025-02-22 22:24:19,DELIVERED,NORTH
ORD002573,CUST00076,2025-06-16 13:40:16,SHIPPED,SOUTH
ORD002574,CUST00774,2026-04-11 19:01:58,SHIPPED,SOUTH
ORD002575,CUST00111,2025-06-30 16:53:23,DELIVERED,NORTH
ORD002576,CUST00255,2025-02-04 00:19:14,DELIVERED,CENTRAL
ORD002577,CUST00341,28-06-2026,SHIPPED,EAST
ORD002578,CUST00508,2025-04-23 08:22:12,DELIVERED,WEST
ORD002579,CUST00033,2025-05-31 02:24:54,SHIPPED,CENTRAL
ORD002580,CUST00866,2025-02-19 01:45:10,DELIVERED,NORTH
ORD002581,CUST00130,2026-06-28 20:34:24,DELIVERED,CENTRAL
ORD002582,CUST00560,2026-02-25 05:45:01,DELIVERED,WEST
ORD002583,CUST00565,2025-04-23 23:34:28,PLACED,EAST
ORD002584,CUST00869,2025-03-23 05:37:45,CANCELLED,CENTRAL
ORD002585,CUST00404,2026-05-02 16:29:09,SHIPPED,WEST
ORD002586,CUST00552,2026-04-25 13:17:39,SHIPPED,CENTRAL
ORD002587,CUST00634,2026-03-03 20:23:38,RETURNED,WEST
ORD002588,CUST00706,2025-03-12 03:14:13,DELIVERED,EAST
ORD002589,CUST00051,2025-03-27 22:35:26,SHIPPED,CENTRAL
ORD002590,CUST00060,2026-06-18 23:02:44,RETURNED,SOUTH
ORD002591,CUST00391,2026-06-24 15:23:22,SHIPPED,WEST
ORD002592,CUST00700,2026-07-20 14:35:17,CANCELLED,CENTRAL
ORD002593,CUST00569,2025-11-03 17:12:15,DELIVERED,WEST
ORD002594,CUST00664,2025-04-08 16:23:34,DELIVERED,EAST
ORD002595,CUST00058,2025-10-22 08:45:13,PLACED,CENTRAL
ORD002596,CUST00587,2025-08-22 21:31:17,SHIPPED,CENTRAL
ORD002597,CUST00049,2025-08-16 19:49:54,RETURNED,EAST
ORD002598,CUST00759,2026-03-09 10:36:59,DELIVERED,WEST
ORD002599,CUST00809,2025-12-05 11:58:30,PLACED,EAST
ORD002600,CUST00886,2025-10-10 20:56:50,DELIVERED,CENTRAL
ORD002601,CUST00585,2025-12-17 00:11:22,DELIVERED,EAST
ORD002602,CUST00197,2026-01-29 08:23:15,PLACED,SOUTH
ORD002603,CUST00802,2025-10-15 00:31:56,DELIVERED,WEST
ORD002604,CUST00875,2026-05-08 01:55:02,DELIVERED,EAST
ORD002605,CUST00407,2026-05-07 08:57:58,DELIVERED,SOUTH
ORD002606,CUST00010,2026-06-24 15:52:18,DELIVERED,SOUTH
ORD002607,CUST00156,2025-08-17 10:39:04,DELIVERED,WEST
ORD002608,CUST00903,2026-01-07 13:22:04,DELIVERED,WEST
ORD002609,CUST00324,2026-04-22 08:14:23,PLACED,NORTH
ORD002610,CUST00727,2025-03-19 14:32:42,RETURNED,CENTRAL
ORD002611,CUST00258,2026-02-19 07:27:45,DELIVERED,NORTH
ORD002612,,21-02-2026,DELIVERED,CENTRAL
ORD002613,CUST00493,2026-07-07 05:23:11,DELIVERED,SOUTH
ORD002614,CUST00178,2026-03-25 19:42:37,RETURNED,WEST
ORD002615,CUST00919,2025-01-11 13:53:40,SHIPPED,SOUTH
ORD002616,CUST00419,2025-07-24 08:57:13,DELIVERED,WEST
ORD002617,CUST00748,2025-03-28 03:28:11,PLACED,CENTRAL
ORD002618,CUST00754,2026-01-07 20:01:16,DELIVERED,CENTRAL
ORD002619,CUST00888,2026-02-18 10:36:13,DELIVERED,SOUTH
ORD002620,CUST00272,2026-02-04 06:42:01,SHIPPED,CENTRAL
ORD002621,CUST00239,2026-01-27 01:13:29,SHIPPED,EAST
ORD002622,,2026-06-09 22:12:34,SHIPPED,EAST
ORD002623,CUST00479,2025-09-20 22:49:41,CANCELLED,NORTH
ORD002624,CUST00968,2025-05-31 08:00:59,DELIVERED,WEST
ORD002625,CUST00551,2026-04-23 12:16:00,DELIVERED,WEST
ORD002626,CUST00636,2026-07-24 16:18:33,PLACED,WEST
ORD002627,CUST00408,2025-06-10 05:20:12,SHIPPED,SOUTH
ORD002628,CUST00032,2025-05-29 20:12:27,DELIVERED,WEST
ORD002629,CUST00840,2025-02-26 12:38:32,DELIVERED,NORTH
ORD002630,CUST00063,2025-02-22 06:01:57,DELIVERED,SOUTH
ORD002631,CUST00262,2025-09-13 12:05:48,SHIPPED,WEST
ORD002632,CUST00812,2025-06-28 07:01:04,DELIVERED,SOUTH
ORD002633,CUST00916,2025-06-28 05:01:13,SHIPPED,EAST
ORD002634,,2026-06-28 17:01:57,DELIVERED,CENTRAL
ORD002635,CUST00894,2025-11-04 20:17:41,DELIVERED,CENTRAL
ORD002636,CUST00863,2025-11-27 02:17:17,SHIPPED,EAST
ORD002637,CUST00687,2025-10-07 04:54:11,DELIVERED,CENTRAL
ORD002638,CUST00548,2025-10-08 21:18:16,DELIVERED,CENTRAL
ORD002639,CUST00722,2026-03-06 02:48:25,DELIVERED,EAST
ORD002640,CUST00611,2025-04-06 19:05:27,DELIVERED,CENTRAL
ORD002641,CUST00262,2026-02-23 13:12:10,CANCELLED,CENTRAL
ORD002642,CUST00601,2026-02-14 20:55:30,SHIPPED,CENTRAL
ORD002643,CUST00323,2026-01-09 18:58:47,SHIPPED,WEST
ORD002644,CUST00860,2025-12-16 01:41:12,SHIPPED,SOUTH
ORD002645,,2025-03-11 13:10:42,RETURNED,CENTRAL
ORD002646,CUST00391,2026-07-06 20:10:09,SHIPPED,SOUTH
ORD002647,CUST00665,2025-06-25 20:06:23,SHIPPED,SOUTH
ORD002648,CUST00812,2025-03-22 03:50:59,SHIPPED,CENTRAL
ORD002649,CUST00402,2025-05-03 00:51:40,DELIVERED,SOUTH
ORD002650,CUST00528,2025-02-08 08:26:14,DELIVERED,SOUTH
ORD002651,CUST00125,2025-02-04 18:47:55,PLACED,SOUTH
ORD002652,CUST00003,2025-01-13 15:26:01,DELIVERED,WEST
ORD002653,CUST00118,2025-02-05 04:37:56,DELIVERED,CENTRAL
ORD002654,CUST00572,2026-06-10 15:15:40,DELIVERED,NORTH
ORD002655,CUST00838,2025-08-18 11:59:30,DELIVERED,NORTH
ORD002656,CUST00940,2026-07-17 17:46:10,DELIVERED,EAST
ORD002657,CUST00657,2025-03-08 01:29:28,DELIVERED,WEST
ORD002658,CUST00802,2026-03-04 10:55:19,SHIPPED,EAST
ORD002659,CUST00603,2025-09-03 17:58:42,DELIVERED,NORTH
ORD002660,,2026-07-24 14:21:35,PLACED,WEST
ORD002661,CUST00004,2025-10-15 10:23:10,SHIPPED,EAST
ORD002662,CUST00603,2025-10-22 12:36:10,PLACED,NORTH
ORD002663,CUST00048,2025-12-05 13:58:56,CANCELLED,WEST
ORD002664,CUST00095,27-02-2025,DELIVERED,EAST
ORD002665,CUST00089,2026-07-05 15:56:57,CANCELLED,SOUTH
ORD002666,CUST00002,2025-12-14 05:04:27,SHIPPED,CENTRAL
ORD002667,CUST00939,2026-04-05 10:00:37,DELIVERED,NORTH
ORD002668,CUST00016,2025-10-13 06:40:28,DELIVERED,WEST
ORD002669,CUST00208,2025-08-17 12:18:21,DELIVERED,CENTRAL
ORD002670,CUST00415,2025-05-04 17:40:18,DELIVERED,NORTH
ORD002671,CUST00553,2025-12-03 16:04:32,DELIVERED,CENTRAL
ORD002672,CUST00542,2026-06-14 19:47:28,DELIVERED,CENTRAL
ORD002673,CUST00032,2025-10-16 03:51:43,DELIVERED,EAST
ORD002674,CUST00080,2026-03-19 05:26:51,DELIVERED,CENTRAL
ORD002675,CUST00023,2025-03-09 13:20:25,CANCELLED,EAST
ORD002676,CUST00987,2026-05-06 03:48:22,DELIVERED,SOUTH
ORD002677,CUST00310,2025-03-03 02:18:56,PLACED,CENTRAL
ORD002678,CUST00143,2025-02-26 13:49:46,DELIVERED,CENTRAL
ORD002679,CUST00981,2025-04-02 11:33:04,DELIVERED,NORTH
ORD002680,CUST00142,2026-01-15 06:09:25,DELIVERED,NORTH
ORD002681,CUST00690,2026-05-16 23:19:04,SHIPPED,CENTRAL
ORD002682,CUST00413,2025-04-18 00:14:00,SHIPPED,SOUTH
ORD002683,CUST00489,2025-09-17 15:11:47,PLACED,NORTH
ORD002684,CUST00903,2025-07-25 07:32:21,DELIVERED,SOUTH
ORD002685,CUST00567,2025-09-27 05:18:20,DELIVERED,NORTH
ORD002686,CUST00799,2026-01-28 20:45:03,CANCELLED,SOUTH
ORD002687,CUST00891,2025-10-13 04:31:25,PLACED,CENTRAL
ORD002688,,2026-07-25 08:40:02,DELIVERED,SOUTH
ORD002689,CUST00921,2025-09-23 18:31:56,RETURNED,WEST
ORD002690,CUST00848,2025-04-16 15:27:19,CANCELLED,SOUTH
ORD002691,CUST00942,2026-03-11 22:58:13,CANCELLED,EAST
ORD002692,,2025-03-11 02:19:24,DELIVERED,CENTRAL
ORD002693,CUST00706,2025-07-23 08:37:59,SHIPPED,SOUTH
ORD002694,CUST00075,2025-10-30 12:32:47,DELIVERED,EAST
ORD002695,,2025-02-21 04:40:18,DELIVERED,CENTRAL
ORD002696,CUST00772,2025-02-15 19:52:27,DELIVERED,NORTH
ORD002697,CUST00865,2025-12-27 06:15:57,SHIPPED,NORTH
ORD002698,CUST00438,2025-03-04 19:32:29,PLACED,EAST
ORD002699,CUST00837,2025-12-09 05:10:21,DELIVERED,SOUTH
ORD002700,,2025-12-26 03:18:11,DELIVERED,EAST
ORD002701,CUST00005,2026-01-11 19:55:58,DELIVERED,NORTH
ORD002702,CUST00588,2025-08-31 12:55:04,DELIVERED,EAST
ORD002703,CUST00662,2025-04-20 09:37:12,DELIVERED,WEST
ORD002704,CUST00587,2025-06-15 16:55:07,DELIVERED,SOUTH
ORD002705,CUST00286,2026-01-02 18:46:12,DELIVERED,NORTH
ORD002706,CUST00813,2026-07-14 23:29:19,SHIPPED,WEST
ORD002707,CUST00319,2026-02-23 04:52:21,RETURNED,NORTH
ORD002708,,2025-09-16 02:20:14,DELIVERED,CENTRAL
ORD002709,CUST00413,2025-06-22 06:15:39,PLACED,EAST
ORD002710,CUST00903,2026-07-20 17:50:19,SHIPPED,SOUTH
ORD002711,CUST00941,2025-04-28 14:00:03,PLACED,EAST
ORD002712,CUST00446,2025-01-31 05:28:48,DELIVERED,CENTRAL
ORD002713,CUST00735,2025-07-15 05:53:37,RETURNED,CENTRAL
ORD002714,CUST00311,2025-05-18 09:13:17,SHIPPED,EAST
ORD002715,CUST00142,2026-02-24 13:54:39,DELIVERED,WEST
ORD002716,CUST00950,2025-08-03 22:03:57,DELIVERED,WEST
ORD002717,CUST00361,2025-03-04 04:27:24,DELIVERED,SOUTH
ORD002718,CUST00747,2025-01-08 13:26:21,DELIVERED,EAST
ORD002719,CUST00333,2025-03-25 05:14:12,DELIVERED,EAST
ORD002720,CUST00683,2026-04-12 02:27:31,SHIPPED,NORTH
ORD002721,CUST00474,2026-01-30 04:40:45,PLACED,NORTH
ORD002722,CUST00825,2025-08-18 01:55:47,DELIVERED,WEST
ORD002723,CUST00720,2025-05-18 14:16:14,PLACED,CENTRAL
ORD002724,CUST00240,2025-09-02 18:23:37,RETURNED,NORTH
ORD002725,CUST00001,2025-03-06 05:30:33,SHIPPED,EAST
ORD002726,CUST00922,2026-03-16 12:57:35,RETURNED,NORTH
ORD002727,CUST00428,2026-06-28 10:09:39,PLACED,NORTH
ORD002728,CUST00884,2026-07-13 19:58:19,RETURNED,EAST
ORD002729,CUST00671,2026-06-18 03:09:03,SHIPPED,CENTRAL
ORD002730,CUST00449,2025-08-08 10:32:46,CANCELLED,NORTH
ORD002731,CUST00722,2025-05-29 13:23:51,DELIVERED,CENTRAL
ORD002732,,2025-10-02 20:31:56,DELIVERED,EAST
ORD002733,CUST00936,2025-06-29 02:41:18,CANCELLED,NORTH
ORD002734,,2025-11-01 23:54:25,DELIVERED,SOUTH
ORD002735,CUST00792,15-07-2026,DELIVERED,CENTRAL
ORD002736,CUST00285,2025-09-28 11:06:04,PLACED,SOUTH
ORD002737,CUST00519,2026-04-21 00:34:40,DELIVERED,NORTH
ORD002738,CUST00308,2026-05-02 21:32:09,PLACED,SOUTH
ORD002739,CUST00345,2026-04-23 23:23:44,SHIPPED,CENTRAL
ORD002740,CUST00779,2025-07-09 05:36:38,DELIVERED,EAST
ORD002741,CUST00371,2025-10-29 07:23:48,PLACED,WEST
ORD002742,CUST00592,2025-01-11 03:14:11,DELIVERED,WEST
ORD002743,CUST00931,2026-03-02 06:06:10,DELIVERED,WEST
ORD002744,CUST00046,2026-06-25 04:09:43,RETURNED,CENTRAL
ORD002745,CUST00697,2025-04-08 07:52:49,RETURNED,SOUTH
ORD002746,CUST00296,2025-08-27 06:21:37,RETURNED,EAST
ORD002747,CUST00022,2025-01-03 03:48:21,DELIVERED,SOUTH
ORD002748,CUST00009,2025-06-19 07:11:04,DELIVERED,NORTH
ORD002749,CUST00218,2025-10-22 18:04:29,SHIPPED,WEST
ORD002750,CUST00109,2025-12-23 19:26:09,SHIPPED,NORTH
ORD002751,CUST00678,2026-03-21 19:34:09,SHIPPED,SOUTH
ORD002752,CUST00877,2025-03-15 23:34:06,DELIVERED,NORTH
ORD002753,CUST00659,2025-11-24 14:04:48,PLACED,SOUTH
ORD002754,,2026-02-25 05:13:45,DELIVERED,EAST
ORD002755,CUST00156,2025-04-01 14:28:52,DELIVERED,SOUTH
ORD002756,CUST00632,2025-01-06 01:04:47,DELIVERED,WEST
ORD002757,CUST00898,2026-03-13 23:07:02,RETURNED,WEST
ORD002758,CUST00580,2025-05-25 12:33:35,DELIVERED,CENTRAL
ORD002759,CUST00320,2025-05-11 02:11:08,SHIPPED,SOUTH
ORD002760,CUST00824,2025-05-20 04:10:29,CANCELLED,SOUTH
ORD002761,CUST00363,2026-02-09 09:49:11,SHIPPED,WEST
ORD002762,CUST00712,2026-04-08 19:13:13,RETURNED,NORTH
ORD002763,CUST00353,2025-05-06 21:48:44,DELIVERED,NORTH
ORD002764,CUST00442,2026-06-29 00:51:01,PLACED,CENTRAL
ORD002765,CUST00176,2025-02-22 10:45:37,RETURNED,NORTH
ORD002766,CUST00932,2026-01-15 16:30:27,DELIVERED,CENTRAL
ORD002767,CUST00109,2025-03-29 01:02:05,SHIPPED,EAST
ORD002768,CUST00564,2025-03-05 08:15:31,CANCELLED,CENTRAL
ORD002769,CUST00707,2026-01-01 09:44:01,DELIVERED,WEST
ORD002770,CUST00046,2026-07-05 13:32:37,RETURNED,EAST
ORD002771,CUST00491,2026-02-20 12:42:45,DELIVERED,SOUTH
ORD002772,CUST00385,2026-04-18 18:10:45,DELIVERED,CENTRAL
ORD002773,CUST00177,2026-01-31 09:39:01,RETURNED,EAST
ORD002774,CUST00674,2025-03-16 13:05:38,SHIPPED,WEST
ORD002775,CUST00056,2025-05-18 23:18:19,DELIVERED,CENTRAL
ORD002776,CUST00949,2025-06-27 14:07:47,RETURNED,NORTH
ORD002777,CUST00285,2025-08-05 12:10:34,SHIPPED,SOUTH
ORD002778,CUST00947,2026-02-12 16:51:24,PLACED,EAST
ORD002779,CUST00728,2025-06-02 10:58:54,DELIVERED,NORTH
ORD002780,CUST00650,2025-06-11 10:44:50,SHIPPED,SOUTH
ORD002781,CUST00135,2025-04-12 10:16:17,DELIVERED,SOUTH
ORD002782,CUST00106,2025-07-09 06:53:00,SHIPPED,SOUTH
ORD002783,CUST00428,2025-09-18 13:31:24,DELIVERED,WEST
ORD002784,CUST00699,2025-02-14 14:46:48,DELIVERED,SOUTH
ORD002785,CUST00451,2025-12-21 21:34:11,DELIVERED,CENTRAL
ORD002786,CUST00551,2025-06-24 04:13:44,PLACED,NORTH
ORD002787,CUST00613,2025-03-11 15:21:43,CANCELLED,NORTH
ORD002788,CUST00388,2026-04-18 08:08:59,RETURNED,CENTRAL
ORD002789,CUST00544,2025-06-19 10:58:45,DELIVERED,EAST
ORD002790,CUST00989,2026-07-31 05:32:04,SHIPPED,CENTRAL
ORD002791,CUST00167,2025-04-28 03:46:56,CANCELLED,SOUTH
ORD002792,CUST00430,14-01-2026,PLACED,WEST
ORD002793,CUST00378,2025-11-21 10:11:41,RETURNED,WEST
ORD002794,CUST00899,2025-02-01 12:27:15,DELIVERED,SOUTH
ORD002795,CUST00525,2025-11-02 19:24:19,PLACED,CENTRAL
ORD002796,CUST00782,2025-07-17 20:37:04,PLACED,WEST
ORD002797,CUST00202,2026-06-16 22:40:29,DELIVERED,SOUTH
ORD002798,CUST00353,2025-01-07 15:07:30,DELIVERED,SOUTH
ORD002799,CUST00133,2025-05-12 05:19:53,DELIVERED,NORTH
ORD002800,CUST00992,2025-04-25 01:37:57,DELIVERED,SOUTH
ORD002801,CUST00757,2025-09-24 19:43:35,DELIVERED,EAST
ORD002802,CUST00155,2025-03-20 18:27:14,CANCELLED,NORTH
ORD002803,CUST00505,2026-04-07 11:10:20,DELIVERED,CENTRAL
ORD002804,CUST00152,2026-05-12 16:35:07,DELIVERED,NORTH
ORD002805,CUST00585,2026-06-15 06:25:06,SHIPPED,CENTRAL
ORD002806,CUST00246,2025-04-15 01:31:44,RETURNED,EAST
ORD002807,CUST00998,2025-05-25 23:34:32,DELIVERED,EAST
ORD002808,CUST00231,2025-07-10 16:52:21,SHIPPED,NORTH
ORD002809,CUST00247,2025-03-02 05:36:20,CANCELLED,CENTRAL
ORD002810,CUST00029,2025-10-18 09:17:37,SHIPPED,WEST
ORD002811,CUST00400,2026-06-20 19:20:37,SHIPPED,EAST
ORD002812,CUST00412,2026-04-01 19:14:20,DELIVERED,EAST
ORD002813,CUST00966,2026-05-09 18:49:32,SHIPPED,SOUTH
ORD002814,CUST00578,2026-01-02 18:13:29,SHIPPED,WEST
ORD002815,CUST00609,2026-01-26 12:40:49,CANCELLED,WEST
ORD002816,CUST00288,2025-04-09 05:37:50,DELIVERED,EAST
ORD002817,,2026-06-26 22:50:29,DELIVERED,CENTRAL
ORD002818,CUST00314,2026-01-30 14:39:21,DELIVERED,WEST
ORD002819,CUST00331,2025-10-16 07:57:44,DELIVERED,WEST
ORD002820,CUST00874,06-07-2025,CANCELLED,EAST
ORD002821,CUST00377,2026-07-12 05:23:18,SHIPPED,SOUTH
ORD002822,CUST00956,2025-08-11 01:50:46,DELIVERED,EAST
ORD002823,CUST00598,2025-06-01 18:46:06,CANCELLED,WEST
ORD002824,CUST00309,2025-09-04 00:21:58,SHIPPED,NORTH
ORD002825,CUST00423,2025-06-20 21:17:49,DELIVERED,NORTH
ORD002826,CUST00698,15-01-2025,DELIVERED,NORTH
ORD002827,CUST00544,2025-10-04 17:18:51,SHIPPED,NORTH
ORD002828,CUST00748,2026-03-03 09:46:51,RETURNED,CENTRAL
ORD002829,CUST00161,2025-06-12 10:11:27,RETURNED,EAST
ORD002830,CUST00181,2025-12-03 06:41:25,DELIVERED,WEST
ORD002831,CUST00865,2026-06-13 09:16:10,DELIVERED,NORTH
ORD002832,CUST00199,2026-05-15 06:57:18,CANCELLED,NORTH
ORD002833,CUST00421,2025-09-23 04:50:57,CANCELLED,SOUTH
ORD002834,CUST00474,2025-12-18 19:54:17,DELIVERED,EAST
ORD002835,CUST00200,30-12-2025,SHIPPED,NORTH
ORD002836,CUST00048,2026-05-04 18:59:53,CANCELLED,WEST
ORD002837,CUST00065,2025-01-20 02:19:39,DELIVERED,CENTRAL
ORD002838,CUST00047,29-01-2025,SHIPPED,SOUTH
ORD002839,CUST00068,2025-08-29 03:41:47,DELIVERED,SOUTH
ORD002840,CUST00028,2026-04-15 07:23:23,RETURNED,NORTH
ORD002841,CUST00223,2025-11-06 03:11:00,DELIVERED,NORTH
ORD002842,CUST00169,2025-01-28 05:58:55,SHIPPED,CENTRAL
ORD002843,CUST00727,2025-04-30 18:01:28,DELIVERED,NORTH
ORD002844,CUST00191,2026-03-24 02:12:46,CANCELLED,SOUTH
ORD002845,CUST00737,2025-10-18 03:05:00,DELIVERED,SOUTH
ORD002846,CUST00152,2025-05-12 05:56:24,DELIVERED,WEST
ORD002847,CUST00631,2025-05-28 15:47:50,DELIVERED,SOUTH
ORD002848,,2025-10-10 09:49:10,DELIVERED,SOUTH
ORD002849,CUST00231,2025-04-11 08:30:43,DELIVERED,CENTRAL
ORD002850,CUST00036,2025-12-31 16:54:19,RETURNED,CENTRAL
ORD002851,CUST00047,2026-02-02 06:07:52,DELIVERED,NORTH
ORD002852,CUST00827,2025-05-04 00:41:43,SHIPPED,NORTH
ORD002853,CUST00504,2025-04-07 20:13:39,PLACED,CENTRAL
ORD002854,CUST00986,2026-03-10 15:00:56,DELIVERED,SOUTH
ORD002855,CUST00987,2026-01-18 22:05:43,CANCELLED,WEST
ORD002856,CUST00781,2025-07-23 14:36:48,SHIPPED,WEST
ORD002857,CUST00333,2025-12-10 18:57:51,SHIPPED,SOUTH
ORD002858,CUST00988,2025-06-18 07:24:42,RETURNED,SOUTH
ORD002859,CUST00942,2026-07-08 01:57:47,DELIVERED,CENTRAL
ORD002860,CUST00158,2025-09-26 19:53:08,DELIVERED,CENTRAL
ORD002861,CUST00836,2026-06-01 12:34:26,DELIVERED,SOUTH
ORD002862,CUST00982,2025-10-02 18:10:19,DELIVERED,CENTRAL
ORD002863,CUST00346,2025-06-13 22:30:34,PLACED,WEST
ORD002864,CUST00919,2026-05-09 13:18:20,DELIVERED,SOUTH
ORD002865,CUST00664,2025-03-31 02:54:55,SHIPPED,WEST
ORD002866,CUST00848,03-07-2025,DELIVERED,SOUTH
ORD002867,CUST00973,2025-08-25 19:34:13,DELIVERED,EAST
ORD002868,CUST00910,2026-05-28 15:07:49,DELIVERED,SOUTH
ORD002869,CUST00059,2026-01-31 03:11:25,DELIVERED,SOUTH
ORD002870,CUST00738,2026-01-03 19:10:31,DELIVERED,EAST
ORD002871,CUST00810,2026-01-05 19:57:56,DELIVERED,CENTRAL
ORD002872,CUST00179,2026-05-02 09:23:09,DELIVERED,WEST
ORD002873,CUST00275,2025-02-25 22:33:59,DELIVERED,EAST
ORD002874,CUST00279,2025-01-14 03:10:08,DELIVERED,CENTRAL
ORD002875,CUST00607,2025-06-14 07:01:04,DELIVERED,WEST
ORD002876,CUST00190,2025-02-16 18:10:27,PLACED,SOUTH
ORD002877,,2025-05-12 01:18:15,SHIPPED,NORTH
ORD002878,CUST00888,2026-05-22 10:42:03,SHIPPED,NORTH
ORD002879,CUST00076,2025-06-06 17:33:05,DELIVERED,WEST
ORD002880,CUST00636,2025-11-10 10:24:46,DELIVERED,WEST
ORD002881,CUST00580,2026-02-11 09:31:29,PLACED,WEST
ORD002882,CUST00496,2025-06-29 16:11:44,DELIVERED,SOUTH
ORD002883,CUST00668,2025-10-30 11:00:22,PLACED,EAST
ORD002884,CUST00987,2026-02-16 23:42:21,DELIVERED,CENTRAL
ORD002885,CUST00243,2026-05-11 02:02:34,RETURNED,CENTRAL
ORD002886,CUST00716,2026-06-23 05:52:32,SHIPPED,NORTH
ORD002887,CUST00392,2025-09-13 09:34:06,PLACED,CENTRAL
ORD002888,CUST00805,2026-03-26 02:46:20,SHIPPED,NORTH
ORD002889,CUST00163,2025-04-05 00:33:40,DELIVERED,NORTH
ORD002890,CUST00498,2025-10-21 16:57:52,SHIPPED,WEST
ORD002891,CUST00291,08-01-2026,PLACED,SOUTH
ORD002892,CUST00575,2025-12-27 14:34:05,DELIVERED,WEST
ORD002893,CUST00305,2026-03-21 14:13:55,DELIVERED,EAST
ORD002894,CUST00092,2025-11-23 01:26:42,DELIVERED,EAST
ORD002895,CUST00035,2025-07-19 13:33:05,PLACED,WEST
ORD002896,CUST00323,2026-06-27 22:53:36,SHIPPED,CENTRAL
ORD002897,CUST00999,2025-07-31 13:53:48,DELIVERED,WEST
ORD002898,CUST00113,2026-05-09 05:03:59,DELIVERED,CENTRAL
ORD002899,CUST00229,2025-09-07 09:40:02,DELIVERED,CENTRAL
ORD002900,CUST00009,2025-05-20 05:23:32,SHIPPED,CENTRAL
ORD002901,CUST00424,2026-06-08 20:07:17,SHIPPED,NORTH
ORD002902,CUST00629,2025-08-14 05:38:07,DELIVERED,CENTRAL
ORD002903,CUST00782,2025-09-18 12:17:38,DELIVERED,EAST
ORD002904,CUST00446,2025-07-12 15:18:36,DELIVERED,EAST
ORD002905,CUST00965,2025-08-15 22:15:17,DELIVERED,EAST
ORD002906,CUST00811,2025-08-26 04:11:00,DELIVERED,CENTRAL
ORD002907,CUST00772,2026-04-17 19:53:34,DELIVERED,EAST
ORD002908,CUST00462,2025-08-10 10:26:31,CANCELLED,WEST
ORD002909,CUST00539,2026-06-10 01:57:23,DELIVERED,SOUTH
ORD002910,CUST00049,2026-04-06 20:18:16,DELIVERED,CENTRAL
ORD002911,CUST00741,2025-06-19 17:37:30,DELIVERED,CENTRAL
ORD002912,CUST00904,2026-02-10 17:57:41,RETURNED,NORTH
ORD002913,CUST00107,2025-01-07 04:41:06,DELIVERED,WEST
ORD002914,CUST00708,2025-05-15 15:14:15,DELIVERED,NORTH
ORD002915,CUST00309,2026-02-07 18:53:05,SHIPPED,WEST
ORD002916,CUST00484,2026-03-31 20:28:14,DELIVERED,NORTH
ORD002917,CUST00044,2025-08-23 09:25:25,DELIVERED,EAST
ORD002918,CUST00066,2025-04-26 06:02:07,SHIPPED,NORTH
ORD002919,CUST00145,2026-07-27 16:12:24,SHIPPED,NORTH
ORD002920,CUST00885,2025-12-25 10:26:30,DELIVERED,EAST
ORD002921,CUST00610,2025-11-01 04:04:15,DELIVERED,WEST
ORD002922,CUST00569,2025-12-01 04:19:53,PLACED,CENTRAL
ORD002923,CUST00968,2025-02-23 10:13:58,DELIVERED,EAST
ORD002924,CUST00713,2025-09-12 04:29:43,SHIPPED,NORTH
ORD002925,CUST00556,2026-03-04 18:21:09,CANCELLED,EAST
ORD002926,CUST00196,2025-11-13 10:24:21,DELIVERED,SOUTH
ORD002927,,2025-07-13 03:22:39,DELIVERED,SOUTH
ORD002928,CUST00213,2026-05-25 13:09:37,DELIVERED,WEST
ORD002929,CUST00426,2026-01-27 19:20:39,DELIVERED,WEST
ORD002930,CUST00554,2025-01-22 18:20:17,DELIVERED,EAST
ORD002931,CUST00919,2025-04-20 09:58:31,SHIPPED,CENTRAL
ORD002932,CUST00157,2026-05-23 20:03:43,DELIVERED,WEST
ORD002933,CUST00293,2025-02-20 00:42:48,SHIPPED,NORTH
ORD002934,CUST00862,2025-09-05 09:57:33,SHIPPED,EAST
ORD002935,CUST00168,2025-05-06 19:39:25,DELIVERED,EAST
ORD002936,CUST00347,2025-05-21 17:19:43,DELIVERED,SOUTH
ORD002937,CUST00137,2026-02-09 03:21:18,DELIVERED,SOUTH
ORD002938,,2025-01-13 14:46:03,DELIVERED,NORTH
ORD002939,CUST00899,2025-01-08 17:40:59,SHIPPED,EAST
ORD002940,CUST00452,2025-02-22 14:24:26,SHIPPED,WEST
ORD002941,CUST00374,2025-01-09 07:34:38,DELIVERED,WEST
ORD002942,CUST00356,2025-09-02 19:32:35,DELIVERED,SOUTH
ORD002943,CUST00380,2025-06-13 14:02:36,RETURNED,SOUTH
ORD002944,CUST00753,2026-03-28 20:04:09,SHIPPED,WEST
ORD002945,CUST00030,2025-06-18 09:09:43,RETURNED,SOUTH
ORD002946,,2026-02-24 13:45:18,PLACED,CENTRAL
ORD002947,CUST00817,2025-01-13 17:26:53,DELIVERED,SOUTH
ORD002948,CUST00136,2025-08-16 07:50:25,DELIVERED,WEST
ORD002949,CUST00740,2025-11-18 05:49:23,SHIPPED,CENTRAL
ORD002950,CUST00795,2025-03-20 21:46:48,DELIVERED,WEST
ORD002951,CUST00267,2025-11-18 12:01:39,DELIVERED,CENTRAL
ORD002952,CUST00188,2025-07-24 19:54:15,DELIVERED,CENTRAL
ORD002953,CUST00894,2025-12-09 07:21:35,DELIVERED,SOUTH
ORD002954,CUST00894,2025-02-19 18:42:20,DELIVERED,NORTH
ORD002955,CUST00599,2026-06-19 10:58:32,DELIVERED,CENTRAL
ORD002956,CUST00261,2026-01-29 21:38:55,SHIPPED,SOUTH
ORD002957,CUST00643,2025-05-26 17:36:40,DELIVERED,NORTH
ORD002958,CUST00103,2025-04-11 23:12:10,RETURNED,NORTH
ORD002959,CUST00990,2026-02-03 20:34:16,DELIVERED,CENTRAL
ORD002960,CUST00941,2026-07-31 21:48:46,DELIVERED,NORTH
ORD002961,CUST00051,2026-01-12 12:02:44,PLACED,SOUTH
ORD002962,CUST00361,2025-03-22 10:39:58,DELIVERED,EAST
ORD002963,CUST00183,2026-04-10 14:50:20,CANCELLED,NORTH
ORD002964,CUST00177,2025-05-17 07:36:39,DELIVERED,WEST
ORD002965,CUST00256,2025-06-21 02:54:50,SHIPPED,NORTH
ORD002966,CUST00297,2025-04-27 05:44:37,DELIVERED,WEST
ORD002967,CUST00702,2025-07-22 11:17:54,DELIVERED,SOUTH
ORD002968,CUST00758,26-07-2026,DELIVERED,SOUTH
ORD002969,CUST00297,2025-08-17 16:31:44,CANCELLED,NORTH
ORD002970,CUST00861,2026-02-07 18:45:03,DELIVERED,EAST
ORD002971,,27-12-2025,SHIPPED,EAST
ORD002972,CUST00387,2026-01-30 04:14:25,PLACED,EAST
ORD002973,CUST00699,2025-12-15 02:57:40,DELIVERED,SOUTH
ORD002974,CUST00650,2026-05-27 00:45:11,RETURNED,CENTRAL
ORD002975,CUST00425,2025-07-01 02:37:51,DELIVERED,WEST
ORD002976,CUST00814,2025-05-13 10:16:56,DELIVERED,SOUTH
ORD002977,,2025-03-04 13:37:27,DELIVERED,NORTH
ORD002978,CUST00620,14-04-2025,DELIVERED,SOUTH
ORD002979,CUST00293,2025-04-01 21:30:56,RETURNED,WEST
ORD002980,CUST00156,2026-04-05 08:43:33,DELIVERED,CENTRAL
ORD002981,CUST00447,2025-07-09 19:16:13,DELIVERED,SOUTH
ORD002982,CUST00177,2026-04-29 10:48:19,DELIVERED,SOUTH
ORD002983,,2025-10-20 19:28:35,DELIVERED,CENTRAL
ORD002984,CUST00662,2026-06-04 11:46:04,PLACED,SOUTH
ORD002985,CUST00229,2026-05-24 12:30:59,CANCELLED,NORTH
ORD002986,CUST00548,2025-06-24 08:02:33,SHIPPED,NORTH
ORD002987,CUST00156,2025-03-15 07:01:13,SHIPPED,NORTH
ORD002988,CUST00304,2026-02-02 04:28:29,CANCELLED,EAST
ORD002989,CUST00891,2025-12-05 05:11:38,DELIVERED,WEST
ORD002990,CUST00009,2025-03-22 18:20:59,SHIPPED,EAST
ORD002991,CUST00551,2025-02-15 10:17:19,RETURNED,SOUTH
ORD002992,CUST00690,2025-01-01 17:53:44,DELIVERED,CENTRAL
ORD002993,CUST00938,2026-01-22 16:11:12,DELIVERED,SOUTH
ORD002994,CUST00534,2025-09-12 05:10:09,RETURNED,WEST
ORD002995,CUST00892,2025-11-07 03:24:46,DELIVERED,NORTH
ORD002996,CUST00742,2025-04-11 10:20:55,DELIVERED,NORTH
ORD002997,CUST00733,2025-12-05 17:50:31,SHIPPED,SOUTH
ORD002998,CUST00313,2026-06-21 01:49:55,SHIPPED,CENTRAL
ORD002999,CUST00223,2025-03-29 14:08:45,DELIVERED,CENTRAL
ORD003000,CUST00582,2026-06-28 17:16:41,PLACED,CENTRAL
ORD003001,CUST00846,2025-11-12 13:04:21,DELIVERED,CENTRAL
ORD003002,CUST00708,2026-02-14 05:07:13,SHIPPED,SOUTH
ORD003003,CUST00563,2025-01-16 11:00:27,CANCELLED,WEST
ORD003004,CUST00756,2026-06-19 12:46:14,DELIVERED,NORTH
ORD003005,,2025-06-02 18:54:42,DELIVERED,SOUTH
ORD003006,CUST00194,16-03-2025,DELIVERED,EAST
ORD003007,CUST00277,2025-07-09 17:33:22,CANCELLED,CENTRAL
ORD003008,CUST00958,2025-10-03 22:51:46,SHIPPED,WEST
ORD003009,CUST00631,2025-05-13 18:06:24,DELIVERED,CENTRAL
ORD003010,CUST00462,2025-11-06 05:15:47,DELIVERED,WEST
ORD003011,CUST00956,2025-07-09 13:42:46,SHIPPED,CENTRAL
ORD003012,CUST00212,2026-01-25 14:31:57,DELIVERED,SOUTH
ORD003013,CUST00496,2025-11-13 12:31:08,PLACED,EAST
ORD003014,CUST00905,2026-05-06 04:40:03,RETURNED,WEST
ORD003015,CUST00466,2025-03-23 08:46:19,DELIVERED,NORTH
ORD003016,,2025-02-27 18:38:52,DELIVERED,SOUTH
ORD003017,CUST00232,2026-07-11 19:54:53,PLACED,CENTRAL
ORD003018,CUST00749,2025-06-23 20:02:29,SHIPPED,CENTRAL
ORD003019,CUST00065,2026-02-15 09:15:02,DELIVERED,NORTH
ORD003020,CUST00918,2026-01-10 14:19:21,PLACED,NORTH
ORD003021,CUST00645,2026-07-16 20:15:08,DELIVERED,NORTH
ORD003022,CUST00957,2026-02-23 01:15:53,CANCELLED,EAST
ORD003023,CUST00077,2026-04-28 11:26:47,DELIVERED,WEST
ORD003024,CUST00941,2026-01-26 19:43:51,DELIVERED,CENTRAL
ORD003025,CUST00874,2026-02-19 04:19:58,DELIVERED,EAST
ORD003026,CUST00510,2025-05-19 09:47:49,PLACED,SOUTH
ORD003027,CUST00386,2025-10-14 07:56:14,CANCELLED,CENTRAL
ORD003028,CUST00175,2026-04-21 01:42:47,DELIVERED,NORTH
ORD003029,CUST00459,2025-06-08 13:26:44,DELIVERED,CENTRAL
ORD003030,CUST00167,2025-09-24 17:58:22,DELIVERED,WEST
ORD003031,CUST00010,2025-12-12 03:03:14,CANCELLED,CENTRAL
ORD003032,CUST00024,2025-12-12 16:22:01,DELIVERED,CENTRAL
ORD003033,CUST00605,2025-08-25 12:31:48,DELIVERED,CENTRAL
ORD003034,CUST00023,13-03-2026,DELIVERED,WEST
ORD003035,CUST00697,2026-01-22 19:57:42,DELIVERED,CENTRAL
ORD003036,CUST00292,2025-11-12 01:27:21,RETURNED,SOUTH
ORD003037,CUST00822,2026-01-27 12:30:54,SHIPPED,WEST
ORD003038,CUST00860,2025-12-22 23:59:37,DELIVERED,SOUTH
ORD003039,CUST00596,2026-02-21 15:52:10,SHIPPED,WEST
ORD003040,CUST00599,19-02-2026,SHIPPED,NORTH
ORD003041,CUST00171,2026-05-30 21:00:13,CANCELLED,NORTH
ORD003042,CUST00176,2025-04-02 20:40:02,RETURNED,SOUTH
ORD003043,CUST00985,2025-12-23 06:25:56,DELIVERED,CENTRAL
ORD003044,CUST00063,2025-01-15 01:00:06,SHIPPED,CENTRAL
ORD003045,CUST00368,2026-02-08 23:03:30,SHIPPED,CENTRAL
ORD003046,CUST00587,2026-03-08 12:06:00,DELIVERED,NORTH
ORD003047,CUST00313,2026-06-02 21:15:24,DELIVERED,CENTRAL
ORD003048,CUST00486,2025-07-23 10:23:02,DELIVERED,NORTH
ORD003049,CUST00426,03-07-2025,RETURNED,WEST
ORD003050,CUST00938,2025-01-10 21:13:04,SHIPPED,EAST
ORD003051,CUST00779,2026-06-12 06:13:05,DELIVERED,CENTRAL
ORD003052,CUST00209,2025-01-14 10:15:37,RETURNED,WEST
ORD003053,CUST00572,2025-07-22 18:29:48,SHIPPED,WEST
ORD003054,CUST00681,2025-08-17 12:05:37,DELIVERED,CENTRAL
ORD003055,CUST00936,2026-07-15 00:39:48,DELIVERED,CENTRAL
ORD003056,CUST00425,2026-05-15 05:31:27,PLACED,SOUTH
ORD003057,CUST00910,2026-06-19 07:59:04,SHIPPED,EAST
ORD003058,CUST00993,2025-07-15 18:49:56,DELIVERED,NORTH
ORD003059,CUST00281,2026-06-01 17:26:28,DELIVERED,WEST
ORD003060,CUST00384,2025-05-09 00:44:28,PLACED,SOUTH
ORD003061,CUST00130,2025-04-01 17:51:11,DELIVERED,CENTRAL
ORD003062,CUST00490,2025-04-17 08:30:16,DELIVERED,SOUTH
ORD003063,CUST00876,2025-05-21 10:21:25,PLACED,SOUTH
ORD003064,CUST00651,2026-05-18 22:34:42,DELIVERED,NORTH
ORD003065,CUST00315,2026-01-09 03:18:39,DELIVERED,EAST
ORD003066,CUST00334,2025-10-17 05:23:40,DELIVERED,EAST
ORD003067,CUST00869,2025-06-30 00:19:27,DELIVERED,WEST
ORD003068,CUST00993,2025-04-17 13:13:06,DELIVERED,SOUTH
ORD003069,CUST00719,2026-04-08 20:58:42,DELIVERED,WEST
ORD003070,CUST00190,2025-03-12 23:54:17,PLACED,WEST
ORD003071,CUST00798,2026-05-13 04:11:21,RETURNED,WEST
ORD003072,CUST00791,2025-07-30 06:12:45,DELIVERED,SOUTH
ORD003073,CUST00570,2025-09-07 07:35:39,DELIVERED,EAST
ORD003074,CUST00599,2026-06-04 07:29:02,DELIVERED,EAST
ORD003075,CUST00880,2025-08-31 19:48:17,SHIPPED,CENTRAL
ORD003076,CUST00378,2026-04-23 15:27:27,PLACED,EAST
ORD003077,CUST00542,2026-05-10 13:32:46,DELIVERED,NORTH
ORD003078,CUST00466,2025-08-27 15:40:22,SHIPPED,EAST
ORD003079,CUST00366,2025-04-20 15:09:12,CANCELLED,EAST
ORD003080,CUST00809,2025-12-25 06:12:47,DELIVERED,CENTRAL
ORD003081,CUST00267,2025-08-13 18:31:35,DELIVERED,NORTH
ORD003082,CUST00501,2026-02-01 13:15:02,SHIPPED,NORTH
ORD003083,CUST00432,2025-03-06 13:57:05,PLACED,SOUTH
ORD003084,CUST00660,2026-02-09 19:13:53,RETURNED,WEST
ORD003085,CUST00526,2026-01-04 12:05:44,CANCELLED,CENTRAL
ORD003086,CUST00814,2025-05-16 05:14:27,DELIVERED,NORTH
ORD003087,CUST00569,2025-12-04 17:09:54,DELIVERED,EAST
ORD003088,CUST00456,2026-06-22 02:40:17,DELIVERED,SOUTH
ORD003089,CUST00747,2025-06-25 20:53:24,CANCELLED,CENTRAL
ORD003090,CUST00525,2026-03-15 11:30:35,DELIVERED,WEST
ORD003091,CUST00286,2025-10-24 07:58:20,DELIVERED,WEST
ORD003092,CUST00956,2025-05-07 06:48:33,DELIVERED,NORTH
ORD003093,CUST00230,2025-06-13 00:49:20,SHIPPED,CENTRAL
ORD003094,CUST00910,2025-10-20 02:27:50,DELIVERED,EAST
ORD003095,CUST00602,2026-03-23 16:55:52,PLACED,NORTH
ORD003096,CUST00546,2026-04-08 14:22:01,DELIVERED,CENTRAL
ORD003097,,2025-07-01 17:11:29,DELIVERED,EAST
ORD003098,CUST00722,2025-03-08 00:13:25,DELIVERED,CENTRAL
ORD003099,CUST00295,2025-05-13 04:46:48,DELIVERED,CENTRAL
ORD003100,CUST00305,2026-04-26 23:42:57,RETURNED,CENTRAL
ORD003101,CUST00597,2025-10-15 22:34:31,DELIVERED,EAST
ORD003102,CUST00912,2026-01-16 19:26:59,DELIVERED,EAST
ORD003103,CUST00130,2026-02-07 14:02:58,CANCELLED,NORTH
ORD003104,CUST00074,2025-12-09 14:50:15,DELIVERED,CENTRAL
ORD003105,CUST00919,2026-05-30 15:17:08,CANCELLED,SOUTH
ORD003106,CUST00554,2025-05-26 15:50:21,RETURNED,WEST
ORD003107,CUST00474,2025-01-12 04:13:29,DELIVERED,CENTRAL
ORD003108,CUST00989,2025-07-24 00:56:10,CANCELLED,EAST
ORD003109,CUST00212,2025-11-27 11:02:18,CANCELLED,CENTRAL
ORD003110,CUST00536,2025-03-23 09:49:17,DELIVERED,NORTH
ORD003111,CUST00515,2025-09-23 10:06:14,CANCELLED,NORTH
ORD003112,CUST00592,2025-07-10 21:19:47,RETURNED,CENTRAL
ORD003113,CUST00968,2025-09-19 09:55:16,CANCELLED,NORTH
ORD003114,CUST00633,2026-05-26 01:36:38,RETURNED,CENTRAL
ORD003115,CUST00171,2025-03-23 20:10:02,DELIVERED,EAST
ORD003116,CUST00574,2025-11-27 06:46:36,DELIVERED,SOUTH
ORD003117,CUST00383,2025-03-11 11:06:03,DELIVERED,CENTRAL
ORD003118,CUST00022,2026-07-15 17:25:17,DELIVERED,EAST
ORD003119,CUST00690,03-11-2025,DELIVERED,NORTH
ORD003120,CUST00807,2026-03-30 23:44:23,SHIPPED,CENTRAL
ORD003121,CUST00588,2026-01-04 09:47:23,DELIVERED,EAST
ORD003122,CUST00250,2026-07-16 23:08:49,DELIVERED,CENTRAL
ORD003123,CUST00548,2025-03-20 11:58:32,DELIVERED,NORTH
ORD003124,CUST00063,2025-04-16 08:18:28,DELIVERED,SOUTH
ORD003125,CUST00928,2025-09-24 14:39:46,DELIVERED,CENTRAL
ORD003126,CUST00389,2025-11-09 06:53:07,DELIVERED,SOUTH
ORD003127,CUST00522,2026-07-14 17:24:50,DELIVERED,SOUTH
ORD003128,CUST00818,2026-04-26 13:04:03,PLACED,EAST
ORD003129,CUST00999,2025-12-01 03:32:34,DELIVERED,EAST
ORD003130,CUST00253,2025-03-08 18:11:27,CANCELLED,WEST
ORD003131,CUST00500,2026-03-18 06:08:53,DELIVERED,NORTH
ORD003132,CUST00298,2025-07-11 03:37:26,DELIVERED,NORTH
ORD003133,CUST00859,2026-01-30 14:53:21,DELIVERED,SOUTH
ORD003134,CUST00876,2025-05-04 00:56:17,DELIVERED,WEST
ORD003135,CUST00352,2025-07-13 16:40:06,DELIVERED,WEST
ORD003136,CUST00263,2025-02-23 08:26:13,DELIVERED,NORTH
ORD003137,,2025-03-23 10:25:01,DELIVERED,EAST
ORD003138,CUST00210,2025-09-18 00:25:04,CANCELLED,EAST
ORD003139,CUST00272,2025-02-03 06:51:02,RETURNED,NORTH
ORD003140,CUST00574,01-03-2026,DELIVERED,SOUTH
ORD003141,,2025-04-21 20:18:20,SHIPPED,SOUTH
ORD003142,CUST00522,2025-03-21 13:46:48,SHIPPED,EAST
ORD003143,CUST00542,2026-03-26 17:33:31,DELIVERED,SOUTH
ORD003144,CUST00590,2025-11-16 19:47:22,PLACED,WEST
ORD003145,CUST00712,2026-05-28 01:47:18,DELIVERED,NORTH
ORD003146,CUST00178,2026-01-28 18:07:00,CANCELLED,CENTRAL
ORD003147,CUST00784,2025-07-29 10:07:34,DELIVERED,EAST
ORD003148,CUST00724,2025-07-04 04:24:50,DELIVERED,CENTRAL
ORD003149,CUST00465,2025-04-16 11:12:42,SHIPPED,EAST
ORD003150,CUST00022,2026-05-14 12:05:03,CANCELLED,CENTRAL
ORD003151,CUST00808,2025-03-24 01:36:50,CANCELLED,EAST
ORD003152,CUST00785,2025-01-28 06:35:13,RETURNED,CENTRAL
ORD003153,CUST00536,2025-02-20 11:47:43,SHIPPED,WEST
ORD003154,CUST00766,2025-10-06 22:56:01,SHIPPED,SOUTH
ORD003155,CUST00291,2026-01-04 20:42:33,CANCELLED,NORTH
ORD003156,CUST00009,15-04-2026,RETURNED,EAST
ORD003157,CUST00846,2026-05-10 16:58:01,RETURNED,SOUTH
ORD003158,CUST00406,2025-04-14 11:46:42,DELIVERED,NORTH
ORD003159,CUST00070,2026-05-24 21:58:36,CANCELLED,SOUTH
ORD003160,CUST00626,2025-01-28 01:39:17,DELIVERED,WEST
ORD003161,CUST00275,2025-08-06 02:13:45,PLACED,WEST
ORD003162,CUST00859,2026-07-01 22:23:28,DELIVERED,SOUTH
ORD003163,CUST00800,2025-07-06 13:36:56,DELIVERED,NORTH
ORD003164,CUST00732,2026-04-24 13:24:51,RETURNED,SOUTH
ORD003165,CUST00284,2026-02-27 12:38:11,PLACED,CENTRAL
ORD003166,CUST00763,2025-10-30 17:55:29,CANCELLED,CENTRAL
ORD003167,CUST00188,2025-05-18 20:01:15,RETURNED,EAST
ORD003168,CUST00190,13-08-2025,CANCELLED,SOUTH
ORD003169,CUST00103,2025-03-25 19:04:18,DELIVERED,NORTH
ORD003170,CUST00392,2026-02-13 10:22:36,DELIVERED,SOUTH
ORD003171,CUST00013,2025-04-26 23:19:36,DELIVERED,SOUTH
ORD003172,CUST00953,2025-04-28 15:09:57,PLACED,EAST
ORD003173,CUST00243,2025-10-31 15:20:47,DELIVERED,SOUTH
ORD003174,CUST00370,2025-06-02 16:46:31,DELIVERED,NORTH
ORD003175,,2025-12-28 01:21:49,DELIVERED,NORTH
ORD003176,CUST00250,2025-04-17 01:41:26,DELIVERED,NORTH
ORD003177,,2025-12-25 09:01:25,DELIVERED,SOUTH
ORD003178,CUST00036,2026-05-24 05:56:24,SHIPPED,NORTH
ORD003179,CUST00833,2025-10-23 16:17:29,DELIVERED,WEST
ORD003180,CUST00671,2025-10-30 19:17:06,SHIPPED,NORTH
ORD003181,CUST00260,2025-09-03 14:38:38,DELIVERED,EAST
ORD003182,CUST00812,2025-03-28 21:29:41,SHIPPED,SOUTH
ORD003183,CUST00988,2025-02-23 03:07:05,PLACED,EAST
ORD003184,CUST00417,2025-02-11 18:47:05,SHIPPED,SOUTH
ORD003185,CUST00301,2025-04-13 07:53:52,SHIPPED,WEST
ORD003186,,2025-09-23 21:19:48,RETURNED,EAST
ORD003187,CUST00146,2026-07-24 00:03:51,DELIVERED,NORTH
ORD003188,CUST00313,2026-07-31 06:09:50,DELIVERED,WEST
ORD003189,CUST00385,25-04-2026,DELIVERED,WEST
ORD003190,CUST00362,2025-09-03 07:03:20,RETURNED,WEST
ORD003191,CUST00668,2025-12-28 15:45:41,DELIVERED,CENTRAL
ORD003192,,2026-06-10 22:33:59,RETURNED,EAST
ORD003193,CUST00360,2025-03-28 22:50:19,SHIPPED,NORTH
ORD003194,CUST00114,2025-09-06 07:03:52,DELIVERED,NORTH
ORD003195,CUST00441,2026-02-24 19:30:44,RETURNED,EAST
ORD003196,CUST00822,2026-02-21 05:09:57,SHIPPED,CENTRAL
ORD003197,CUST00900,2026-02-03 23:58:16,SHIPPED,WEST
ORD003198,CUST00061,2025-01-08 12:17:31,SHIPPED,WEST
ORD003199,CUST00524,2025-06-29 04:57:22,DELIVERED,NORTH
ORD003200,CUST00113,2026-03-21 04:44:51,SHIPPED,CENTRAL
ORD003201,CUST00448,2025-08-22 14:51:44,DELIVERED,CENTRAL
ORD003202,CUST00787,2025-06-06 14:05:47,RETURNED,SOUTH
ORD003203,CUST00805,2025-09-11 05:44:22,SHIPPED,EAST
ORD003204,CUST00277,2025-12-15 18:50:58,PLACED,SOUTH
ORD003205,CUST00588,2026-02-14 22:36:29,SHIPPED,SOUTH
ORD003206,CUST00877,2025-01-08 13:20:58,RETURNED,SOUTH
ORD003207,CUST00504,2026-06-18 01:55:03,SHIPPED,NORTH
ORD003208,CUST00337,2025-01-02 03:46:38,DELIVERED,NORTH
ORD003209,CUST00019,2026-03-03 01:35:47,SHIPPED,EAST
ORD003210,CUST00413,2025-12-19 04:40:44,SHIPPED,NORTH
ORD003211,,2026-02-09 17:51:50,DELIVERED,NORTH
ORD003212,CUST00122,2025-11-12 12:00:03,PLACED,NORTH
ORD003213,CUST00772,2026-07-30 20:22:18,CANCELLED,SOUTH
ORD003214,CUST00207,2025-12-21 18:22:07,DELIVERED,CENTRAL
ORD003215,CUST00592,2026-07-19 11:42:28,DELIVERED,NORTH
ORD003216,CUST00555,2026-07-24 09:08:25,DELIVERED,NORTH
ORD003217,CUST00888,2026-03-02 08:14:57,RETURNED,WEST
ORD003218,CUST00052,2025-01-18 21:49:33,CANCELLED,CENTRAL
ORD003219,CUST00701,2025-06-20 04:39:25,SHIPPED,NORTH
ORD003220,CUST00251,2025-12-13 03:52:34,PLACED,NORTH
ORD003221,CUST00679,2026-04-15 05:46:54,DELIVERED,EAST
ORD003222,CUST00145,2026-03-22 07:39:59,DELIVERED,NORTH
ORD003223,CUST00267,01-06-2026,DELIVERED,EAST
ORD003224,CUST00285,2025-11-17 16:30:34,DELIVERED,WEST
ORD003225,CUST00622,2026-04-09 21:10:56,DELIVERED,EAST
ORD003226,CUST00443,2025-12-10 00:19:58,PLACED,NORTH
ORD003227,CUST00274,2026-05-16 04:19:46,CANCELLED,CENTRAL
ORD003228,CUST00706,2026-01-29 19:05:00,SHIPPED,SOUTH
ORD003229,CUST00611,2025-08-13 11:05:19,SHIPPED,WEST
ORD003230,CUST00544,2025-09-27 06:02:09,PLACED,EAST
ORD003231,CUST00927,2025-04-16 14:09:52,DELIVERED,EAST
ORD003232,CUST00198,2025-11-16 16:30:57,RETURNED,SOUTH
ORD003233,CUST00466,14-01-2025,PLACED,CENTRAL
ORD003234,CUST00791,2026-03-11 23:24:42,DELIVERED,EAST
ORD003235,CUST00119,2026-06-18 07:29:56,PLACED,SOUTH
ORD003236,CUST00998,2025-09-12 06:30:24,PLACED,WEST
ORD003237,CUST00033,2025-02-17 05:59:43,SHIPPED,NORTH
ORD003238,CUST00419,2025-01-19 06:39:41,SHIPPED,SOUTH
ORD003239,CUST00470,09-03-2025,DELIVERED,SOUTH
ORD003240,CUST00926,2025-04-09 18:17:24,RETURNED,WEST
ORD003241,CUST00092,08-04-2025,RETURNED,CENTRAL
ORD003242,CUST00012,2026-01-22 14:53:26,DELIVERED,EAST
ORD003243,CUST00835,2026-07-22 09:45:08,DELIVERED,EAST
ORD003244,CUST00048,2025-08-26 06:12:54,CANCELLED,WEST
ORD003245,CUST00225,2026-05-08 10:51:38,CANCELLED,NORTH
ORD003246,CUST00091,2025-09-16 13:38:12,DELIVERED,SOUTH
ORD003247,CUST00317,2026-01-18 00:09:13,SHIPPED,EAST
ORD003248,CUST00432,2025-03-06 12:36:52,DELIVERED,SOUTH
ORD003249,CUST00326,2025-03-20 21:09:20,SHIPPED,WEST
ORD003250,CUST00188,2025-11-03 05:11:11,PLACED,WEST
ORD003251,CUST00721,2025-10-28 22:09:35,RETURNED,WEST
ORD003252,CUST00877,2025-04-11 23:47:09,PLACED,CENTRAL
ORD003253,CUST00906,2025-11-14 12:01:14,DELIVERED,EAST
ORD003254,CUST00301,2026-01-03 15:02:39,PLACED,SOUTH
ORD003255,CUST00655,2025-06-11 07:41:14,PLACED,NORTH
ORD003256,CUST00311,2026-01-24 19:49:59,RETURNED,SOUTH
ORD003257,CUST00321,2025-07-31 04:07:17,DELIVERED,EAST
ORD003258,CUST00900,2026-07-28 22:28:48,DELIVERED,NORTH
ORD003259,CUST00345,2026-05-10 22:14:08,SHIPPED,EAST
ORD003260,CUST00263,2026-03-23 11:38:45,PLACED,WEST
ORD003261,CUST00284,2025-08-08 20:31:33,PLACED,NORTH
ORD003262,CUST00728,2026-04-21 17:03:55,SHIPPED,CENTRAL
ORD003263,CUST00151,2025-12-27 02:07:03,CANCELLED,WEST
ORD003264,CUST00231,2025-09-20 00:54:19,DELIVERED,CENTRAL
ORD003265,CUST00515,2025-05-19 20:30:58,DELIVERED,EAST
ORD003266,CUST00430,21-02-2026,DELIVERED,EAST
ORD003267,CUST00019,2025-09-27 18:27:08,CANCELLED,NORTH
ORD003268,CUST00165,2025-10-16 05:14:43,DELIVERED,EAST
ORD003269,CUST00744,2025-05-25 20:23:25,PLACED,WEST
ORD003270,CUST00626,2026-02-15 00:37:51,CANCELLED,SOUTH
ORD003271,CUST00103,2026-07-09 05:09:45,CANCELLED,WEST
ORD003272,CUST00060,2025-06-07 09:24:15,RETURNED,SOUTH
ORD003273,CUST00458,2026-03-04 18:53:16,DELIVERED,NORTH
ORD003274,CUST00827,2025-08-03 09:25:55,PLACED,EAST
ORD003275,CUST00487,2025-04-01 16:52:14,DELIVERED,WEST
ORD003276,CUST00604,2025-12-29 10:42:09,DELIVERED,NORTH
ORD003277,CUST00108,2026-05-05 14:24:25,CANCELLED,SOUTH
ORD003278,CUST00963,2025-10-03 13:33:04,DELIVERED,NORTH
ORD003279,CUST00265,2025-03-18 12:35:11,SHIPPED,WEST
ORD003280,CUST00337,2025-10-11 05:43:42,DELIVERED,NORTH
ORD003281,CUST00449,2025-09-22 15:35:42,DELIVERED,NORTH
ORD003282,,2025-05-10 07:11:03,DELIVERED,WEST
ORD003283,CUST00004,2026-01-02 08:38:16,DELIVERED,NORTH
ORD003284,CUST00480,2025-03-28 22:55:11,SHIPPED,NORTH
ORD003285,CUST00525,2025-03-28 06:27:40,DELIVERED,SOUTH
ORD003286,CUST00208,2026-06-10 17:19:33,DELIVERED,WEST
ORD003287,CUST00503,2025-04-04 16:24:59,DELIVERED,SOUTH
ORD003288,,2025-11-22 14:55:35,SHIPPED,NORTH
ORD003289,CUST00294,01-03-2026,DELIVERED,CENTRAL
ORD003290,CUST00361,2025-12-28 13:57:38,DELIVERED,NORTH
ORD003291,CUST00264,2026-06-04 17:28:52,SHIPPED,SOUTH
ORD003292,CUST00405,2025-05-25 15:26:50,CANCELLED,WEST
ORD003293,CUST00809,2025-10-26 14:42:01,DELIVERED,CENTRAL
ORD003294,CUST00467,2025-07-21 14:57:06,DELIVERED,WEST
ORD003295,CUST00699,2026-06-15 05:18:53,DELIVERED,NORTH
ORD003296,CUST00871,2025-10-11 06:04:27,RETURNED,SOUTH
ORD003297,CUST00057,2026-07-26 12:18:14,DELIVERED,EAST
ORD003298,CUST00398,26-02-2025,RETURNED,SOUTH
ORD003299,CUST00048,2026-05-19 22:05:36,SHIPPED,SOUTH
ORD003300,CUST00217,2026-06-30 21:26:41,SHIPPED,CENTRAL
ORD003301,CUST00592,2025-04-17 08:59:57,CANCELLED,CENTRAL
ORD003302,CUST00025,2025-01-08 22:29:38,SHIPPED,WEST
ORD003303,CUST00829,2025-02-27 22:32:15,DELIVERED,SOUTH
ORD003304,,2025-03-20 09:32:46,PLACED,WEST
ORD003305,CUST00782,2026-07-09 19:38:48,DELIVERED,EAST
ORD003306,CUST00814,2025-07-10 08:23:57,CANCELLED,CENTRAL
ORD003307,CUST00239,2025-08-29 16:10:31,PLACED,EAST
ORD003308,,2025-04-03 00:50:32,SHIPPED,WEST
ORD003309,CUST00788,2025-05-01 18:08:07,CANCELLED,CENTRAL
ORD003310,CUST00877,2025-04-05 23:27:17,SHIPPED,EAST
ORD003311,CUST00784,2025-03-28 08:18:17,DELIVERED,WEST
ORD003312,CUST00338,2025-03-18 11:48:38,DELIVERED,CENTRAL
ORD003313,CUST00101,2025-09-23 03:31:35,SHIPPED,NORTH
ORD003314,CUST00832,2026-04-10 21:55:42,SHIPPED,WEST
ORD003315,,2025-08-18 15:03:02,DELIVERED,EAST
ORD003316,CUST00433,2025-12-26 07:02:28,PLACED,NORTH
ORD003317,CUST00028,2025-12-24 19:55:54,CANCELLED,WEST
ORD003318,CUST00394,2025-07-24 17:23:01,DELIVERED,SOUTH
ORD003319,CUST00741,2025-02-17 12:52:38,DELIVERED,EAST
ORD003320,CUST00543,2025-01-13 09:15:00,CANCELLED,EAST
ORD003321,CUST00861,2025-08-23 08:21:31,DELIVERED,WEST
ORD003322,CUST00393,2025-02-08 16:32:08,SHIPPED,EAST
ORD003323,CUST00404,2026-06-17 06:00:28,RETURNED,WEST
ORD003324,CUST00529,2025-08-22 05:12:11,DELIVERED,WEST
ORD003325,CUST00011,2025-12-12 21:21:29,DELIVERED,SOUTH
ORD003326,CUST00969,2025-02-22 12:06:51,DELIVERED,EAST
ORD003327,CUST00562,2025-11-08 09:04:13,DELIVERED,EAST
ORD003328,CUST00224,2026-02-15 21:31:56,DELIVERED,WEST
ORD003329,CUST00417,2026-06-06 19:40:06,DELIVERED,CENTRAL
ORD003330,CUST00536,2025-11-02 13:12:55,SHIPPED,NORTH
ORD003331,CUST00799,2025-10-15 18:55:28,SHIPPED,EAST
ORD003332,CUST00704,2026-02-12 15:28:16,DELIVERED,SOUTH
ORD003333,CUST00592,2025-11-21 18:19:21,RETURNED,EAST
ORD003334,CUST00461,2025-11-30 06:20:17,DELIVERED,EAST
ORD003335,CUST00672,2026-07-28 02:49:52,DELIVERED,WEST
ORD003336,CUST00903,2025-12-26 21:54:22,DELIVERED,EAST
ORD003337,CUST00871,2025-03-01 18:54:27,CANCELLED,SOUTH
ORD003338,CUST00540,2025-07-21 16:38:11,SHIPPED,SOUTH
ORD003339,CUST00768,2025-04-12 03:48:38,SHIPPED,NORTH
ORD003340,CUST00180,2026-05-15 19:03:21,SHIPPED,NORTH
ORD003341,CUST00851,2025-10-16 03:47:13,DELIVERED,CENTRAL
ORD003342,CUST00504,2025-03-24 19:18:58,PLACED,EAST
ORD003343,CUST00905,2026-02-26 21:53:41,SHIPPED,CENTRAL
ORD003344,CUST00567,2025-06-30 17:38:11,SHIPPED,NORTH
ORD003345,CUST00979,26-03-2026,DELIVERED,SOUTH
ORD003346,CUST00921,2025-05-20 22:51:05,RETURNED,CENTRAL
ORD003347,CUST00015,2025-03-16 07:08:42,CANCELLED,SOUTH
ORD003348,CUST00276,2026-01-20 19:57:46,PLACED,CENTRAL
ORD003349,,2025-02-25 11:58:40,CANCELLED,NORTH
ORD003350,CUST00826,2025-03-04 10:29:10,SHIPPED,NORTH
ORD003351,CUST00702,2025-01-09 08:57:34,SHIPPED,SOUTH
ORD003352,CUST00424,2025-12-23 09:21:37,RETURNED,WEST
ORD003353,CUST00874,2025-03-29 20:56:30,DELIVERED,CENTRAL
ORD003354,CUST00455,2025-12-03 12:00:56,RETURNED,NORTH
ORD003355,CUST00981,2026-03-14 03:45:21,DELIVERED,EAST
ORD003356,CUST00161,2025-09-29 16:38:01,DELIVERED,CENTRAL
ORD003357,CUST00716,2026-04-14 20:21:03,DELIVERED,SOUTH
ORD003358,CUST00162,2026-01-19 02:57:49,CANCELLED,SOUTH
ORD003359,CUST00121,2025-10-29 01:41:56,DELIVERED,EAST
ORD003360,CUST00577,2025-11-30 09:34:32,CANCELLED,WEST
ORD003361,CUST00662,2025-09-15 04:40:02,DELIVERED,SOUTH
ORD003362,CUST00312,2025-10-04 10:24:51,DELIVERED,EAST
ORD003363,CUST00642,2026-04-01 10:59:32,DELIVERED,NORTH
ORD003364,CUST00560,2025-12-04 18:10:26,PLACED,WEST
ORD003365,CUST00772,2025-11-17 14:50:16,PLACED,NORTH
ORD003366,CUST00682,2026-07-10 06:06:46,DELIVERED,SOUTH
ORD003367,CUST00170,2025-05-25 14:28:28,RETURNED,EAST
ORD003368,CUST00244,2026-04-27 07:58:49,SHIPPED,CENTRAL
ORD003369,CUST00599,2025-06-24 21:29:00,SHIPPED,SOUTH
ORD003370,CUST00178,2025-01-06 02:17:50,SHIPPED,NORTH
ORD003371,,2025-10-18 16:19:50,CANCELLED,EAST
ORD003372,CUST00061,2025-03-30 04:12:19,DELIVERED,EAST
ORD003373,CUST00816,2026-07-12 14:52:40,PLACED,WEST
ORD003374,CUST00833,2026-03-07 14:28:00,SHIPPED,SOUTH
ORD003375,CUST00774,2025-07-10 18:22:35,SHIPPED,SOUTH
ORD003376,CUST00168,2026-04-05 21:27:36,PLACED,CENTRAL
ORD003377,,2026-03-15 07:53:08,DELIVERED,SOUTH
ORD003378,CUST00852,2025-07-29 07:12:22,PLACED,CENTRAL
ORD003379,CUST00799,2025-09-16 21:54:12,DELIVERED,CENTRAL
ORD003380,CUST00138,2025-02-13 20:09:07,SHIPPED,WEST
ORD003381,CUST00078,2026-01-09 16:45:58,DELIVERED,EAST
ORD003382,CUST00929,2025-01-12 13:31:21,DELIVERED,EAST
ORD003383,CUST00580,2025-06-07 18:58:50,DELIVERED,NORTH
ORD003384,CUST00186,2025-11-04 05:05:13,DELIVERED,NORTH
ORD003385,CUST00238,2026-07-16 05:15:16,RETURNED,EAST
ORD003386,CUST00155,2026-06-03 16:19:03,DELIVERED,WEST
ORD003387,CUST00106,2025-04-21 04:35:34,CANCELLED,WEST
ORD003388,CUST00829,27-06-2025,DELIVERED,SOUTH
ORD003389,CUST00901,2026-02-19 00:41:58,DELIVERED,SOUTH
ORD003390,CUST00196,2025-05-10 02:28:42,PLACED,SOUTH
ORD003391,CUST00364,2025-01-08 17:09:58,SHIPPED,SOUTH
ORD003392,CUST00656,2025-03-23 14:35:58,DELIVERED,NORTH
ORD003393,CUST00453,2026-01-12 19:11:20,DELIVERED,SOUTH
ORD003394,CUST00620,2025-04-09 12:39:06,DELIVERED,SOUTH
ORD003395,CUST00096,2026-01-25 16:42:30,DELIVERED,EAST
ORD003396,CUST00692,2025-09-07 14:08:19,DELIVERED,NORTH
ORD003397,CUST00754,2025-01-06 18:23:13,DELIVERED,WEST
ORD003398,,2026-01-18 16:46:01,CANCELLED,SOUTH
ORD003399,CUST00902,2025-07-02 02:59:22,DELIVERED,CENTRAL
ORD003400,CUST00098,2025-10-06 01:00:55,RETURNED,SOUTH
ORD003401,CUST00734,2026-02-26 16:25:16,RETURNED,EAST
ORD003402,CUST00533,2025-09-17 01:42:07,DELIVERED,EAST
ORD003403,CUST00544,2025-05-30 05:06:17,DELIVERED,EAST
ORD003404,CUST00728,2026-01-07 03:19:16,DELIVERED,NORTH
ORD003405,CUST00273,2025-11-06 01:22:01,DELIVERED,SOUTH
ORD003406,CUST00947,2025-06-18 07:42:04,DELIVERED,EAST
ORD003407,CUST00083,2026-03-31 20:25:00,DELIVERED,SOUTH
ORD003408,CUST00359,2025-01-07 16:44:29,DELIVERED,EAST
ORD003409,CUST00680,2026-05-09 16:59:36,DELIVERED,EAST
ORD003410,CUST00566,2025-11-16 09:07:17,DELIVERED,SOUTH
ORD003411,CUST00093,2025-05-12 16:12:48,SHIPPED,EAST
ORD003412,CUST00584,2026-03-22 08:54:26,PLACED,NORTH
ORD003413,CUST00671,2025-11-21 06:51:56,CANCELLED,WEST
ORD003414,,2025-11-15 09:15:50,SHIPPED,EAST
ORD003415,CUST00054,2026-03-28 01:15:52,SHIPPED,NORTH
ORD003416,CUST00292,2026-05-18 13:15:02,DELIVERED,CENTRAL
ORD003417,CUST00756,2025-03-07 13:22:15,SHIPPED,SOUTH
ORD003418,CUST00182,2025-04-15 10:40:47,CANCELLED,NORTH
ORD003419,CUST00607,2025-06-22 13:58:25,PLACED,NORTH
ORD003420,CUST00022,2026-02-15 18:58:28,DELIVERED,NORTH
ORD003421,CUST00288,2025-11-07 20:53:20,DELIVERED,WEST
ORD003422,CUST00057,2026-01-04 04:01:50,CANCELLED,WEST
ORD003423,CUST00726,2026-02-13 08:09:37,DELIVERED,NORTH
ORD003424,CUST00234,2025-12-26 15:28:59,SHIPPED,NORTH
ORD003425,CUST00436,2026-05-27 21:17:55,SHIPPED,NORTH
ORD003426,CUST00889,2025-06-03 23:13:34,SHIPPED,CENTRAL
ORD003427,CUST00730,2025-03-14 08:30:24,SHIPPED,SOUTH
ORD003428,CUST00399,2025-09-29 01:11:55,CANCELLED,NORTH
ORD003429,CUST00202,2025-12-24 02:40:20,DELIVERED,WEST
ORD003430,CUST00489,2025-11-23 09:31:45,DELIVERED,WEST
ORD003431,CUST00214,2025-07-14 23:07:32,SHIPPED,NORTH
ORD003432,CUST00902,2025-11-29 21:03:56,DELIVERED,EAST
ORD003433,CUST00564,09-12-2025,PLACED,WEST
ORD003434,CUST00579,2025-05-27 15:13:09,DELIVERED,NORTH
ORD003435,CUST00294,2026-03-12 05:54:11,DELIVERED,EAST
ORD003436,CUST00509,2025-05-11 15:48:56,DELIVERED,EAST
ORD003437,CUST00514,2025-10-29 22:17:16,DELIVERED,NORTH
ORD003438,CUST00896,2025-08-16 21:46:50,DELIVERED,SOUTH
ORD003439,CUST00780,2025-04-17 06:25:31,DELIVERED,EAST
ORD003440,CUST00178,2025-06-03 16:22:39,DELIVERED,EAST
ORD003441,CUST00013,2025-01-03 11:53:34,SHIPPED,EAST
ORD003442,CUST00321,2026-01-10 03:42:09,SHIPPED,NORTH
ORD003443,CUST00286,2025-07-02 02:34:24,DELIVERED,NORTH
ORD003444,CUST00034,2026-03-28 16:53:50,DELIVERED,NORTH
ORD003445,CUST00438,2025-02-08 18:24:27,CANCELLED,WEST
ORD003446,CUST00301,2025-06-22 12:47:03,RETURNED,CENTRAL
ORD003447,CUST00218,2025-12-21 23:46:35,DELIVERED,NORTH
ORD003448,CUST00463,2026-05-22 06:54:08,DELIVERED,WEST
ORD003449,CUST00425,2025-12-30 00:06:24,CANCELLED,SOUTH
ORD003450,CUST00947,2025-02-22 03:38:48,SHIPPED,NORTH
ORD003451,CUST00837,2026-02-06 23:26:36,DELIVERED,NORTH
ORD003452,CUST00487,2026-06-25 10:14:28,CANCELLED,NORTH
ORD003453,CUST00316,2025-09-17 19:55:58,DELIVERED,CENTRAL
ORD003454,CUST00298,2025-07-03 10:51:41,DELIVERED,WEST
ORD003455,,2025-01-29 08:30:07,SHIPPED,EAST
ORD003456,CUST00607,2026-01-31 12:06:08,PLACED,WEST
ORD003457,CUST00682,13-06-2025,DELIVERED,NORTH
ORD003458,CUST00139,2025-05-23 04:02:44,DELIVERED,WEST
ORD003459,CUST00658,2025-08-07 10:07:15,DELIVERED,CENTRAL
ORD003460,CUST00663,2026-01-29 20:24:30,SHIPPED,EAST
ORD003461,CUST00828,2025-02-06 06:22:48,DELIVERED,CENTRAL
ORD003462,CUST00312,2026-06-12 23:13:18,DELIVERED,CENTRAL
ORD003463,CUST00516,2026-01-10 01:15:43,PLACED,EAST
ORD003464,CUST00653,2025-09-08 14:41:05,CANCELLED,EAST
ORD003465,CUST00143,2025-04-02 14:42:52,PLACED,CENTRAL
ORD003466,CUST00717,2025-03-02 09:21:20,DELIVERED,WEST
ORD003467,,2025-10-31 12:11:07,CANCELLED,NORTH
ORD003468,CUST00167,2026-03-25 20:28:19,DELIVERED,NORTH
ORD003469,CUST00967,2026-03-27 16:01:16,DELIVERED,CENTRAL
ORD003470,CUST00083,2026-06-07 15:50:16,CANCELLED,SOUTH
ORD003471,CUST00576,2025-04-30 13:14:52,DELIVERED,SOUTH
ORD003472,CUST00239,2025-12-27 03:04:22,DELIVERED,NORTH
ORD003473,CUST00843,2025-08-28 04:48:31,SHIPPED,CENTRAL
ORD003474,CUST00031,2025-06-10 04:43:10,DELIVERED,SOUTH
ORD003475,CUST00090,2026-06-08 22:55:47,RETURNED,EAST
ORD003476,CUST00656,2026-04-13 04:50:53,SHIPPED,EAST
ORD003477,CUST00626,2025-11-22 02:16:39,RETURNED,CENTRAL
ORD003478,CUST00632,2025-09-22 01:39:36,DELIVERED,NORTH
ORD003479,CUST00622,2026-02-17 01:16:22,RETURNED,SOUTH
ORD003480,CUST00525,2026-07-31 17:11:14,DELIVERED,SOUTH
ORD003481,CUST00715,2025-04-24 22:39:01,DELIVERED,NORTH
ORD003482,CUST00552,2025-03-28 17:13:59,DELIVERED,NORTH
ORD003483,CUST00386,2026-05-13 19:06:48,SHIPPED,NORTH
ORD003484,CUST00661,2026-02-14 21:06:51,DELIVERED,NORTH
ORD003485,CUST00667,2025-07-16 04:45:47,DELIVERED,SOUTH
ORD003486,CUST00670,2026-02-01 21:46:18,PLACED,WEST
ORD003487,CUST00118,2026-01-05 16:25:31,DELIVERED,SOUTH
ORD003488,CUST00306,2025-02-03 00:50:26,PLACED,NORTH
ORD003489,CUST00553,2025-01-25 10:11:09,CANCELLED,NORTH
ORD003490,CUST00412,2025-04-27 16:21:10,DELIVERED,WEST
ORD003491,CUST00667,2025-08-18 21:30:44,CANCELLED,EAST
ORD003492,CUST00031,2026-05-29 00:51:41,DELIVERED,CENTRAL
ORD003493,CUST00594,2025-09-21 05:09:48,SHIPPED,WEST
ORD003494,CUST00091,2025-02-28 10:59:05,PLACED,CENTRAL
ORD003495,CUST00737,2026-04-11 21:50:34,DELIVERED,NORTH
ORD003496,CUST00484,2025-11-12 11:04:56,PLACED,NORTH
ORD003497,CUST00861,2025-01-14 00:06:49,SHIPPED,NORTH
ORD003498,CUST00824,2025-05-17 02:31:43,DELIVERED,EAST
ORD003499,CUST00224,2025-09-11 06:15:55,DELIVERED,SOUTH
ORD003500,CUST00343,2026-02-10 09:18:23,CANCELLED,NORTH
ORD003501,CUST00012,2026-07-26 12:01:15,CANCELLED,SOUTH
ORD003502,CUST00674,2025-10-18 10:39:12,DELIVERED,CENTRAL
ORD003503,CUST00949,2025-05-02 07:58:02,DELIVERED,SOUTH
ORD003504,,2026-03-05 05:20:38,DELIVERED,WEST
ORD003505,CUST00950,2026-07-01 23:32:13,DELIVERED,WEST
ORD003506,,2025-08-17 01:55:13,DELIVERED,EAST
ORD003507,,2025-10-03 15:03:58,DELIVERED,EAST
ORD003508,CUST00082,2026-06-28 15:18:40,DELIVERED,EAST
ORD003509,CUST00286,12-06-2026,SHIPPED,WEST
ORD003510,CUST00279,2026-02-01 03:28:36,SHIPPED,CENTRAL
ORD003511,CUST00511,2025-07-13 05:24:10,SHIPPED,WEST
ORD003512,CUST00203,2025-04-09 18:40:43,PLACED,WEST
ORD003513,CUST00619,2026-05-01 09:31:42,DELIVERED,CENTRAL
ORD003514,CUST00382,2026-03-28 15:30:49,CANCELLED,SOUTH
ORD003515,CUST00052,2025-07-19 06:51:15,DELIVERED,SOUTH
ORD003516,CUST00421,2026-03-14 19:40:25,PLACED,WEST
ORD003517,CUST00990,2025-12-19 09:40:20,DELIVERED,WEST
ORD003518,CUST00914,2025-09-25 18:39:17,RETURNED,CENTRAL
ORD003519,CUST00159,2026-04-02 16:53:06,DELIVERED,CENTRAL
ORD003520,CUST00329,2026-03-06 09:47:48,CANCELLED,WEST
ORD003521,CUST00476,2026-07-06 13:30:48,DELIVERED,EAST
ORD003522,CUST00445,2025-01-10 14:21:24,SHIPPED,CENTRAL
ORD003523,CUST00536,2025-07-15 07:42:57,CANCELLED,NORTH
ORD003524,CUST00618,2026-02-15 00:24:00,RETURNED,CENTRAL
ORD003525,CUST00130,09-11-2025,PLACED,NORTH
ORD003526,CUST00051,2026-05-22 17:05:06,DELIVERED,WEST
ORD003527,CUST00632,2026-07-17 15:21:37,PLACED,EAST
ORD003528,CUST00678,2025-06-26 04:23:47,CANCELLED,CENTRAL
ORD003529,CUST00308,02-04-2025,DELIVERED,CENTRAL
ORD003530,CUST00156,2026-05-09 15:50:31,DELIVERED,NORTH
ORD003531,CUST00554,2025-12-04 16:51:47,CANCELLED,WEST
ORD003532,CUST00761,2026-06-03 04:11:30,SHIPPED,NORTH
ORD003533,CUST00993,2026-07-06 00:33:54,PLACED,SOUTH
ORD003534,CUST00852,2025-06-30 07:10:13,RETURNED,WEST
ORD003535,CUST00966,2025-03-21 11:06:05,SHIPPED,CENTRAL
ORD003536,CUST00938,2026-03-18 11:27:53,CANCELLED,CENTRAL
ORD003537,CUST00837,2025-01-27 08:58:16,CANCELLED,WEST
ORD003538,CUST00901,2025-01-04 08:24:57,DELIVERED,SOUTH
ORD003539,CUST00003,2025-12-15 09:56:56,DELIVERED,CENTRAL
ORD003540,CUST00342,2026-01-09 01:17:23,DELIVERED,EAST
ORD003541,CUST00007,2025-08-29 11:44:12,RETURNED,WEST
ORD003542,CUST00728,2025-05-07 21:22:40,RETURNED,SOUTH
ORD003543,CUST00634,2025-09-03 05:58:45,PLACED,NORTH
ORD003544,CUST00508,2025-06-02 14:04:48,PLACED,EAST
ORD003545,CUST00430,2025-03-08 22:09:26,DELIVERED,SOUTH
ORD003546,CUST00151,2026-06-24 19:55:17,DELIVERED,CENTRAL
ORD003547,CUST00073,2026-04-04 21:03:17,DELIVERED,SOUTH
ORD003548,CUST00195,2025-08-20 16:09:19,CANCELLED,EAST
ORD003549,CUST00460,2025-08-11 14:49:09,PLACED,EAST
ORD003550,CUST00027,2025-12-11 19:28:55,DELIVERED,SOUTH
ORD003551,CUST00323,2025-02-21 00:31:48,CANCELLED,WEST
ORD003552,CUST00079,2026-04-18 11:32:56,DELIVERED,NORTH
ORD003553,CUST00705,2026-03-09 22:00:06,RETURNED,NORTH
ORD003554,CUST00245,2026-05-26 15:00:34,DELIVERED,EAST
ORD003555,CUST00361,2025-10-25 21:27:18,SHIPPED,CENTRAL
ORD003556,CUST00572,2025-10-02 23:22:08,DELIVERED,CENTRAL
ORD003557,CUST00747,2026-07-27 03:19:58,DELIVERED,WEST
ORD003558,CUST00736,2026-04-26 21:52:38,DELIVERED,CENTRAL
ORD003559,CUST00944,2025-11-06 10:11:10,DELIVERED,WEST
ORD003560,,10-08-2025,SHIPPED,NORTH
ORD003561,CUST00327,2025-08-31 03:35:41,SHIPPED,NORTH
ORD003562,CUST00255,2026-04-15 07:14:04,DELIVERED,SOUTH
ORD003563,CUST00824,24-02-2026,SHIPPED,WEST
ORD003564,CUST00165,2026-07-28 13:03:53,SHIPPED,EAST
ORD003565,CUST00558,2026-03-07 20:02:21,RETURNED,NORTH
ORD003566,CUST00547,24-02-2026,DELIVERED,SOUTH
ORD003567,CUST00347,2025-03-12 07:50:39,DELIVERED,WEST
ORD003568,CUST00212,2025-06-08 05:41:04,DELIVERED,WEST
ORD003569,CUST00057,2025-05-28 11:29:52,DELIVERED,EAST
ORD003570,CUST00516,2026-01-29 23:25:46,DELIVERED,WEST
ORD003571,CUST00518,2026-07-14 02:40:58,DELIVERED,NORTH
ORD003572,CUST00043,2026-06-12 18:46:37,DELIVERED,CENTRAL
ORD003573,CUST00860,2026-07-16 11:34:04,DELIVERED,EAST
ORD003574,CUST00081,2025-03-13 08:41:01,CANCELLED,SOUTH
ORD003575,CUST00388,2025-03-19 20:58:53,DELIVERED,CENTRAL
ORD003576,CUST00049,2025-09-24 08:18:35,DELIVERED,SOUTH
ORD003577,CUST00115,2026-04-07 08:57:18,PLACED,WEST
ORD003578,CUST00689,2025-05-04 10:42:40,DELIVERED,CENTRAL
ORD003579,CUST00695,2025-01-06 10:41:01,RETURNED,EAST
ORD003580,CUST00304,2026-01-09 00:27:57,RETURNED,NORTH
ORD003581,CUST00696,2026-06-12 07:49:45,RETURNED,SOUTH
ORD003582,CUST00769,2025-02-19 08:09:45,DELIVERED,CENTRAL
ORD003583,CUST00747,2025-07-09 10:16:07,DELIVERED,WEST
ORD003584,CUST00418,2025-04-13 17:42:04,SHIPPED,EAST
ORD003585,CUST00591,2025-10-19 23:47:08,DELIVERED,NORTH
ORD003586,CUST00394,2025-02-27 05:21:13,DELIVERED,SOUTH
ORD003587,CUST00833,2026-03-08 11:43:05,PLACED,WEST
ORD003588,CUST00050,2025-09-14 19:39:09,PLACED,SOUTH
ORD003589,,2025-11-04 10:25:42,CANCELLED,EAST
ORD003590,,2026-07-22 17:35:52,DELIVERED,WEST
ORD003591,CUST00009,2026-04-30 13:18:02,SHIPPED,SOUTH
ORD003592,CUST00607,2025-04-02 20:37:51,PLACED,SOUTH
ORD003593,CUST00147,2025-10-11 09:02:40,DELIVERED,EAST
ORD003594,CUST00205,2025-12-24 08:17:23,DELIVERED,CENTRAL
ORD003595,CUST00879,2025-03-29 01:57:16,CANCELLED,WEST
ORD003596,,2026-04-30 02:47:58,DELIVERED,SOUTH
ORD003597,CUST00475,2025-09-28 22:25:04,RETURNED,EAST
ORD003598,CUST00264,2025-08-01 07:41:38,DELIVERED,SOUTH
ORD003599,,2025-08-11 00:15:25,RETURNED,EAST
ORD003600,CUST00948,2025-09-13 20:02:41,PLACED,CENTRAL
ORD003601,,2026-03-12 18:54:46,DELIVERED,WEST
ORD003602,CUST00359,2026-02-16 04:35:30,CANCELLED,EAST
ORD003603,CUST00408,2025-11-12 11:04:51,SHIPPED,EAST
ORD003604,CUST00506,2026-04-24 20:58:15,DELIVERED,WEST
ORD003605,CUST00241,2025-11-14 04:55:08,DELIVERED,SOUTH
ORD003606,CUST00434,2025-01-24 16:15:03,SHIPPED,SOUTH
ORD003607,CUST00924,12-11-2025,SHIPPED,NORTH
ORD003608,CUST00374,2025-01-22 02:32:38,RETURNED,NORTH
ORD003609,CUST00236,2026-06-12 16:45:40,RETURNED,WEST
ORD003610,CUST00097,2025-09-03 11:17:21,DELIVERED,WEST
ORD003611,CUST00383,2025-04-11 03:46:30,DELIVERED,SOUTH
ORD003612,CUST00335,2025-08-27 21:54:25,SHIPPED,WEST
ORD003613,CUST00750,2025-10-11 18:55:55,DELIVERED,EAST
ORD003614,CUST00940,2025-12-30 03:32:40,DELIVERED,WEST
ORD003615,CUST00956,2026-07-26 03:43:33,DELIVERED,CENTRAL
ORD003616,CUST00545,2025-11-06 00:38:27,DELIVERED,EAST
ORD003617,CUST00415,2026-03-28 01:42:43,DELIVERED,NORTH
ORD003618,CUST00200,2025-09-08 07:31:55,DELIVERED,CENTRAL
ORD003619,CUST00561,2025-01-06 08:54:56,DELIVERED,SOUTH
ORD003620,CUST00764,2026-06-24 02:18:31,DELIVERED,NORTH
ORD003621,CUST00251,2025-01-05 15:27:35,SHIPPED,SOUTH
ORD003622,CUST00618,2025-10-07 12:39:45,SHIPPED,SOUTH
ORD003623,CUST00148,2026-06-21 02:19:14,DELIVERED,SOUTH
ORD003624,CUST00137,2025-06-13 08:53:49,CANCELLED,EAST
ORD003625,CUST00191,2026-03-12 11:39:54,DELIVERED,SOUTH
ORD003626,CUST00958,2025-12-24 10:33:03,CANCELLED,SOUTH
ORD003627,CUST00450,2026-01-03 16:46:25,DELIVERED,SOUTH
ORD003628,CUST00548,2025-09-20 15:31:51,PLACED,SOUTH
ORD003629,CUST00023,2026-03-23 19:05:42,DELIVERED,NORTH
ORD003630,CUST00632,2025-05-27 17:19:48,DELIVERED,CENTRAL
ORD003631,CUST00142,2025-06-14 23:45:18,DELIVERED,NORTH
ORD003632,CUST00538,2025-04-27 00:06:02,PLACED,WEST
ORD003633,CUST00329,2025-03-07 07:48:24,SHIPPED,EAST
ORD003634,CUST00399,2025-02-14 17:20:57,DELIVERED,WEST
ORD003635,CUST00624,2026-04-29 09:10:44,DELIVERED,SOUTH
ORD003636,CUST00004,2026-07-11 14:47:01,DELIVERED,SOUTH
ORD003637,CUST00159,2025-05-24 03:41:42,DELIVERED,SOUTH
ORD003638,CUST00505,2025-12-16 01:25:44,SHIPPED,NORTH
ORD003639,CUST00744,2026-01-29 04:50:56,PLACED,WEST
ORD003640,CUST00306,2026-07-22 02:17:51,RETURNED,WEST
ORD003641,,2026-03-10 19:24:45,SHIPPED,NORTH
ORD003642,CUST00321,2025-05-12 15:04:11,DELIVERED,SOUTH
ORD003643,CUST00087,2026-07-20 09:31:35,DELIVERED,EAST
ORD003644,CUST00136,2026-01-21 07:12:35,DELIVERED,WEST
ORD003645,CUST00777,2025-10-12 22:05:34,DELIVERED,WEST
ORD003646,CUST00583,2025-01-02 21:07:07,DELIVERED,SOUTH
ORD003647,,2025-02-01 01:50:13,DELIVERED,CENTRAL
ORD003648,CUST00366,2026-05-08 16:04:25,CANCELLED,WEST
ORD003649,CUST00815,2025-07-23 18:58:16,DELIVERED,EAST
ORD003650,CUST00274,2025-09-02 17:10:04,DELIVERED,SOUTH
ORD003651,CUST00948,2025-06-19 00:09:33,DELIVERED,CENTRAL
ORD003652,CUST00767,2026-03-23 02:00:54,DELIVERED,CENTRAL
ORD003653,CUST00264,2026-04-11 01:21:41,DELIVERED,NORTH
ORD003654,CUST00636,2025-09-02 15:54:53,PLACED,EAST
ORD003655,CUST00820,2026-05-30 01:34:13,CANCELLED,WEST
ORD003656,CUST00131,2025-04-13 08:42:27,RETURNED,EAST
ORD003657,CUST00104,2025-04-12 13:35:09,DELIVERED,CENTRAL
ORD003658,CUST00902,2026-02-19 12:16:56,PLACED,NORTH
ORD003659,CUST00296,2026-03-13 19:36:50,SHIPPED,NORTH
ORD003660,,2025-02-26 21:11:04,DELIVERED,SOUTH
ORD003661,CUST00198,2026-04-05 11:49:12,DELIVERED,EAST
ORD003662,CUST00308,2025-05-15 01:57:47,RETURNED,SOUTH
ORD003663,CUST00733,2025-12-25 03:26:11,DELIVERED,NORTH
ORD003664,CUST00793,2026-01-25 06:48:08,RETURNED,SOUTH
ORD003665,CUST00539,2026-05-15 09:38:36,DELIVERED,EAST
ORD003666,CUST00996,2025-08-14 08:17:11,DELIVERED,WEST
ORD003667,CUST00749,2025-06-05 06:56:15,SHIPPED,EAST
ORD003668,CUST00479,2026-03-23 13:55:36,RETURNED,EAST
ORD003669,CUST00772,2026-06-12 17:49:53,DELIVERED,WEST
ORD003670,CUST00581,2025-10-28 10:51:29,DELIVERED,SOUTH
ORD003671,CUST00877,2026-04-28 06:19:50,DELIVERED,SOUTH
ORD003672,CUST00123,2025-02-09 09:01:43,PLACED,SOUTH
ORD003673,CUST00394,2025-11-08 07:00:27,PLACED,EAST
ORD003674,CUST00327,2026-07-23 21:56:56,DELIVERED,EAST
ORD003675,CUST00682,2026-02-11 00:33:07,DELIVERED,EAST
ORD003676,CUST00361,2025-03-19 13:49:31,SHIPPED,WEST
ORD003677,CUST00006,2025-01-06 07:40:01,DELIVERED,EAST
ORD003678,CUST00829,2025-11-19 06:45:38,CANCELLED,EAST
ORD003679,CUST00366,2025-02-25 08:57:45,DELIVERED,EAST
ORD003680,CUST00180,2025-07-19 09:00:27,SHIPPED,CENTRAL
ORD003681,CUST00484,18-08-2025,CANCELLED,SOUTH
ORD003682,CUST00417,2026-02-20 02:08:10,PLACED,SOUTH
ORD003683,CUST00841,2026-01-01 00:32:23,DELIVERED,WEST
ORD003684,,2025-07-10 09:56:05,PLACED,CENTRAL
ORD003685,CUST00960,2025-07-27 23:48:09,SHIPPED,WEST
ORD003686,CUST00047,2026-06-23 19:15:13,PLACED,CENTRAL
ORD003687,CUST00229,2025-01-24 14:38:14,DELIVERED,EAST
ORD003688,CUST00218,2025-07-29 00:39:49,PLACED,WEST
ORD003689,CUST00844,2026-04-17 18:47:39,DELIVERED,CENTRAL
ORD003690,CUST00139,2025-07-31 20:10:01,SHIPPED,EAST
ORD003691,CUST00372,2025-10-30 07:58:14,DELIVERED,EAST
ORD003692,CUST00044,2025-12-27 10:18:29,DELIVERED,WEST
ORD003693,CUST00504,2025-08-21 08:39:20,RETURNED,NORTH
ORD003694,CUST00511,2026-05-13 06:33:44,SHIPPED,EAST
ORD003695,CUST00910,2025-09-19 14:04:42,DELIVERED,CENTRAL
ORD003696,,2026-05-26 23:25:10,PLACED,CENTRAL
ORD003697,CUST00151,2026-05-21 09:26:06,CANCELLED,SOUTH
ORD003698,CUST00363,2026-02-17 00:14:00,DELIVERED,EAST
ORD003699,CUST00626,2025-01-14 15:23:01,CANCELLED,SOUTH
ORD003700,,2025-03-16 20:26:56,DELIVERED,WEST
ORD003701,CUST00546,2025-12-06 06:17:17,DELIVERED,NORTH
ORD003702,CUST00069,2026-02-03 20:03:35,DELIVERED,CENTRAL
ORD003703,CUST00207,2025-01-03 20:51:09,DELIVERED,SOUTH
ORD003704,CUST00328,2026-05-14 04:20:07,DELIVERED,CENTRAL
ORD003705,CUST00284,2025-03-24 08:22:41,SHIPPED,SOUTH
ORD003706,CUST00913,2025-11-30 11:54:16,DELIVERED,CENTRAL
ORD003707,CUST00638,2025-08-06 10:39:45,DELIVERED,WEST
ORD003708,CUST00529,2025-06-12 22:42:45,RETURNED,SOUTH
ORD003709,CUST00394,2025-11-09 21:45:49,DELIVERED,NORTH
ORD003710,CUST00832,2026-02-16 09:02:18,DELIVERED,NORTH
ORD003711,CUST00513,2025-04-27 04:23:55,SHIPPED,WEST
ORD003712,CUST00842,2025-09-21 23:55:45,DELIVERED,CENTRAL
ORD003713,CUST00024,2025-11-23 12:58:54,SHIPPED,WEST
ORD003714,CUST00226,2026-05-23 19:01:57,DELIVERED,CENTRAL
ORD003715,CUST00028,2025-04-28 16:14:46,SHIPPED,CENTRAL
ORD003716,CUST00726,2025-11-29 18:12:08,SHIPPED,CENTRAL
ORD003717,CUST00459,2025-02-13 04:59:46,DELIVERED,WEST
ORD003718,CUST00595,2025-09-08 20:25:30,PLACED,WEST
ORD003719,CUST00322,2025-09-01 19:02:43,DELIVERED,CENTRAL
ORD003720,CUST00702,2025-01-31 21:46:05,DELIVERED,WEST
ORD003721,CUST00362,2026-03-29 23:21:58,DELIVERED,NORTH
ORD003722,CUST00310,2025-10-15 01:43:45,DELIVERED,WEST
ORD003723,CUST00847,2026-03-04 03:24:09,SHIPPED,CENTRAL
ORD003724,CUST00211,12-02-2026,SHIPPED,NORTH
ORD003725,CUST00409,2025-03-03 13:45:58,DELIVERED,NORTH
ORD003726,CUST00959,2026-05-06 13:48:52,DELIVERED,EAST
ORD003727,CUST00561,2026-03-01 17:30:57,RETURNED,CENTRAL
ORD003728,CUST00397,2026-05-25 06:26:56,PLACED,SOUTH
ORD003729,CUST00028,2026-05-19 23:33:09,PLACED,WEST
ORD003730,CUST00779,2026-04-08 22:04:08,SHIPPED,WEST
ORD003731,CUST00225,2026-01-09 15:22:40,DELIVERED,SOUTH
ORD003732,CUST00622,2025-06-29 09:33:04,RETURNED,CENTRAL
ORD003733,CUST00870,2025-12-06 03:54:41,DELIVERED,WEST
ORD003734,CUST00249,2026-07-09 11:05:36,DELIVERED,EAST
ORD003735,CUST00629,2025-11-18 09:09:06,DELIVERED,SOUTH
ORD003736,CUST00196,2025-09-20 18:43:38,DELIVERED,WEST
ORD003737,CUST00758,2025-03-20 21:14:24,CANCELLED,SOUTH
ORD003738,CUST00338,2025-09-22 06:58:24,DELIVERED,EAST
ORD003739,CUST00927,2025-01-26 10:12:58,DELIVERED,CENTRAL
ORD003740,CUST00618,2026-06-09 16:16:02,SHIPPED,EAST
ORD003741,CUST00287,2025-07-24 14:16:19,DELIVERED,CENTRAL
ORD003742,CUST00108,2025-03-01 07:15:55,DELIVERED,WEST
ORD003743,CUST00668,2026-06-29 22:02:21,SHIPPED,SOUTH
ORD003744,CUST00813,2025-09-08 15:38:24,SHIPPED,CENTRAL
ORD003745,CUST00117,2025-09-09 21:22:40,DELIVERED,CENTRAL
ORD003746,CUST00762,2025-01-30 02:34:30,DELIVERED,WEST
ORD003747,CUST00551,2025-02-11 12:08:03,SHIPPED,EAST
ORD003748,CUST00643,2025-07-27 09:25:11,DELIVERED,EAST
ORD003749,CUST00485,2026-03-23 05:32:56,PLACED,SOUTH
ORD003750,CUST00434,2026-07-18 14:42:33,RETURNED,NORTH
ORD003751,CUST00224,2025-04-15 15:13:26,DELIVERED,WEST
ORD003752,CUST00214,2025-04-03 10:47:26,RETURNED,EAST
ORD003753,CUST00940,2025-05-05 09:43:42,DELIVERED,SOUTH
ORD003754,CUST00240,2025-03-23 03:17:11,RETURNED,SOUTH
ORD003755,CUST00140,2026-03-15 19:08:57,DELIVERED,EAST
ORD003756,CUST00678,2025-08-25 08:33:32,RETURNED,SOUTH
ORD003757,CUST00308,2025-03-12 06:29:14,RETURNED,EAST
ORD003758,CUST00356,2026-05-02 20:56:08,DELIVERED,CENTRAL
ORD003759,CUST00399,2025-01-19 14:45:30,RETURNED,EAST
ORD003760,CUST00394,2026-01-01 19:00:29,DELIVERED,NORTH
ORD003761,CUST00648,2026-03-21 12:28:50,SHIPPED,NORTH
ORD003762,CUST00499,2025-07-27 22:56:16,RETURNED,CENTRAL
ORD003763,CUST00066,10-12-2025,PLACED,SOUTH
ORD003764,CUST00079,2026-02-03 22:34:33,DELIVERED,CENTRAL
ORD003765,CUST00855,2025-08-11 16:05:19,PLACED,EAST
ORD003766,CUST00684,2026-01-08 10:45:53,CANCELLED,CENTRAL
ORD003767,CUST00576,2025-06-07 23:34:11,CANCELLED,EAST
ORD003768,,2025-04-10 18:41:44,DELIVERED,SOUTH
ORD003769,CUST00296,2026-06-01 02:01:13,SHIPPED,SOUTH
ORD003770,CUST00030,2025-04-28 17:19:57,CANCELLED,EAST
ORD003771,CUST00768,2025-01-23 23:13:39,DELIVERED,WEST
ORD003772,CUST00192,2025-04-01 13:06:59,SHIPPED,WEST
ORD003773,CUST00127,2026-04-11 20:46:08,RETURNED,WEST
ORD003774,CUST00080,2025-01-02 03:52:52,DELIVERED,WEST
ORD003775,CUST00285,2025-05-16 01:39:28,RETURNED,SOUTH
ORD003776,CUST00859,2025-04-10 10:12:13,DELIVERED,SOUTH
ORD003777,CUST00603,2026-02-27 16:57:22,CANCELLED,SOUTH
ORD003778,CUST00996,2025-11-25 20:18:50,CANCELLED,WEST
ORD003779,CUST00759,2025-01-13 12:58:19,CANCELLED,CENTRAL
ORD003780,CUST00154,2026-05-09 17:38:56,CANCELLED,NORTH
ORD003781,CUST00028,2026-04-25 01:38:19,SHIPPED,EAST
ORD003782,CUST00312,2025-11-04 03:46:34,DELIVERED,EAST
ORD003783,CUST00829,2025-10-20 17:48:57,SHIPPED,WEST
ORD003784,CUST00770,2025-04-10 14:34:46,PLACED,CENTRAL
ORD003785,CUST00366,2026-07-25 22:35:16,DELIVERED,CENTRAL
ORD003786,CUST00365,2026-03-29 13:20:34,DELIVERED,WEST
ORD003787,CUST00385,2025-07-24 01:14:08,SHIPPED,NORTH
ORD003788,,2026-03-02 07:30:08,RETURNED,EAST
ORD003789,CUST00747,2026-07-15 19:10:28,CANCELLED,EAST
ORD003790,CUST00948,2026-06-15 18:29:34,DELIVERED,WEST
ORD003791,CUST00547,2026-02-21 06:42:51,PLACED,WEST
ORD003792,CUST00980,2025-07-01 07:21:36,RETURNED,EAST
ORD003793,CUST00757,2026-06-25 09:50:28,DELIVERED,EAST
ORD003794,CUST00203,2025-04-26 14:08:53,SHIPPED,CENTRAL
ORD003795,CUST00530,2025-12-29 09:14:51,DELIVERED,NORTH
ORD003796,CUST00705,2025-01-07 06:34:13,DELIVERED,EAST
ORD003797,CUST00508,2026-05-21 08:39:00,PLACED,SOUTH
ORD003798,CUST00542,2025-10-18 11:25:00,PLACED,CENTRAL
ORD003799,CUST00250,2025-03-08 14:56:42,DELIVERED,EAST
ORD003800,CUST00067,2025-07-14 07:31:07,DELIVERED,WEST
ORD003801,CUST00107,2025-01-12 11:33:32,DELIVERED,CENTRAL
ORD003802,CUST00047,2026-04-23 19:01:50,DELIVERED,EAST
ORD003803,CUST00132,2025-09-14 20:06:26,CANCELLED,WEST
ORD003804,CUST00668,2025-01-02 18:52:03,DELIVERED,CENTRAL
ORD003805,CUST00251,2026-07-15 09:28:27,RETURNED,SOUTH
ORD003806,CUST00201,2025-01-10 12:07:16,PLACED,SOUTH
ORD003807,CUST00982,2026-01-26 01:43:59,DELIVERED,EAST
ORD003808,CUST00020,2026-06-09 12:08:01,CANCELLED,SOUTH
ORD003809,CUST00098,2025-03-16 10:32:34,SHIPPED,WEST
ORD003810,CUST00038,2025-03-22 01:51:48,SHIPPED,CENTRAL
ORD003811,CUST00020,2025-03-16 03:17:18,DELIVERED,SOUTH
ORD003812,CUST00758,2026-02-08 08:34:48,SHIPPED,SOUTH
ORD003813,CUST00033,2025-09-06 04:12:43,RETURNED,SOUTH
ORD003814,CUST00181,2025-02-06 15:42:50,SHIPPED,NORTH
ORD003815,CUST00680,2026-07-29 02:56:41,PLACED,NORTH
ORD003816,CUST00213,2025-07-18 20:40:12,SHIPPED,CENTRAL
ORD003817,CUST00234,2026-05-14 10:56:40,SHIPPED,WEST
ORD003818,CUST00120,2025-06-16 17:52:26,DELIVERED,EAST
ORD003819,CUST00881,2025-11-16 19:01:30,DELIVERED,SOUTH
ORD003820,CUST00513,2025-11-07 11:27:59,CANCELLED,CENTRAL
ORD003821,CUST00813,2025-01-04 20:46:09,DELIVERED,WEST
ORD003822,CUST00275,2025-05-16 01:07:39,DELIVERED,CENTRAL
ORD003823,CUST00254,2025-12-06 15:13:04,DELIVERED,WEST
ORD003824,CUST00888,2025-07-08 08:34:58,DELIVERED,EAST
ORD003825,CUST00484,2025-06-30 05:47:16,CANCELLED,NORTH
ORD003826,CUST00182,2025-10-25 23:43:23,DELIVERED,EAST
ORD003827,CUST00068,2025-07-27 18:46:04,CANCELLED,SOUTH
ORD003828,CUST00253,2026-05-12 18:39:08,DELIVERED,WEST
ORD003829,CUST00108,2025-07-27 01:48:12,RETURNED,SOUTH
ORD003830,CUST00870,2026-03-28 17:54:04,SHIPPED,WEST
ORD003831,CUST00972,2025-07-30 07:58:59,DELIVERED,EAST
ORD003832,CUST00347,2025-06-11 20:27:12,DELIVERED,WEST
ORD003833,CUST00650,2026-03-24 20:21:20,DELIVERED,SOUTH
ORD003834,CUST00208,2026-07-04 04:48:58,DELIVERED,CENTRAL
ORD003835,CUST00106,2025-09-21 02:50:47,SHIPPED,WEST
ORD003836,CUST00715,2025-11-21 22:34:00,DELIVERED,CENTRAL
ORD003837,CUST00332,2025-07-30 20:15:32,DELIVERED,WEST
ORD003838,CUST00513,2025-11-30 08:13:56,DELIVERED,WEST
ORD003839,CUST00403,2026-07-22 13:46:37,SHIPPED,WEST
ORD003840,CUST00243,2026-04-24 09:24:55,CANCELLED,CENTRAL
ORD003841,CUST00080,2025-11-19 13:23:26,CANCELLED,CENTRAL
ORD003842,CUST00404,2026-02-05 05:18:40,DELIVERED,NORTH
ORD003843,,2025-01-18 23:00:52,SHIPPED,SOUTH
ORD003844,CUST00483,2026-06-21 19:39:33,CANCELLED,NORTH
ORD003845,CUST00281,2026-02-21 13:27:30,CANCELLED,CENTRAL
ORD003846,CUST00020,2026-03-08 19:19:21,DELIVERED,EAST
ORD003847,CUST00121,2025-04-13 09:12:28,RETURNED,WEST
ORD003848,CUST00607,2025-08-20 08:19:49,DELIVERED,SOUTH
ORD003849,CUST00285,2025-04-22 23:08:51,RETURNED,SOUTH
ORD003850,CUST00720,2025-08-19 07:51:51,DELIVERED,SOUTH
ORD003851,CUST00472,2025-04-18 17:27:18,DELIVERED,CENTRAL
ORD003852,CUST00308,2025-01-09 19:32:42,CANCELLED,EAST
ORD003853,CUST00681,2025-03-04 01:53:18,SHIPPED,WEST
ORD003854,CUST00393,2026-07-13 03:46:24,DELIVERED,CENTRAL
ORD003855,CUST00689,2025-01-20 20:44:56,CANCELLED,SOUTH
ORD003856,CUST00226,2026-04-12 02:20:44,SHIPPED,WEST
ORD003857,CUST00359,20-03-2026,DELIVERED,SOUTH
ORD003858,CUST00279,2026-07-23 01:56:28,DELIVERED,NORTH
ORD003859,CUST00238,2025-07-31 09:42:59,SHIPPED,WEST
ORD003860,CUST00673,2025-06-09 07:41:09,SHIPPED,NORTH
ORD003861,CUST00846,2026-03-14 13:38:16,DELIVERED,NORTH
ORD003862,CUST00978,2025-02-25 06:29:44,DELIVERED,SOUTH
ORD003863,,2025-07-14 23:49:31,PLACED,WEST
ORD003864,,2025-08-08 18:07:07,DELIVERED,NORTH
ORD003865,CUST00049,2025-08-30 23:43:21,RETURNED,NORTH
ORD003866,CUST00576,2025-11-21 01:42:51,RETURNED,WEST
ORD003867,CUST00034,2025-02-26 04:46:15,DELIVERED,SOUTH
ORD003868,CUST00125,2025-06-05 18:56:11,CANCELLED,EAST
ORD003869,CUST00268,2025-05-02 02:51:50,SHIPPED,SOUTH
ORD003870,CUST00063,2026-06-25 02:25:48,RETURNED,NORTH
ORD003871,CUST00962,2026-04-05 13:40:58,RETURNED,WEST
ORD003872,CUST00332,2026-01-09 06:08:47,DELIVERED,NORTH
ORD003873,CUST00119,2025-06-07 21:22:47,DELIVERED,NORTH
ORD003874,CUST00317,2025-01-13 14:26:03,DELIVERED,WEST
ORD003875,CUST00005,2025-05-06 11:55:11,DELIVERED,NORTH
ORD003876,CUST00123,2025-04-13 22:21:07,DELIVERED,EAST
ORD003877,CUST00931,2026-01-12 09:12:17,PLACED,CENTRAL
ORD003878,CUST00447,2026-01-06 01:25:36,DELIVERED,WEST
ORD003879,CUST00439,2025-05-26 15:40:08,SHIPPED,NORTH
ORD003880,,2026-05-10 21:22:37,DELIVERED,NORTH
ORD003881,CUST00389,2025-04-05 20:22:27,RETURNED,SOUTH
ORD003882,CUST00156,2025-04-03 09:46:08,CANCELLED,NORTH
ORD003883,CUST00085,2025-09-18 14:27:39,PLACED,CENTRAL
ORD003884,CUST00989,2026-05-30 02:30:59,PLACED,CENTRAL
ORD003885,CUST00353,2025-09-19 20:39:17,DELIVERED,WEST
ORD003886,CUST00915,28-02-2025,DELIVERED,EAST
ORD003887,CUST00829,2025-02-20 11:46:23,DELIVERED,CENTRAL
ORD003888,CUST00629,2025-08-03 07:28:12,RETURNED,EAST
ORD003889,CUST00620,2025-08-08 06:56:53,RETURNED,CENTRAL
ORD003890,CUST00060,2025-01-24 18:54:03,DELIVERED,EAST
ORD003891,CUST00357,2026-05-31 06:49:19,SHIPPED,EAST
ORD003892,CUST00304,2025-04-24 03:00:40,SHIPPED,NORTH
ORD003893,CUST00400,2025-11-10 22:58:15,DELIVERED,WEST
ORD003894,CUST00266,2025-10-25 07:33:57,DELIVERED,NORTH
ORD003895,CUST00880,2026-05-23 21:45:23,SHIPPED,SOUTH
ORD003896,,2025-10-21 15:47:33,RETURNED,WEST
ORD003897,CUST00267,2025-02-01 11:26:43,DELIVERED,NORTH
ORD003898,CUST00004,2026-05-11 16:22:41,DELIVERED,CENTRAL
ORD003899,CUST00689,2025-07-31 05:23:28,CANCELLED,NORTH
ORD003900,CUST00550,20-04-2025,DELIVERED,SOUTH
ORD003901,CUST00114,2025-04-05 12:55:30,DELIVERED,SOUTH
ORD003902,CUST00147,2026-03-05 22:01:07,SHIPPED,SOUTH
ORD003903,CUST00549,2025-08-04 17:02:19,CANCELLED,CENTRAL
ORD003904,CUST00621,2026-04-05 02:04:07,PLACED,EAST
ORD003905,CUST00744,2026-03-07 11:52:18,DELIVERED,NORTH
ORD003906,CUST00912,2025-03-21 01:18:49,RETURNED,EAST
ORD003907,CUST00846,2025-09-02 05:11:12,RETURNED,WEST
ORD003908,CUST00169,2026-05-15 12:47:03,SHIPPED,NORTH
ORD003909,CUST00448,2025-08-13 16:21:07,DELIVERED,EAST
ORD003910,CUST00570,2025-02-01 19:04:52,DELIVERED,SOUTH
ORD003911,,24-02-2026,PLACED,EAST
ORD003912,CUST00295,2026-07-08 06:08:30,SHIPPED,NORTH
ORD003913,CUST00893,2025-04-09 01:25:37,DELIVERED,NORTH
ORD003914,CUST00269,2025-08-12 15:03:14,DELIVERED,WEST
ORD003915,CUST00905,2026-05-04 09:49:54,PLACED,NORTH
ORD003916,CUST00691,2026-03-08 10:37:40,SHIPPED,WEST
ORD003917,CUST00353,2026-01-22 14:12:29,DELIVERED,NORTH
ORD003918,CUST00233,2025-12-27 21:52:27,DELIVERED,SOUTH
ORD003919,CUST00844,2026-05-29 03:28:13,RETURNED,WEST
ORD003920,CUST00940,2025-07-06 01:33:01,DELIVERED,CENTRAL
ORD003921,,2025-09-15 19:41:32,RETURNED,WEST
ORD003922,CUST00607,2026-03-21 09:55:47,DELIVERED,CENTRAL
ORD003923,CUST00192,2026-03-24 07:47:17,PLACED,WEST
ORD003924,CUST00441,2026-03-16 23:10:59,DELIVERED,EAST
ORD003925,CUST00533,2026-04-18 01:02:12,DELIVERED,WEST
ORD003926,CUST00050,2025-10-29 18:18:03,DELIVERED,SOUTH
ORD003927,CUST00280,2025-10-16 08:41:17,PLACED,WEST
ORD003928,CUST00455,2025-11-18 20:30:01,SHIPPED,CENTRAL
ORD003929,CUST00602,2026-03-05 14:59:18,DELIVERED,NORTH
ORD003930,CUST00200,2026-01-07 23:32:28,DELIVERED,SOUTH
ORD003931,CUST00870,2025-11-05 22:57:50,DELIVERED,WEST
ORD003932,CUST00185,2025-09-08 23:10:53,CANCELLED,CENTRAL
ORD003933,CUST00189,2025-07-06 17:09:44,RETURNED,SOUTH
ORD003934,CUST00525,2025-01-04 16:52:16,SHIPPED,WEST
ORD003935,CUST00316,2025-03-27 21:56:14,DELIVERED,WEST
ORD003936,CUST00336,2026-02-20 05:14:27,DELIVERED,CENTRAL
ORD003937,CUST00394,2025-05-16 05:46:45,DELIVERED,WEST
ORD003938,,2025-08-04 13:54:53,DELIVERED,SOUTH
ORD003939,CUST00219,2025-06-22 03:21:23,DELIVERED,EAST
ORD003940,CUST00299,2025-10-06 17:11:38,SHIPPED,NORTH
ORD003941,CUST00551,2025-04-19 04:43:50,SHIPPED,EAST
ORD003942,,2025-04-19 14:27:38,DELIVERED,CENTRAL
ORD003943,CUST00454,2025-05-03 16:03:32,SHIPPED,SOUTH
ORD003944,CUST00850,12-04-2025,PLACED,WEST
ORD003945,CUST00788,2025-05-18 08:24:52,DELIVERED,SOUTH
ORD003946,CUST00922,2025-11-12 10:37:45,SHIPPED,NORTH
ORD003947,CUST00130,2025-10-03 16:46:15,RETURNED,NORTH
ORD003948,CUST00601,2025-05-02 20:40:06,DELIVERED,EAST
ORD003949,,2025-04-28 11:00:54,PLACED,CENTRAL
ORD003950,,2026-03-24 17:53:08,SHIPPED,EAST
ORD003951,CUST00502,2026-04-15 07:01:01,DELIVERED,NORTH
ORD003952,CUST00023,2025-05-23 18:24:47,DELIVERED,WEST
ORD003953,CUST00150,2025-05-24 01:50:46,DELIVERED,EAST
ORD003954,CUST00066,2026-02-04 07:56:33,DELIVERED,CENTRAL
ORD003955,CUST00745,2025-12-16 03:13:56,DELIVERED,SOUTH
ORD003956,CUST00293,2025-09-25 07:01:26,RETURNED,SOUTH
ORD003957,CUST00085,2025-10-27 02:14:20,DELIVERED,CENTRAL
ORD003958,CUST00292,2025-09-15 11:33:51,DELIVERED,EAST
ORD003959,CUST00455,2025-01-10 23:30:50,SHIPPED,EAST
ORD003960,CUST00362,2025-06-02 02:11:41,DELIVERED,NORTH
ORD003961,CUST00687,2025-12-17 13:57:20,DELIVERED,WEST
ORD003962,CUST00349,2025-02-15 08:54:11,DELIVERED,WEST
ORD003963,CUST00028,2026-03-24 00:04:20,PLACED,EAST
ORD003964,CUST00057,2025-11-12 22:55:07,DELIVERED,CENTRAL
ORD003965,CUST00136,2025-07-11 00:01:44,SHIPPED,WEST
ORD003966,CUST00697,10-12-2025,DELIVERED,WEST
ORD003967,CUST00210,2025-09-18 10:26:17,SHIPPED,WEST
ORD003968,CUST00365,2026-03-31 23:36:48,CANCELLED,WEST
ORD003969,CUST00530,2026-07-14 14:22:47,DELIVERED,WEST
ORD003970,CUST00510,2025-03-07 01:55:20,CANCELLED,CENTRAL
ORD003971,CUST00023,01-02-2025,DELIVERED,WEST
ORD003972,CUST00792,2025-07-10 19:23:58,DELIVERED,SOUTH
ORD003973,CUST00720,2026-06-26 14:27:15,SHIPPED,WEST
ORD003974,CUST00675,2026-05-02 12:21:59,DELIVERED,CENTRAL
ORD003975,CUST00995,2026-01-07 20:30:18,DELIVERED,EAST
ORD003976,CUST00675,2026-03-07 02:32:24,DELIVERED,WEST
ORD003977,CUST00074,2025-09-22 17:28:46,RETURNED,SOUTH
ORD003978,,2025-03-18 09:35:51,DELIVERED,NORTH
ORD003979,CUST00824,2025-10-02 06:14:47,DELIVERED,EAST
ORD003980,CUST00456,2025-06-21 03:13:47,DELIVERED,SOUTH
ORD003981,CUST00287,2025-09-03 09:13:31,SHIPPED,SOUTH
ORD003982,CUST00855,2025-10-11 20:08:07,DELIVERED,WEST
ORD003983,CUST00421,2025-07-22 02:03:50,DELIVERED,CENTRAL
ORD003984,CUST00169,2025-08-05 11:00:36,DELIVERED,EAST
ORD003985,CUST00023,2025-08-27 07:40:14,SHIPPED,NORTH
ORD003986,CUST00593,2025-04-11 16:10:39,DELIVERED,WEST
ORD003987,CUST00342,2025-03-27 07:53:06,DELIVERED,WEST
ORD003988,CUST00769,2025-12-14 10:27:50,DELIVERED,SOUTH
ORD003989,CUST00237,2026-07-29 12:54:56,PLACED,WEST
ORD003990,CUST00221,2025-07-19 22:17:43,SHIPPED,SOUTH
ORD003991,CUST00590,2025-03-27 15:09:13,CANCELLED,EAST
ORD003992,CUST00191,2025-04-25 10:41:46,SHIPPED,WEST
ORD003993,CUST00878,2026-06-20 14:34:43,DELIVERED,NORTH
ORD003994,CUST00354,2026-01-18 17:27:46,DELIVERED,SOUTH
ORD003995,CUST00885,2026-02-08 16:53:12,DELIVERED,WEST
ORD003996,,2025-06-28 18:50:00,DELIVERED,NORTH
ORD003997,CUST00569,2026-06-13 15:56:34,RETURNED,SOUTH
ORD003998,CUST00198,2025-12-12 09:56:46,CANCELLED,NORTH
ORD003999,CUST00716,2026-07-01 03:51:22,PLACED,WEST
ORD004000,CUST00785,2026-07-21 21:16:32,DELIVERED,WEST
ORD004001,CUST00688,2025-04-20 05:26:08,DELIVERED,CENTRAL
ORD004002,CUST00005,2025-03-29 15:11:13,SHIPPED,SOUTH
ORD004003,,2025-02-08 01:37:09,DELIVERED,CENTRAL
ORD004004,CUST00941,2025-07-28 11:44:40,CANCELLED,CENTRAL
ORD004005,CUST00771,2025-06-15 01:35:25,DELIVERED,CENTRAL
ORD004006,CUST00970,2026-01-31 17:55:57,RETURNED,CENTRAL
ORD004007,CUST00511,2026-07-17 04:16:04,PLACED,SOUTH
ORD004008,CUST00873,2025-09-18 15:26:38,SHIPPED,EAST
ORD004009,CUST00898,2026-04-11 13:30:48,DELIVERED,EAST
ORD004010,CUST00287,2026-03-18 09:07:12,PLACED,SOUTH
ORD004011,CUST00637,2025-10-15 01:40:44,PLACED,CENTRAL
ORD004012,CUST00384,2025-02-08 18:32:53,RETURNED,NORTH
ORD004013,CUST00921,2025-09-15 17:14:35,SHIPPED,EAST
ORD004014,CUST00544,2026-07-10 15:55:59,DELIVERED,NORTH
ORD004015,CUST00050,2025-06-18 08:16:22,DELIVERED,CENTRAL
ORD004016,CUST00746,2026-07-26 02:56:45,SHIPPED,NORTH
ORD004017,CUST00063,2025-07-31 05:18:54,DELIVERED,WEST
ORD004018,CUST00349,2025-02-28 21:54:19,CANCELLED,SOUTH
ORD004019,CUST00671,2025-03-22 00:34:40,DELIVERED,WEST
ORD004020,CUST00328,2025-10-01 14:40:10,SHIPPED,CENTRAL
ORD004021,CUST00106,2025-11-10 06:21:10,DELIVERED,EAST
ORD004022,CUST00499,2025-12-17 03:34:35,PLACED,CENTRAL
ORD004023,,2025-12-26 07:17:47,DELIVERED,WEST
ORD004024,CUST00540,2026-06-23 23:30:37,DELIVERED,WEST
ORD004025,CUST00447,2025-03-14 13:16:00,DELIVERED,WEST
ORD004026,CUST00819,2026-02-06 20:16:20,SHIPPED,CENTRAL
ORD004027,CUST00847,2025-10-27 08:00:21,DELIVERED,CENTRAL
ORD004028,CUST00204,2025-05-05 03:28:21,DELIVERED,NORTH
ORD004029,CUST00886,2025-01-22 19:31:17,RETURNED,SOUTH
ORD004030,CUST00262,2025-10-04 22:19:57,PLACED,EAST
ORD004031,CUST00451,2026-07-03 01:08:13,DELIVERED,EAST
ORD004032,CUST00254,2026-03-26 08:04:01,DELIVERED,CENTRAL
ORD004033,CUST00164,2025-10-29 06:54:41,SHIPPED,WEST
ORD004034,CUST00718,2026-01-10 08:43:04,PLACED,EAST
ORD004035,CUST00275,2025-11-27 08:35:03,DELIVERED,SOUTH
ORD004036,,07-06-2025,DELIVERED,EAST
ORD004037,CUST00923,2025-12-25 20:47:13,DELIVERED,WEST
ORD004038,CUST00831,2026-05-18 19:27:35,DELIVERED,EAST
ORD004039,CUST00728,2025-02-17 13:24:36,SHIPPED,CENTRAL
ORD004040,CUST00308,2025-11-28 05:57:37,SHIPPED,CENTRAL
ORD004041,CUST00196,2025-01-06 22:40:55,DELIVERED,WEST
ORD004042,CUST00740,2025-01-07 04:37:22,DELIVERED,SOUTH
ORD004043,CUST00733,2025-05-10 15:33:45,DELIVERED,WEST
ORD004044,CUST00765,2025-04-01 01:31:56,DELIVERED,EAST
ORD004045,CUST00132,2026-06-23 11:56:16,DELIVERED,WEST
ORD004046,CUST00799,2026-04-14 00:08:36,DELIVERED,NORTH
ORD004047,CUST00050,2025-04-20 22:47:44,SHIPPED,SOUTH
ORD004048,CUST00298,2026-01-15 17:00:27,DELIVERED,NORTH
ORD004049,CUST00675,2026-01-11 11:45:35,DELIVERED,WEST
ORD004050,CUST00097,2026-04-26 19:48:30,DELIVERED,WEST
ORD004051,CUST00695,2026-03-27 04:58:15,DELIVERED,WEST
ORD004052,CUST00625,2025-12-04 11:42:48,DELIVERED,WEST
ORD004053,CUST00042,2026-04-17 16:03:57,DELIVERED,CENTRAL
ORD004054,CUST00200,2025-08-12 08:43:54,PLACED,CENTRAL
ORD004055,CUST00156,2025-05-06 10:08:49,CANCELLED,SOUTH
ORD004056,CUST00389,2026-06-14 20:12:43,SHIPPED,WEST
ORD004057,CUST00981,2026-06-24 11:29:28,CANCELLED,CENTRAL
ORD004058,CUST00265,2025-07-09 10:12:04,DELIVERED,WEST
ORD004059,,2026-06-23 11:39:56,DELIVERED,WEST
ORD004060,CUST00117,2025-09-17 20:55:43,DELIVERED,NORTH
ORD004061,CUST00968,2025-09-13 08:24:00,DELIVERED,NORTH
ORD004062,CUST00726,2025-04-28 14:09:08,PLACED,NORTH
ORD004063,CUST00358,2026-03-12 08:56:39,SHIPPED,EAST
ORD004064,CUST00932,2025-09-19 04:25:02,CANCELLED,SOUTH
ORD004065,CUST00296,2026-01-30 06:21:05,SHIPPED,WEST
ORD004066,CUST00615,2025-05-26 03:54:06,DELIVERED,WEST
ORD004067,CUST00838,2025-07-15 20:24:00,RETURNED,CENTRAL
ORD004068,CUST00649,2025-10-28 20:30:54,DELIVERED,SOUTH
ORD004069,CUST00024,2025-06-11 07:13:12,RETURNED,WEST
ORD004070,CUST00837,2026-05-26 14:49:06,DELIVERED,CENTRAL
ORD004071,CUST00403,2026-02-23 10:34:53,CANCELLED,CENTRAL
ORD004072,CUST00738,2026-01-22 20:30:39,SHIPPED,NORTH
ORD004073,CUST00706,2026-07-25 14:38:04,SHIPPED,CENTRAL
ORD004074,CUST00051,2025-03-09 01:52:48,DELIVERED,NORTH
ORD004075,CUST00604,2025-01-19 17:01:40,DELIVERED,SOUTH
ORD004076,CUST00508,2025-03-30 23:12:36,DELIVERED,NORTH
ORD004077,CUST00713,2026-07-18 12:07:55,SHIPPED,WEST
ORD004078,CUST00932,2025-06-18 14:29:09,DELIVERED,SOUTH
ORD004079,CUST00092,2025-02-15 05:09:28,PLACED,NORTH
ORD004080,CUST00610,2026-04-03 05:07:29,DELIVERED,CENTRAL
ORD004081,CUST00004,2025-08-29 13:38:50,DELIVERED,NORTH
ORD004082,CUST00660,2025-06-29 03:27:33,RETURNED,NORTH
ORD004083,CUST00902,2026-04-12 03:21:30,DELIVERED,NORTH
ORD004084,CUST00236,2025-02-08 08:18:13,DELIVERED,WEST
ORD004085,CUST00091,2025-07-08 07:26:13,DELIVERED,CENTRAL
ORD004086,CUST00026,2026-02-02 13:28:52,PLACED,SOUTH
ORD004087,CUST00440,2026-02-08 19:52:38,CANCELLED,CENTRAL
ORD004088,CUST00470,2026-06-26 16:37:09,DELIVERED,NORTH
ORD004089,CUST00934,2026-07-12 12:54:22,RETURNED,NORTH
ORD004090,,2025-09-28 23:03:49,RETURNED,SOUTH
ORD004091,,2026-04-22 00:46:46,RETURNED,CENTRAL
ORD004092,CUST00516,2025-08-14 10:01:00,PLACED,CENTRAL
ORD004093,CUST00765,2025-08-28 13:27:13,DELIVERED,SOUTH
ORD004094,CUST00418,2026-07-24 16:26:03,DELIVERED,NORTH
ORD004095,CUST00498,2025-11-28 18:28:53,CANCELLED,CENTRAL
ORD004096,CUST00408,2025-04-08 07:06:50,DELIVERED,SOUTH
ORD004097,CUST00242,2025-12-02 21:18:24,RETURNED,EAST
ORD004098,,2026-07-21 00:08:01,CANCELLED,SOUTH
ORD004099,CUST00412,2025-05-14 12:24:10,SHIPPED,WEST
ORD004100,CUST00528,2026-06-21 19:35:39,DELIVERED,SOUTH
ORD004101,CUST00407,2025-03-08 12:10:14,RETURNED,EAST
ORD004102,CUST00564,2026-05-13 17:49:20,CANCELLED,CENTRAL
ORD004103,CUST00001,2025-12-27 05:51:01,DELIVERED,EAST
ORD004104,CUST00109,2025-04-16 07:22:36,DELIVERED,WEST
ORD004105,CUST00445,2025-09-08 15:51:48,CANCELLED,WEST
ORD004106,CUST00563,2025-05-26 23:50:47,DELIVERED,CENTRAL
ORD004107,,2025-01-23 18:40:51,RETURNED,EAST
ORD004108,CUST00452,2025-03-26 22:37:35,DELIVERED,EAST
ORD004109,CUST00597,2025-05-27 09:21:14,RETURNED,SOUTH
ORD004110,CUST00972,2025-10-01 18:41:45,DELIVERED,NORTH
ORD004111,CUST00452,2025-03-04 08:30:19,CANCELLED,EAST
ORD004112,CUST00041,2025-02-13 13:27:10,DELIVERED,NORTH
ORD004113,,2026-04-14 17:28:43,SHIPPED,SOUTH
ORD004114,CUST00458,2026-03-12 21:07:07,DELIVERED,WEST
ORD004115,CUST00642,2025-06-30 21:50:30,DELIVERED,CENTRAL
ORD004116,CUST00127,2025-03-20 23:21:57,SHIPPED,NORTH
ORD004117,CUST00520,2025-11-01 00:41:28,PLACED,EAST
ORD004118,CUST00773,2025-01-18 19:57:46,DELIVERED,EAST
ORD004119,CUST00186,2025-05-06 20:50:54,SHIPPED,CENTRAL
ORD004120,CUST00122,2026-05-08 10:23:29,DELIVERED,NORTH
ORD004121,,2026-01-23 04:14:39,PLACED,SOUTH
ORD004122,CUST00805,2025-05-15 04:29:59,DELIVERED,WEST
ORD004123,CUST00719,2026-03-23 00:11:39,SHIPPED,EAST
ORD004124,CUST00715,2025-09-11 16:51:12,DELIVERED,NORTH
ORD004125,CUST00781,2025-08-04 05:19:18,RETURNED,CENTRAL
ORD004126,CUST00418,2026-06-11 20:13:46,DELIVERED,NORTH
ORD004127,CUST00556,2026-01-18 21:11:41,DELIVERED,EAST
ORD004128,CUST00382,2025-06-20 00:01:44,DELIVERED,EAST
ORD004129,CUST00440,2026-03-03 09:35:59,DELIVERED,WEST
ORD004130,CUST00895,2026-02-04 07:46:02,DELIVERED,EAST
ORD004131,CUST00806,2025-08-19 10:23:44,CANCELLED,EAST
ORD004132,CUST00968,2025-11-30 04:23:06,CANCELLED,WEST
ORD004133,CUST00402,2025-08-21 19:03:55,SHIPPED,NORTH
ORD004134,CUST00831,2025-12-24 20:30:08,DELIVERED,NORTH
ORD004135,CUST00923,2026-04-18 23:36:35,SHIPPED,WEST
ORD004136,CUST00625,2026-03-12 15:03:05,CANCELLED,EAST
ORD004137,CUST00893,2026-07-21 01:49:13,DELIVERED,EAST
ORD004138,CUST00033,04-10-2025,DELIVERED,EAST
ORD004139,CUST00062,2025-10-08 12:50:55,PLACED,SOUTH
ORD004140,CUST00411,2025-12-26 23:54:49,CANCELLED,NORTH
ORD004141,CUST00288,2025-05-14 18:19:35,DELIVERED,SOUTH
ORD004142,CUST00714,2025-12-30 01:43:25,RETURNED,WEST
ORD004143,CUST00865,2026-04-04 11:48:44,DELIVERED,EAST
ORD004144,CUST00993,17-06-2026,DELIVERED,NORTH
ORD004145,CUST00142,2025-09-18 06:23:25,DELIVERED,EAST
ORD004146,,2025-04-14 00:52:23,DELIVERED,EAST
ORD004147,CUST00024,2026-05-27 00:46:18,DELIVERED,EAST
ORD004148,CUST00233,2025-02-20 06:39:29,DELIVERED,EAST
ORD004149,CUST00704,2026-06-07 05:14:41,CANCELLED,WEST
ORD004150,CUST00853,2025-09-14 19:02:58,DELIVERED,NORTH
ORD004151,CUST00245,2026-05-26 04:01:08,PLACED,SOUTH
ORD004152,CUST00190,2025-12-24 20:25:34,SHIPPED,WEST
ORD004153,CUST00390,2025-05-23 06:41:50,DELIVERED,NORTH
ORD004154,CUST00508,2025-06-23 13:18:23,DELIVERED,EAST
ORD004155,CUST00351,2025-03-04 07:54:46,DELIVERED,NORTH
ORD004156,CUST00844,2026-05-02 01:56:13,SHIPPED,NORTH
ORD004157,CUST00682,2025-08-25 11:06:22,DELIVERED,SOUTH
ORD004158,CUST00716,2025-01-25 06:33:14,DELIVERED,WEST
ORD004159,CUST00866,2025-03-25 14:48:27,SHIPPED,WEST
ORD004160,CUST00098,2025-04-20 01:11:37,DELIVERED,WEST
ORD004161,CUST00434,2026-07-13 13:46:28,CANCELLED,SOUTH
ORD004162,CUST00264,2025-03-20 20:09:54,DELIVERED,CENTRAL
ORD004163,CUST00122,2026-02-02 00:47:15,DELIVERED,WEST
ORD004164,CUST00604,2026-04-28 16:24:40,DELIVERED,SOUTH
ORD004165,CUST00853,2025-12-02 03:30:26,DELIVERED,SOUTH
ORD004166,CUST00613,2025-09-18 23:59:58,DELIVERED,WEST
ORD004167,CUST00319,2025-09-18 15:47:31,DELIVERED,CENTRAL
ORD004168,CUST00553,2025-04-21 22:42:20,SHIPPED,WEST
ORD004169,CUST00693,2025-03-19 15:21:22,RETURNED,SOUTH
ORD004170,CUST00235,2026-02-17 10:51:04,DELIVERED,NORTH
ORD004171,CUST00353,2025-03-12 06:08:18,DELIVERED,NORTH
ORD004172,CUST00623,2025-07-08 04:38:33,DELIVERED,SOUTH
ORD004173,CUST00805,2026-07-16 01:36:48,SHIPPED,SOUTH
ORD004174,CUST00786,2025-10-16 05:32:02,DELIVERED,CENTRAL
ORD004175,CUST00113,2026-07-12 22:44:42,DELIVERED,EAST
ORD004176,CUST00199,2025-03-08 02:01:21,DELIVERED,EAST
ORD004177,CUST00905,2026-04-23 17:07:17,RETURNED,NORTH
ORD004178,CUST00703,2026-05-23 08:02:40,DELIVERED,CENTRAL
ORD004179,CUST00122,2026-06-11 18:37:57,DELIVERED,WEST
ORD004180,CUST00599,2025-03-31 02:01:09,RETURNED,CENTRAL
ORD004181,CUST00925,2025-09-21 21:03:50,RETURNED,SOUTH
ORD004182,CUST00522,2025-03-28 15:18:24,SHIPPED,CENTRAL
ORD004183,CUST00055,2026-07-22 21:42:12,SHIPPED,CENTRAL
ORD004184,CUST00101,2026-04-07 03:26:36,DELIVERED,NORTH
ORD004185,CUST00454,2025-06-19 04:40:03,DELIVERED,WEST
ORD004186,CUST00028,2025-10-06 19:57:46,DELIVERED,WEST
ORD004187,CUST00453,2026-05-15 19:08:15,CANCELLED,CENTRAL
ORD004188,CUST00083,2025-10-17 20:12:30,PLACED,EAST
ORD004189,CUST00011,18-05-2025,DELIVERED,WEST
ORD004190,CUST00534,2025-07-09 13:09:26,DELIVERED,NORTH
ORD004191,CUST00763,2025-08-29 12:49:38,CANCELLED,SOUTH
ORD004192,CUST00516,2025-11-07 12:09:38,DELIVERED,SOUTH
ORD004193,CUST00049,31-07-2025,DELIVERED,SOUTH
ORD004194,CUST00702,2026-06-20 18:18:49,DELIVERED,NORTH
ORD004195,CUST00741,2025-04-24 13:17:04,DELIVERED,CENTRAL
ORD004196,CUST00078,2025-07-09 04:47:21,DELIVERED,WEST
ORD004197,CUST00050,2025-09-01 13:24:25,SHIPPED,WEST
ORD004198,CUST00559,2025-08-30 04:13:16,PLACED,SOUTH
ORD004199,CUST00561,2025-05-12 07:29:15,SHIPPED,NORTH
ORD004200,CUST00758,2025-06-03 00:06:04,PLACED,WEST
ORD004201,CUST00742,2026-05-10 21:48:03,DELIVERED,NORTH
ORD004202,CUST00579,2026-06-10 15:17:18,PLACED,WEST
ORD004203,CUST00756,2025-10-23 10:42:55,DELIVERED,CENTRAL
ORD004204,CUST00314,2026-05-19 07:53:40,DELIVERED,NORTH
ORD004205,,2025-10-02 15:21:41,SHIPPED,NORTH
ORD004206,CUST00990,2026-01-04 01:56:04,DELIVERED,WEST
ORD004207,CUST00575,2025-10-11 15:31:13,PLACED,CENTRAL
ORD004208,CUST00329,2025-03-22 22:25:14,DELIVERED,CENTRAL
ORD004209,CUST00784,2025-03-27 12:57:24,DELIVERED,NORTH
ORD004210,CUST00818,2026-05-15 02:35:58,SHIPPED,EAST
ORD004211,CUST00484,2025-04-21 02:44:55,DELIVERED,WEST
ORD004212,CUST00615,2025-05-25 12:29:29,DELIVERED,SOUTH
ORD004213,CUST00752,2026-06-16 13:18:28,DELIVERED,CENTRAL
ORD004214,CUST00769,2025-04-20 19:15:38,SHIPPED,EAST
ORD004215,CUST00138,2026-07-31 11:20:07,CANCELLED,WEST
ORD004216,CUST00963,2025-01-20 14:52:10,DELIVERED,WEST
ORD004217,CUST00558,2026-02-12 14:06:11,SHIPPED,NORTH
ORD004218,CUST00144,2025-06-18 20:55:00,RETURNED,EAST
ORD004219,CUST00985,2025-02-23 11:24:40,DELIVERED,WEST
ORD004220,CUST00435,2025-06-09 01:37:40,PLACED,NORTH
ORD004221,CUST00469,2025-11-20 04:35:26,DELIVERED,SOUTH
ORD004222,CUST00105,2025-10-18 22:55:28,DELIVERED,NORTH
ORD004223,CUST00545,2026-07-27 12:56:57,CANCELLED,WEST
ORD004224,CUST00028,2025-07-14 09:02:02,DELIVERED,CENTRAL
ORD004225,CUST00523,2026-01-11 04:26:54,SHIPPED,CENTRAL
ORD004226,CUST00985,29-06-2025,SHIPPED,SOUTH
ORD004227,CUST00618,2026-05-13 15:26:51,DELIVERED,NORTH
ORD004228,CUST00591,2025-05-21 16:24:51,SHIPPED,CENTRAL
ORD004229,CUST00660,2025-05-11 05:32:32,PLACED,EAST
ORD004230,CUST00287,2025-02-20 00:45:45,SHIPPED,WEST
ORD004231,CUST00703,2025-04-23 17:51:56,PLACED,WEST
ORD004232,CUST00526,2025-05-02 20:25:17,SHIPPED,SOUTH
ORD004233,,2026-02-21 16:35:31,DELIVERED,WEST
ORD004234,CUST00869,2026-01-09 04:23:42,DELIVERED,CENTRAL
ORD004235,CUST00857,2026-07-19 19:35:50,SHIPPED,CENTRAL
ORD004236,CUST00292,2026-03-28 18:28:03,DELIVERED,NORTH
ORD004237,CUST00953,2025-04-15 17:15:42,SHIPPED,EAST
ORD004238,CUST00420,2025-09-18 18:51:51,DELIVERED,NORTH
ORD004239,CUST00548,2026-05-30 21:31:49,RETURNED,NORTH
ORD004240,CUST00505,2025-06-14 02:09:32,DELIVERED,EAST
ORD004241,CUST00250,2025-03-15 13:34:34,SHIPPED,NORTH
ORD004242,CUST00473,2025-10-12 16:29:25,DELIVERED,SOUTH
ORD004243,CUST00772,2025-11-18 21:18:23,DELIVERED,CENTRAL
ORD004244,CUST00500,2026-03-12 09:28:42,PLACED,SOUTH
ORD004245,CUST00707,2026-07-06 21:11:22,DELIVERED,CENTRAL
ORD004246,CUST00544,2025-05-10 11:19:13,SHIPPED,SOUTH
ORD004247,CUST00014,2026-01-24 01:03:10,RETURNED,EAST
ORD004248,CUST00700,2026-06-25 07:03:38,DELIVERED,SOUTH
ORD004249,CUST00124,2025-07-08 00:38:27,DELIVERED,CENTRAL
ORD004250,CUST00593,2025-01-29 10:51:02,PLACED,CENTRAL
ORD004251,CUST00249,2026-01-05 21:24:52,DELIVERED,EAST
ORD004252,CUST00796,2025-09-16 13:51:36,DELIVERED,WEST
ORD004253,CUST00841,2025-07-02 01:54:20,RETURNED,CENTRAL
ORD004254,CUST00127,2025-04-29 22:53:48,SHIPPED,SOUTH
ORD004255,CUST00158,2025-04-24 00:18:54,DELIVERED,EAST
ORD004256,CUST00829,2025-07-31 12:34:54,DELIVERED,SOUTH
ORD004257,CUST00902,2025-02-21 20:39:42,CANCELLED,EAST
ORD004258,CUST00889,2025-11-23 23:29:01,RETURNED,NORTH
ORD004259,CUST00187,2026-07-03 21:15:14,CANCELLED,NORTH
ORD004260,CUST00405,2025-07-01 04:29:09,SHIPPED,EAST
ORD004261,CUST00213,2026-07-16 19:48:32,SHIPPED,SOUTH
ORD004262,CUST00399,2025-06-19 00:52:51,DELIVERED,NORTH
ORD004263,CUST00821,2026-01-01 06:54:13,DELIVERED,EAST
ORD004264,CUST00637,2025-02-05 20:08:20,DELIVERED,EAST
ORD004265,CUST00808,2026-03-26 22:50:19,SHIPPED,EAST
ORD004266,CUST00033,2026-03-13 19:57:29,DELIVERED,SOUTH
ORD004267,CUST00472,2026-01-11 12:15:26,CANCELLED,EAST
ORD004268,CUST00779,2025-03-14 04:40:11,DELIVERED,NORTH
ORD004269,CUST00221,2026-04-28 21:19:44,RETURNED,WEST
ORD004270,,2026-06-22 19:28:07,DELIVERED,SOUTH
ORD004271,CUST00999,2025-01-09 16:52:45,SHIPPED,SOUTH
ORD004272,CUST00662,2025-05-13 14:44:59,RETURNED,NORTH
ORD004273,CUST00538,2026-07-15 16:08:56,CANCELLED,WEST
ORD004274,CUST00252,2025-05-24 13:26:03,DELIVERED,EAST
ORD004275,CUST00097,2026-02-27 18:04:47,DELIVERED,EAST
ORD004276,CUST00304,2026-03-06 07:56:56,SHIPPED,NORTH
ORD004277,CUST00287,2025-07-10 00:37:12,DELIVERED,NORTH
ORD004278,CUST00316,2025-12-08 03:37:17,DELIVERED,NORTH
ORD004279,CUST00754,2026-02-04 19:42:25,PLACED,EAST
ORD004280,CUST00281,2025-01-07 06:19:51,DELIVERED,NORTH
ORD004281,CUST00360,2025-05-30 10:41:55,DELIVERED,NORTH
ORD004282,CUST00479,2025-01-31 05:44:02,CANCELLED,SOUTH
ORD004283,CUST00333,2025-03-14 11:57:34,DELIVERED,CENTRAL
ORD004284,CUST00184,2025-10-27 11:03:06,DELIVERED,NORTH
ORD004285,,2025-06-05 01:26:51,DELIVERED,EAST
ORD004286,CUST00592,2026-04-07 02:06:29,PLACED,SOUTH
ORD004287,CUST00392,2026-07-07 08:19:50,DELIVERED,WEST
ORD004288,CUST00794,2025-05-11 09:31:40,SHIPPED,CENTRAL
ORD004289,CUST00583,2025-07-14 05:14:20,PLACED,CENTRAL
ORD004290,CUST00197,2026-04-18 21:24:35,CANCELLED,SOUTH
ORD004291,CUST00313,2025-04-09 12:01:55,DELIVERED,SOUTH
ORD004292,CUST00388,2025-11-26 19:51:38,DELIVERED,SOUTH
ORD004293,CUST00196,2025-06-06 13:34:11,DELIVERED,CENTRAL
ORD004294,CUST00976,2025-07-04 23:03:52,DELIVERED,NORTH
ORD004295,CUST00756,2026-02-14 04:27:10,RETURNED,EAST
ORD004296,CUST00520,2025-12-04 14:36:27,DELIVERED,EAST
ORD004297,CUST00256,2026-07-20 00:48:26,DELIVERED,CENTRAL
ORD004298,CUST00568,2025-09-14 03:20:52,DELIVERED,SOUTH
ORD004299,CUST00853,2025-01-17 20:40:57,DELIVERED,CENTRAL
ORD004300,CUST00959,2026-02-11 06:34:41,RETURNED,CENTRAL
ORD004301,CUST00944,2026-01-08 12:28:14,CANCELLED,SOUTH
ORD004302,CUST00827,2026-04-15 22:56:00,DELIVERED,EAST
ORD004303,CUST00616,2025-03-16 15:55:15,DELIVERED,EAST
ORD004304,,2025-12-22 16:00:06,DELIVERED,SOUTH
ORD004305,,2026-04-05 18:08:55,DELIVERED,SOUTH
ORD004306,CUST00973,2025-12-20 15:57:10,SHIPPED,EAST
ORD004307,CUST00626,2026-05-17 00:43:09,DELIVERED,WEST
ORD004308,CUST00604,2026-02-23 13:42:37,SHIPPED,NORTH
ORD004309,CUST00110,2025-12-22 09:50:10,CANCELLED,NORTH
ORD004310,CUST00888,2025-12-03 11:59:51,PLACED,EAST
ORD004311,CUST00930,2025-03-05 17:15:07,RETURNED,SOUTH
ORD004312,CUST00267,2026-07-10 23:55:51,DELIVERED,EAST
ORD004313,CUST00850,2025-10-06 10:51:38,DELIVERED,NORTH
ORD004314,CUST00079,2026-02-26 14:53:22,DELIVERED,NORTH
ORD004315,CUST00394,2026-01-17 16:15:45,SHIPPED,SOUTH
ORD004316,CUST00711,2025-06-11 03:50:28,DELIVERED,WEST
ORD004317,CUST00336,2025-01-15 11:35:48,RETURNED,EAST
ORD004318,CUST00932,2025-01-13 22:10:13,DELIVERED,WEST
ORD004319,CUST00591,2025-06-28 02:56:57,DELIVERED,SOUTH
ORD004320,CUST00768,2025-07-25 06:47:16,DELIVERED,WEST
ORD004321,CUST00852,2026-07-01 01:01:02,SHIPPED,EAST
ORD004322,CUST00128,2025-08-22 12:45:33,CANCELLED,EAST
ORD004323,CUST00883,2026-06-15 02:30:53,DELIVERED,WEST
ORD004324,CUST00177,2025-10-20 08:27:24,DELIVERED,NORTH
ORD004325,CUST00779,2025-07-13 16:33:33,SHIPPED,SOUTH
ORD004326,CUST00417,2026-03-11 09:52:40,DELIVERED,SOUTH
ORD004327,CUST00360,21-06-2025,CANCELLED,NORTH
ORD004328,CUST00871,2025-04-20 18:03:47,DELIVERED,CENTRAL
ORD004329,CUST00991,2026-04-20 02:29:32,PLACED,EAST
ORD004330,CUST00516,2025-10-14 12:18:00,CANCELLED,WEST
ORD004331,CUST00537,2025-10-20 02:02:23,PLACED,SOUTH
ORD004332,CUST00425,2025-04-24 22:19:54,SHIPPED,WEST
ORD004333,CUST00312,2026-06-13 04:10:17,DELIVERED,EAST
ORD004334,CUST00800,2026-04-10 06:51:22,DELIVERED,SOUTH
ORD004335,CUST00551,2025-02-25 21:02:44,SHIPPED,SOUTH
ORD004336,CUST00696,2025-11-24 12:39:54,DELIVERED,NORTH
ORD004337,CUST00226,2025-04-07 08:07:18,DELIVERED,EAST
ORD004338,CUST00908,2025-11-29 10:38:26,DELIVERED,SOUTH
ORD004339,CUST00966,2025-11-01 19:06:51,DELIVERED,NORTH
ORD004340,CUST00924,2026-03-07 12:18:15,DELIVERED,WEST
ORD004341,CUST00508,2025-10-18 18:05:14,DELIVERED,SOUTH
ORD004342,CUST00860,2026-01-26 06:04:29,SHIPPED,EAST
ORD004343,CUST00457,2025-12-24 01:21:02,CANCELLED,NORTH
ORD004344,CUST00803,2025-07-06 10:24:41,DELIVERED,CENTRAL
ORD004345,CUST00026,2025-07-25 22:32:18,PLACED,WEST
ORD004346,CUST00364,2025-03-04 12:56:50,DELIVERED,SOUTH
ORD004347,CUST00078,2025-09-04 06:59:13,DELIVERED,SOUTH
ORD004348,CUST00603,2025-02-15 04:43:07,DELIVERED,NORTH
ORD004349,CUST00285,2026-07-28 14:10:07,DELIVERED,WEST
ORD004350,CUST00519,2025-04-27 12:29:05,SHIPPED,EAST
ORD004351,CUST00538,2025-09-17 01:29:26,DELIVERED,SOUTH
ORD004352,CUST00185,2025-06-05 13:34:45,SHIPPED,WEST
ORD004353,CUST00033,2026-05-06 08:14:39,RETURNED,NORTH
ORD004354,CUST00038,2025-07-22 03:00:32,CANCELLED,CENTRAL
ORD004355,CUST00072,2025-02-16 13:10:34,CANCELLED,CENTRAL
ORD004356,CUST00682,2025-10-08 22:04:31,PLACED,CENTRAL
ORD004357,CUST00613,2026-01-25 19:25:37,DELIVERED,EAST
ORD004358,CUST00089,2026-03-02 08:21:00,CANCELLED,CENTRAL
ORD004359,CUST00985,2025-12-14 20:00:26,SHIPPED,WEST
ORD004360,CUST00748,2025-08-26 23:56:45,DELIVERED,NORTH
ORD004361,CUST00783,2026-05-19 05:54:49,DELIVERED,NORTH
ORD004362,CUST00473,2026-07-24 09:33:28,DELIVERED,WEST
ORD004363,CUST00151,2026-07-05 01:14:30,DELIVERED,SOUTH
ORD004364,CUST00352,2026-04-12 08:14:47,PLACED,CENTRAL
ORD004365,CUST00736,2025-05-08 10:30:36,DELIVERED,NORTH
ORD004366,CUST00589,2026-07-02 02:26:23,DELIVERED,EAST
ORD004367,CUST00324,2025-08-05 02:45:35,DELIVERED,CENTRAL
ORD004368,CUST00179,2025-05-01 19:57:41,PLACED,NORTH
ORD004369,CUST00091,2026-02-18 03:58:14,PLACED,WEST
ORD004370,CUST00889,2025-07-09 05:42:14,DELIVERED,NORTH
ORD004371,CUST00751,2026-07-30 06:42:28,SHIPPED,WEST
ORD004372,CUST00310,10-04-2025,DELIVERED,EAST
ORD004373,CUST00018,2026-06-07 02:40:23,DELIVERED,CENTRAL
ORD004374,CUST00232,2025-10-05 13:27:50,DELIVERED,WEST
ORD004375,CUST00948,2026-01-21 22:53:53,PLACED,NORTH
ORD004376,CUST00941,2025-10-12 15:28:30,DELIVERED,NORTH
ORD004377,CUST00527,2025-10-18 09:46:42,RETURNED,WEST
ORD004378,CUST00548,2025-03-02 23:59:41,RETURNED,CENTRAL
ORD004379,CUST00374,2026-05-11 07:30:17,SHIPPED,CENTRAL
ORD004380,CUST00352,2026-04-29 14:26:13,PLACED,CENTRAL
ORD004381,CUST00723,2026-06-11 03:57:41,PLACED,SOUTH
ORD004382,CUST00568,2025-10-19 08:31:19,CANCELLED,NORTH
ORD004383,CUST00354,2026-04-28 05:10:41,DELIVERED,NORTH
ORD004384,CUST00319,2026-02-18 14:23:52,DELIVERED,CENTRAL
ORD004385,CUST00784,2025-02-01 21:16:14,RETURNED,CENTRAL
ORD004386,CUST00265,2025-10-27 04:15:57,SHIPPED,CENTRAL
ORD004387,CUST00178,2025-08-31 03:34:00,SHIPPED,CENTRAL
ORD004388,CUST00589,2025-12-26 20:43:46,SHIPPED,NORTH
ORD004389,CUST00754,2025-03-20 22:03:06,DELIVERED,SOUTH
ORD004390,CUST00198,2025-08-18 06:46:41,PLACED,WEST
ORD004391,CUST00256,2025-03-07 03:01:47,DELIVERED,EAST
ORD004392,CUST00056,2025-02-18 18:09:04,PLACED,NORTH
ORD004393,CUST00304,2025-01-08 23:18:40,DELIVERED,NORTH
ORD004394,CUST00632,2026-07-30 02:05:40,DELIVERED,EAST
ORD004395,CUST00321,2025-09-06 08:52:58,DELIVERED,WEST
ORD004396,CUST00820,2025-08-26 05:34:04,CANCELLED,NORTH
ORD004397,CUST00760,2025-05-23 17:34:23,PLACED,WEST
ORD004398,CUST00879,2026-04-10 10:37:00,SHIPPED,WEST
ORD004399,CUST00085,2026-04-26 02:39:35,CANCELLED,NORTH
ORD004400,CUST00108,2026-06-24 15:32:15,RETURNED,WEST
ORD004401,CUST00096,2025-01-14 09:55:27,DELIVERED,CENTRAL
ORD004402,CUST00164,2026-05-31 20:43:27,CANCELLED,NORTH
ORD004403,CUST00145,2025-11-21 04:57:37,RETURNED,SOUTH
ORD004404,CUST00649,2026-01-23 18:09:37,DELIVERED,SOUTH
ORD004405,CUST00391,2026-04-26 05:38:03,DELIVERED,SOUTH
ORD004406,,2025-05-31 08:05:04,DELIVERED,NORTH
ORD004407,CUST00012,2025-09-26 04:09:46,SHIPPED,EAST
ORD004408,CUST00779,2025-04-14 01:08:00,DELIVERED,SOUTH
ORD004409,CUST00032,2025-02-06 05:10:48,DELIVERED,EAST
ORD004410,CUST00631,2026-01-19 04:37:54,SHIPPED,SOUTH
ORD004411,CUST00962,2025-04-05 20:02:46,DELIVERED,EAST
ORD004412,CUST00923,2026-07-12 01:55:12,DELIVERED,CENTRAL
ORD004413,CUST00823,15-05-2026,RETURNED,CENTRAL
ORD004414,CUST00826,2025-10-23 05:38:23,DELIVERED,SOUTH
ORD004415,CUST00852,2025-05-22 07:23:59,DELIVERED,EAST
ORD004416,CUST00908,2026-01-06 13:54:07,RETURNED,WEST
ORD004417,CUST00622,2025-09-22 21:55:10,DELIVERED,EAST
ORD004418,CUST00650,2026-01-26 10:34:05,DELIVERED,EAST
ORD004419,CUST00987,2026-06-19 05:43:14,PLACED,WEST
ORD004420,CUST00862,2025-10-03 06:51:05,SHIPPED,CENTRAL
ORD004421,CUST00544,2026-01-31 02:05:35,DELIVERED,WEST
ORD004422,CUST00714,2026-04-22 09:31:53,SHIPPED,SOUTH
ORD004423,CUST00982,2025-02-10 18:03:08,SHIPPED,SOUTH
ORD004424,CUST00024,2025-03-10 11:52:23,DELIVERED,SOUTH
ORD004425,CUST00010,2025-08-06 01:10:48,DELIVERED,WEST
ORD004426,CUST00082,2026-03-25 11:50:57,SHIPPED,NORTH
ORD004427,CUST00125,2026-07-15 00:59:30,CANCELLED,CENTRAL
ORD004428,CUST00784,2025-09-08 14:40:18,DELIVERED,CENTRAL
ORD004429,CUST00076,2026-04-03 14:01:03,SHIPPED,WEST
ORD004430,CUST00749,2025-02-07 02:40:36,SHIPPED,WEST
ORD004431,CUST00246,2026-04-03 02:52:54,PLACED,WEST
ORD004432,CUST00655,2025-02-13 17:25:23,DELIVERED,SOUTH
ORD004433,CUST00748,2025-11-02 21:46:09,CANCELLED,EAST
ORD004434,CUST00778,2026-02-06 14:50:37,DELIVERED,WEST
ORD004435,CUST00340,2025-10-23 03:40:23,SHIPPED,SOUTH
ORD004436,CUST00680,2026-05-30 12:32:55,SHIPPED,SOUTH
ORD004437,CUST00169,2026-07-11 20:03:42,PLACED,NORTH
ORD004438,CUST00158,2025-07-10 15:52:48,PLACED,CENTRAL
ORD004439,CUST00438,2026-02-20 16:26:16,DELIVERED,WEST
ORD004440,CUST00420,2026-05-12 10:24:25,PLACED,WEST
ORD004441,CUST00821,2026-03-05 11:45:48,RETURNED,EAST
ORD004442,CUST00851,2026-03-23 11:49:17,SHIPPED,SOUTH
ORD004443,CUST00206,2025-03-05 00:56:58,DELIVERED,EAST
ORD004444,CUST00727,2025-09-14 03:02:31,SHIPPED,CENTRAL
ORD004445,CUST00501,2025-08-02 05:45:32,DELIVERED,EAST
ORD004446,CUST00703,2025-02-19 23:56:38,SHIPPED,CENTRAL
ORD004447,CUST00909,2025-05-02 13:11:25,DELIVERED,NORTH
ORD004448,CUST00668,2025-04-02 12:15:17,DELIVERED,WEST
ORD004449,CUST00230,2025-07-28 07:59:54,DELIVERED,EAST
ORD004450,CUST00367,2026-05-14 03:11:06,CANCELLED,CENTRAL
ORD004451,CUST00543,2026-04-11 03:24:21,RETURNED,NORTH
ORD004452,CUST00052,2026-03-16 09:52:10,DELIVERED,CENTRAL
ORD004453,CUST00063,2025-03-27 15:20:40,SHIPPED,NORTH
ORD004454,CUST00755,2025-09-12 04:57:37,DELIVERED,SOUTH
ORD004455,CUST00288,2025-04-23 07:13:55,SHIPPED,CENTRAL
ORD004456,CUST00221,2025-08-26 03:23:03,DELIVERED,WEST
ORD004457,CUST00567,2025-02-07 22:04:06,DELIVERED,EAST
ORD004458,CUST00711,2025-02-08 07:17:33,CANCELLED,CENTRAL
ORD004459,CUST00282,2025-01-07 07:07:08,SHIPPED,EAST
ORD004460,CUST00074,2025-09-17 03:34:22,DELIVERED,SOUTH
ORD004461,CUST00903,2026-02-14 07:41:08,RETURNED,WEST
ORD004462,CUST00355,2025-09-11 10:35:54,DELIVERED,NORTH
ORD004463,CUST00600,2025-04-30 19:15:42,PLACED,WEST
ORD004464,CUST00274,2025-11-09 22:36:40,SHIPPED,SOUTH
ORD004465,,2025-09-16 11:03:27,DELIVERED,EAST
ORD004466,CUST00065,2025-03-25 04:13:08,SHIPPED,CENTRAL
ORD004467,CUST00358,2025-11-14 11:59:17,DELIVERED,SOUTH
ORD004468,CUST00374,2026-07-28 02:45:48,RETURNED,EAST
ORD004469,CUST00740,2026-05-20 02:23:07,SHIPPED,SOUTH
ORD004470,CUST00690,2026-01-22 03:07:36,CANCELLED,CENTRAL
ORD004471,CUST00937,2025-05-04 06:39:34,DELIVERED,SOUTH
ORD004472,CUST00380,2025-11-05 21:00:43,DELIVERED,EAST
ORD004473,CUST00003,2025-12-13 06:31:11,DELIVERED,NORTH
ORD004474,CUST00851,2025-09-24 17:19:33,DELIVERED,CENTRAL
ORD004475,CUST00961,2025-03-19 17:09:31,PLACED,WEST
ORD004476,CUST00071,2025-04-29 23:25:16,DELIVERED,EAST
ORD004477,CUST00315,2026-04-15 03:39:41,DELIVERED,NORTH
ORD004478,CUST00283,2026-04-27 12:00:24,DELIVERED,SOUTH
ORD004479,CUST00660,2025-09-19 05:54:30,DELIVERED,WEST
ORD004480,CUST00359,2025-10-22 13:27:33,DELIVERED,NORTH
ORD004481,CUST00371,2025-09-11 07:45:29,DELIVERED,SOUTH
ORD004482,CUST00314,2025-06-22 22:35:31,DELIVERED,WEST
ORD004483,CUST00105,2025-09-19 04:49:05,CANCELLED,SOUTH
ORD004484,CUST00744,2025-01-03 01:49:34,SHIPPED,CENTRAL
ORD004485,CUST00056,2026-01-14 04:02:34,RETURNED,SOUTH
ORD004486,CUST00116,2025-09-26 13:41:55,DELIVERED,WEST
ORD004487,CUST00053,2026-05-31 17:40:25,SHIPPED,EAST
ORD004488,CUST00474,2025-12-20 07:05:45,DELIVERED,CENTRAL
ORD004489,CUST00247,2026-05-31 03:10:25,CANCELLED,EAST
ORD004490,CUST00496,2025-04-14 16:28:08,RETURNED,WEST
ORD004491,CUST00345,2025-11-08 16:36:14,SHIPPED,EAST
ORD004492,CUST00749,2026-05-08 08:22:47,PLACED,CENTRAL
ORD004493,CUST00665,2025-10-18 13:35:26,DELIVERED,EAST
ORD004494,CUST00882,2025-04-23 06:55:50,RETURNED,EAST
ORD004495,CUST00855,2026-06-08 15:05:12,DELIVERED,EAST
ORD004496,CUST00613,2025-08-23 02:43:28,DELIVERED,CENTRAL
ORD004497,CUST00419,2025-11-09 14:14:53,DELIVERED,CENTRAL
ORD004498,CUST00269,2026-05-03 20:04:13,DELIVERED,WEST
ORD004499,CUST00219,2026-07-31 01:36:36,DELIVERED,EAST
ORD004500,CUST00308,2025-01-15 04:04:19,SHIPPED,CENTRAL
ORD004501,CUST00456,2026-05-08 03:07:57,SHIPPED,WEST
ORD004502,CUST00501,2026-07-14 12:33:47,CANCELLED,SOUTH
ORD004503,CUST00128,2026-03-08 20:03:02,DELIVERED,EAST
ORD004504,CUST00531,2026-07-08 16:49:15,RETURNED,EAST
ORD004505,CUST00413,2025-01-29 19:12:50,PLACED,CENTRAL
ORD004506,CUST00104,2025-01-15 23:41:04,DELIVERED,NORTH
ORD004507,CUST00041,2025-03-23 10:44:06,PLACED,WEST
ORD004508,CUST00810,2026-05-17 22:08:54,PLACED,CENTRAL
ORD004509,CUST00612,2025-05-19 07:59:12,DELIVERED,NORTH
ORD004510,CUST00721,2025-05-02 05:50:11,DELIVERED,CENTRAL
ORD004511,CUST00243,2026-06-01 04:42:54,DELIVERED,CENTRAL
ORD004512,CUST00412,2026-06-10 17:30:31,RETURNED,WEST
ORD004513,CUST00246,2025-10-13 20:17:09,DELIVERED,CENTRAL
ORD004514,CUST00047,2026-01-15 20:32:54,SHIPPED,CENTRAL
ORD004515,CUST00277,2025-03-08 07:30:02,SHIPPED,EAST
ORD004516,CUST00772,2025-05-31 13:37:28,PLACED,SOUTH
ORD004517,,2025-12-30 13:55:59,DELIVERED,WEST
ORD004518,CUST00999,2026-04-23 06:51:31,DELIVERED,SOUTH
ORD004519,CUST00730,2026-07-19 19:37:01,DELIVERED,NORTH
ORD004520,CUST00275,2026-02-09 00:29:10,SHIPPED,NORTH
ORD004521,CUST00937,2025-12-21 09:37:07,SHIPPED,EAST
ORD004522,CUST00448,2025-10-11 07:34:16,SHIPPED,NORTH
ORD004523,CUST00998,2025-09-24 04:29:12,RETURNED,WEST
ORD004524,CUST00747,2026-01-01 17:45:23,RETURNED,NORTH
ORD004525,CUST00519,2026-02-11 07:06:13,RETURNED,NORTH
ORD004526,CUST00130,2026-06-07 03:04:23,SHIPPED,SOUTH
ORD004527,CUST00642,2026-05-26 19:56:50,CANCELLED,WEST
ORD004528,CUST00111,2026-03-31 20:01:06,DELIVERED,CENTRAL
ORD004529,CUST00151,2025-09-16 18:18:16,CANCELLED,WEST
ORD004530,CUST00777,2025-09-05 08:46:14,SHIPPED,EAST
ORD004531,CUST00382,2026-06-28 18:11:05,DELIVERED,EAST
ORD004532,CUST00947,2025-03-01 08:24:10,PLACED,CENTRAL
ORD004533,CUST00783,2026-06-25 19:39:21,SHIPPED,WEST
ORD004534,CUST00990,2025-01-15 04:57:21,SHIPPED,SOUTH
ORD004535,CUST00664,2026-05-15 19:07:02,DELIVERED,SOUTH
ORD004536,CUST00975,2026-07-16 00:13:11,DELIVERED,NORTH
ORD004537,CUST00920,2025-08-06 01:28:50,RETURNED,EAST
ORD004538,CUST00138,09-05-2025,PLACED,CENTRAL
ORD004539,CUST00249,2025-09-09 09:08:46,PLACED,NORTH
ORD004540,CUST00454,2025-05-12 06:05:21,RETURNED,NORTH
ORD004541,CUST00521,2026-01-10 03:13:40,DELIVERED,EAST
ORD004542,CUST00495,2025-02-05 21:24:52,PLACED,WEST
ORD004543,CUST00495,2025-12-05 06:07:59,DELIVERED,WEST
ORD004544,CUST00759,2026-04-14 21:47:09,DELIVERED,WEST
ORD004545,CUST00068,2026-05-10 09:22:50,RETURNED,WEST
ORD004546,CUST00289,2026-02-28 18:43:26,DELIVERED,CENTRAL
ORD004547,,2025-08-21 20:45:30,DELIVERED,CENTRAL
ORD004548,CUST00232,2026-06-06 09:40:59,CANCELLED,EAST
ORD004549,CUST00263,2026-04-23 11:55:29,SHIPPED,CENTRAL
ORD004550,CUST00411,2025-01-29 17:49:21,RETURNED,SOUTH
ORD004551,CUST00021,2025-10-28 12:24:26,SHIPPED,CENTRAL
ORD004552,,2026-03-15 12:09:23,DELIVERED,NORTH
ORD004553,CUST00134,2025-09-19 04:57:26,RETURNED,CENTRAL
ORD004554,CUST00055,2025-04-06 20:01:21,DELIVERED,EAST
ORD004555,CUST00103,2025-05-26 21:22:17,DELIVERED,CENTRAL
ORD004556,CUST00978,2025-01-09 08:51:14,SHIPPED,EAST
ORD004557,CUST00069,2026-04-10 18:15:34,RETURNED,SOUTH
ORD004558,CUST00350,2025-05-14 11:55:54,PLACED,SOUTH
ORD004559,CUST00586,2026-07-25 20:50:36,PLACED,CENTRAL
ORD004560,CUST00812,2025-08-03 15:25:59,SHIPPED,CENTRAL
ORD004561,CUST00792,2025-10-13 21:05:01,DELIVERED,EAST
ORD004562,CUST00860,2026-04-28 18:40:24,PLACED,EAST
ORD004563,CUST00907,2025-09-11 10:08:24,DELIVERED,EAST
ORD004564,CUST00387,2026-03-22 18:27:38,DELIVERED,EAST
ORD004565,CUST00898,2025-05-07 13:07:49,DELIVERED,NORTH
ORD004566,CUST00557,2025-07-09 22:37:15,DELIVERED,EAST
ORD004567,CUST00651,2026-03-29 18:10:05,DELIVERED,NORTH
ORD004568,CUST00348,2026-04-14 06:50:04,DELIVERED,WEST
ORD004569,CUST00498,28-06-2026,PLACED,WEST
ORD004570,CUST00930,2025-02-14 06:15:26,DELIVERED,SOUTH
ORD004571,CUST00956,2026-06-27 15:43:29,DELIVERED,WEST
ORD004572,CUST00829,2025-06-30 02:09:57,DELIVERED,CENTRAL
ORD004573,CUST00245,2025-12-15 03:23:23,SHIPPED,CENTRAL
ORD004574,CUST00853,2025-11-10 13:44:02,CANCELLED,WEST
ORD004575,CUST00010,2025-10-29 04:37:34,DELIVERED,CENTRAL
ORD004576,CUST00466,2026-06-10 07:33:42,CANCELLED,NORTH
ORD004577,CUST00484,2025-07-03 13:35:21,SHIPPED,EAST
ORD004578,CUST00431,2026-07-16 05:32:17,DELIVERED,WEST
ORD004579,CUST00271,2025-09-22 07:23:17,PLACED,CENTRAL
ORD004580,CUST00547,2025-02-03 13:06:17,DELIVERED,WEST
ORD004581,CUST00223,2025-04-01 22:17:56,RETURNED,WEST
ORD004582,,2025-09-22 18:55:59,SHIPPED,NORTH
ORD004583,CUST00799,2026-03-30 08:30:43,DELIVERED,CENTRAL
ORD004584,CUST00307,2026-01-06 17:52:16,SHIPPED,NORTH
ORD004585,CUST00977,2026-03-24 11:50:52,DELIVERED,WEST
ORD004586,CUST00690,2025-09-30 16:51:12,DELIVERED,CENTRAL
ORD004587,CUST00467,2025-04-28 19:54:20,DELIVERED,SOUTH
ORD004588,CUST00346,2025-07-28 10:39:05,DELIVERED,SOUTH
ORD004589,CUST00624,2026-01-30 03:56:17,DELIVERED,CENTRAL
ORD004590,CUST00760,20-11-2025,DELIVERED,CENTRAL
ORD004591,CUST00187,2026-05-20 20:01:45,DELIVERED,SOUTH
ORD004592,CUST00954,2025-11-15 06:36:43,DELIVERED,CENTRAL
ORD004593,CUST00454,2025-12-09 07:22:43,DELIVERED,EAST
ORD004594,CUST00776,2026-05-24 04:11:15,DELIVERED,WEST
ORD004595,CUST00229,2026-01-22 00:47:46,SHIPPED,WEST
ORD004596,CUST00805,2025-03-08 07:57:08,DELIVERED,SOUTH
ORD004597,CUST00127,2025-04-11 23:40:55,DELIVERED,SOUTH
ORD004598,CUST00034,2025-11-13 00:32:37,RETURNED,SOUTH
ORD004599,CUST00168,2025-06-30 01:35:32,RETURNED,SOUTH
ORD004600,CUST00147,2025-06-17 12:28:32,RETURNED,EAST
ORD004601,CUST00024,2025-11-08 13:42:32,CANCELLED,WEST
ORD004602,CUST00998,2025-07-20 20:28:03,DELIVERED,NORTH
ORD004603,CUST00353,2026-05-24 06:15:46,DELIVERED,CENTRAL
ORD004604,CUST00331,2025-04-20 04:30:14,PLACED,CENTRAL
ORD004605,CUST00494,2026-07-10 16:04:05,PLACED,WEST
ORD004606,CUST00272,2025-07-17 03:19:53,CANCELLED,EAST
ORD004607,CUST00491,2025-09-22 14:02:25,SHIPPED,CENTRAL
ORD004608,CUST00784,2026-02-09 02:45:43,SHIPPED,EAST
ORD004609,CUST00319,2025-04-22 04:55:49,PLACED,SOUTH
ORD004610,CUST00421,2025-08-24 02:25:32,DELIVERED,NORTH
ORD004611,CUST00881,2025-11-26 13:05:27,DELIVERED,WEST
ORD004612,CUST00029,2026-06-12 04:32:52,SHIPPED,CENTRAL
ORD004613,CUST00173,2025-04-06 00:38:39,PLACED,WEST
ORD004614,,2025-03-14 06:12:19,DELIVERED,EAST
ORD004615,CUST00988,2025-11-19 02:40:27,RETURNED,CENTRAL
ORD004616,CUST00553,2026-01-02 14:15:28,DELIVERED,SOUTH
ORD004617,CUST00532,2026-01-22 01:55:35,DELIVERED,NORTH
ORD004618,CUST00162,2025-08-29 13:30:33,DELIVERED,SOUTH
ORD004619,CUST00116,2026-01-04 01:56:22,DELIVERED,EAST
ORD004620,CUST00438,2025-01-07 11:30:20,DELIVERED,CENTRAL
ORD004621,CUST00007,01-01-2026,DELIVERED,NORTH
ORD004622,CUST00500,2025-08-31 12:11:33,PLACED,NORTH
ORD004623,CUST00164,2026-07-22 11:47:27,DELIVERED,NORTH
ORD004624,CUST00501,2025-10-08 06:46:28,RETURNED,NORTH
ORD004625,CUST00543,2026-01-23 00:47:03,DELIVERED,NORTH
ORD004626,CUST00910,2025-07-28 23:38:40,SHIPPED,WEST
ORD004627,CUST00758,2025-01-14 21:48:01,DELIVERED,WEST
ORD004628,CUST00585,2025-12-14 10:35:01,SHIPPED,NORTH
ORD004629,CUST00739,2025-11-06 07:47:15,DELIVERED,EAST
ORD004630,CUST00556,2025-05-27 12:29:29,DELIVERED,EAST
ORD004631,CUST00506,2025-04-21 02:34:27,DELIVERED,SOUTH
ORD004632,CUST00725,16-05-2026,PLACED,NORTH
ORD004633,CUST00344,2025-12-12 23:29:44,SHIPPED,SOUTH
ORD004634,CUST00078,2025-07-28 01:51:07,DELIVERED,CENTRAL
ORD004635,CUST00636,2026-05-08 15:36:32,PLACED,NORTH
ORD004636,CUST00580,2025-12-02 18:23:06,RETURNED,WEST
ORD004637,CUST00029,2026-04-25 13:38:21,PLACED,SOUTH
ORD004638,,2026-03-13 18:59:01,DELIVERED,EAST
ORD004639,CUST00233,2026-07-02 14:44:54,DELIVERED,NORTH
ORD004640,CUST00590,2026-05-18 21:15:12,DELIVERED,CENTRAL
ORD004641,CUST00166,2026-04-06 21:35:15,DELIVERED,EAST
ORD004642,CUST00831,2025-04-08 00:10:24,CANCELLED,CENTRAL
ORD004643,CUST00086,2025-08-08 08:44:07,RETURNED,WEST
ORD004644,CUST00959,2025-12-23 21:31:20,CANCELLED,EAST
ORD004645,CUST00307,2026-03-12 23:10:27,CANCELLED,CENTRAL
ORD004646,CUST00395,2025-04-12 04:42:28,PLACED,CENTRAL
ORD004647,CUST00072,2025-05-19 02:45:12,DELIVERED,WEST
ORD004648,CUST00242,2026-05-17 13:54:52,DELIVERED,WEST
ORD004649,CUST00770,2025-07-20 07:17:13,DELIVERED,SOUTH
ORD004650,CUST00351,2025-08-25 08:34:31,DELIVERED,WEST
ORD004651,CUST00998,2025-10-20 08:27:02,SHIPPED,WEST
ORD004652,CUST00872,2025-08-27 18:04:30,DELIVERED,NORTH
ORD004653,CUST00629,2026-03-20 18:49:02,CANCELLED,EAST
ORD004654,CUST00663,2025-01-15 13:45:51,SHIPPED,WEST
ORD004655,CUST00429,2025-02-09 06:35:36,DELIVERED,CENTRAL
ORD004656,CUST00616,2025-02-21 02:53:24,DELIVERED,SOUTH
ORD004657,CUST00131,2025-08-12 16:24:30,DELIVERED,SOUTH
ORD004658,CUST00268,2026-04-07 07:05:11,PLACED,WEST
ORD004659,CUST00237,2025-02-11 04:56:55,PLACED,EAST
ORD004660,CUST00645,2025-02-15 13:16:00,DELIVERED,SOUTH
ORD004661,CUST00112,2026-07-07 01:14:12,DELIVERED,SOUTH
ORD004662,CUST00934,2025-02-21 03:13:36,RETURNED,EAST
ORD004663,CUST00993,2025-01-10 21:38:39,DELIVERED,CENTRAL
ORD004664,CUST00941,2026-04-20 02:14:28,SHIPPED,EAST
ORD004665,CUST00755,2025-07-31 23:10:33,DELIVERED,SOUTH
ORD004666,CUST00653,2025-07-08 05:51:49,RETURNED,EAST
ORD004667,CUST00701,2025-11-19 16:20:05,DELIVERED,WEST
ORD004668,CUST00085,2025-10-02 02:45:02,DELIVERED,SOUTH
ORD004669,CUST00788,2025-05-08 00:20:28,DELIVERED,SOUTH
ORD004670,CUST00011,2025-02-03 04:05:55,SHIPPED,CENTRAL
ORD004671,,2025-01-30 11:10:14,DELIVERED,WEST
ORD004672,CUST00465,2025-11-12 19:11:10,CANCELLED,EAST
ORD004673,CUST00463,2026-01-26 21:02:19,CANCELLED,EAST
ORD004674,CUST00675,2025-02-10 18:37:26,SHIPPED,SOUTH
ORD004675,CUST00635,2026-01-18 16:46:02,DELIVERED,NORTH
ORD004676,CUST00454,2025-10-10 11:34:30,SHIPPED,CENTRAL
ORD004677,CUST00202,2025-08-26 12:05:48,DELIVERED,WEST
ORD004678,CUST00284,2025-09-06 03:15:14,DELIVERED,CENTRAL
ORD004679,CUST00811,2026-06-20 01:50:00,DELIVERED,CENTRAL
ORD004680,CUST00343,2025-12-21 17:00:46,CANCELLED,CENTRAL
ORD004681,CUST00227,11-07-2025,DELIVERED,EAST
ORD004682,CUST00645,2026-06-12 13:28:10,SHIPPED,SOUTH
ORD004683,CUST00104,2025-05-19 19:27:31,DELIVERED,EAST
ORD004684,,2026-03-19 18:37:50,SHIPPED,WEST
ORD004685,CUST00248,2025-06-28 18:20:05,DELIVERED,NORTH
ORD004686,CUST00129,2025-07-13 01:05:10,DELIVERED,NORTH
ORD004687,CUST00092,2025-10-11 23:58:38,DELIVERED,WEST
ORD004688,CUST00602,2025-07-27 05:00:42,DELIVERED,EAST
ORD004689,CUST00917,2026-05-19 00:42:12,DELIVERED,EAST
ORD004690,CUST00073,2025-03-03 03:00:14,SHIPPED,EAST
ORD004691,CUST00135,2025-09-07 03:03:44,CANCELLED,NORTH
ORD004692,CUST00790,2026-02-06 11:12:06,PLACED,SOUTH
ORD004693,CUST00751,2025-09-26 04:06:01,DELIVERED,SOUTH
ORD004694,CUST00318,2026-04-20 18:20:46,RETURNED,NORTH
ORD004695,CUST00896,2026-01-01 09:45:05,DELIVERED,EAST
ORD004696,CUST00973,2025-04-05 04:45:26,DELIVERED,SOUTH
ORD004697,CUST00528,2026-05-06 17:40:22,RETURNED,WEST
ORD004698,CUST00861,2025-12-01 10:39:14,DELIVERED,NORTH
ORD004699,CUST00894,2026-02-21 16:05:30,CANCELLED,WEST
ORD004700,CUST00135,2025-01-08 04:35:02,PLACED,WEST
ORD004701,CUST00321,2025-02-02 06:16:43,PLACED,CENTRAL
ORD004702,CUST00395,2026-01-25 02:50:52,DELIVERED,WEST
ORD004703,CUST00472,2025-03-02 01:50:33,DELIVERED,WEST
ORD004704,,2026-01-28 09:21:24,DELIVERED,NORTH
ORD004705,CUST00081,2025-08-10 00:00:57,DELIVERED,NORTH
ORD004706,CUST00751,2025-06-18 04:46:00,DELIVERED,CENTRAL
ORD004707,CUST00571,2025-03-18 05:53:40,SHIPPED,EAST
ORD004708,CUST00918,2025-10-31 11:54:21,DELIVERED,SOUTH
ORD004709,CUST00117,2025-11-13 14:48:25,DELIVERED,CENTRAL
ORD004710,CUST00091,2026-02-14 16:14:08,DELIVERED,WEST
ORD004711,CUST00047,2025-09-30 06:07:01,DELIVERED,WEST
ORD004712,CUST00410,2026-03-09 11:35:06,SHIPPED,WEST
ORD004713,CUST00036,2025-01-10 08:17:01,SHIPPED,WEST
ORD004714,CUST00002,2026-07-17 08:23:01,DELIVERED,EAST
ORD004715,CUST00648,2025-05-31 00:40:41,DELIVERED,EAST
ORD004716,,2026-02-05 14:33:25,DELIVERED,NORTH
ORD004717,CUST00228,2025-02-08 14:47:22,DELIVERED,CENTRAL
ORD004718,CUST00599,2026-05-04 09:53:03,DELIVERED,EAST
ORD004719,CUST00291,2026-04-17 21:49:48,DELIVERED,NORTH
ORD004720,CUST00493,2025-07-24 14:47:35,RETURNED,WEST
ORD004721,CUST00741,2025-11-21 13:24:22,PLACED,CENTRAL
ORD004722,CUST00504,2025-03-20 10:20:01,DELIVERED,WEST
ORD004723,,2026-06-04 11:59:36,DELIVERED,WEST
ORD004724,CUST00311,2025-07-13 08:38:55,PLACED,NORTH
ORD004725,CUST00672,2025-12-07 21:36:21,RETURNED,NORTH
ORD004726,CUST00138,2025-09-29 10:57:54,RETURNED,WEST
ORD004727,CUST00810,2025-06-16 03:54:30,DELIVERED,WEST
ORD004728,CUST00248,2025-01-15 07:31:57,PLACED,WEST
ORD004729,CUST00493,2025-03-26 02:12:46,SHIPPED,WEST
ORD004730,CUST00290,2026-03-02 06:15:00,SHIPPED,NORTH
ORD004731,CUST00681,2025-02-14 17:18:48,DELIVERED,EAST
ORD004732,CUST00025,2026-05-27 05:26:34,DELIVERED,CENTRAL
ORD004733,CUST00520,2026-07-14 04:18:13,DELIVERED,CENTRAL
ORD004734,CUST00582,2026-01-21 05:39:10,DELIVERED,CENTRAL
ORD004735,CUST00139,2025-08-29 16:08:28,DELIVERED,NORTH
ORD004736,CUST00813,2025-08-08 02:41:46,SHIPPED,NORTH
ORD004737,,2026-03-27 16:53:18,SHIPPED,SOUTH
ORD004738,CUST00634,2025-06-25 13:25:08,DELIVERED,EAST
ORD004739,CUST00582,2026-03-16 22:20:27,DELIVERED,EAST
ORD004740,CUST00397,2025-04-29 12:44:35,DELIVERED,SOUTH
ORD004741,CUST00535,2026-04-16 09:51:46,SHIPPED,EAST
ORD004742,CUST00797,2025-09-12 05:25:58,PLACED,SOUTH
ORD004743,CUST00039,2025-04-11 16:39:04,RETURNED,NORTH
ORD004744,CUST00762,2025-12-30 13:58:29,CANCELLED,NORTH
ORD004745,CUST00081,2026-05-28 02:09:09,DELIVERED,NORTH
ORD004746,CUST00105,2026-02-06 05:48:01,SHIPPED,CENTRAL
ORD004747,CUST00013,2025-09-19 14:40:21,DELIVERED,NORTH
ORD004748,CUST00821,2025-03-31 03:15:10,SHIPPED,SOUTH
ORD004749,CUST00567,2025-08-17 06:55:59,DELIVERED,CENTRAL
ORD004750,,2026-03-09 12:52:49,SHIPPED,NORTH
ORD004751,CUST00486,2025-10-31 15:03:15,CANCELLED,EAST
ORD004752,CUST00160,2025-01-12 12:08:14,DELIVERED,EAST
ORD004753,CUST00153,2025-07-15 00:08:12,CANCELLED,SOUTH
ORD004754,CUST00251,2025-12-25 10:47:13,PLACED,EAST
ORD004755,,2025-02-27 05:22:17,CANCELLED,CENTRAL
ORD004756,,2025-04-29 10:47:53,DELIVERED,CENTRAL
ORD004757,CUST00943,2025-07-24 17:18:19,DELIVERED,SOUTH
ORD004758,CUST00419,2025-01-05 23:19:31,PLACED,WEST
ORD004759,CUST00807,2025-03-13 20:36:08,DELIVERED,NORTH
ORD004760,CUST00835,2026-03-27 14:59:14,DELIVERED,EAST
ORD004761,CUST00388,2026-05-26 21:51:41,SHIPPED,EAST
ORD004762,CUST00420,2026-03-12 02:51:52,DELIVERED,EAST
ORD004763,CUST00047,2025-06-21 05:22:56,SHIPPED,SOUTH
ORD004764,CUST00529,2025-03-22 12:04:31,CANCELLED,CENTRAL
ORD004765,CUST00320,2025-01-08 12:57:36,DELIVERED,NORTH
ORD004766,CUST00238,2025-05-02 14:43:14,SHIPPED,CENTRAL
ORD004767,CUST00318,2025-08-31 04:43:47,DELIVERED,WEST
ORD004768,,2025-08-02 12:19:47,CANCELLED,WEST
ORD004769,CUST00304,2026-05-29 02:08:37,DELIVERED,SOUTH
ORD004770,CUST00203,2025-03-23 05:15:36,CANCELLED,WEST
ORD004771,CUST00486,2025-04-08 04:50:22,SHIPPED,EAST
ORD004772,CUST00484,2026-04-11 18:09:54,PLACED,EAST
ORD004773,,2025-06-16 20:03:38,RETURNED,EAST
ORD004774,CUST00643,2026-03-27 23:37:27,RETURNED,WEST
ORD004775,,2025-06-28 09:22:05,SHIPPED,SOUTH
ORD004776,CUST00993,2026-04-23 14:01:09,SHIPPED,WEST
ORD004777,CUST00073,2025-01-04 08:17:17,PLACED,SOUTH
ORD004778,CUST00829,2025-12-17 05:45:47,RETURNED,CENTRAL
ORD004779,,2026-01-15 17:57:03,DELIVERED,NORTH
ORD004780,CUST00038,05-03-2025,DELIVERED,WEST
ORD004781,CUST00303,2025-11-13 03:05:55,SHIPPED,SOUTH
ORD004782,CUST00398,13-08-2025,SHIPPED,EAST
ORD004783,CUST00410,2025-12-27 07:20:02,CANCELLED,WEST
ORD004784,CUST00652,2026-03-30 12:16:42,DELIVERED,CENTRAL
ORD004785,CUST00072,29-12-2025,DELIVERED,WEST
ORD004786,CUST00026,2025-02-11 14:22:45,DELIVERED,WEST
ORD004787,,2025-02-25 18:44:49,RETURNED,SOUTH
ORD004788,CUST00321,2026-03-22 22:24:35,DELIVERED,SOUTH
ORD004789,CUST00957,2025-01-29 17:12:46,SHIPPED,NORTH
ORD004790,CUST00588,2026-07-01 09:53:51,CANCELLED,NORTH
ORD004791,CUST00025,2025-05-13 05:09:11,SHIPPED,EAST
ORD004792,CUST00996,2025-10-05 00:51:15,DELIVERED,WEST
ORD004793,CUST00238,2025-07-01 04:54:22,DELIVERED,CENTRAL
ORD004794,CUST00719,2025-09-23 23:36:11,SHIPPED,CENTRAL
ORD004795,CUST00492,12-06-2026,SHIPPED,SOUTH
ORD004796,CUST00929,2025-01-01 23:31:51,DELIVERED,EAST
ORD004797,CUST00817,2026-03-31 21:36:59,DELIVERED,WEST
ORD004798,CUST00220,2026-07-13 17:29:12,SHIPPED,CENTRAL
ORD004799,CUST00852,2025-12-21 11:12:16,RETURNED,SOUTH
ORD004800,CUST00890,2025-08-24 16:30:18,DELIVERED,SOUTH
ORD004801,CUST00508,2026-07-12 10:05:41,RETURNED,SOUTH
ORD004802,CUST00832,2026-03-12 02:05:33,CANCELLED,WEST
ORD004803,CUST00994,2026-05-29 14:40:05,DELIVERED,WEST
ORD004804,CUST00398,2026-03-06 20:16:30,PLACED,NORTH
ORD004805,CUST00982,2025-07-07 12:30:26,SHIPPED,NORTH
ORD004806,CUST00494,2026-04-18 23:48:02,RETURNED,WEST
ORD004807,,2025-10-10 14:25:22,SHIPPED,SOUTH
ORD004808,CUST00474,2026-04-17 21:05:08,CANCELLED,NORTH
ORD004809,CUST00348,2025-01-20 00:40:07,CANCELLED,CENTRAL
ORD004810,CUST00957,2025-10-16 03:50:14,DELIVERED,WEST
ORD004811,CUST00607,2026-02-20 15:15:44,DELIVERED,NORTH
ORD004812,CUST00679,2026-05-04 02:04:40,DELIVERED,NORTH
ORD004813,CUST00237,2026-04-11 11:45:27,SHIPPED,SOUTH
ORD004814,CUST00861,2025-03-18 22:32:34,RETURNED,WEST
ORD004815,CUST00598,2025-04-28 05:16:03,SHIPPED,NORTH
ORD004816,CUST00637,2025-05-15 20:46:59,PLACED,NORTH
ORD004817,CUST00803,2025-03-28 06:47:30,DELIVERED,NORTH
ORD004818,CUST00435,2025-02-27 07:43:26,CANCELLED,WEST
ORD004819,CUST00265,2025-07-16 00:40:32,DELIVERED,CENTRAL
ORD004820,CUST00971,2025-03-10 03:13:11,PLACED,CENTRAL
ORD004821,CUST00671,2025-05-31 01:49:54,DELIVERED,WEST
ORD004822,CUST00640,2025-02-09 19:04:14,DELIVERED,CENTRAL
ORD004823,CUST00490,2025-04-10 07:25:18,RETURNED,NORTH
ORD004824,CUST00682,2025-07-23 19:28:44,DELIVERED,WEST
ORD004825,CUST00251,2026-05-03 21:11:06,CANCELLED,EAST
ORD004826,CUST00743,2025-11-22 10:33:25,SHIPPED,NORTH
ORD004827,CUST00544,2026-03-01 19:53:36,SHIPPED,WEST
ORD004828,CUST00084,2026-02-13 18:22:13,DELIVERED,EAST
ORD004829,CUST00394,2025-02-19 00:50:16,DELIVERED,SOUTH
ORD004830,CUST00160,2025-05-28 06:05:19,DELIVERED,WEST
ORD004831,CUST00434,2026-01-29 14:22:23,RETURNED,CENTRAL
ORD004832,CUST00424,2025-12-26 04:31:59,PLACED,SOUTH
ORD004833,CUST00801,2026-03-25 11:36:45,DELIVERED,SOUTH
ORD004834,CUST00352,2025-04-19 16:08:54,DELIVERED,WEST
ORD004835,CUST00934,2025-03-20 23:48:21,CANCELLED,SOUTH
ORD004836,CUST00267,2026-04-15 22:16:01,DELIVERED,SOUTH
ORD004837,CUST00321,2025-05-24 16:49:09,DELIVERED,EAST
ORD004838,CUST00701,2026-02-09 01:54:17,RETURNED,WEST
ORD004839,CUST00748,2026-02-26 02:00:32,SHIPPED,NORTH
ORD004840,CUST00802,2025-06-22 20:52:20,DELIVERED,NORTH
ORD004841,CUST00533,2025-01-20 01:07:10,DELIVERED,NORTH
ORD004842,CUST00325,2026-06-30 15:11:09,DELIVERED,NORTH
ORD004843,CUST00932,2025-10-29 21:04:52,SHIPPED,WEST
ORD004844,CUST00952,2026-04-19 14:33:38,RETURNED,CENTRAL
ORD004845,CUST00156,2025-01-13 06:44:44,SHIPPED,WEST
ORD004846,CUST00480,2025-05-11 17:19:04,SHIPPED,WEST
ORD004847,CUST00024,2025-06-18 01:19:10,DELIVERED,EAST
ORD004848,CUST00816,2025-01-06 05:08:54,DELIVERED,CENTRAL
ORD004849,CUST00975,2026-01-16 08:46:44,SHIPPED,WEST
ORD004850,CUST00816,2026-03-20 16:52:30,CANCELLED,WEST
ORD004851,CUST00324,2025-09-26 22:41:34,RETURNED,SOUTH
ORD004852,CUST00463,2025-07-29 06:34:58,PLACED,WEST
ORD004853,CUST00401,21-12-2025,DELIVERED,WEST
ORD004854,CUST00364,2025-11-02 05:01:23,DELIVERED,WEST
ORD004855,CUST00165,2025-10-11 07:45:57,SHIPPED,SOUTH
ORD004856,CUST00032,2025-01-12 04:41:26,DELIVERED,SOUTH
ORD004857,,2026-01-30 16:51:14,DELIVERED,SOUTH
ORD004858,CUST00653,2026-03-10 21:25:18,DELIVERED,SOUTH
ORD004859,CUST00041,2026-01-02 09:11:06,DELIVERED,SOUTH
ORD004860,CUST00652,2025-12-09 19:51:32,DELIVERED,EAST
ORD004861,CUST00298,2026-02-28 03:13:19,SHIPPED,WEST
ORD004862,CUST00066,2026-04-25 09:07:11,PLACED,EAST
ORD004863,CUST00482,2025-07-16 19:25:32,PLACED,SOUTH
ORD004864,CUST00715,2025-11-30 21:34:50,SHIPPED,WEST
ORD004865,CUST00161,2026-05-01 05:21:24,DELIVERED,EAST
ORD004866,CUST00727,16-01-2025,DELIVERED,NORTH
ORD004867,,2025-03-31 04:27:51,DELIVERED,EAST
ORD004868,CUST00132,2025-11-30 10:15:18,SHIPPED,NORTH
ORD004869,,21-11-2025,DELIVERED,SOUTH
ORD004870,CUST00040,2025-04-30 06:12:24,DELIVERED,NORTH
ORD004871,CUST00195,2026-06-05 03:28:14,SHIPPED,EAST
ORD004872,CUST00468,2025-09-15 00:18:42,DELIVERED,WEST
ORD004873,CUST00145,2026-03-12 03:53:53,DELIVERED,WEST
ORD004874,CUST00227,2025-04-07 06:55:43,CANCELLED,WEST
ORD004875,CUST00857,2026-03-10 12:42:12,DELIVERED,NORTH
ORD004876,CUST00879,2025-01-02 02:45:00,SHIPPED,EAST
ORD004877,CUST00020,2025-10-30 13:27:16,DELIVERED,CENTRAL
ORD004878,CUST00032,2026-06-17 15:45:30,SHIPPED,EAST
ORD004879,CUST00103,2025-09-13 16:41:32,PLACED,WEST
ORD004880,CUST00595,2025-11-17 16:31:55,SHIPPED,NORTH
ORD004881,CUST00303,2025-03-16 11:34:06,PLACED,NORTH
ORD004882,CUST00988,2025-11-13 20:39:14,RETURNED,WEST
ORD004883,CUST00737,2025-06-01 13:42:37,CANCELLED,EAST
ORD004884,CUST00715,2025-07-09 22:35:52,SHIPPED,CENTRAL
ORD004885,CUST00333,2026-01-26 20:35:42,SHIPPED,WEST
ORD004886,CUST00652,2025-08-25 05:57:56,RETURNED,NORTH
ORD004887,CUST00872,2026-07-08 21:18:29,RETURNED,SOUTH
ORD004888,CUST00765,2026-06-10 08:18:17,DELIVERED,NORTH
ORD004889,CUST00937,2025-09-14 00:24:50,CANCELLED,EAST
ORD004890,CUST00446,2025-05-22 00:50:23,DELIVERED,CENTRAL
ORD004891,CUST00412,2025-02-01 08:40:43,RETURNED,EAST
ORD004892,CUST00020,04-07-2025,RETURNED,EAST
ORD004893,CUST00547,30-01-2026,DELIVERED,WEST
ORD004894,CUST00557,2025-12-02 08:42:34,CANCELLED,EAST
ORD004895,CUST00135,2025-05-19 07:51:16,CANCELLED,EAST
ORD004896,CUST00337,2026-06-22 14:21:31,DELIVERED,EAST
ORD004897,CUST00186,2025-02-05 02:30:23,DELIVERED,CENTRAL
ORD004898,CUST00329,2025-12-12 13:51:36,DELIVERED,NORTH
ORD004899,CUST00193,2025-12-15 21:56:10,DELIVERED,SOUTH
ORD004900,,2025-08-26 06:00:13,DELIVERED,SOUTH
ORD004901,CUST00257,2025-09-10 13:01:14,DELIVERED,NORTH
ORD004902,CUST00001,2026-03-03 19:16:42,CANCELLED,EAST
ORD004903,CUST00585,2025-12-27 23:39:27,PLACED,NORTH
ORD004904,CUST00676,2025-05-11 09:38:08,DELIVERED,SOUTH
ORD004905,CUST00535,2026-04-08 05:42:16,PLACED,CENTRAL
ORD004906,CUST00470,2025-12-03 00:40:35,PLACED,CENTRAL
ORD004907,CUST00910,2026-02-05 22:56:45,DELIVERED,NORTH
ORD004908,CUST00943,2026-01-21 03:09:57,RETURNED,NORTH
ORD004909,CUST00749,2026-03-21 11:25:09,DELIVERED,CENTRAL
ORD004910,CUST00866,2026-04-07 16:18:29,SHIPPED,EAST
ORD004911,CUST00958,2025-02-07 18:41:22,CANCELLED,SOUTH
ORD004912,CUST00694,2026-01-13 07:02:10,CANCELLED,EAST
ORD004913,CUST00150,2026-02-03 17:47:55,DELIVERED,CENTRAL
ORD004914,CUST00525,2025-11-05 00:29:21,SHIPPED,EAST
ORD004915,CUST00993,2026-03-23 21:52:04,DELIVERED,NORTH
ORD004916,CUST00919,18-03-2026,PLACED,SOUTH
ORD004917,CUST00292,2026-04-24 01:18:50,DELIVERED,EAST
ORD004918,CUST00321,2025-12-26 06:38:47,DELIVERED,EAST
ORD004919,CUST00318,2025-08-04 05:35:20,RETURNED,WEST
ORD004920,CUST00928,2025-05-13 07:40:23,SHIPPED,EAST
ORD004921,CUST00238,2025-08-20 05:52:11,CANCELLED,CENTRAL
ORD004922,CUST00401,2025-01-25 01:44:35,DELIVERED,SOUTH
ORD004923,CUST00668,2026-02-05 07:36:50,DELIVERED,EAST
ORD004924,CUST00653,2026-07-06 23:15:38,DELIVERED,WEST
ORD004925,CUST00721,2026-03-21 12:28:35,DELIVERED,EAST
ORD004926,CUST00775,2025-06-23 04:25:51,DELIVERED,WEST
ORD004927,CUST00817,2026-03-05 21:04:58,DELIVERED,EAST
ORD004928,CUST00224,2025-08-27 03:07:19,DELIVERED,SOUTH
ORD004929,CUST00454,2026-05-22 13:02:43,CANCELLED,WEST
ORD004930,CUST00398,2025-03-14 22:47:06,DELIVERED,SOUTH
ORD004931,CUST00027,2026-05-14 14:13:49,DELIVERED,CENTRAL
ORD004932,CUST00598,2025-05-02 17:30:48,SHIPPED,CENTRAL
ORD004933,CUST00014,2025-07-03 12:52:57,DELIVERED,CENTRAL
ORD004934,CUST00134,2026-03-07 13:22:43,DELIVERED,SOUTH
ORD004935,CUST00784,2025-04-18 09:03:59,DELIVERED,WEST
ORD004936,CUST00163,2025-12-23 04:56:15,DELIVERED,EAST
ORD004937,CUST00292,2026-04-29 22:50:48,SHIPPED,NORTH
ORD004938,CUST00992,2025-04-10 09:19:37,DELIVERED,NORTH
ORD004939,CUST00812,2026-04-21 15:28:58,PLACED,SOUTH
ORD004940,CUST00322,2025-10-13 22:42:35,DELIVERED,NORTH
ORD004941,CUST00153,2025-01-29 13:01:46,SHIPPED,EAST
ORD004942,CUST00429,2025-08-29 03:18:41,RETURNED,EAST
ORD004943,CUST00819,2026-01-01 03:26:04,SHIPPED,SOUTH
ORD004944,CUST00578,2025-07-13 14:56:40,DELIVERED,SOUTH
ORD004945,CUST00750,2025-01-12 01:59:45,DELIVERED,WEST
ORD004946,CUST00106,2025-04-30 11:26:18,SHIPPED,CENTRAL
ORD004947,CUST00672,2026-07-06 12:56:17,DELIVERED,EAST
ORD004948,CUST00571,2026-06-24 19:16:01,DELIVERED,EAST
ORD004949,CUST00332,2025-09-22 04:05:53,PLACED,WEST
ORD004950,CUST00341,29-11-2025,DELIVERED,CENTRAL
ORD004951,CUST00689,2025-08-31 00:53:43,SHIPPED,SOUTH
ORD004952,CUST00879,2025-05-29 21:17:21,DELIVERED,EAST
ORD004953,CUST00421,28-01-2025,SHIPPED,SOUTH
ORD004954,CUST00387,2026-07-14 22:02:28,CANCELLED,SOUTH
ORD004955,CUST00435,14-03-2026,RETURNED,SOUTH
ORD004956,CUST00578,2025-12-11 23:02:44,DELIVERED,NORTH
ORD004957,CUST00469,2026-04-16 07:11:31,DELIVERED,WEST
ORD004958,,2026-07-15 06:02:45,DELIVERED,NORTH
ORD004959,CUST00058,2025-06-10 22:36:24,SHIPPED,EAST
ORD004960,CUST00469,2025-12-05 23:31:35,CANCELLED,NORTH
ORD004961,CUST00746,2025-02-27 09:19:45,SHIPPED,SOUTH
ORD004962,CUST00838,2025-06-29 14:05:03,DELIVERED,NORTH
ORD004963,CUST00162,2026-03-25 22:32:28,DELIVERED,CENTRAL
ORD004964,CUST00003,2025-09-19 21:23:52,DELIVERED,SOUTH
ORD004965,CUST00428,2025-02-02 17:14:35,CANCELLED,SOUTH
ORD004966,CUST00524,2025-07-01 02:40:13,DELIVERED,EAST
ORD004967,CUST00799,2025-02-12 01:15:44,DELIVERED,EAST
ORD004968,CUST00555,2026-02-20 21:28:16,DELIVERED,CENTRAL
ORD004969,CUST00064,2025-11-07 20:48:57,SHIPPED,CENTRAL
ORD004970,CUST00766,31-07-2026,PLACED,SOUTH
ORD004971,CUST00591,2026-03-06 20:14:27,SHIPPED,WEST
ORD004972,CUST00375,2026-01-26 21:37:19,SHIPPED,EAST
ORD004973,CUST00014,2026-03-18 01:49:49,DELIVERED,NORTH
ORD004974,CUST00908,2025-07-26 00:58:48,DELIVERED,EAST
ORD004975,CUST00351,2025-05-18 09:21:26,SHIPPED,CENTRAL
ORD004976,CUST00257,2025-12-31 11:53:35,RETURNED,EAST
ORD004977,,2025-01-03 19:10:28,DELIVERED,EAST
ORD004978,CUST00491,2025-12-30 14:04:01,CANCELLED,WEST
ORD004979,CUST00927,2026-04-23 13:06:24,DELIVERED,SOUTH
ORD004980,CUST00159,2025-11-06 19:45:54,DELIVERED,SOUTH
ORD004981,CUST00151,2025-11-08 12:10:58,PLACED,WEST
ORD004982,CUST00449,21-01-2025,SHIPPED,WEST
ORD004983,CUST00529,2025-11-26 12:30:18,DELIVERED,WEST
ORD004984,CUST00011,2025-06-06 07:50:50,CANCELLED,WEST
ORD004985,CUST00484,2026-03-25 08:19:08,DELIVERED,SOUTH
ORD004986,CUST00537,2025-05-29 06:47:09,CANCELLED,EAST
ORD004987,CUST00702,2025-10-08 08:51:05,DELIVERED,EAST
ORD004988,CUST00409,2025-01-14 23:39:05,DELIVERED,CENTRAL
ORD004989,CUST00268,08-03-2026,DELIVERED,NORTH
ORD004990,CUST00709,2026-02-04 13:47:24,DELIVERED,WEST
ORD004991,CUST00106,2025-10-13 01:43:52,DELIVERED,NORTH
ORD004992,CUST00057,2026-01-02 01:35:13,PLACED,SOUTH
ORD004993,CUST00999,2026-03-02 14:56:07,DELIVERED,CENTRAL
ORD004994,CUST00717,2025-04-28 19:15:49,SHIPPED,NORTH
ORD004995,CUST00336,2025-02-22 07:56:08,RETURNED,CENTRAL
ORD004996,CUST00053,2026-06-10 06:52:37,CANCELLED,WEST
ORD004997,CUST00371,2025-01-22 19:23:38,PLACED,NORTH
ORD004998,CUST00682,2025-08-13 12:28:00,SHIPPED,SOUTH
ORD004999,CUST00633,2025-05-17 09:53:26,PLACED,SOUTH
ORD005000,CUST00907,2026-01-01 13:53:12,DELIVERED,CENTRAL
ORD001502,CUST00658,2026-02-11 06:13:23,DELIVERED,SOUTH
ORD002587,CUST00634,2026-03-03 20:23:38,RETURNED,WEST
ORD002654,CUST00572,2026-06-10 15:15:40,DELIVERED,NORTH
ORD001056,CUST00799,2025-10-31 02:43:46,SHIPPED,SOUTH
ORD000706,CUST00457,2026-05-16 02:46:51,DELIVERED,CENTRAL
ORD000107,CUST00222,2025-12-15 21:45:27,DELIVERED,WEST
ORD000590,CUST00919,2025-03-07 04:33:36,SHIPPED,NORTH
ORD002469,CUST00832,2026-06-09 11:01:29,PLACED,EAST
ORD002414,CUST00692,2026-02-02 22:09:15,PLACED,NORTH
ORD001601,CUST00322,2026-02-11 11:42:59,CANCELLED,WEST
ORD002465,CUST00619,2026-03-29 06:13:15,SHIPPED,SOUTH
ORD000229,CUST00674,2025-05-03 20:37:22,DELIVERED,EAST
ORD000916,CUST00408,2026-06-27 22:28:19,RETURNED,WEST
ORD000795,CUST00432,2026-01-09 21:56:00,DELIVERED,SOUTH
ORD003022,CUST00957,2026-02-23 01:15:53,CANCELLED,EAST
ORD003544,CUST00508,2025-06-02 14:04:48,PLACED,EAST
ORD001074,CUST00141,2026-07-19 11:52:28,PLACED,NORTH
ORD003352,CUST00424,2025-12-23 09:21:37,RETURNED,WEST
ORD001745,CUST00937,2026-05-31 02:45:39,SHIPPED,EAST
ORD001085,CUST00342,2025-04-02 22:13:19,RETURNED,NORTH
ORD000927,CUST00837,2025-07-06 02:24:44,DELIVERED,WEST
ORD003050,CUST00938,2025-01-10 21:13:04,SHIPPED,EAST
ORD001118,,2025-09-02 08:12:06,DELIVERED,EAST
ORD000643,CUST00605,2025-03-24 09:17:11,SHIPPED,NORTH
ORD004768,,2025-08-02 12:19:47,CANCELLED,WEST
ORD000502,CUST00734,2025-11-29 03:47:46,DELIVERED,EAST
ORD004067,CUST00838,2025-07-15 20:24:00,RETURNED,CENTRAL
ORD000334,CUST00893,2025-03-18 07:32:30,RETURNED,SOUTH
ORD004685,CUST00248,2025-06-28 18:20:05,DELIVERED,NORTH
ORD000487,CUST00296,2025-02-06 18:05:20,SHIPPED,SOUTH
ORD001963,CUST00553,2026-06-13 10:24:48,PLACED,CENTRAL
ORD000394,CUST00700,2026-07-03 01:28:58,SHIPPED,CENTRAL
ORD004843,CUST00932,2025-10-29 21:04:52,SHIPPED,WEST
ORD004867,,2025-03-31 04:27:51,DELIVERED,EAST
ORD001756,CUST00940,2026-01-30 03:37:30,DELIVERED,NORTH
ORD002516,CUST00687,2025-10-12 11:16:51,SHIPPED,NORTH
ORD003586,CUST00394,2025-02-27 05:21:13,DELIVERED,SOUTH
ORD004316,CUST00711,2025-06-11 03:50:28,DELIVERED,WEST
ORD004967,CUST00799,2025-02-12 01:15:44,DELIVERED,EAST
ORD002100,CUST00606,2025-08-22 06:47:23,SHIPPED,SOUTH
ORD003600,CUST00948,2025-09-13 20:02:41,PLACED,CENTRAL
ORD004122,CUST00805,2025-05-15 04:29:59,DELIVERED,WEST
ORD000030,CUST00517,2025-10-26 18:37:52,DELIVERED,SOUTH
ORD000066,CUST00444,03-09-2025,DELIVERED,CENTRAL
ORD000839,CUST00756,2025-01-08 12:28:11,DELIVERED,EAST
ORD003907,CUST00846,2025-09-02 05:11:12,RETURNED,WEST
ORD003774,CUST00080,2025-01-02 03:52:52,DELIVERED,WEST
ORD004636,CUST00580,2025-12-02 18:23:06,RETURNED,WEST
ORD003162,CUST00859,2026-07-01 22:23:28,DELIVERED,SOUTH
ORD002660,,2026-07-24 14:21:35,PLACED,WEST
