item_id,order_id,product_id,quantity,unit_price,discount_percent
ITEM0000001,ORD000001,PROD00069,3,73444.26,34.73
ITEM0000002,ORD000001,PROD00166,5,572.17,39.51
ITEM0000003,ORD000001,PROD00118,3,58388.15,6.68
ITEM0000004,ORD000001,PROD00173,5,28248.91,10.32
ITEM0000005,ORD000002,PROD00015,3,57340.67,31.14
ITEM0000006,ORD000002,PROD00073,3,4490.5,31.73
ITEM0000007,ORD000003,PROD00024,5,29433.48,34.74
ITEM0000008,ORD000003,PROD00049,4,38270.54,30.86
ITEM0000009,ORD000003,PROD00062,4,58782.29,4.61
ITEM0000010,ORD000004,PROD00197,1,8463.2,18.31
ITEM0000011,ORD000004,PROD00002,1,20730.09,20.84
ITEM0000012,ORD000004,PROD00136,4,12025.55,3.15
ITEM0000013,ORD000004,PROD00082,5,49932.19,2.33
ITEM0000014,ORD000005,PROD00129,1,68795.17,17.77
ITEM0000015,ORD000005,PROD00103,1,53453.36,23.1
ITEM0000016,ORD000005,PROD00044,2,51082.76,30.59
ITEM0000017,ORD000006,PROD00038,1,62745.51,3.62
ITEM0000018,ORD000006,PROD00113,5,38597.59,27.72
ITEM0000019,ORD000006,PROD00189,5,7619.25,27.1
ITEM0000020,ORD000007,PROD00157,2,12969.59,14.28
ITEM0000021,ORD000007,PROD00142,1,33914.24,8.39
ITEM0000022,ORD000007,PROD00172,4,491.16,7.94
ITEM0000023,ORD000007,PROD00187,5,36666.67,30.37
ITEM0000024,ORD000007,PROD00083,2,70053.81,16.74
ITEM0000025,ORD000008,PROD00089,4,43050.99,5.37
ITEM0000026,ORD000008,PROD00158,3,21748.2,33.05
ITEM0000027,ORD000009,PROD00133,1,50494.48,32.17
ITEM0000028,ORD000009,PROD00124,3,31892.84,21.59
ITEM0000029,ORD000009,PROD00141,4,20839.79,6.98
ITEM0000030,ORD000009,PROD00027,4,75870.15,19.27
ITEM0000031,ORD000009,PROD00184,3,9272.61,39.47
ITEM0000032,ORD000010,PROD00021,4,16790.41,13.44
ITEM0000033,ORD000010,PROD00068,3,46202.01,5.76
ITEM0000034,ORD000011,PROD00109,4,55802.35,20.14
ITEM0000035,ORD000011,PROD00115,4,66590.56,21.67
ITEM0000036,ORD000012,PROD00121,3,68227.41,30.34
ITEM0000037,ORD000012,PROD00085,2,42346.29,4.62
ITEM0000038,ORD000012,PROD00076,2,63209.49,23.25
ITEM0000039,ORD000012,PROD00072,2,7366.35,35.62
ITEM0000040,ORD000013,PROD00177,5,69906.43,27.82
ITEM0000041,ORD000014,PROD00170,3,2703.75,9.97
ITEM0000042,ORD000014,PROD00017,1,22560.0,11.15
ITEM0000043,ORD000014,PROD00179,3,60085.13,19.14
ITEM0000044,ORD000015,PROD00109,3,50389.19,36.84
ITEM0000045,ORD000015,PROD00185,3,17627.39,32.13
ITEM0000046,ORD000016,PROD00181,2,55598.5,2.48
ITEM0000047,ORD000016,PROD00034,4,51374.06,16.76
ITEM0000048,ORD000017,PROD00065,1,57256.49,5.22
ITEM0000049,ORD000017,PROD00133,3,37740.34,2.11
ITEM0000050,ORD000017,PROD00008,2,65381.36,36.54
ITEM0000051,ORD000017,PROD00081,4,15062.84,16.55
ITEM0000052,ORD000017,PROD00060,3,11720.42,34.89
ITEM0000053,ORD000018,PROD00108,1,37397.01,3.06
ITEM0000054,ORD000018,PROD00049,1,34133.79,33.9
ITEM0000055,ORD000018,PROD00017,4,27614.49,31.92
ITEM0000056,ORD000019,PROD00107,3,75892.21,20.43
ITEM0000057,ORD000019,PROD00020,4,53717.97,17.32
ITEM0000058,ORD000019,PROD00082,3,51332.43,37.2
ITEM0000059,ORD000019,PROD00179,5,57360.76,7.04
ITEM0000060,ORD000020,PROD00020,5,67817.11,15.25
ITEM0000061,ORD000020,PROD00044,3,67155.3,24.54
ITEM0000062,ORD000021,PROD00151,2,2748.56,35.62
ITEM0000063,ORD000021,PROD00183,5,89179.2,17.96
ITEM0000064,ORD000021,PROD00156,2,10446.01,3.17
ITEM0000065,ORD000021,PROD00135,2,57575.94,21.62
ITEM0000066,ORD000022,PROD00024,2,31328.95,8.32
ITEM0000067,ORD000022,PROD00188,4,10181.05,39.21
ITEM0000068,ORD000022,PROD00194,4,58618.33,29.96
ITEM0000069,ORD000022,PROD00043,2,26882.71,21.66
ITEM0000070,ORD000023,PROD00048,4,2791.86,28.9
ITEM0000071,ORD000023,PROD00121,5,71297.45,19.32
ITEM0000072,ORD000023,PROD00037,3,32491.63,3.2
ITEM0000073,ORD000024,PROD00105,5,47706.56,8.87
ITEM0000074,ORD000025,PROD00194,2,44851.61,17.01
ITEM0000075,ORD000025,PROD00163,2,29258.38,34.05
ITEM0000076,ORD000025,PROD00181,1,37093.1,13.22
ITEM0000077,ORD000026,PROD00136,2,9402.77,5.03
ITEM0000078,ORD000026,PROD00092,2,12712.02,13.78
ITEM0000079,ORD000026,PROD00181,4,56851.44,0.91
ITEM0000080,ORD000027,PROD00066,2,37478.92,13.51
ITEM0000081,ORD000027,PROD00011,5,31304.68,31.59
ITEM0000082,ORD000028,PROD00149,4,52960.25,11.73
ITEM0000083,ORD000028,PROD00116,4,43302.44,21.5
ITEM0000084,ORD000029,PROD00093,4,9067.6,34.57
ITEM0000085,ORD000030,PROD00166,3,457.91,0.41
ITEM0000086,ORD000030,PROD00118,3,50696.91,37.1
ITEM0000087,ORD000030,PROD00060,4,12981.73,9.13
ITEM0000088,ORD000030,PROD00136,2,12644.14,2.82
ITEM0000089,ORD000031,PROD00073,3,5871.32,36.72
ITEM0000090,ORD000031,PROD00140,1,47556.53,16.93
ITEM0000091,ORD000032,PROD00062,3,64910.27,23.71
ITEM0000092,ORD000032,PROD00174,2,41123.71,1.27
ITEM0000093,ORD000033,PROD00007,1,26545.14,37.76
ITEM0000094,ORD000033,PROD00163,2,25852.93,1.16
ITEM0000095,ORD000033,PROD00143,5,7543.41,34.69
ITEM0000096,ORD000033,PROD00153,5,42257.83,14.23
ITEM0000097,ORD000034,PROD00160,1,43204.85,0.68
ITEM0000098,ORD000034,PROD00014,2,61186.03,11.21
ITEM0000099,ORD000034,PROD00083,3,62100.97,0.85
ITEM0000100,ORD000034,PROD00141,4,27265.93,20.46
ITEM0000101,ORD000034,PROD00199,3,8462.03,14.63
ITEM0000102,ORD000035,PROD00169,5,33743.36,11.83
ITEM0000103,ORD000035,PROD00159,3,63771.48,24.46
ITEM0000104,ORD000035,PROD00095,3,20806.5,13.7
ITEM0000105,ORD000035,PROD00119,2,26324.11,15.47
ITEM0000106,ORD000036,PROD00182,3,22032.38,38.28
ITEM0000107,ORD000036,PROD00162,1,30893.05,24.97
ITEM0000108,ORD000036,PROD00022,3,45916.08,34.13
ITEM0000109,ORD000036,PROD00114,2,46952.97,2.47
ITEM0000110,ORD000036,PROD00030,5,66325.38,20.02
ITEM0000111,ORD000037,PROD00101,1,45907.92,24.41
ITEM0000112,ORD000038,PROD00024,3,25960.98,28.42
ITEM0000113,ORD000038,PROD00077,1,60947.21,1.61
ITEM0000114,ORD000039,PROD00122,5,73712.2,18.53
ITEM0000115,ORD000039,PROD00162,-3,34017.18,5.66
ITEM0000116,ORD000040,PROD00049,3,37304.97,9.68
ITEM0000117,ORD000041,PROD00044,3,68380.05,11.43
ITEM0000118,ORD000042,PROD00150,4,16482.64,25.76
ITEM0000119,ORD000042,PROD00052,1,73855.37,3.61
ITEM0000120,ORD000043,PROD00142,3,37489.02,26.4
ITEM0000121,ORD000044,PROD00123,1,77706.95,11.29
ITEM0000122,ORD000044,PROD00147,5,45066.99,3.54
ITEM0000123,ORD000044,PROD00082,2,76957.17,13.0
ITEM0000124,ORD000045,PROD00003,1,35567.41,12.1
ITEM0000125,ORD000045,PROD00023,2,28919.12,20.09
ITEM0000126,ORD000045,PROD00142,1,29036.25,24.03
ITEM0000127,ORD000045,PROD00153,4,53275.17,35.7
ITEM0000128,ORD000046,PROD00140,3,50970.87,4.64
ITEM0000129,ORD000046,PROD00107,1,81104.65,24.77
ITEM0000130,ORD000046,PROD00023,2,32712.85,39.76
ITEM0000131,ORD000046,PROD00048,3,2365.93,12.21
ITEM0000132,ORD000047,PROD00042,5,50133.84,21.8
ITEM0000133,ORD000048,PROD00183,3,60201.09,4.68
ITEM0000134,ORD000048,PROD00018,5,11551.44,1.44
ITEM0000135,ORD000048,PROD00149,2,42060.26,15.7
ITEM0000136,ORD000048,PROD00098,2,40635.12,38.36
ITEM0000137,ORD000048,PROD00174,4,50599.2,25.04
ITEM0000138,ORD000049,PROD00014,4,57000.72,34.33
ITEM0000139,ORD000049,PROD00077,5,63463.92,3.69
ITEM0000140,ORD000049,PROD00183,5,82322.03,19.17
ITEM0000141,ORD000049,PROD00179,1,42877.3,28.89
ITEM0000142,ORD000050,PROD00006,2,49948.89,31.96
ITEM0000143,ORD000050,PROD00196,4,25626.81,19.72
ITEM0000144,ORD000051,PROD00133,1,49922.17,19.84
ITEM0000145,ORD000051,PROD00122,2,57978.93,34.39
ITEM0000146,ORD000051,PROD00198,2,20834.16,15.09
ITEM0000147,ORD000052,PROD00031,-1,36204.25,38.39
ITEM0000148,ORD000052,PROD00101,1,31247.17,38.9
ITEM0000149,ORD000053,PROD00081,4,23418.99,38.84
ITEM0000150,ORD000054,PROD00195,2,4392.04,15.96
ITEM0000151,ORD000054,PROD00147,1,34768.93,24.3
ITEM0000152,ORD000055,PROD00153,2,60216.88,9.91
ITEM0000153,ORD000055,PROD00102,1,26741.16,4.32
ITEM0000154,ORD000055,PROD00176,5,49958.49,31.25
ITEM0000155,ORD000055,PROD00155,1,30481.86,1.94
ITEM0000156,ORD000056,PROD00051,1,22234.89,16.25
ITEM0000157,ORD000056,PROD00064,4,21141.61,35.27
ITEM0000158,ORD000056,PROD00047,5,20207.79,24.92
ITEM0000159,ORD000056,PROD00056,2,67705.91,23.99
ITEM0000160,ORD000057,PROD00148,2,58891.17,35.57
ITEM0000161,ORD000058,PROD00178,3,12821.19,39.96
ITEM0000162,ORD000058,PROD00037,5,37855.5,35.77
ITEM0000163,ORD000058,PROD00176,1,52990.48,36.77
ITEM0000164,ORD000058,PROD00096,2,3826.43,9.41
ITEM0000165,ORD000058,PROD00141,5,32790.34,21.91
ITEM0000166,ORD000059,PROD00051,2,19728.68,1.3
ITEM0000167,ORD000059,PROD00102,4,30517.64,14.56
ITEM0000168,ORD000059,PROD00145,4,41736.15,10.94
ITEM0000169,ORD000059,PROD00163,4,30281.16,10.63
ITEM0000170,ORD000060,PROD00060,4,11279.94,18.29
ITEM0000171,ORD000060,PROD00126,2,65170.18,19.23
ITEM0000172,ORD000060,PROD00197,3,6862.91,12.08
ITEM0000173,ORD000060,PROD00023,1,36605.65,10.77
ITEM0000174,ORD000061,PROD00095,5,21944.28,12.46
ITEM0000175,ORD000062,PROD00180,1,41036.25,15.25
ITEM0000176,ORD000062,PROD00098,4,60722.57,34.39
ITEM0000177,ORD000063,PROD00020,1,70134.99,13.67
ITEM0000178,ORD000063,PROD00023,3,30766.15,14.03
ITEM0000179,ORD000063,PROD00133,4,43143.19,9.87
ITEM0000180,ORD000063,PROD00156,3,16137.7,37.72
ITEM0000181,ORD000064,PROD00128,3,70889.49,7.94
ITEM0000182,ORD000064,PROD00116,3,37525.65,12.59
ITEM0000183,ORD000065,PROD00146,4,48261.78,9.23
ITEM0000184,ORD000065,PROD00091,-1,36452.13,38.21
ITEM0000185,ORD000065,PROD00173,2,20852.54,31.02
ITEM0000186,ORD000066,PROD00134,4,30453.93,27.48
ITEM0000187,ORD000066,PROD00097,4,67855.78,32.12
ITEM0000188,ORD000067,PROD00136,1,14479.98,12.99
ITEM0000189,ORD000067,PROD00060,4,9985.4,31.6
ITEM0000190,ORD000067,PROD00137,1,53357.66,24.18
ITEM0000191,ORD000067,PROD00095,3,20907.2,4.54
ITEM0000192,ORD000068,PROD00106,1,51296.21,32.65
ITEM0000193,ORD000068,PROD00178,5,12262.04,34.86
ITEM0000194,ORD000069,PROD00119,4,29115.5,13.23
ITEM0000195,ORD000069,PROD00009,3,50759.86,4.96
ITEM0000196,ORD000069,PROD00004,5,4824.41,10.2
ITEM0000197,ORD000069,PROD00177,4,69654.97,13.17
ITEM0000198,ORD000070,PROD00022,4,65108.48,27.93
ITEM0000199,ORD000070,PROD00190,4,36321.82,13.71
ITEM0000200,ORD000071,PROD00002,1,19405.03,17.87
ITEM0000201,ORD000071,PROD00004,4,4108.8,31.33
ITEM0000202,ORD000071,PROD00029,3,22661.63,9.37
ITEM0000203,ORD000071,PROD00107,4,78971.33,22.03
ITEM0000204,ORD000071,PROD00191,4,23257.66,29.29
ITEM0000205,ORD000072,PROD00125,1,53142.09,0.51
ITEM0000206,ORD000072,PROD00184,1,6981.87,28.48
ITEM0000207,ORD000072,PROD00024,3,25420.4,38.08
ITEM0000208,ORD000072,PROD00176,2,33700.74,10.82
ITEM0000209,ORD000072,PROD00175,5,19642.38,11.27
ITEM0000210,ORD000073,PROD00045,2,65270.65,14.02
ITEM0000211,ORD000073,PROD00161,5,12175.28,8.53
ITEM0000212,ORD000073,PROD00181,5,54273.44,28.52
ITEM0000213,ORD000074,PROD00169,2,24407.82,5.54
ITEM0000214,ORD000074,PROD00126,4,56026.43,18.25
ITEM0000215,ORD000074,PROD00147,1,43522.28,13.67
ITEM0000216,ORD000074,PROD00143,1,8771.33,34.61
ITEM0000217,ORD000075,PROD00010,1,39454.49,23.07
ITEM0000218,ORD000075,PROD00173,4,20454.18,12.03
ITEM0000219,ORD000075,PROD00134,3,23999.85,25.99
ITEM0000220,ORD000075,PROD00153,5,57143.8,9.64
ITEM0000221,ORD000076,PROD00118,4,43358.11,29.27
ITEM0000222,ORD000076,PROD00093,5,10215.34,34.32
ITEM0000223,ORD000076,PROD00078,2,24104.79,40.0
ITEM0000224,ORD000076,PROD00045,3,73796.13,33.55
ITEM0000225,ORD000076,PROD00188,4,7661.91,18.75
ITEM0000226,ORD000077,PROD00031,1,28013.55,30.04
ITEM0000227,ORD000077,PROD00162,5,34795.85,22.02
ITEM0000228,ORD000077,PROD00038,2,50180.54,22.87
ITEM0000229,ORD000077,PROD00088,5,20712.77,16.23
ITEM0000230,ORD000077,PROD00063,2,49008.55,14.42
ITEM0000231,ORD000078,PROD00141,3,26847.8,16.39
ITEM0000232,ORD000078,PROD00056,5,56600.91,4.34
ITEM0000233,ORD000079,PROD00004,4,3019.56,30.28
ITEM0000234,ORD000080,PROD00006,1,56864.76,20.48
ITEM0000235,ORD000080,PROD00115,4,71575.51,37.57
ITEM0000236,ORD000080,PROD00012,1,60854.47,33.63
ITEM0000237,ORD000080,PROD00063,1,49692.82,35.57
ITEM0000238,ORD000080,PROD00125,3,66383.75,23.75
ITEM0000239,ORD000081,PROD00126,4,76063.14,7.04
ITEM0000240,ORD000081,PROD00185,1,21567.78,31.94
ITEM0000241,ORD000081,PROD00078,3,31696.85,15.8
ITEM0000242,ORD000081,PROD00139,4,46325.3,14.42
ITEM0000243,ORD000082,PROD00023,5,26410.79,39.92
ITEM0000244,ORD000082,PROD00198,4,27187.55,0.14
ITEM0000245,ORD000082,PROD00154,1,51957.78,13.35
ITEM0000246,ORD000083,PROD00194,4,59684.83,15.89
ITEM0000247,ORD000083,PROD00039,2,24403.24,5.0
ITEM0000248,ORD000084,PROD00170,3,3502.49,8.91
ITEM0000249,ORD000084,PROD00066,-3,45907.89,39.96
ITEM0000250,ORD000084,PROD00089,3,45225.8,1.57
ITEM0000251,ORD000084,PROD00044,3,46284.1,20.6
ITEM0000252,ORD000085,PROD00166,4,543.44,14.72
ITEM0000253,ORD000085,PROD00039,5,26525.84,30.4
ITEM0000254,ORD000086,PROD00152,2,49248.06,36.97
ITEM0000255,ORD000086,PROD00007,2,28291.44,19.7
ITEM0000256,ORD000086,PROD00016,3,54855.73,21.31
ITEM0000257,ORD000086,PROD00185,4,15400.64,37.86
ITEM0000258,ORD000086,PROD00092,4,12490.12,31.46
ITEM0000259,ORD000087,PROD00128,3,69219.19,8.32
ITEM0000260,ORD000087,PROD00173,2,27691.29,32.98
ITEM0000261,ORD000088,PROD00002,5,16466.31,26.2
ITEM0000262,ORD000089,PROD00009,3,36683.91,9.33
ITEM0000263,ORD000089,PROD00053,1,76477.89,21.5
ITEM0000264,ORD000089,PROD00191,2,26462.03,14.69
ITEM0000265,ORD000090,PROD00033,4,34625.38,25.04
ITEM0000266,ORD000091,PROD00069,4,55544.23,20.95
ITEM0000267,ORD000092,PROD00193,4,354.93,15.43
ITEM0000268,ORD000092,PROD00176,-3,45967.22,11.83
ITEM0000269,ORD000092,PROD00174,3,38759.61,29.12
ITEM0000270,ORD000093,PROD00025,5,22038.87,18.54
ITEM0000271,ORD000093,PROD00095,4,24245.67,12.93
ITEM0000272,ORD000094,PROD00162,5,29001.19,21.17
ITEM0000273,ORD000094,PROD00116,3,39125.67,5.31
ITEM0000274,ORD000095,PROD00055,5,60900.09,18.75
ITEM0000275,ORD000095,PROD00163,5,29303.29,27.11
ITEM0000276,ORD000095,PROD00147,3,28918.85,6.6
ITEM0000277,ORD000095,PROD00010,3,44626.51,32.97
ITEM0000278,ORD000095,PROD00057,3,40754.14,31.18
ITEM0000279,ORD000096,PROD00033,4,28227.87,35.08
ITEM0000280,ORD000097,PROD00104,4,50301.66,11.91
ITEM0000281,ORD000097,PROD00164,1,73740.22,33.15
ITEM0000282,ORD000097,PROD00172,5,428.09,5.69
ITEM0000283,ORD000097,PROD00197,5,5905.11,29.23
ITEM0000284,ORD000097,PROD00010,3,33659.29,5.87
ITEM0000285,ORD000098,PROD00098,5,56866.25,9.68
ITEM0000286,ORD000098,PROD00044,3,49616.08,27.07
ITEM0000287,ORD000098,PROD00040,5,21044.78,24.6
ITEM0000288,ORD000098,PROD00027,3,47343.92,22.25
ITEM0000289,ORD000099,PROD00083,4,73891.37,26.12
ITEM0000290,ORD000099,PROD00191,4,20488.13,19.62
ITEM0000291,ORD000099,PROD00074,2,71589.23,3.64
ITEM0000292,ORD000100,PROD00189,4,9380.89,8.86
ITEM0000293,ORD000100,PROD00120,2,61966.59,15.62
ITEM0000294,ORD000101,PROD00053,2,64429.35,20.2
ITEM0000295,ORD000101,PROD00185,2,19307.36,2.61
ITEM0000296,ORD000101,PROD00181,1,53983.29,23.21
ITEM0000297,ORD000101,PROD00048,1,2049.12,20.78
ITEM0000298,ORD000102,PROD00185,2,17660.86,12.17
ITEM0000299,ORD000102,PROD00187,5,57051.41,25.12
ITEM0000300,ORD000102,PROD00006,4,56495.49,24.56
ITEM0000301,ORD000102,PROD00192,3,31953.06,39.67
ITEM0000302,ORD000103,PROD00158,5,20599.29,3.87
ITEM0000303,ORD000104,PROD00075,5,15670.36,11.42
ITEM0000304,ORD000104,PROD00198,2,28938.35,16.74
ITEM0000305,ORD000104,PROD00182,3,16445.94,19.75
ITEM0000306,ORD000104,PROD00169,2,31811.12,30.72
ITEM0000307,ORD000105,PROD00191,3,21400.37,37.74
ITEM0000308,ORD000106,PROD00169,4,28875.75,39.49
ITEM0000309,ORD000107,PROD00049,1,35819.36,36.89
ITEM0000310,ORD000107,PROD00114,2,50259.97,10.94
ITEM0000311,ORD000107,PROD00139,3,36628.56,32.78
ITEM0000312,ORD000107,PROD00078,5,23747.68,1.62
ITEM0000313,ORD000107,PROD00190,3,34770.8,9.59
ITEM0000314,ORD000108,PROD00147,5,45778.11,6.62
ITEM0000315,ORD000108,PROD00166,3,550.46,9.29
ITEM0000316,ORD000108,PROD00152,4,54131.32,7.07
ITEM0000317,ORD000108,PROD00173,1,27311.03,15.56
ITEM0000318,ORD000108,PROD00100,5,4451.59,0.2
ITEM0000319,ORD000109,PROD00012,4,58751.34,36.19
ITEM0000320,ORD000109,PROD00054,1,19934.28,16.09
ITEM0000321,ORD000109,PROD00085,4,45842.84,36.56
ITEM0000322,ORD000109,PROD00080,1,5282.62,7.45
ITEM0000323,ORD000109,PROD00108,3,35511.67,30.18
ITEM0000324,ORD000110,PROD00175,4,23925.21,28.44
ITEM0000325,ORD000110,PROD00104,5,69355.9,1.78
ITEM0000326,ORD000110,PROD00179,3,43147.51,20.85
ITEM0000327,ORD000110,PROD00081,2,17869.84,33.8
ITEM0000328,ORD000110,PROD00090,4,319.7,32.6
ITEM0000329,ORD000111,PROD00081,3,21662.1,19.28
ITEM0000330,ORD000111,PROD00192,1,32232.9,35.04
ITEM0000331,ORD000111,PROD00001,2,72863.16,32.43
ITEM0000332,ORD000111,PROD00197,1,9013.63,3.71
ITEM0000333,ORD000111,PROD00007,1,31346.35,36.57
ITEM0000334,ORD000112,PROD00154,5,68937.81,4.64
ITEM0000335,ORD000113,PROD00161,3,11617.95,3.8
ITEM0000336,ORD000113,PROD00186,5,39624.56,37.15
ITEM0000337,ORD000113,PROD00096,4,2691.71,17.32
ITEM0000338,ORD000113,PROD00010,1,39366.08,21.45
ITEM0000339,ORD000114,PROD00157,2,18281.15,37.91
ITEM0000340,ORD000114,PROD00038,3,40312.29,36.74
ITEM0000341,ORD000114,PROD00153,5,46935.34,6.15
ITEM0000342,ORD000115,PROD00057,5,33102.24,38.47
ITEM0000343,ORD000115,PROD00054,3,18027.45,2.09
ITEM0000344,ORD000115,PROD00036,2,60796.99,27.05
ITEM0000345,ORD000115,PROD00020,4,61594.48,20.89
ITEM0000346,ORD000115,PROD00196,2,36660.07,10.2
ITEM0000347,ORD000116,PROD00100,1,4976.62,35.85
ITEM0000348,ORD000117,PROD00107,1,76829.05,36.67
ITEM0000349,ORD000117,PROD00190,5,54808.85,14.82
ITEM0000350,ORD000118,PROD00110,1,24264.6,4.72
ITEM0000351,ORD000119,PROD00013,1,51555.36,5.27
ITEM0000352,ORD000119,PROD00165,2,54090.99,24.58
ITEM0000353,ORD000119,PROD00017,2,23115.63,7.28
ITEM0000354,ORD000119,PROD00139,5,53086.9,23.23
ITEM0000355,ORD000120,PROD00016,2,54388.22,11.38
ITEM0000356,ORD000120,PROD00110,5,27925.77,26.32
ITEM0000357,ORD000121,PROD00180,1,44273.87,16.18
ITEM0000358,ORD000121,PROD00155,3,31884.95,13.75
ITEM0000359,ORD000121,PROD00027,2,69755.88,33.7
ITEM0000360,ORD000121,PROD00006,1,56624.67,16.2
ITEM0000361,ORD000121,PROD00150,1,22946.77,35.6
ITEM0000362,ORD000122,PROD00065,4,81080.97,35.06
ITEM0000363,ORD000123,PROD00178,1,12159.9,32.18
ITEM0000364,ORD000124,PROD00061,5,50305.0,1.19
ITEM0000365,ORD000124,PROD00070,5,60780.38,33.99
ITEM0000366,ORD000124,PROD00109,5,40905.22,33.11
ITEM0000367,ORD000124,PROD00145,4,30984.33,15.93
ITEM0000368,ORD000124,PROD00084,2,48507.64,25.51
ITEM0000369,ORD000125,PROD00147,2,39539.85,10.97
ITEM0000370,ORD000125,PROD00168,5,60876.42,11.61
ITEM0000371,ORD000125,PROD00011,4,35681.02,7.17
ITEM0000372,ORD000126,PROD00173,3,24505.59,30.11
ITEM0000373,ORD000126,PROD00195,5,6399.84,7.81
ITEM0000374,ORD000127,PROD00101,3,38805.2,20.98
ITEM0000375,ORD000128,PROD00032,5,54998.02,36.27
ITEM0000376,ORD000128,PROD00121,4,47272.03,32.27
ITEM0000377,ORD000128,PROD00076,1,46643.25,15.61
ITEM0000378,ORD000128,PROD00173,5,23838.72,0.32
ITEM0000379,ORD000129,PROD00079,3,40017.1,16.0
ITEM0000380,ORD000129,PROD00153,4,48360.65,1.84
ITEM0000381,ORD000130,PROD00095,3,21059.11,2.52
ITEM0000382,ORD000130,PROD00097,4,73955.05,8.25
ITEM0000383,ORD000130,PROD00041,2,41089.58,10.94
ITEM0000384,ORD000130,PROD00128,3,51349.35,33.11
ITEM0000385,ORD000131,PROD00009,5,49959.65,12.36
ITEM0000386,ORD000131,PROD00001,1,60765.79,4.32
ITEM0000387,ORD000131,PROD00134,1,23479.54,6.01
ITEM0000388,ORD000131,PROD00083,2,59798.13,30.7
ITEM0000389,ORD000132,PROD00185,3,22156.13,0.67
ITEM0000390,ORD000132,PROD00031,5,29198.62,26.56
ITEM0000391,ORD000133,PROD00039,1,23628.84,3.41
ITEM0000392,ORD000133,PROD00033,5,25906.96,10.33
ITEM0000393,ORD000134,PROD00186,3,54779.67,25.63
ITEM0000394,ORD000134,PROD00028,1,80634.82,21.53
ITEM0000395,ORD000135,PROD00132,2,9903.28,25.41
ITEM0000396,ORD000135,PROD00057,4,37208.56,21.76
ITEM0000397,ORD000135,PROD00068,3,38990.24,5.94
ITEM0000398,ORD000135,PROD00178,4,16642.53,5.89
ITEM0000399,ORD000136,PROD00056,5,80897.33,36.05
ITEM0000400,ORD000137,PROD00021,5,18701.47,34.46
ITEM0000401,ORD000137,PROD00129,4,58682.82,18.53
ITEM0000402,ORD000137,PROD00028,4,80747.45,27.17
ITEM0000403,ORD000137,PROD00168,4,55243.94,11.29
ITEM0000404,ORD000137,PROD00004,3,4656.7,16.68
ITEM0000405,ORD000138,PROD00129,4,73395.0,5.96
ITEM0000406,ORD000138,PROD00134,2,20884.29,12.88
ITEM0000407,ORD000138,PROD00137,1,56037.51,38.8
ITEM0000408,ORD000139,PROD00194,2,42733.72,14.62
ITEM0000409,ORD000139,PROD00048,5,1922.62,38.49
ITEM0000410,ORD000139,PROD00142,3,32953.23,18.91
ITEM0000411,ORD000139,PROD00007,4,36535.36,21.29
ITEM0000412,ORD000139,PROD00085,4,42840.81,28.27
ITEM0000413,ORD000140,PROD00115,4,58077.68,2.89
ITEM0000414,ORD000140,PROD00021,2,21896.85,15.6
ITEM0000415,ORD000140,PROD00186,2,36976.61,31.09
ITEM0000416,ORD000140,PROD00171,4,53081.71,26.27
ITEM0000417,ORD000140,PROD00034,3,73330.0,37.62
ITEM0000418,ORD000141,PROD00068,1,38268.9,15.51
ITEM0000419,ORD000141,PROD00057,3,33144.51,23.64
ITEM0000420,ORD000141,PROD00001,4,75139.02,14.1
ITEM0000421,ORD000142,PROD00080,5,6404.42,3.87
ITEM0000422,ORD000142,PROD00070,3,48542.88,32.75
ITEM0000423,ORD000142,PROD00053,5,86909.43,6.59
ITEM0000424,ORD000142,PROD00055,5,50034.13,3.69
ITEM0000425,ORD000143,PROD00192,3,34545.77,12.06
ITEM0000426,ORD000144,PROD00128,5,68206.57,25.08
ITEM0000427,ORD000144,PROD00094,5,48127.14,33.51
ITEM0000428,ORD000144,PROD00190,4,34683.93,28.42
ITEM0000429,ORD000144,PROD00183,2,58732.64,22.91
ITEM0000430,ORD000144,PROD00139,5,41431.19,18.25
ITEM0000431,ORD000145,PROD00132,3,9474.4,1.8
ITEM0000432,ORD000145,PROD00033,2,23750.61,6.7
ITEM0000433,ORD000146,PROD00155,1,41299.28,17.56
ITEM0000434,ORD000146,PROD00083,2,70969.42,39.22
ITEM0000435,ORD000147,PROD00056,4,60658.89,18.36
ITEM0000436,ORD000147,PROD00102,4,33120.31,39.92
ITEM0000437,ORD000147,PROD00143,4,5771.53,26.89
ITEM0000438,ORD000147,PROD00119,2,20193.49,39.7
ITEM0000439,ORD000147,PROD00080,1,6444.76,7.24
ITEM0000440,ORD000148,PROD00033,5,24418.68,22.22
ITEM0000441,ORD000148,PROD00031,4,27638.13,10.46
ITEM0000442,ORD000148,PROD00149,5,42389.31,34.02
ITEM0000443,ORD000148,PROD00055,3,54364.16,39.93
ITEM0000444,ORD000148,PROD00129,2,68440.27,1.47
ITEM0000445,ORD000149,PROD00103,5,48133.39,9.26
ITEM0000446,ORD000149,PROD00169,3,33527.06,10.58
ITEM0000447,ORD000149,PROD00102,5,39806.7,11.08
ITEM0000448,ORD000149,PROD00009,5,34486.92,38.66
ITEM0000449,ORD000150,PROD00111,3,56274.42,1.16
ITEM0000450,ORD000150,PROD00090,2,414.51,27.29
ITEM0000451,ORD000150,PROD00026,1,45144.27,28.41
ITEM0000452,ORD000151,PROD00097,5,48837.15,27.57
ITEM0000453,ORD000151,PROD00065,5,64596.8,14.46
ITEM0000454,ORD000152,PROD00161,5,12482.51,22.95
ITEM0000455,ORD000152,PROD00182,1,16028.42,34.13
ITEM0000456,ORD000152,PROD00096,4,3106.92,19.86
ITEM0000457,ORD000152,PROD00147,4,36261.77,19.69
ITEM0000458,ORD000152,PROD00067,5,36764.03,31.53
ITEM0000459,ORD000153,PROD00019,3,5770.69,2.92
ITEM0000460,ORD000153,PROD00054,5,17827.8,21.91
ITEM0000461,ORD000153,PROD00199,3,5931.5,31.46
ITEM0000462,ORD000153,PROD00080,2,4686.12,24.28
ITEM0000463,ORD000154,PROD00104,1,46345.09,24.39
ITEM0000464,ORD000154,PROD00030,5,75953.42,12.31
ITEM0000465,ORD000154,PROD00094,2,45952.63,10.04
ITEM0000466,ORD000154,PROD00008,1,50357.08,23.4
ITEM0000467,ORD000155,PROD00023,-3,33061.02,15.75
ITEM0000468,ORD000156,PROD00199,3,8168.07,39.23
ITEM0000469,ORD000156,PROD00065,5,84977.72,13.71
ITEM0000470,ORD000156,PROD00118,2,51071.52,36.89
ITEM0000471,ORD000156,PROD00181,5,57212.16,15.24
ITEM0000472,ORD000157,PROD00100,1,4742.37,15.78
ITEM0000473,ORD000157,PROD00116,2,39736.21,18.32
ITEM0000474,ORD000158,PROD00079,5,39857.75,22.7
ITEM0000475,ORD000158,PROD00058,2,19029.77,36.45
ITEM0000476,ORD000158,PROD00173,4,20264.22,33.77
ITEM0000477,ORD000158,PROD00045,3,86104.88,17.76
ITEM0000478,ORD000159,PROD00041,4,34250.94,4.63
ITEM0000479,ORD000159,PROD00197,5,5929.47,38.6
ITEM0000480,ORD000160,PROD00053,4,54695.46,38.66
ITEM0000481,ORD000160,PROD00161,3,13577.94,22.07
ITEM0000482,ORD000160,PROD00047,5,18952.03,2.51
ITEM0000483,ORD000160,PROD00187,5,44435.42,24.2
ITEM0000484,ORD000161,PROD00089,4,46891.34,32.71
ITEM0000485,ORD000161,PROD00129,3,73557.76,37.96
ITEM0000486,ORD000162,PROD00106,4,45931.9,15.31
ITEM0000487,ORD000162,PROD00071,4,26968.75,26.31
ITEM0000488,ORD000163,PROD00153,5,47450.49,29.66
ITEM0000489,ORD000163,PROD00101,3,44886.51,25.32
ITEM0000490,ORD000163,PROD00068,1,46316.17,33.68
ITEM0000491,ORD000164,PROD00071,3,24822.48,28.68
ITEM0000492,ORD000164,PROD00114,1,46275.39,9.65
ITEM0000493,ORD000165,PROD00044,3,62829.56,29.92
ITEM0000494,ORD000165,PROD00154,3,72109.85,25.67
ITEM0000495,ORD000165,PROD00166,1,424.34,32.19
ITEM0000496,ORD000165,PROD00002,5,21315.45,1.3
ITEM0000497,ORD000166,PROD00135,2,55522.49,14.87
ITEM0000498,ORD000166,PROD00002,2,15367.77,24.29
ITEM0000499,ORD000166,PROD00096,5,3177.47,39.04
ITEM0000500,ORD000166,PROD00059,3,76566.04,1.17
ITEM0000501,ORD000167,PROD00118,3,40307.91,0.05
ITEM0000502,ORD000167,PROD00054,2,19540.15,39.58
ITEM0000503,ORD000168,PROD00008,2,54369.84,20.66
ITEM0000504,ORD000168,PROD00081,4,20248.82,17.28
ITEM0000505,ORD000168,PROD00027,3,74853.92,18.69
ITEM0000506,ORD000169,PROD00069,2,59442.65,34.28
ITEM0000507,ORD000169,PROD00178,4,11760.21,31.35
ITEM0000508,ORD000169,PROD00101,3,31597.09,23.79
ITEM0000509,ORD000169,PROD00111,5,59560.89,32.63
ITEM0000510,ORD000170,PROD00023,-3,32503.57,1.8
ITEM0000511,ORD000171,PROD00029,5,19270.49,35.25
ITEM0000512,ORD000171,PROD00175,4,18598.47,7.85
ITEM0000513,ORD000171,PROD00153,1,47042.48,10.54
ITEM0000514,ORD000171,PROD00084,3,43409.54,26.21
ITEM0000515,ORD000171,PROD00030,4,62820.62,8.41
ITEM0000516,ORD000172,PROD00006,2,53672.68,7.43
ITEM0000517,ORD000172,PROD00089,4,46866.77,18.81
ITEM0000518,ORD000172,PROD00172,4,349.3,3.41
ITEM0000519,ORD000173,PROD00175,4,26151.22,34.51
ITEM0000520,ORD000173,PROD00031,2,28512.45,18.47
ITEM0000521,ORD000173,PROD00041,5,45399.38,11.9
ITEM0000522,ORD000173,PROD00154,2,73014.39,9.94
ITEM0000523,ORD000173,PROD00047,5,19197.49,13.38
ITEM0000524,ORD000174,PROD00200,4,56160.72,14.53
ITEM0000525,ORD000174,PROD00003,4,36837.19,19.84
ITEM0000526,ORD000174,PROD00126,5,53933.53,21.51
ITEM0000527,ORD000174,PROD00149,4,50138.2,10.76
ITEM0000528,ORD000174,PROD00017,1,23538.56,20.7
ITEM0000529,ORD000175,PROD00119,3,25993.33,27.6
ITEM0000530,ORD000175,PROD00055,-2,60101.6,24.81
ITEM0000531,ORD000175,PROD00111,5,52307.35,0.4
ITEM0000532,ORD000176,PROD00116,5,30934.04,26.53
ITEM0000533,ORD000177,PROD00066,5,37371.65,24.97
ITEM0000534,ORD000177,PROD00063,3,59510.63,35.55
ITEM0000535,ORD000177,PROD00190,5,52767.64,39.86
ITEM0000536,ORD000177,PROD00022,1,47774.98,7.45
ITEM0000537,ORD000178,PROD00119,3,23381.37,33.79
ITEM0000538,ORD000179,PROD00040,1,16405.38,14.46
ITEM0000539,ORD000179,PROD00109,1,62914.44,24.28
ITEM0000540,ORD000179,PROD00159,5,58820.02,7.83
ITEM0000541,ORD000180,PROD00154,2,73044.64,14.33
ITEM0000542,ORD000181,PROD00091,-3,48498.5,4.69
ITEM0000543,ORD000181,PROD00068,1,57301.04,27.3
ITEM0000544,ORD000181,PROD00001,2,47950.61,5.84
ITEM0000545,ORD000181,PROD00063,5,44743.27,3.74
ITEM0000546,ORD000182,PROD00002,1,19544.37,21.27
ITEM0000547,ORD000182,PROD00006,4,67850.85,5.05
ITEM0000548,ORD000182,PROD00075,3,19599.02,4.98
ITEM0000549,ORD000183,PROD00146,1,74830.83,13.86
ITEM0000550,ORD000184,PROD00074,4,67301.86,35.4
ITEM0000551,ORD000184,PROD00182,5,22625.26,6.01
ITEM0000552,ORD000184,PROD00115,3,68082.06,13.1
ITEM0000553,ORD000184,PROD00056,1,64606.27,3.39
ITEM0000554,ORD000184,PROD00133,2,50613.11,7.51
ITEM0000555,ORD000185,PROD00036,1,61581.42,7.39
ITEM0000556,ORD000185,PROD00112,4,61783.46,30.96
ITEM0000557,ORD000185,PROD00071,1,21341.27,13.54
ITEM0000558,ORD000185,PROD00034,1,80555.66,4.96
ITEM0000559,ORD000185,PROD00151,5,2476.72,12.13
ITEM0000560,ORD000186,PROD00117,-3,22613.44,20.5
ITEM0000561,ORD000186,PROD00100,1,5404.05,33.81
ITEM0000562,ORD000186,PROD00027,5,64284.91,26.18
ITEM0000563,ORD000186,PROD00173,3,19508.24,36.7
ITEM0000564,ORD000186,PROD00087,-2,42096.01,14.44
ITEM0000565,ORD000187,PROD00154,3,71593.22,20.33
ITEM0000566,ORD000187,PROD00179,1,52957.7,28.47
ITEM0000567,ORD000187,PROD00199,4,6810.7,13.19
ITEM0000568,ORD000188,PROD00197,3,6911.83,34.96
ITEM0000569,ORD000188,PROD00116,1,28912.97,20.57
ITEM0000570,ORD000188,PROD00161,3,15846.0,32.49
ITEM0000571,ORD000188,PROD00128,5,60844.43,1.54
ITEM0000572,ORD000189,PROD00016,5,82389.41,21.9
ITEM0000573,ORD000189,PROD00182,4,18309.05,10.61
ITEM0000574,ORD000189,PROD00073,1,5597.33,5.3
ITEM0000575,ORD000189,PROD00085,3,54036.52,26.36
ITEM0000576,ORD000190,PROD00031,3,40086.36,37.21
ITEM0000577,ORD000190,PROD00040,4,19526.12,24.96
ITEM0000578,ORD000190,PROD00085,4,42884.27,31.29
ITEM0000579,ORD000190,PROD00094,2,47761.92,27.18
ITEM0000580,ORD000191,PROD00093,1,9296.64,8.08
ITEM0000581,ORD000191,PROD00051,1,15263.83,11.32
ITEM0000582,ORD000191,PROD00017,5,23704.19,11.59
ITEM0000583,ORD000191,PROD00073,3,6855.61,14.54
ITEM0000584,ORD000192,PROD00048,2,1941.05,31.77
ITEM0000585,ORD000192,PROD00032,4,66022.83,34.43
ITEM0000586,ORD000192,PROD00109,5,41395.14,32.81
ITEM0000587,ORD000192,PROD00143,1,6824.58,32.14
ITEM0000588,ORD000193,PROD00024,3,22305.01,18.95
ITEM0000589,ORD000193,PROD00008,3,61866.66,22.37
ITEM0000590,ORD000193,PROD00129,1,67321.59,23.16
ITEM0000591,ORD000193,PROD00107,2,67880.55,15.35
ITEM0000592,ORD000193,PROD00195,5,6064.02,9.7
ITEM0000593,ORD000194,PROD00172,1,448.41,38.23
ITEM0000594,ORD000195,PROD00130,-1,25699.52,14.87
ITEM0000595,ORD000195,PROD00140,2,46234.34,3.71
ITEM0000596,ORD000195,PROD00090,2,354.65,6.47
ITEM0000597,ORD000195,PROD00166,1,512.11,7.59
ITEM0000598,ORD000195,PROD00174,2,47021.84,37.62
ITEM0000599,ORD000196,PROD00063,1,51897.85,35.58
ITEM0000600,ORD000196,PROD00128,4,62299.63,37.75
ITEM0000601,ORD000196,PROD00151,1,2778.21,24.6
ITEM0000602,ORD000196,PROD00011,3,36327.11,17.99
ITEM0000603,ORD000197,PROD00193,4,331.9,9.94
ITEM0000604,ORD000198,PROD00035,3,14540.47,3.71
ITEM0000605,ORD000198,PROD00190,4,42821.32,19.23
ITEM0000606,ORD000198,PROD00003,4,37631.04,33.93
ITEM0000607,ORD000199,PROD00119,2,27177.94,23.97
ITEM0000608,ORD000199,PROD00166,2,472.51,31.4
ITEM0000609,ORD000199,PROD00144,1,46917.8,21.99
ITEM0000610,ORD000200,PROD00078,4,27898.82,26.55
ITEM0000611,ORD000200,PROD00070,3,52787.61,24.39
ITEM0000612,ORD000200,PROD00157,5,17221.66,13.4
ITEM0000613,ORD000200,PROD00146,3,57359.18,17.49
ITEM0000614,ORD000201,PROD00168,1,68621.25,25.06
ITEM0000615,ORD000201,PROD00037,5,37689.06,33.88
ITEM0000616,ORD000201,PROD00051,4,17255.98,38.21
ITEM0000617,ORD000202,PROD00100,1,4912.34,21.51
ITEM0000618,ORD000202,PROD00108,5,51715.1,5.84
ITEM0000619,ORD000202,PROD00171,2,57387.87,22.41
ITEM0000620,ORD000202,PROD00133,1,37433.95,8.31
ITEM0000621,ORD000203,PROD00181,4,51214.85,2.57
ITEM0000622,ORD000203,PROD00143,4,9077.86,28.27
ITEM0000623,ORD000203,PROD00199,3,7004.28,9.78
ITEM0000624,ORD000203,PROD00070,3,51271.45,15.4
ITEM0000625,ORD000204,PROD00173,3,29000.48,18.41
ITEM0000626,ORD000204,PROD00199,1,5507.81,14.1
ITEM0000627,ORD000204,PROD00116,2,42374.19,25.49
ITEM0000628,ORD000205,PROD00167,5,10937.86,38.72
ITEM0000629,ORD000205,PROD00109,2,51911.36,14.71
ITEM0000630,ORD000205,PROD00067,4,39768.11,35.31
ITEM0000631,ORD000205,PROD00164,2,48724.32,11.67
ITEM0000632,ORD000206,PROD00176,4,38071.3,28.61
ITEM0000633,ORD000207,PROD00036,5,49366.57,38.84
ITEM0000634,ORD000207,PROD00013,1,54715.97,16.35
ITEM0000635,ORD000207,PROD00064,2,20355.23,35.16
ITEM0000636,ORD000208,PROD00082,2,77212.18,33.32
ITEM0000637,ORD000208,PROD00013,5,56179.85,19.03
ITEM0000638,ORD000208,PROD00140,2,37470.97,19.6
ITEM0000639,ORD000208,PROD00023,1,37080.72,5.15
ITEM0000640,ORD000208,PROD00161,1,10799.25,1.62
ITEM0000641,ORD000209,PROD00158,2,19773.6,3.26
ITEM0000642,ORD000209,PROD00020,4,73635.2,26.17
ITEM0000643,ORD000209,PROD00189,3,8999.86,30.66
ITEM0000644,ORD000209,PROD00126,5,48345.44,33.89
ITEM0000645,ORD000209,PROD00012,2,56522.53,24.82
ITEM0000646,ORD000210,PROD00029,2,19839.62,39.2
ITEM0000647,ORD000211,PROD00012,1,64640.73,19.17
ITEM0000648,ORD000211,PROD00080,3,4482.53,1.61
ITEM0000649,ORD000212,PROD00003,2,49454.33,39.13
ITEM0000650,ORD000213,PROD00103,4,46511.7,32.14
ITEM0000651,ORD000214,PROD00118,4,43997.7,33.37
ITEM0000652,ORD000214,PROD00029,2,17382.26,5.05
ITEM0000653,ORD000215,PROD00064,4,21801.94,34.24
ITEM0000654,ORD000215,PROD00023,2,31122.98,36.17
ITEM0000655,ORD000215,PROD00046,3,35387.26,16.74
ITEM0000656,ORD000216,PROD00065,3,57877.61,18.28
ITEM0000657,ORD000216,PROD00117,1,21763.08,16.21
ITEM0000658,ORD000217,PROD00192,1,30345.61,35.57
ITEM0000659,ORD000217,PROD00015,4,72211.81,1.67
ITEM0000660,ORD000217,PROD00037,3,32891.56,3.04
ITEM0000661,ORD000217,PROD00117,2,16034.0,20.9
ITEM0000662,ORD000218,PROD00117,2,18764.18,31.83
ITEM0000663,ORD000218,PROD00177,2,81239.67,36.76
ITEM0000664,ORD000218,PROD00154,-2,54277.51,11.28
ITEM0000665,ORD000218,PROD00052,3,87353.25,34.83
ITEM0000666,ORD000219,PROD00085,2,39315.17,4.33
ITEM0000667,ORD000219,PROD00122,1,51662.8,7.07
ITEM0000668,ORD000219,PROD00015,4,79020.69,31.36
ITEM0000669,ORD000219,PROD00114,3,45576.4,22.94
ITEM0000670,ORD000220,PROD00185,1,16856.85,12.19
ITEM0000671,ORD000220,PROD00009,3,34631.13,24.27
ITEM0000672,ORD000221,PROD00073,2,5006.02,16.67
ITEM0000673,ORD000221,PROD00101,1,35431.99,28.35
ITEM0000674,ORD000222,PROD00180,1,32538.14,32.79
ITEM0000675,ORD000222,PROD00078,1,26291.65,39.63
ITEM0000676,ORD000222,PROD00050,4,54696.93,25.87
ITEM0000677,ORD000223,PROD00119,-3,21445.77,2.46
ITEM0000678,ORD000224,PROD00088,5,18208.21,35.94
ITEM0000679,ORD000224,PROD00181,2,55479.91,36.82
ITEM0000680,ORD000225,PROD00191,5,24459.74,21.17
ITEM0000681,ORD000225,PROD00121,5,56025.83,1.47
ITEM0000682,ORD000225,PROD00024,4,31755.28,9.47
ITEM0000683,ORD000225,PROD00115,5,55784.38,30.54
ITEM0000684,ORD000225,PROD00165,1,49908.06,28.84
ITEM0000685,ORD000226,PROD00022,2,61734.52,2.95
ITEM0000686,ORD000226,PROD00199,4,6298.67,19.98
ITEM0000687,ORD000226,PROD00097,3,67238.48,1.73
ITEM0000688,ORD000226,PROD00156,3,16158.24,34.8
ITEM0000689,ORD000226,PROD00197,3,7618.93,37.26
ITEM0000690,ORD000227,PROD00120,4,78537.85,0.27
ITEM0000691,ORD000227,PROD00006,2,66118.98,18.76
ITEM0000692,ORD000227,PROD00170,3,2771.06,26.1
ITEM0000693,ORD000228,PROD00116,2,33758.06,30.4
ITEM0000694,ORD000228,PROD00029,4,24790.24,32.76
ITEM0000695,ORD000229,PROD00032,5,70715.1,0.8
ITEM0000696,ORD000230,PROD00007,2,32167.4,0.13
ITEM0000697,ORD000231,PROD00151,5,2053.21,22.23
ITEM0000698,ORD000232,PROD00013,2,48334.81,13.79
ITEM0000699,ORD000232,PROD00051,5,19071.56,32.93
ITEM0000700,ORD000232,PROD00035,1,11554.99,26.84
ITEM0000701,ORD000232,PROD00128,4,61934.83,35.24
ITEM0000702,ORD000233,PROD00027,4,66545.29,30.92
ITEM0000703,ORD000234,PROD00103,3,63382.02,14.48
ITEM0000704,ORD000234,PROD00079,5,37964.11,39.62
ITEM0000705,ORD000234,PROD00112,2,44027.35,34.61
ITEM0000706,ORD000234,PROD00008,1,69845.92,14.74
ITEM0000707,ORD000234,PROD00126,5,76059.53,26.52
ITEM0000708,ORD000235,PROD00188,3,7857.09,19.84
ITEM0000709,ORD000235,PROD00136,4,13355.02,35.17
ITEM0000710,ORD000235,PROD00172,4,473.13,7.57
ITEM0000711,ORD000236,PROD00031,4,29720.63,17.97
ITEM0000712,ORD000236,PROD00142,4,33112.79,9.55
ITEM0000713,ORD000236,PROD00034,5,80287.42,26.67
ITEM0000714,ORD000236,PROD00188,5,9130.76,21.48
ITEM0000715,ORD000236,PROD00029,5,22594.52,18.79
ITEM0000716,ORD000237,PROD00046,1,41033.95,24.47
ITEM0000717,ORD000238,PROD00179,3,50869.06,23.12
ITEM0000718,ORD000239,PROD00098,1,52211.77,38.49
ITEM0000719,ORD000239,PROD00126,2,58930.21,27.13
ITEM0000720,ORD000240,PROD00161,5,14072.86,8.67
ITEM0000721,ORD000240,PROD00020,4,62617.63,20.62
ITEM0000722,ORD000241,PROD00096,2,3248.72,6.87
ITEM0000723,ORD000241,PROD00060,3,14712.46,38.24
ITEM0000724,ORD000241,PROD00061,5,34856.19,7.45
ITEM0000725,ORD000241,PROD00085,5,55557.21,23.57
ITEM0000726,ORD000242,PROD00191,5,31996.06,32.03
ITEM0000727,ORD000242,PROD00095,2,21552.92,25.79
ITEM0000728,ORD000242,PROD00032,3,72021.28,0.32
ITEM0000729,ORD000243,PROD00146,4,58663.4,30.32
ITEM0000730,ORD000243,PROD00167,3,11305.49,19.29
ITEM0000731,ORD000244,PROD00186,3,39209.96,36.59
ITEM0000732,ORD000244,PROD00124,2,27401.49,12.77
ITEM0000733,ORD000244,PROD00200,5,58019.31,3.06
ITEM0000734,ORD000244,PROD00145,4,32495.65,34.28
ITEM0000735,ORD000245,PROD00118,3,50713.19,29.32
ITEM0000736,ORD000245,PROD00041,5,49324.78,14.93
ITEM0000737,ORD000246,PROD00107,2,74302.26,16.28
ITEM0000738,ORD000246,PROD00048,4,2786.31,32.26
ITEM0000739,ORD000246,PROD00157,3,12498.91,22.91
ITEM0000740,ORD000247,PROD00059,3,59041.19,4.25
ITEM0000741,ORD000247,PROD00199,1,5377.46,5.84
ITEM0000742,ORD000247,PROD00149,5,48779.66,24.89
ITEM0000743,ORD000248,PROD00072,1,6220.49,20.98
ITEM0000744,ORD000248,PROD00150,5,22361.12,24.6
ITEM0000745,ORD000248,PROD00039,5,33135.02,8.57
ITEM0000746,ORD000249,PROD00196,3,32364.75,38.13
ITEM0000747,ORD000249,PROD00161,3,16257.33,35.51
ITEM0000748,ORD000250,PROD00026,4,38670.84,7.55
ITEM0000749,ORD000251,PROD00095,4,24205.63,37.32
ITEM0000750,ORD000251,PROD00102,4,29382.32,33.29
ITEM0000751,ORD000251,PROD00014,3,63839.97,39.57
ITEM0000752,ORD000251,PROD00165,-1,56008.35,33.22
ITEM0000753,ORD000252,PROD00182,2,15447.72,10.0
ITEM0000754,ORD000252,PROD00065,4,80969.96,3.33
ITEM0000755,ORD000252,PROD00100,3,3961.4,15.4
ITEM0000756,ORD000253,PROD00160,3,41802.63,1.98
ITEM0000757,ORD000254,PROD00107,2,86399.29,21.02
ITEM0000758,ORD000255,PROD00014,3,57801.78,7.6
ITEM0000759,ORD000256,PROD00020,1,68869.37,0.02
ITEM0000760,ORD000256,PROD00067,3,45506.1,19.5
ITEM0000761,ORD000257,PROD00018,3,9503.02,26.58
ITEM0000762,ORD000257,PROD00099,3,52106.63,7.67
ITEM0000763,ORD000257,PROD00132,4,8633.25,29.23
ITEM0000764,ORD000257,PROD00011,-3,27518.18,37.61
ITEM0000765,ORD000258,PROD00085,3,48627.95,17.57
ITEM0000766,ORD000259,PROD00026,5,39198.64,13.17
ITEM0000767,ORD000259,PROD00171,3,67579.34,6.81
ITEM0000768,ORD000259,PROD00096,1,3606.33,4.11
ITEM0000769,ORD000259,PROD00187,5,50003.03,24.3
ITEM0000770,ORD000259,PROD00122,3,50528.57,0.27
ITEM0000771,ORD000260,PROD00056,3,75183.33,15.87
ITEM0000772,ORD000261,PROD00149,2,37613.13,4.83
ITEM0000773,ORD000261,PROD00049,1,27788.92,12.08
ITEM0000774,ORD000261,PROD00031,1,35509.57,20.24
ITEM0000775,ORD000261,PROD00073,3,5595.83,39.19
ITEM0000776,ORD000261,PROD00044,5,54783.51,14.56
ITEM0000777,ORD000262,PROD00140,4,37480.58,31.97
ITEM0000778,ORD000262,PROD00019,4,4555.05,26.72
ITEM0000779,ORD000262,PROD00177,1,86566.99,12.49
ITEM0000780,ORD000263,PROD00178,3,11725.77,5.98
ITEM0000781,ORD000263,PROD00164,1,74392.33,3.93
ITEM0000782,ORD000263,PROD00148,3,68951.71,8.71
ITEM0000783,ORD000264,PROD00104,2,52170.29,21.73
ITEM0000784,ORD000264,PROD00137,1,52141.25,5.9
ITEM0000785,ORD000264,PROD00197,3,6991.6,37.71
ITEM0000786,ORD000265,PROD00021,2,18034.18,37.49
ITEM0000787,ORD000265,PROD00162,3,25089.86,21.48
ITEM0000788,ORD000265,PROD00063,1,55327.83,18.96
ITEM0000789,ORD000265,PROD00200,-1,50909.58,29.27
ITEM0000790,ORD000266,PROD00193,4,377.62,36.4
ITEM0000791,ORD000266,PROD00138,5,40897.64,35.83
ITEM0000792,ORD000266,PROD00127,2,3888.96,17.95
ITEM0000793,ORD000266,PROD00164,3,72894.96,2.07
ITEM0000794,ORD000266,PROD00181,2,51749.77,35.3
ITEM0000795,ORD000267,PROD00019,5,5133.55,19.72
ITEM0000796,ORD000267,PROD00005,3,79138.73,32.17
ITEM0000797,ORD000267,PROD00177,3,61122.2,13.85
ITEM0000798,ORD000268,PROD00112,5,59239.01,8.29
ITEM0000799,ORD000269,PROD00125,2,68824.27,12.76
ITEM0000800,ORD000269,PROD00112,5,61017.07,32.2
ITEM0000801,ORD000270,PROD00131,4,64000.39,38.81
ITEM0000802,ORD000270,PROD00148,4,59584.64,17.06
ITEM0000803,ORD000271,PROD00123,1,62934.89,26.03
ITEM0000804,ORD000272,PROD00091,2,36153.3,24.57
ITEM0000805,ORD000272,PROD00117,2,15913.33,3.23
ITEM0000806,ORD000273,PROD00175,2,19820.78,12.5
ITEM0000807,ORD000273,PROD00149,1,45732.68,32.6
ITEM0000808,ORD000273,PROD00152,1,51651.35,15.0
ITEM0000809,ORD000273,PROD00048,5,2723.26,36.1
ITEM0000810,ORD000274,PROD00073,3,5652.23,20.18
ITEM0000811,ORD000274,PROD00169,4,25567.67,2.83
ITEM0000812,ORD000274,PROD00148,1,66962.41,36.48
ITEM0000813,ORD000274,PROD00157,5,18516.71,10.29
ITEM0000814,ORD000274,PROD00103,3,46271.59,6.85
ITEM0000815,ORD000275,PROD00150,2,20815.03,29.7
ITEM0000816,ORD000275,PROD00086,3,6729.0,23.27
ITEM0000817,ORD000275,PROD00087,3,32656.83,29.91
ITEM0000818,ORD000276,PROD00007,4,30126.2,4.29
ITEM0000819,ORD000277,PROD00110,3,32161.7,0.39
ITEM0000820,ORD000277,PROD00059,1,58584.47,19.65
ITEM0000821,ORD000278,PROD00037,4,39051.98,31.47
ITEM0000822,ORD000278,PROD00061,1,52726.28,7.95
ITEM0000823,ORD000278,PROD00067,2,36906.04,33.02
ITEM0000824,ORD000278,PROD00035,5,11523.95,2.53
ITEM0000825,ORD000279,PROD00160,3,45943.83,29.67
ITEM0000826,ORD000279,PROD00168,3,66867.54,38.17
ITEM0000827,ORD000279,PROD00186,2,44453.27,12.69
ITEM0000828,ORD000279,PROD00146,2,70242.5,19.92
ITEM0000829,ORD000279,PROD00193,1,274.82,24.25
ITEM0000830,ORD000280,PROD00062,5,62535.32,6.48
ITEM0000831,ORD000280,PROD00027,4,69080.17,13.37
ITEM0000832,ORD000281,PROD00067,1,37462.86,16.7
ITEM0000833,ORD000281,PROD00173,3,27664.71,27.1
ITEM0000834,ORD000281,PROD00007,2,26265.98,6.12
ITEM0000835,ORD000281,PROD00061,3,32796.99,3.49
ITEM0000836,ORD000281,PROD00137,5,41582.88,16.91
ITEM0000837,ORD000282,PROD00163,2,21131.0,2.57
ITEM0000838,ORD000282,PROD00141,5,27097.31,36.59
ITEM0000839,ORD000282,PROD00121,-3,47240.96,0.82
ITEM0000840,ORD000282,PROD00137,3,50712.8,10.23
ITEM0000841,ORD000283,PROD00079,4,32504.41,34.83
ITEM0000842,ORD000283,PROD00034,3,77555.89,0.08
ITEM0000843,ORD000284,PROD00162,2,24553.84,13.45
ITEM0000844,ORD000285,PROD00191,1,28817.77,30.39
ITEM0000845,ORD000285,PROD00117,2,21807.29,23.87
ITEM0000846,ORD000285,PROD00147,4,30870.97,3.4
ITEM0000847,ORD000286,PROD00200,5,57234.45,22.37
ITEM0000848,ORD000286,PROD00020,4,68127.59,36.25
ITEM0000849,ORD000286,PROD00182,4,17963.94,29.42
ITEM0000850,ORD000286,PROD00134,1,21983.69,19.22
ITEM0000851,ORD000287,PROD00033,5,29650.03,21.32
ITEM0000852,ORD000288,PROD00058,1,14262.6,19.06
ITEM0000853,ORD000288,PROD00158,3,19657.17,10.12
ITEM0000854,ORD000288,PROD00117,5,19199.4,20.39
ITEM0000855,ORD000288,PROD00165,4,53062.73,8.93
ITEM0000856,ORD000288,PROD00163,5,29740.56,1.22
ITEM0000857,ORD000289,PROD00169,2,33119.38,31.81
ITEM0000858,ORD000289,PROD00104,4,66606.66,20.4
ITEM0000859,ORD000289,PROD00200,5,38986.11,39.38
ITEM0000860,ORD000289,PROD00080,2,5905.82,28.81
ITEM0000861,ORD000289,PROD00187,3,55674.34,24.04
ITEM0000862,ORD000290,PROD00150,5,17237.37,1.24
ITEM0000863,ORD000290,PROD00047,5,17942.47,16.82
ITEM0000864,ORD000291,PROD00003,1,46862.08,7.89
ITEM0000865,ORD000291,PROD00036,3,52132.07,27.47
ITEM0000866,ORD000291,PROD00014,3,78813.79,30.23
ITEM0000867,ORD000291,PROD00190,3,39565.54,30.37
ITEM0000868,ORD000292,PROD00116,5,38825.55,27.1
ITEM0000869,ORD000293,PROD00120,5,80540.41,6.59
ITEM0000870,ORD000293,PROD00179,2,64856.39,31.96
ITEM0000871,ORD000293,PROD00129,1,70830.49,18.22
ITEM0000872,ORD000293,PROD00135,1,60256.36,0.87
ITEM0000873,ORD000294,PROD00080,3,5220.48,27.52
ITEM0000874,ORD000294,PROD00127,4,4981.09,0.62
ITEM0000875,ORD000294,PROD00195,1,6766.38,0.92
ITEM0000876,ORD000294,PROD00018,3,10051.31,16.35
ITEM0000877,ORD000294,PROD00032,4,53164.65,10.94
ITEM0000878,ORD000295,PROD00033,4,22931.75,10.35
ITEM0000879,ORD000295,PROD00198,4,20921.75,32.21
ITEM0000880,ORD000295,PROD00075,5,18990.83,31.14
ITEM0000881,ORD000295,PROD00077,2,48694.15,31.06
ITEM0000882,ORD000296,PROD00169,1,30666.14,5.38
ITEM0000883,ORD000296,PROD00076,4,64605.0,22.65
ITEM0000884,ORD000296,PROD00058,4,17189.94,10.25
ITEM0000885,ORD000297,PROD00194,1,42945.06,38.42
ITEM0000886,ORD000298,PROD00026,5,60203.17,22.94
ITEM0000887,ORD000298,PROD00119,5,20179.39,18.68
ITEM0000888,ORD000298,PROD00114,5,33386.56,37.16
ITEM0000889,ORD000298,PROD00160,1,34049.65,17.04
ITEM0000890,ORD000298,PROD00153,2,40187.71,3.35
ITEM0000891,ORD000299,PROD00092,1,15192.83,4.99
ITEM0000892,ORD000299,PROD00177,5,57562.3,32.68
ITEM0000893,ORD000299,PROD00098,2,44956.62,36.14
ITEM0000894,ORD000300,PROD00070,4,64180.7,18.76
ITEM0000895,ORD000300,PROD00051,-3,17840.66,15.2
ITEM0000896,ORD000300,PROD00187,2,41243.57,2.92
ITEM0000897,ORD000300,PROD00040,1,21366.67,4.54
ITEM0000898,ORD000301,PROD00164,4,47796.45,4.1
ITEM0000899,ORD000302,PROD00167,3,14556.26,7.06
ITEM0000900,ORD000302,PROD00150,3,16767.8,25.87
ITEM0000901,ORD000302,PROD00053,4,77232.02,37.85
ITEM0000902,ORD000302,PROD00014,3,82162.38,22.42
ITEM0000903,ORD000303,PROD00081,1,22095.14,4.35
ITEM0000904,ORD000303,PROD00199,5,7258.76,24.44
ITEM0000905,ORD000304,PROD00189,1,8805.62,34.04
ITEM0000906,ORD000304,PROD00037,2,32507.11,30.96
ITEM0000907,ORD000304,PROD00106,5,71981.37,16.06
ITEM0000908,ORD000305,PROD00185,1,18733.15,10.79
ITEM0000909,ORD000305,PROD00165,3,56140.45,7.32
ITEM0000910,ORD000306,PROD00035,3,15103.25,33.02
ITEM0000911,ORD000306,PROD00050,2,85924.44,29.47
ITEM0000912,ORD000307,PROD00166,3,375.29,32.23
ITEM0000913,ORD000307,PROD00044,4,63858.14,20.34
ITEM0000914,ORD000307,PROD00131,4,68619.51,14.43
ITEM0000915,ORD000308,PROD00034,4,66279.56,19.3
ITEM0000916,ORD000308,PROD00092,3,15597.11,10.58
ITEM0000917,ORD000308,PROD00047,1,17867.34,11.29
ITEM0000918,ORD000309,PROD00013,4,49277.14,34.95
ITEM0000919,ORD000310,PROD00100,2,5570.18,26.86
ITEM0000920,ORD000310,PROD00077,3,60908.61,19.87
ITEM0000921,ORD000311,PROD00059,4,51158.38,4.03
ITEM0000922,ORD000311,PROD00144,3,33209.06,6.29
ITEM0000923,ORD000311,PROD00091,3,50436.42,24.12
ITEM0000924,ORD000311,PROD00167,4,9725.0,33.35
ITEM0000925,ORD000311,PROD00075,2,15986.72,25.29
ITEM0000926,ORD000312,PROD00120,4,81348.56,14.42
ITEM0000927,ORD000312,PROD00008,1,62585.6,11.87
ITEM0000928,ORD000312,PROD00113,4,46579.91,8.7
ITEM0000929,ORD000313,PROD00016,5,60261.77,26.96
ITEM0000930,ORD000313,PROD00167,5,10906.21,10.7
ITEM0000931,ORD000313,PROD00060,5,13444.03,6.21
ITEM0000932,ORD000314,PROD00110,4,30172.43,10.58
ITEM0000933,ORD000314,PROD00024,3,24006.5,31.94
ITEM0000934,ORD000315,PROD00179,4,58694.98,35.03
ITEM0000935,ORD000315,PROD00192,2,44141.73,19.72
ITEM0000936,ORD000315,PROD00091,2,44047.12,4.26
ITEM0000937,ORD000315,PROD00183,2,87146.98,11.19
ITEM0000938,ORD000315,PROD00160,-1,44408.85,8.35
ITEM0000939,ORD000316,PROD00122,4,74806.37,10.82
ITEM0000940,ORD000316,PROD00100,3,5610.25,11.13
ITEM0000941,ORD000317,PROD00087,5,37863.53,20.19
ITEM0000942,ORD000317,PROD00170,1,2666.75,37.51
ITEM0000943,ORD000317,PROD00094,2,48713.29,24.12
ITEM0000944,ORD000317,PROD00026,3,54090.68,13.54
ITEM0000945,ORD000318,PROD00044,4,65638.41,36.0
ITEM0000946,ORD000318,PROD00135,3,42326.47,25.0
ITEM0000947,ORD000318,PROD00184,3,7358.65,30.08
ITEM0000948,ORD000319,PROD00050,2,74296.13,30.79
ITEM0000949,ORD000319,PROD00188,1,11648.71,13.79
ITEM0000950,ORD000319,PROD00035,2,13611.44,19.59
ITEM0000951,ORD000319,PROD00184,1,7525.03,35.76
ITEM0000952,ORD000320,PROD00179,5,56999.62,15.31
ITEM0000953,ORD000320,PROD00134,3,21969.42,19.87
ITEM0000954,ORD000320,PROD00099,3,57953.08,4.46
ITEM0000955,ORD000321,PROD00092,5,15613.9,7.78
ITEM0000956,ORD000322,PROD00117,1,19843.03,8.38
ITEM0000957,ORD000322,PROD00057,4,41650.71,36.18
ITEM0000958,ORD000322,PROD00008,2,59993.24,39.56
ITEM0000959,ORD000322,PROD00171,3,78468.24,29.68
ITEM0000960,ORD000322,PROD00146,1,74353.67,30.69
ITEM0000961,ORD000323,PROD00172,1,448.84,16.48
ITEM0000962,ORD000323,PROD00096,1,3548.3,18.88
ITEM0000963,ORD000323,PROD00156,5,14394.27,19.1
ITEM0000964,ORD000323,PROD00164,1,63221.26,33.81
ITEM0000965,ORD000324,PROD00089,3,41269.25,30.9
ITEM0000966,ORD000324,PROD00047,2,15671.61,13.11
ITEM0000967,ORD000324,PROD00063,5,48427.47,18.58
ITEM0000968,ORD000325,PROD00030,5,47903.43,6.69
ITEM0000969,ORD000325,PROD00118,-3,50961.18,2.27
ITEM0000970,ORD000325,PROD00093,1,10087.04,11.32
ITEM0000971,ORD000326,PROD00120,2,81430.58,29.37
ITEM0000972,ORD000327,PROD00057,1,34662.15,25.01
ITEM0000973,ORD000328,PROD00127,4,4478.29,27.31
ITEM0000974,ORD000328,PROD00167,1,12867.12,23.0
ITEM0000975,ORD000328,PROD00090,3,328.2,24.74
ITEM0000976,ORD000328,PROD00133,2,51481.18,15.63
ITEM0000977,ORD000329,PROD00075,4,23585.42,4.18
ITEM0000978,ORD000329,PROD00174,3,48250.64,5.37
ITEM0000979,ORD000329,PROD00101,2,41732.9,10.82
ITEM0000980,ORD000329,PROD00033,1,31688.14,27.55
ITEM0000981,ORD000329,PROD00115,2,51688.25,35.07
ITEM0000982,ORD000330,PROD00170,2,3371.86,36.17
ITEM0000983,ORD000330,PROD00050,4,68883.19,38.75
ITEM0000984,ORD000330,PROD00076,5,61830.69,27.8
ITEM0000985,ORD000331,PROD00131,3,63207.13,38.31
ITEM0000986,ORD000331,PROD00189,4,9272.77,37.49
ITEM0000987,ORD000331,PROD00179,2,64942.54,11.59
ITEM0000988,ORD000331,PROD00093,4,9014.98,26.12
ITEM0000989,ORD000331,PROD00137,5,55895.32,8.67
ITEM0000990,ORD000332,PROD00014,1,68909.55,10.64
ITEM0000991,ORD000332,PROD00019,5,4699.83,5.89
ITEM0000992,ORD000332,PROD00041,2,55502.95,17.54
ITEM0000993,ORD000332,PROD00072,-2,5834.78,1.57
ITEM0000994,ORD000333,PROD00052,3,67596.87,23.2
ITEM0000995,ORD000333,PROD00100,5,3764.46,2.01
ITEM0000996,ORD000333,PROD00089,2,43157.6,37.94
ITEM0000997,ORD000333,PROD00018,2,12001.33,31.05
ITEM0000998,ORD000333,PROD00131,3,56540.41,19.35
ITEM0000999,ORD000334,PROD00019,1,3589.02,31.22
ITEM0001000,ORD000334,PROD00040,5,23548.75,13.96
ITEM0001001,ORD000335,PROD00030,3,70225.77,15.23
ITEM0001002,ORD000335,PROD00095,-3,30696.89,34.16
ITEM0001003,ORD000335,PROD00060,3,15598.36,32.45
ITEM0001004,ORD000335,PROD00037,5,26160.83,38.15
ITEM0001005,ORD000335,PROD00181,3,37486.06,36.41
ITEM0001006,ORD000336,PROD00164,2,51221.28,20.62
ITEM0001007,ORD000336,PROD00104,5,51529.75,35.6
ITEM0001008,ORD000337,PROD00114,1,39402.12,1.0
ITEM0001009,ORD000337,PROD00185,4,14866.51,11.12
ITEM0001010,ORD000337,PROD00113,4,31833.72,2.04
ITEM0001011,ORD000337,PROD00008,5,45351.43,34.71
ITEM0001012,ORD000337,PROD00189,3,10302.1,11.35
ITEM0001013,ORD000338,PROD00144,4,37662.59,36.42
ITEM0001014,ORD000338,PROD00113,2,48588.56,36.26
ITEM0001015,ORD000338,PROD00022,4,63960.08,33.3
ITEM0001016,ORD000338,PROD00170,3,3529.95,33.33
ITEM0001017,ORD000339,PROD00110,5,32026.37,12.3
ITEM0001018,ORD000339,PROD00032,4,60398.26,35.3
ITEM0001019,ORD000339,PROD00135,3,40547.17,29.36
ITEM0001020,ORD000339,PROD00039,4,26121.79,8.29
ITEM0001021,ORD000340,PROD00176,2,35694.69,28.55
ITEM0001022,ORD000340,PROD00147,5,43641.26,20.97
ITEM0001023,ORD000340,PROD00045,2,58666.51,22.53
ITEM0001024,ORD000341,PROD00004,1,3405.34,38.79
ITEM0001025,ORD000342,PROD00075,5,17080.95,31.22
ITEM0001026,ORD000343,PROD00117,3,16297.9,38.02
ITEM0001027,ORD000343,PROD00124,4,28700.12,11.87
ITEM0001028,ORD000343,PROD00019,5,5410.07,23.07
ITEM0001029,ORD000343,PROD00094,4,52273.59,29.54
ITEM0001030,ORD000344,PROD00113,4,46142.64,15.98
ITEM0001031,ORD000344,PROD00168,4,62559.92,15.39
ITEM0001032,ORD000344,PROD00103,4,63654.98,1.87
ITEM0001033,ORD000345,PROD00033,3,34049.05,5.59
ITEM0001034,ORD000345,PROD00003,3,49120.59,37.06
ITEM0001035,ORD000345,PROD00129,3,50049.05,22.93
ITEM0001036,ORD000346,PROD00133,4,53455.14,18.72
ITEM0001037,ORD000346,PROD00127,3,4046.52,0.2
ITEM0001038,ORD000346,PROD00136,5,11136.17,1.62
ITEM0001039,ORD000346,PROD00035,2,15115.46,21.45
ITEM0001040,ORD000346,PROD00152,2,55392.96,17.27
ITEM0001041,ORD000347,PROD00009,2,38918.95,34.43
ITEM0001042,ORD000347,PROD00016,5,51885.65,6.49
ITEM0001043,ORD000347,PROD00098,3,44369.72,7.76
ITEM0001044,ORD000348,PROD00179,1,63502.04,32.04
ITEM0001045,ORD000348,PROD00049,1,32627.13,10.06
ITEM0001046,ORD000348,PROD00146,3,63174.06,12.79
ITEM0001047,ORD000348,PROD00062,3,58063.87,22.78
ITEM0001048,ORD000348,PROD00006,1,50058.58,16.48
ITEM0001049,ORD000349,PROD00065,2,63512.98,37.5
ITEM0001050,ORD000349,PROD00089,5,34129.51,20.07
ITEM0001051,ORD000349,PROD00117,1,21591.35,13.13
ITEM0001052,ORD000349,PROD00182,4,22379.38,17.28
ITEM0001053,ORD000350,PROD00169,5,34410.36,23.01
ITEM0001054,ORD000350,PROD00053,5,69714.23,10.01
ITEM0001055,ORD000351,PROD00168,4,67594.77,27.7
ITEM0001056,ORD000351,PROD00137,5,58173.11,31.0
ITEM0001057,ORD000351,PROD00037,4,27498.8,34.43
ITEM0001058,ORD000351,PROD00084,3,47423.02,16.84
ITEM0001059,ORD000352,PROD00152,5,46362.36,17.26
ITEM0001060,ORD000352,PROD00051,1,19291.18,23.59
ITEM0001061,ORD000353,PROD00112,5,67282.52,1.94
ITEM0001062,ORD000353,PROD00124,1,24904.61,39.52
ITEM0001063,ORD000354,PROD00020,5,56135.96,28.81
ITEM0001064,ORD000354,PROD00156,2,15567.43,7.51
ITEM0001065,ORD000354,PROD00195,4,4656.92,36.6
ITEM0001066,ORD000354,PROD00015,3,75176.23,22.89
ITEM0001067,ORD000355,PROD00091,3,52284.51,28.93
ITEM0001068,ORD000355,PROD00188,2,8370.53,3.75
ITEM0001069,ORD000355,PROD00098,4,43635.21,31.68
ITEM0001070,ORD000356,PROD00055,2,56522.41,15.33
ITEM0001071,ORD000356,PROD00174,5,34306.76,11.06
ITEM0001072,ORD000356,PROD00091,4,41296.58,37.78
ITEM0001073,ORD000356,PROD00010,5,46171.35,2.62
ITEM0001074,ORD000356,PROD00134,2,20061.38,35.37
ITEM0001075,ORD000357,PROD00077,3,40693.18,38.19
ITEM0001076,ORD000357,PROD00049,2,41581.42,20.62
ITEM0001077,ORD000357,PROD00193,5,361.02,18.63
ITEM0001078,ORD000357,PROD00089,3,30356.32,37.11
ITEM0001079,ORD000357,PROD00013,1,57084.15,0.48
ITEM0001080,ORD000358,PROD00025,3,21209.29,9.66
ITEM0001081,ORD000358,PROD00172,4,437.97,25.72
ITEM0001082,ORD000358,PROD00143,3,6976.25,17.63
ITEM0001083,ORD000358,PROD00045,2,69787.55,19.03
ITEM0001084,ORD000359,PROD00087,1,36121.63,37.5
ITEM0001085,ORD000359,PROD00083,4,62182.29,4.23
ITEM0001086,ORD000360,PROD00149,5,55243.45,5.1
ITEM0001087,ORD000360,PROD00056,4,75662.53,33.29
ITEM0001088,ORD000361,PROD00089,1,34283.19,10.19
ITEM0001089,ORD000362,PROD00163,4,20816.54,24.75
ITEM0001090,ORD000362,PROD00064,5,25120.09,13.22
ITEM0001091,ORD000363,PROD00074,2,70551.7,33.29
ITEM0001092,ORD000363,PROD00115,2,67001.64,24.15
ITEM0001093,ORD000364,PROD00057,1,38875.59,4.39
ITEM0001094,ORD000365,PROD00089,3,36352.07,26.72
ITEM0001095,ORD000365,PROD00154,3,69859.54,3.37
ITEM0001096,ORD000365,PROD00063,4,58271.03,7.48
ITEM0001097,ORD000365,PROD00146,4,73227.17,28.87
ITEM0001098,ORD000366,PROD00154,-2,70804.92,7.58
ITEM0001099,ORD000366,PROD00023,2,30974.55,11.6
ITEM0001100,ORD000366,PROD00012,2,68204.67,22.54
ITEM0001101,ORD000367,PROD00151,1,2872.0,18.54
ITEM0001102,ORD000367,PROD00024,4,24784.88,20.01
ITEM0001103,ORD000367,PROD00065,4,69943.31,33.89
ITEM0001104,ORD000367,PROD00038,4,63262.6,12.78
ITEM0001105,ORD000368,PROD00028,3,60656.45,0.57
ITEM0001106,ORD000368,PROD00015,1,76151.85,8.47
ITEM0001107,ORD000368,PROD00155,3,34447.47,34.42
ITEM0001108,ORD000368,PROD00056,4,83099.36,35.39
ITEM0001109,ORD000369,PROD00104,4,48691.2,26.32
ITEM0001110,ORD000369,PROD00095,1,23619.77,10.97
ITEM0001111,ORD000369,PROD00142,2,29332.43,28.47
ITEM0001112,ORD000370,PROD00091,5,40665.01,32.89
ITEM0001113,ORD000370,PROD00167,3,13825.77,29.39
ITEM0001114,ORD000370,PROD00195,4,5070.77,8.16
ITEM0001115,ORD000370,PROD00172,1,511.37,20.59
ITEM0001116,ORD000371,PROD00187,4,45662.35,26.98
ITEM0001117,ORD000372,PROD00181,4,43276.35,16.47
ITEM0001118,ORD000372,PROD00145,2,38470.83,17.91
ITEM0001119,ORD000372,PROD00093,2,8787.4,15.81
ITEM0001120,ORD000373,PROD00133,1,44458.54,7.36
ITEM0001121,ORD000373,PROD00066,3,32780.77,10.62
ITEM0001122,ORD000373,PROD00164,5,66586.34,33.57
ITEM0001123,ORD000374,PROD00117,4,19069.65,1.8
ITEM0001124,ORD000374,PROD00165,2,55437.88,12.28
ITEM0001125,ORD000375,PROD00048,4,1769.03,3.1
ITEM0001126,ORD000376,PROD00040,1,21201.68,8.01
ITEM0001127,ORD000376,PROD00046,2,32007.77,39.16
ITEM0001128,ORD000376,PROD00152,2,43419.74,25.52
ITEM0001129,ORD000376,PROD00144,3,44517.65,35.91
ITEM0001130,ORD000377,PROD00067,5,49157.29,7.93
ITEM0001131,ORD000377,PROD00007,5,32677.49,37.35
ITEM0001132,ORD000377,PROD00118,3,56446.8,16.11
ITEM0001133,ORD000377,PROD00111,1,52067.89,39.08
ITEM0001134,ORD000377,PROD00174,3,38682.96,17.24
ITEM0001135,ORD000378,PROD00097,4,73293.81,32.78
ITEM0001136,ORD000378,PROD00156,5,14255.76,8.41
ITEM0001137,ORD000378,PROD00080,2,6480.04,29.74
ITEM0001138,ORD000378,PROD00177,1,73195.97,13.42
ITEM0001139,ORD000379,PROD00086,5,7387.55,7.37
ITEM0001140,ORD000379,PROD00163,2,21456.05,36.52
ITEM0001141,ORD000380,PROD00084,2,44283.8,25.28
ITEM0001142,ORD000380,PROD00115,4,76824.58,32.8
ITEM0001143,ORD000381,PROD00183,4,60864.38,31.24
ITEM0001144,ORD000381,PROD00043,3,29714.44,35.01
ITEM0001145,ORD000381,PROD00122,4,59170.39,1.84
ITEM0001146,ORD000381,PROD00015,3,73901.5,29.75
ITEM0001147,ORD000381,PROD00187,1,59227.45,34.8
ITEM0001148,ORD000382,PROD00044,5,63280.99,38.23
ITEM0001149,ORD000382,PROD00129,5,77776.65,10.87
ITEM0001150,ORD000382,PROD00141,3,32534.11,30.16
ITEM0001151,ORD000382,PROD00099,5,54665.33,20.81
ITEM0001152,ORD000383,PROD00160,2,45789.92,10.92
ITEM0001153,ORD000383,PROD00182,5,16202.07,26.23
ITEM0001154,ORD000383,PROD00083,5,57192.13,1.11
ITEM0001155,ORD000383,PROD00107,2,63621.96,16.83
ITEM0001156,ORD000384,PROD00035,2,14411.08,19.75
ITEM0001157,ORD000385,PROD00162,1,24105.79,26.94
ITEM0001158,ORD000385,PROD00157,1,12972.78,8.6
ITEM0001159,ORD000386,PROD00196,2,34474.23,14.55
ITEM0001160,ORD000386,PROD00094,2,42007.72,33.04
ITEM0001161,ORD000386,PROD00047,2,21414.74,11.64
ITEM0001162,ORD000386,PROD00008,-3,48046.19,6.72
ITEM0001163,ORD000386,PROD00002,2,14805.36,23.79
ITEM0001164,ORD000387,PROD00124,3,31827.67,35.9
ITEM0001165,ORD000387,PROD00048,1,2443.59,18.26
ITEM0001166,ORD000387,PROD00009,4,51335.87,27.9
ITEM0001167,ORD000387,PROD00029,-3,16573.3,4.21
ITEM0001168,ORD000388,PROD00164,3,72896.7,35.34
ITEM0001169,ORD000388,PROD00193,2,415.83,34.0
ITEM0001170,ORD000388,PROD00192,3,49244.48,31.37
ITEM0001171,ORD000388,PROD00021,4,16126.01,36.53
ITEM0001172,ORD000388,PROD00119,4,21852.21,24.75
ITEM0001173,ORD000389,PROD00120,1,79598.53,27.6
ITEM0001174,ORD000390,PROD00003,2,49634.46,33.75
ITEM0001175,ORD000390,PROD00035,5,12621.06,39.65
ITEM0001176,ORD000390,PROD00124,1,35581.95,21.81
ITEM0001177,ORD000390,PROD00037,3,35555.82,22.72
ITEM0001178,ORD000391,PROD00046,2,28639.4,26.64
ITEM0001179,ORD000392,PROD00007,5,39128.76,8.59
ITEM0001180,ORD000393,PROD00179,3,44784.69,18.03
ITEM0001181,ORD000393,PROD00020,2,66346.79,1.72
ITEM0001182,ORD000393,PROD00140,2,35883.45,17.47
ITEM0001183,ORD000394,PROD00089,2,33508.0,15.45
ITEM0001184,ORD000394,PROD00186,1,51257.42,3.34
ITEM0001185,ORD000394,PROD00075,1,15721.68,17.32
ITEM0001186,ORD000394,PROD00043,5,26666.97,5.43
ITEM0001187,ORD000394,PROD00136,2,10894.49,13.32
ITEM0001188,ORD000395,PROD00102,1,29102.59,1.63
ITEM0001189,ORD000395,PROD00066,1,40478.42,32.28
ITEM0001190,ORD000395,PROD00194,2,51850.32,0.93
ITEM0001191,ORD000395,PROD00044,1,53946.31,7.9
ITEM0001192,ORD000395,PROD00111,3,75473.79,2.43
ITEM0001193,ORD000396,PROD00008,1,57666.76,20.07
ITEM0001194,ORD000396,PROD00115,3,61142.19,19.58
ITEM0001195,ORD000396,PROD00083,4,65261.07,17.45
ITEM0001196,ORD000397,PROD00126,2,77955.2,26.02
ITEM0001197,ORD000397,PROD00013,3,55321.91,13.59
ITEM0001198,ORD000397,PROD00188,3,9231.76,35.83
ITEM0001199,ORD000397,PROD00002,2,17599.88,18.18
ITEM0001200,ORD000397,PROD00144,4,37746.11,29.0
ITEM0001201,ORD000398,PROD00048,2,1861.1,14.44
ITEM0001202,ORD000398,PROD00145,2,27620.71,7.73
ITEM0001203,ORD000398,PROD00007,-1,38798.62,21.37
ITEM0001204,ORD000398,PROD00031,5,35140.94,14.56
ITEM0001205,ORD000398,PROD00177,1,68731.06,2.57
ITEM0001206,ORD000399,PROD00164,1,61362.6,26.73
ITEM0001207,ORD000399,PROD00183,3,87404.09,34.31
ITEM0001208,ORD000399,PROD00070,5,57434.23,38.09
ITEM0001209,ORD000399,PROD00122,1,52132.21,38.21
ITEM0001210,ORD000400,PROD00015,1,63975.35,11.91
ITEM0001211,ORD000400,PROD00115,2,65133.98,26.31
ITEM0001212,ORD000400,PROD00189,1,10394.86,3.99
ITEM0001213,ORD000401,PROD00086,4,7344.26,16.64
ITEM0001214,ORD000401,PROD00179,3,43316.2,22.58
ITEM0001215,ORD000401,PROD00105,1,54505.49,22.73
ITEM0001216,ORD000402,PROD00116,3,28042.84,35.98
ITEM0001217,ORD000403,PROD00195,5,4240.7,28.16
ITEM0001218,ORD000403,PROD00011,2,27011.41,20.19
ITEM0001219,ORD000403,PROD00034,4,71571.54,12.9
ITEM0001220,ORD000403,PROD00040,2,15777.66,36.7
ITEM0001221,ORD000404,PROD00165,5,45235.13,9.43
ITEM0001222,ORD000404,PROD00177,4,60836.66,18.34
ITEM0001223,ORD000404,PROD00047,5,23294.39,7.61
ITEM0001224,ORD000404,PROD00137,3,51536.1,35.67
ITEM0001225,ORD000404,PROD00069,2,75437.72,10.2
ITEM0001226,ORD000405,PROD00063,5,55011.58,12.33
ITEM0001227,ORD000405,PROD00148,5,52187.3,5.41
ITEM0001228,ORD000405,PROD00129,5,65222.43,12.76
ITEM0001229,ORD000405,PROD00103,3,42592.71,9.59
ITEM0001230,ORD000405,PROD00171,5,62072.61,18.16
ITEM0001231,ORD000406,PROD00040,2,23238.31,34.28
ITEM0001232,ORD000406,PROD00122,4,66171.94,2.26
ITEM0001233,ORD000407,PROD00106,2,52134.79,2.36
ITEM0001234,ORD000408,PROD00177,2,63650.99,27.56
ITEM0001235,ORD000408,PROD00035,4,12442.19,6.85
ITEM0001236,ORD000408,PROD00024,5,25056.93,35.48
ITEM0001237,ORD000409,PROD00094,3,42563.06,14.52
ITEM0001238,ORD000409,PROD00118,3,43127.26,34.85
ITEM0001239,ORD000410,PROD00022,3,49534.44,23.03
ITEM0001240,ORD000410,PROD00020,5,56721.13,25.66
ITEM0001241,ORD000411,PROD00196,5,36696.04,7.19
ITEM0001242,ORD000411,PROD00021,3,18660.31,20.23
ITEM0001243,ORD000412,PROD00020,4,54953.28,19.64
ITEM0001244,ORD000412,PROD00042,3,68982.71,11.53
ITEM0001245,ORD000412,PROD00160,5,52406.38,6.94
ITEM0001246,ORD000413,PROD00187,5,50825.25,35.29
ITEM0001247,ORD000413,PROD00053,5,82715.22,14.41
ITEM0001248,ORD000413,PROD00083,1,64019.45,32.38
ITEM0001249,ORD000413,PROD00055,1,58121.09,8.81
ITEM0001250,ORD000414,PROD00123,2,55246.12,38.31
ITEM0001251,ORD000414,PROD00146,5,52570.53,12.97
ITEM0001252,ORD000414,PROD00046,1,27151.15,20.13
ITEM0001253,ORD000415,PROD00065,2,77817.63,21.4
ITEM0001254,ORD000415,PROD00104,4,70388.21,12.34
ITEM0001255,ORD000416,PROD00163,3,26526.94,0.53
ITEM0001256,ORD000417,PROD00189,1,8151.83,34.6
ITEM0001257,ORD000417,PROD00191,2,29184.88,36.53
ITEM0001258,ORD000417,PROD00152,2,59231.74,31.83
ITEM0001259,ORD000417,PROD00100,4,4772.48,28.0
ITEM0001260,ORD000418,PROD00099,4,46664.99,30.91
ITEM0001261,ORD000419,PROD00022,2,50971.56,5.55
ITEM0001262,ORD000419,PROD00090,1,403.87,0.07
ITEM0001263,ORD000419,PROD00149,1,41942.28,39.31
ITEM0001264,ORD000419,PROD00003,5,42322.54,31.57
ITEM0001265,ORD000420,PROD00059,4,79044.77,10.57
ITEM0001266,ORD000420,PROD00164,5,56364.64,14.88
ITEM0001267,ORD000420,PROD00035,5,13720.8,15.23
ITEM0001268,ORD000420,PROD00029,4,21822.84,10.45
ITEM0001269,ORD000420,PROD00045,1,76835.36,11.44
ITEM0001270,ORD000421,PROD00070,4,48436.42,19.53
ITEM0001271,ORD000421,PROD00035,5,17365.29,2.71
ITEM0001272,ORD000421,PROD00066,5,38210.71,20.75
ITEM0001273,ORD000422,PROD00190,3,43290.69,12.95
ITEM0001274,ORD000422,PROD00154,4,52532.0,30.14
ITEM0001275,ORD000422,PROD00182,5,18687.23,23.72
ITEM0001276,ORD000423,PROD00088,4,22445.5,26.4
ITEM0001277,ORD000424,PROD00165,4,41643.74,25.03
ITEM0001278,ORD000424,PROD00137,5,40599.06,10.9
ITEM0001279,ORD000424,PROD00054,1,21102.61,30.88
ITEM0001280,ORD000424,PROD00100,2,4711.05,39.01
ITEM0001281,ORD000424,PROD00114,4,45632.8,34.98
ITEM0001282,ORD000425,PROD00092,4,14575.57,0.6
ITEM0001283,ORD000425,PROD00197,2,6858.92,27.06
ITEM0001284,ORD000425,PROD00142,4,26006.86,19.45
ITEM0001285,ORD000425,PROD00162,2,24047.99,3.54
ITEM0001286,ORD000425,PROD00105,4,46052.82,5.47
ITEM0001287,ORD000426,PROD00168,2,66247.11,13.81
ITEM0001288,ORD000426,PROD00074,5,59523.45,31.45
ITEM0001289,ORD000426,PROD00027,3,59281.69,9.62
ITEM0001290,ORD000427,PROD00071,4,26120.1,37.81
ITEM0001291,ORD000427,PROD00165,4,50728.51,16.69
ITEM0001292,ORD000428,PROD00199,4,8290.86,10.08
ITEM0001293,ORD000428,PROD00083,3,72279.21,30.0
ITEM0001294,ORD000428,PROD00118,2,42328.94,13.24
ITEM0001295,ORD000429,PROD00075,4,22185.33,30.91
ITEM0001296,ORD000429,PROD00108,4,47483.83,25.38
ITEM0001297,ORD000429,PROD00118,3,51856.21,30.43
ITEM0001298,ORD000429,PROD00152,3,61190.56,8.36
ITEM0001299,ORD000429,PROD00164,4,55139.95,34.94
ITEM0001300,ORD000430,PROD00158,3,21430.33,17.51
ITEM0001301,ORD000430,PROD00014,3,80211.52,13.7
ITEM0001302,ORD000430,PROD00037,2,29988.72,16.59
ITEM0001303,ORD000430,PROD00016,4,79347.24,8.86
ITEM0001304,ORD000430,PROD00058,3,12654.09,39.73
ITEM0001305,ORD000431,PROD00124,3,29089.85,12.49
ITEM0001306,ORD000431,PROD00097,2,46695.18,2.38
ITEM0001307,ORD000431,PROD00181,1,44887.01,9.84
ITEM0001308,ORD000431,PROD00064,4,18682.02,21.09
ITEM0001309,ORD000431,PROD00086,4,6349.22,5.76
ITEM0001310,ORD000432,PROD00167,5,14687.12,7.54
ITEM0001311,ORD000432,PROD00098,5,39341.23,4.1
ITEM0001312,ORD000433,PROD00017,2,33446.45,29.52
ITEM0001313,ORD000433,PROD00124,1,30367.93,14.95
ITEM0001314,ORD000433,PROD00022,5,59917.48,9.99
ITEM0001315,ORD000433,PROD00099,4,46005.46,7.23
ITEM0001316,ORD000433,PROD00013,-3,57331.3,3.49
ITEM0001317,ORD000434,PROD00142,1,26241.37,9.61
ITEM0001318,ORD000434,PROD00139,4,46955.42,18.31
ITEM0001319,ORD000434,PROD00013,2,55840.85,13.68
ITEM0001320,ORD000434,PROD00188,4,9151.45,13.94
ITEM0001321,ORD000435,PROD00159,5,50136.09,13.23
ITEM0001322,ORD000435,PROD00015,3,60371.61,30.86
ITEM0001323,ORD000435,PROD00054,1,27644.85,5.59
ITEM0001324,ORD000436,PROD00053,5,75992.48,30.04
ITEM0001325,ORD000436,PROD00147,2,31925.13,37.85
ITEM0001326,ORD000436,PROD00081,3,20681.49,39.34
ITEM0001327,ORD000436,PROD00096,5,3071.82,29.87
ITEM0001328,ORD000436,PROD00061,-1,35254.36,10.02
ITEM0001329,ORD000437,PROD00036,1,56104.69,39.96
ITEM0001330,ORD000437,PROD00109,3,47806.41,20.28
ITEM0001331,ORD000437,PROD00004,1,4782.18,36.18
ITEM0001332,ORD000437,PROD00099,3,60389.24,9.79
ITEM0001333,ORD000438,PROD00170,5,2810.24,2.18
ITEM0001334,ORD000438,PROD00035,1,14012.13,13.09
ITEM0001335,ORD000438,PROD00117,2,18569.42,26.67
ITEM0001336,ORD000439,PROD00059,3,66792.25,8.25
ITEM0001337,ORD000439,PROD00190,1,36970.14,21.85
ITEM0001338,ORD000440,PROD00068,5,54059.09,33.09
ITEM0001339,ORD000440,PROD00136,3,13833.96,14.33
ITEM0001340,ORD000440,PROD00197,3,7811.0,2.69
ITEM0001341,ORD000440,PROD00144,5,38452.08,33.45
ITEM0001342,ORD000440,PROD00155,3,42439.73,17.3
ITEM0001343,ORD000441,PROD00037,-2,26587.34,14.82
ITEM0001344,ORD000441,PROD00061,2,52422.94,35.15
ITEM0001345,ORD000441,PROD00150,4,18874.83,14.62
ITEM0001346,ORD000442,PROD00127,4,5511.78,23.96
ITEM0001347,ORD000442,PROD00003,1,33984.52,27.39
ITEM0001348,ORD000442,PROD00018,1,10982.22,24.64
ITEM0001349,ORD000443,PROD00109,3,63035.79,29.72
ITEM0001350,ORD000443,PROD00126,1,49449.55,27.65
ITEM0001351,ORD000444,PROD00119,1,27958.78,19.81
ITEM0001352,ORD000445,PROD00180,1,41026.62,8.86
ITEM0001353,ORD000445,PROD00109,4,54980.55,5.1
ITEM0001354,ORD000445,PROD00011,1,28162.93,10.73
ITEM0001355,ORD000446,PROD00083,2,71969.12,28.47
ITEM0001356,ORD000446,PROD00046,2,41490.41,30.41
ITEM0001357,ORD000446,PROD00125,4,72224.49,20.08
ITEM0001358,ORD000446,PROD00089,3,43385.46,16.92
ITEM0001359,ORD000447,PROD00134,4,20657.59,13.0
ITEM0001360,ORD000447,PROD00131,4,47646.48,16.85
ITEM0001361,ORD000447,PROD00018,5,11658.55,39.21
ITEM0001362,ORD000447,PROD00089,4,48283.18,9.56
ITEM0001363,ORD000448,PROD00105,3,49987.89,27.82
ITEM0001364,ORD000448,PROD00164,1,54061.69,23.48
ITEM0001365,ORD000448,PROD00004,2,3359.01,10.43
ITEM0001366,ORD000449,PROD00020,5,58855.49,23.74
ITEM0001367,ORD000449,PROD00131,2,63802.43,17.19
ITEM0001368,ORD000449,PROD00039,3,31885.37,30.39
ITEM0001369,ORD000450,PROD00149,5,55450.67,20.3
ITEM0001370,ORD000450,PROD00125,4,73895.56,3.41
ITEM0001371,ORD000450,PROD00142,2,26684.07,6.48
ITEM0001372,ORD000450,PROD00078,3,30321.09,15.55
ITEM0001373,ORD000451,PROD00047,5,21918.01,16.88
ITEM0001374,ORD000451,PROD00196,1,40264.64,5.37
ITEM0001375,ORD000452,PROD00104,1,57721.23,8.15
ITEM0001376,ORD000452,PROD00151,5,2166.62,33.02
ITEM0001377,ORD000452,PROD00184,2,8385.92,27.29
ITEM0001378,ORD000453,PROD00135,3,43380.1,15.53
ITEM0001379,ORD000454,PROD00039,3,29776.16,8.24
ITEM0001380,ORD000454,PROD00045,4,70167.12,15.66
ITEM0001381,ORD000454,PROD00050,2,79697.53,20.83
ITEM0001382,ORD000454,PROD00004,1,4527.63,35.19
ITEM0001383,ORD000455,PROD00056,2,67727.6,0.74
ITEM0001384,ORD000456,PROD00079,4,31552.19,27.79
ITEM0001385,ORD000456,PROD00197,3,6041.31,28.99
ITEM0001386,ORD000457,PROD00106,2,44850.66,9.71
ITEM0001387,ORD000457,PROD00021,1,21609.29,17.17
ITEM0001388,ORD000457,PROD00030,5,56878.57,26.65
ITEM0001389,ORD000458,PROD00036,1,67684.4,3.76
ITEM0001390,ORD000458,PROD00170,5,3238.35,18.67
ITEM0001391,ORD000458,PROD00018,1,11270.64,8.36
ITEM0001392,ORD000458,PROD00144,4,40885.77,15.69
ITEM0001393,ORD000459,PROD00078,2,26405.03,33.96
ITEM0001394,ORD000459,PROD00123,3,65052.13,7.7
ITEM0001395,ORD000459,PROD00045,4,75581.04,28.69
ITEM0001396,ORD000459,PROD00130,5,29617.56,39.73
ITEM0001397,ORD000459,PROD00019,4,4339.85,13.8
ITEM0001398,ORD000460,PROD00171,2,53921.92,10.04
ITEM0001399,ORD000460,PROD00191,4,31735.81,13.2
ITEM0001400,ORD000461,PROD00026,2,39077.75,16.11
ITEM0001401,ORD000461,PROD00150,1,18514.73,2.68
ITEM0001402,ORD000461,PROD00162,4,27566.96,11.36
ITEM0001403,ORD000461,PROD00088,3,24753.64,24.15
ITEM0001404,ORD000462,PROD00092,5,18034.69,36.37
ITEM0001405,ORD000462,PROD00041,1,41213.62,11.06
ITEM0001406,ORD000462,PROD00186,4,43844.12,22.97
ITEM0001407,ORD000462,PROD00154,1,58267.7,14.08
ITEM0001408,ORD000462,PROD00130,3,27369.02,36.09
ITEM0001409,ORD000463,PROD00035,4,11721.71,22.7
ITEM0001410,ORD000463,PROD00181,3,51965.77,22.54
ITEM0001411,ORD000464,PROD00034,5,77954.01,23.22
ITEM0001412,ORD000465,PROD00049,3,33579.1,33.35
ITEM0001413,ORD000465,PROD00172,4,352.8,35.26
ITEM0001414,ORD000465,PROD00191,5,30370.3,13.73
ITEM0001415,ORD000466,PROD00005,1,76091.51,23.3
ITEM0001416,ORD000466,PROD00199,3,7338.25,28.81
ITEM0001417,ORD000466,PROD00189,5,7356.69,37.84
ITEM0001418,ORD000467,PROD00179,5,59295.28,15.34
ITEM0001419,ORD000467,PROD00167,-1,12816.3,11.39
ITEM0001420,ORD000467,PROD00190,4,34193.13,15.31
ITEM0001421,ORD000467,PROD00196,3,35939.08,16.39
ITEM0001422,ORD000467,PROD00094,4,48783.03,39.81
ITEM0001423,ORD000468,PROD00035,-1,17428.51,28.48
ITEM0001424,ORD000468,PROD00001,5,50185.5,2.67
ITEM0001425,ORD000468,PROD00172,-3,468.6,15.84
ITEM0001426,ORD000468,PROD00036,2,59754.99,37.77
ITEM0001427,ORD000469,PROD00166,3,486.81,39.48
ITEM0001428,ORD000469,PROD00114,4,40522.93,18.4
ITEM0001429,ORD000470,PROD00149,1,45764.3,26.37
ITEM0001430,ORD000471,PROD00126,4,62232.12,12.71
ITEM0001431,ORD000471,PROD00074,4,54942.1,9.76
ITEM0001432,ORD000471,PROD00050,5,53763.95,37.85
ITEM0001433,ORD000472,PROD00070,4,62566.36,9.64
ITEM0001434,ORD000472,PROD00109,3,53199.82,20.1
ITEM0001435,ORD000472,PROD00141,1,32009.81,13.22
ITEM0001436,ORD000473,PROD00035,2,13911.93,35.29
ITEM0001437,ORD000474,PROD00081,5,22665.61,27.46
ITEM0001438,ORD000474,PROD00070,5,43817.85,0.57
ITEM0001439,ORD000475,PROD00200,1,55857.67,24.34
ITEM0001440,ORD000476,PROD00197,-3,7976.66,38.65
ITEM0001441,ORD000476,PROD00188,4,8657.97,20.26
ITEM0001442,ORD000476,PROD00004,4,3843.47,30.33
ITEM0001443,ORD000476,PROD00011,3,33101.34,11.32
ITEM0001444,ORD000477,PROD00193,5,360.4,4.19
ITEM0001445,ORD000477,PROD00147,5,34271.69,23.01
ITEM0001446,ORD000477,PROD00060,5,11223.83,4.37
ITEM0001447,ORD000477,PROD00163,3,22456.26,37.3
ITEM0001448,ORD000478,PROD00164,1,50573.78,38.66
ITEM0001449,ORD000478,PROD00065,1,59442.15,14.13
ITEM0001450,ORD000478,PROD00168,1,58689.1,6.64
ITEM0001451,ORD000478,PROD00182,1,21585.39,12.54
ITEM0001452,ORD000478,PROD00045,5,79986.66,23.59
ITEM0001453,ORD000479,PROD00195,5,5688.81,17.91
ITEM0001454,ORD000479,PROD00198,4,24806.31,17.21
ITEM0001455,ORD000480,PROD00043,1,33160.14,31.24
ITEM0001456,ORD000480,PROD00187,1,51506.35,22.57
ITEM0001457,ORD000480,PROD00135,4,51196.09,21.35
ITEM0001458,ORD000480,PROD00148,2,44751.53,4.0
ITEM0001459,ORD000481,PROD00105,5,59293.95,25.35
ITEM0001460,ORD000481,PROD00062,4,68615.45,7.21
ITEM0001461,ORD000482,PROD00063,3,58108.46,22.37
ITEM0001462,ORD000482,PROD00131,1,51726.96,33.0
ITEM0001463,ORD000482,PROD00043,4,27983.88,2.26
ITEM0001464,ORD000482,PROD00002,4,17286.27,18.09
ITEM0001465,ORD000483,PROD00152,5,53077.0,5.39
ITEM0001466,ORD000484,PROD00059,2,67544.75,39.3
ITEM0001467,ORD000485,PROD00082,5,72237.28,7.43
ITEM0001468,ORD000485,PROD00113,1,35365.57,0.52
ITEM0001469,ORD000485,PROD00070,5,55437.24,23.79
ITEM0001470,ORD000485,PROD00009,3,48340.8,18.89
ITEM0001471,ORD000486,PROD00097,4,47937.27,36.94
ITEM0001472,ORD000486,PROD00083,4,64393.83,10.35
ITEM0001473,ORD000487,PROD00025,2,18877.64,30.62
ITEM0001474,ORD000487,PROD00178,3,16921.92,11.89
ITEM0001475,ORD000487,PROD00191,5,26442.78,39.32
ITEM0001476,ORD000488,PROD00036,5,63628.38,1.94
ITEM0001477,ORD000488,PROD00185,5,17233.3,4.17
ITEM0001478,ORD000488,PROD00108,1,41454.68,17.31
ITEM0001479,ORD000489,PROD00060,1,11855.29,17.11
ITEM0001480,ORD000489,PROD00140,4,54676.2,25.96
ITEM0001481,ORD000490,PROD00170,5,2193.57,24.34
ITEM0001482,ORD000491,PROD00130,1,38927.99,8.93
ITEM0001483,ORD000491,PROD00189,1,7314.74,19.39
ITEM0001484,ORD000492,PROD00110,3,27177.33,27.53
ITEM0001485,ORD000492,PROD00014,5,73965.23,9.77
ITEM0001486,ORD000492,PROD00064,3,19387.02,30.77
ITEM0001487,ORD000492,PROD00161,3,11318.05,34.54
ITEM0001488,ORD000492,PROD00077,4,62214.75,37.54
ITEM0001489,ORD000493,PROD00104,1,67140.06,8.1
ITEM0001490,ORD000493,PROD00050,3,87505.05,29.56
ITEM0001491,ORD000494,PROD00119,5,27012.71,15.59
ITEM0001492,ORD000494,PROD00023,5,39129.04,15.11
ITEM0001493,ORD000495,PROD00189,2,10556.97,39.91
ITEM0001494,ORD000495,PROD00065,1,59872.52,22.26
ITEM0001495,ORD000495,PROD00124,3,29855.67,30.3
ITEM0001496,ORD000495,PROD00107,2,68649.81,3.84
ITEM0001497,ORD000496,PROD00032,5,73351.66,3.61
ITEM0001498,ORD000496,PROD00157,2,19713.21,28.07
ITEM0001499,ORD000497,PROD00131,4,50659.14,9.63
ITEM0001500,ORD000497,PROD00193,1,411.26,14.42
ITEM0001501,ORD000498,PROD00095,5,22614.62,21.55
ITEM0001502,ORD000498,PROD00072,2,6141.66,30.63
ITEM0001503,ORD000498,PROD00017,2,25097.29,8.99
ITEM0001504,ORD000499,PROD00041,4,38236.2,26.71
ITEM0001505,ORD000499,PROD00130,1,30102.34,17.87
ITEM0001506,ORD000500,PROD00098,5,52592.77,17.47
ITEM0001507,ORD000500,PROD00093,2,7056.8,29.57
ITEM0001508,ORD000500,PROD00114,5,39237.14,34.02
ITEM0001509,ORD000500,PROD00026,5,45307.68,11.69
ITEM0001510,ORD000500,PROD00110,3,28034.28,2.02
ITEM0001511,ORD000501,PROD00138,3,38082.16,7.08
ITEM0001512,ORD000501,PROD00045,3,68099.25,37.32
ITEM0001513,ORD000501,PROD00054,4,19905.21,15.87
ITEM0001514,ORD000501,PROD00006,5,50520.0,1.68
ITEM0001515,ORD000501,PROD00148,4,71333.69,6.09
ITEM0001516,ORD000502,PROD00061,4,38715.48,1.96
ITEM0001517,ORD000503,PROD00171,1,62597.21,39.95
ITEM0001518,ORD000503,PROD00128,2,72424.28,27.19
ITEM0001519,ORD000503,PROD00073,1,4551.04,38.03
ITEM0001520,ORD000504,PROD00100,4,4406.84,39.39
ITEM0001521,ORD000505,PROD00135,3,45305.91,11.6
ITEM0001522,ORD000505,PROD00071,-3,21282.51,24.61
ITEM0001523,ORD000506,PROD00039,1,33020.53,20.46
ITEM0001524,ORD000506,PROD00042,1,49690.21,29.24
ITEM0001525,ORD000506,PROD00148,1,64936.83,31.62
ITEM0001526,ORD000506,PROD00091,4,53938.31,11.85
ITEM0001527,ORD000507,PROD00005,3,59133.62,33.17
ITEM0001528,ORD000507,PROD00164,4,74355.42,5.36
ITEM0001529,ORD000507,PROD00027,1,76049.88,16.66
ITEM0001530,ORD000507,PROD00114,5,41732.72,12.78
ITEM0001531,ORD000507,PROD00068,2,58363.72,5.9
ITEM0001532,ORD000508,PROD00111,2,79707.63,10.95
ITEM0001533,ORD000509,PROD00199,3,6226.01,10.17
ITEM0001534,ORD000509,PROD00135,4,39761.39,2.71
ITEM0001535,ORD000510,PROD00176,2,45731.28,14.99
ITEM0001536,ORD000511,PROD00063,3,51271.6,29.96
ITEM0001537,ORD000511,PROD00170,4,2797.6,10.1
ITEM0001538,ORD000512,PROD00060,1,12982.71,3.22
ITEM0001539,ORD000512,PROD00057,3,33167.9,29.42
ITEM0001540,ORD000512,PROD00169,5,37530.64,34.65
ITEM0001541,ORD000513,PROD00075,2,16129.33,32.83
ITEM0001542,ORD000513,PROD00193,5,272.26,31.45
ITEM0001543,ORD000514,PROD00013,3,39383.42,33.79
ITEM0001544,ORD000514,PROD00131,5,45415.64,38.89
ITEM0001545,ORD000515,PROD00107,3,87731.81,34.04
ITEM0001546,ORD000515,PROD00156,4,14920.88,39.47
ITEM0001547,ORD000516,PROD00072,1,6683.36,24.03
ITEM0001548,ORD000516,PROD00192,2,45922.87,27.52
ITEM0001549,ORD000517,PROD00094,2,47658.28,24.01
ITEM0001550,ORD000517,PROD00012,2,62690.07,20.23
ITEM0001551,ORD000518,PROD00076,2,56589.09,15.72
ITEM0001552,ORD000518,PROD00013,5,49639.44,10.64
ITEM0001553,ORD000518,PROD00195,5,6268.2,29.5
ITEM0001554,ORD000519,PROD00049,1,34649.93,25.62
ITEM0001555,ORD000520,PROD00074,2,74414.58,23.63
ITEM0001556,ORD000521,PROD00132,1,8372.23,2.29
ITEM0001557,ORD000522,PROD00172,3,461.48,33.45
ITEM0001558,ORD000522,PROD00131,2,71589.81,18.66
ITEM0001559,ORD000522,PROD00127,1,5162.67,19.33
ITEM0001560,ORD000523,PROD00066,5,33069.19,2.87
ITEM0001561,ORD000523,PROD00121,3,67411.22,0.4
ITEM0001562,ORD000523,PROD00147,3,34971.63,21.11
ITEM0001563,ORD000524,PROD00177,4,81033.1,19.15
ITEM0001564,ORD000524,PROD00071,5,21809.0,15.08
ITEM0001565,ORD000524,PROD00136,-1,10314.21,15.14
ITEM0001566,ORD000524,PROD00102,3,40472.07,31.8
ITEM0001567,ORD000524,PROD00085,2,36141.02,4.22
ITEM0001568,ORD000525,PROD00050,5,60754.96,25.58
ITEM0001569,ORD000526,PROD00034,3,50620.12,8.64
ITEM0001570,ORD000526,PROD00137,3,38297.84,0.73
ITEM0001571,ORD000526,PROD00174,3,42390.64,17.65
ITEM0001572,ORD000527,PROD00177,3,87751.87,37.41
ITEM0001573,ORD000527,PROD00111,1,64173.84,16.02
ITEM0001574,ORD000528,PROD00018,5,7755.99,13.53
ITEM0001575,ORD000528,PROD00118,3,41993.59,33.2
ITEM0001576,ORD000528,PROD00081,2,21390.6,8.81
ITEM0001577,ORD000528,PROD00039,5,34952.36,14.32
ITEM0001578,ORD000528,PROD00067,2,47722.83,35.3
ITEM0001579,ORD000529,PROD00011,2,25219.64,32.23
ITEM0001580,ORD000529,PROD00134,2,22875.02,34.6
ITEM0001581,ORD000529,PROD00168,3,59824.45,24.1
ITEM0001582,ORD000529,PROD00138,3,36478.86,13.16
ITEM0001583,ORD000530,PROD00052,1,63522.75,23.54
ITEM0001584,ORD000530,PROD00173,5,30902.98,18.35
ITEM0001585,ORD000530,PROD00168,3,52866.49,31.67
ITEM0001586,ORD000530,PROD00116,3,36556.24,37.83
ITEM0001587,ORD000531,PROD00157,1,17589.38,30.93
ITEM0001588,ORD000531,PROD00099,3,57775.9,36.34
ITEM0001589,ORD000532,PROD00139,5,55270.14,0.81
ITEM0001590,ORD000532,PROD00187,4,58903.79,12.55
ITEM0001591,ORD000532,PROD00149,3,58711.82,1.27
ITEM0001592,ORD000532,PROD00025,2,22165.4,35.91
ITEM0001593,ORD000533,PROD00170,5,2997.0,15.49
ITEM0001594,ORD000533,PROD00130,2,28873.24,9.89
ITEM0001595,ORD000533,PROD00117,1,15538.05,21.52
ITEM0001596,ORD000533,PROD00018,5,11780.26,16.78
ITEM0001597,ORD000533,PROD00174,1,51834.82,15.4
ITEM0001598,ORD000534,PROD00178,2,16046.91,23.47
ITEM0001599,ORD000534,PROD00041,4,50546.6,24.95
ITEM0001600,ORD000534,PROD00141,5,25627.01,25.94
ITEM0001601,ORD000534,PROD00018,5,7741.44,35.17
ITEM0001602,ORD000535,PROD00164,1,69157.17,13.91
ITEM0001603,ORD000536,PROD00200,1,52933.36,11.12
ITEM0001604,ORD000536,PROD00086,4,6400.97,21.18
ITEM0001605,ORD000536,PROD00095,4,33126.45,0.87
ITEM0001606,ORD000536,PROD00050,4,79187.01,33.38
ITEM0001607,ORD000536,PROD00120,1,59389.72,12.22
ITEM0001608,ORD000537,PROD00016,3,51846.5,17.78
ITEM0001609,ORD000538,PROD00012,1,47690.96,16.91
ITEM0001610,ORD000538,PROD00039,1,30185.74,39.67
ITEM0001611,ORD000538,PROD00062,5,59740.63,29.62
ITEM0001612,ORD000538,PROD00199,5,7029.8,35.94
ITEM0001613,ORD000539,PROD00040,3,24829.42,28.45
ITEM0001614,ORD000539,PROD00117,5,16673.29,34.55
ITEM0001615,ORD000539,PROD00053,5,71209.21,7.8
ITEM0001616,ORD000540,PROD00105,3,55162.88,33.43
ITEM0001617,ORD000540,PROD00162,2,36629.17,19.37
ITEM0001618,ORD000540,PROD00083,1,75803.4,12.9
ITEM0001619,ORD000540,PROD00071,2,21543.3,28.56
ITEM0001620,ORD000541,PROD00111,4,65208.85,22.33
ITEM0001621,ORD000542,PROD00183,-3,58426.79,11.58
ITEM0001622,ORD000542,PROD00103,1,45753.18,38.52
ITEM0001623,ORD000543,PROD00090,1,328.94,4.84
ITEM0001624,ORD000543,PROD00097,4,66048.37,33.87
ITEM0001625,ORD000544,PROD00091,4,36841.67,6.23
ITEM0001626,ORD000544,PROD00038,4,42477.06,17.2
ITEM0001627,ORD000544,PROD00123,3,53901.03,34.93
ITEM0001628,ORD000544,PROD00199,2,8711.34,18.34
ITEM0001629,ORD000545,PROD00185,5,19580.4,19.48
ITEM0001630,ORD000545,PROD00156,4,12729.19,37.32
ITEM0001631,ORD000545,PROD00007,4,25735.96,29.53
ITEM0001632,ORD000545,PROD00177,1,68558.14,39.36
ITEM0001633,ORD000545,PROD00076,1,52089.44,12.36
ITEM0001634,ORD000546,PROD00070,3,52785.66,18.7
ITEM0001635,ORD000546,PROD00124,2,37337.81,1.79
ITEM0001636,ORD000546,PROD00033,5,22399.46,27.75
ITEM0001637,ORD000546,PROD00086,3,5786.4,32.53
ITEM0001638,ORD000547,PROD00017,4,23518.12,34.61
ITEM0001639,ORD000547,PROD00061,1,49076.64,28.49
ITEM0001640,ORD000547,PROD00066,4,38954.0,12.92
ITEM0001641,ORD000547,PROD00008,3,49608.81,25.4
ITEM0001642,ORD000548,PROD00041,4,55313.54,11.1
ITEM0001643,ORD000548,PROD00161,2,17276.66,20.02
ITEM0001644,ORD000548,PROD00167,1,12144.01,26.62
ITEM0001645,ORD000549,PROD00142,5,26251.31,13.32
ITEM0001646,ORD000549,PROD00018,1,8496.91,31.03
ITEM0001647,ORD000549,PROD00062,5,70169.24,36.5
ITEM0001648,ORD000550,PROD00099,1,53394.0,1.21
ITEM0001649,ORD000550,PROD00076,-3,52894.58,14.62
ITEM0001650,ORD000550,PROD00092,3,18505.89,6.26
ITEM0001651,ORD000550,PROD00086,1,7695.6,21.26
ITEM0001652,ORD000550,PROD00096,3,3030.12,5.07
ITEM0001653,ORD000551,PROD00088,5,22597.62,26.23
ITEM0001654,ORD000551,PROD00173,3,25802.24,23.87
ITEM0001655,ORD000552,PROD00064,2,21612.99,13.83
ITEM0001656,ORD000552,PROD00081,4,21799.36,38.06
ITEM0001657,ORD000552,PROD00111,4,72760.18,14.53
ITEM0001658,ORD000552,PROD00007,2,32786.2,20.84
ITEM0001659,ORD000553,PROD00086,3,8428.17,10.05
ITEM0001660,ORD000553,PROD00056,5,73623.04,26.76
ITEM0001661,ORD000553,PROD00018,4,9441.43,6.38
ITEM0001662,ORD000553,PROD00045,3,68854.76,3.57
ITEM0001663,ORD000553,PROD00117,4,15973.1,5.95
ITEM0001664,ORD000554,PROD00198,2,30596.81,31.63
ITEM0001665,ORD000554,PROD00086,4,5809.16,27.06
ITEM0001666,ORD000554,PROD00064,1,19033.31,21.12
ITEM0001667,ORD000554,PROD00039,5,34318.51,2.89
ITEM0001668,ORD000555,PROD00138,3,32716.39,30.72
ITEM0001669,ORD000555,PROD00070,5,60400.34,36.69
ITEM0001670,ORD000555,PROD00012,1,69990.46,35.77
ITEM0001671,ORD000555,PROD00199,4,7879.49,24.06
ITEM0001672,ORD000555,PROD00143,-1,7625.02,0.72
ITEM0001673,ORD000556,PROD00139,5,36592.37,4.83
ITEM0001674,ORD000556,PROD00152,-1,46328.94,33.57
ITEM0001675,ORD000556,PROD00156,1,13732.67,29.64
ITEM0001676,ORD000556,PROD00004,1,3648.81,39.24
ITEM0001677,ORD000556,PROD00085,3,57909.25,20.73
ITEM0001678,ORD000557,PROD00152,2,64246.09,3.89
ITEM0001679,ORD000557,PROD00010,5,35925.35,0.88
ITEM0001680,ORD000557,PROD00163,1,20854.66,38.24
ITEM0001681,ORD000557,PROD00048,4,2771.34,33.18
ITEM0001682,ORD000558,PROD00037,3,34567.39,34.56
ITEM0001683,ORD000558,PROD00130,2,25990.37,32.73
ITEM0001684,ORD000558,PROD00030,5,71661.73,31.34
ITEM0001685,ORD000559,PROD00150,1,22086.65,15.55
ITEM0001686,ORD000559,PROD00177,2,54768.47,8.96
ITEM0001687,ORD000559,PROD00186,3,51164.37,14.78
ITEM0001688,ORD000560,PROD00127,4,4548.87,34.02
ITEM0001689,ORD000560,PROD00184,1,7334.2,11.42
ITEM0001690,ORD000560,PROD00031,3,39239.05,12.13
ITEM0001691,ORD000561,PROD00146,4,55561.2,1.58
ITEM0001692,ORD000561,PROD00173,5,29627.56,7.6
ITEM0001693,ORD000561,PROD00193,2,400.59,0.92
ITEM0001694,ORD000561,PROD00102,3,41176.13,39.16
ITEM0001695,ORD000561,PROD00075,4,18266.17,3.76
ITEM0001696,ORD000562,PROD00106,5,54793.19,33.59
ITEM0001697,ORD000562,PROD00026,4,43807.16,21.76
ITEM0001698,ORD000563,PROD00130,3,38860.08,8.0
ITEM0001699,ORD000564,PROD00080,3,4873.4,32.62
ITEM0001700,ORD000564,PROD00010,2,43050.83,18.95
ITEM0001701,ORD000565,PROD00091,1,43913.98,15.32
ITEM0001702,ORD000565,PROD00145,2,29556.59,26.57
ITEM0001703,ORD000565,PROD00140,2,53795.4,17.42
ITEM0001704,ORD000565,PROD00131,2,57259.15,9.44
ITEM0001705,ORD000565,PROD00032,4,55587.87,36.23
ITEM0001706,ORD000566,PROD00137,5,51607.1,39.98
ITEM0001707,ORD000567,PROD00163,1,20857.5,38.48
ITEM0001708,ORD000567,PROD00121,2,68520.32,0.71
ITEM0001709,ORD000567,PROD00144,4,34380.87,38.93
ITEM0001710,ORD000568,PROD00034,1,54755.74,15.46
ITEM0001711,ORD000568,PROD00145,3,31071.87,8.93
ITEM0001712,ORD000568,PROD00076,2,50959.61,39.76
ITEM0001713,ORD000568,PROD00093,3,9309.31,24.85
ITEM0001714,ORD000569,PROD00191,2,29008.92,4.95
ITEM0001715,ORD000570,PROD00111,1,78977.55,16.88
ITEM0001716,ORD000570,PROD00170,3,2833.94,25.84
ITEM0001717,ORD000570,PROD00192,1,43887.74,3.9
ITEM0001718,ORD000570,PROD00110,1,26039.79,22.05
ITEM0001719,ORD000570,PROD00120,2,74562.5,33.85
ITEM0001720,ORD000571,PROD00101,5,37896.4,28.46
ITEM0001721,ORD000571,PROD00005,3,73998.13,7.54
ITEM0001722,ORD000572,PROD00037,2,40635.23,5.19
ITEM0001723,ORD000572,PROD00035,3,17140.04,19.7
ITEM0001724,ORD000572,PROD00084,2,43598.8,10.09
ITEM0001725,ORD000573,PROD00173,5,25369.41,13.77
ITEM0001726,ORD000573,PROD00087,3,40749.3,17.28
ITEM0001727,ORD000573,PROD00013,4,40555.92,9.21
ITEM0001728,ORD000573,PROD00043,5,27712.64,33.29
ITEM0001729,ORD000574,PROD00046,3,34570.06,36.01
ITEM0001730,ORD000574,PROD00005,5,78256.39,9.86
ITEM0001731,ORD000574,PROD00195,5,5066.64,30.11
ITEM0001732,ORD000575,PROD00099,2,63784.71,7.11
ITEM0001733,ORD000576,PROD00062,2,77207.52,37.35
ITEM0001734,ORD000576,PROD00034,1,77835.9,28.51
ITEM0001735,ORD000576,PROD00166,4,507.64,11.59
ITEM0001736,ORD000577,PROD00166,5,601.87,22.78
ITEM0001737,ORD000577,PROD00116,2,38985.18,29.85
ITEM0001738,ORD000577,PROD00135,2,58908.89,13.02
ITEM0001739,ORD000577,PROD00171,3,79617.44,23.43
ITEM0001740,ORD000578,PROD00030,3,69409.8,6.92
ITEM0001741,ORD000579,PROD00162,4,25885.0,19.5
ITEM0001742,ORD000579,PROD00014,4,77289.25,20.21
ITEM0001743,ORD000579,PROD00023,4,38719.98,14.12
ITEM0001744,ORD000580,PROD00160,4,43473.15,25.27
ITEM0001745,ORD000580,PROD00127,2,3759.73,22.01
ITEM0001746,ORD000580,PROD00174,1,48700.88,3.9
ITEM0001747,ORD000580,PROD00119,5,27822.98,26.71
ITEM0001748,ORD000580,PROD00146,4,52892.92,3.43
ITEM0001749,ORD000581,PROD00083,5,73530.54,30.45
ITEM0001750,ORD000581,PROD00151,4,2629.2,25.3
ITEM0001751,ORD000581,PROD00088,1,23376.48,0.32
ITEM0001752,ORD000581,PROD00028,3,70716.75,19.35
ITEM0001753,ORD000582,PROD00070,4,65577.51,35.99
ITEM0001754,ORD000582,PROD00041,5,54896.25,16.94
ITEM0001755,ORD000583,PROD00159,2,72269.33,37.99
ITEM0001756,ORD000583,PROD00077,4,43510.94,18.59
ITEM0001757,ORD000584,PROD00017,3,23246.51,37.72
ITEM0001758,ORD000584,PROD00047,4,19363.08,27.02
ITEM0001759,ORD000584,PROD00168,4,55042.39,10.03
ITEM0001760,ORD000585,PROD00100,4,4167.33,8.27
ITEM0001761,ORD000585,PROD00197,3,8109.44,23.61
ITEM0001762,ORD000586,PROD00024,2,30693.25,1.19
ITEM0001763,ORD000586,PROD00066,1,49482.12,39.65
ITEM0001764,ORD000586,PROD00001,4,72466.93,39.86
ITEM0001765,ORD000586,PROD00121,4,60466.98,19.9
ITEM0001766,ORD000586,PROD00123,4,58753.06,33.79
ITEM0001767,ORD000587,PROD00118,2,45227.84,9.21
ITEM0001768,ORD000588,PROD00109,1,45573.25,13.93
ITEM0001769,ORD000588,PROD00129,5,59538.03,5.78
ITEM0001770,ORD000588,PROD00169,5,30393.51,29.44
ITEM0001771,ORD000588,PROD00063,2,43882.45,0.42
ITEM0001772,ORD000589,PROD00195,5,6082.65,26.1
ITEM0001773,ORD000589,PROD00024,4,30362.09,10.72
ITEM0001774,ORD000589,PROD00192,1,33721.9,15.16
ITEM0001775,ORD000589,PROD00015,5,60459.0,16.2
ITEM0001776,ORD000589,PROD00170,1,3250.6,15.79
ITEM0001777,ORD000590,PROD00086,5,8797.01,1.53
ITEM0001778,ORD000590,PROD00101,5,45216.48,15.73
ITEM0001779,ORD000590,PROD00179,2,65464.68,2.47
ITEM0001780,ORD000590,PROD00077,4,44044.54,37.02
ITEM0001781,ORD000591,PROD00092,4,13359.88,17.81
ITEM0001782,ORD000592,PROD00190,5,35845.1,8.18
ITEM0001783,ORD000592,PROD00183,2,85123.23,27.51
ITEM0001784,ORD000592,PROD00166,2,510.53,14.6
ITEM0001785,ORD000592,PROD00015,2,79549.88,23.83
ITEM0001786,ORD000593,PROD00192,1,36627.92,11.93
ITEM0001787,ORD000593,PROD00140,1,43611.75,39.43
ITEM0001788,ORD000593,PROD00101,5,36717.58,30.62
ITEM0001789,ORD000593,PROD00113,3,37018.56,21.96
ITEM0001790,ORD000593,PROD00118,4,38415.08,26.27
ITEM0001791,ORD000594,PROD00064,2,22252.13,22.88
ITEM0001792,ORD000594,PROD00056,3,66131.47,6.26
ITEM0001793,ORD000594,PROD00199,5,8185.22,11.49
ITEM0001794,ORD000594,PROD00179,4,42153.38,5.42
ITEM0001795,ORD000594,PROD00027,1,62911.13,6.91
ITEM0001796,ORD000595,PROD00017,4,30404.73,18.92
ITEM0001797,ORD000595,PROD00185,3,16972.55,24.0
ITEM0001798,ORD000595,PROD00152,3,48300.78,5.19
ITEM0001799,ORD000596,PROD00083,4,55537.85,31.35
ITEM0001800,ORD000596,PROD00143,2,7718.82,34.79
ITEM0001801,ORD000596,PROD00126,2,71919.13,14.27
ITEM0001802,ORD000596,PROD00172,4,449.19,19.91
ITEM0001803,ORD000596,PROD00007,2,30801.26,36.22
ITEM0001804,ORD000597,PROD00077,3,62144.51,19.95
ITEM0001805,ORD000597,PROD00125,3,60511.38,18.19
ITEM0001806,ORD000597,PROD00041,5,39421.02,30.33
ITEM0001807,ORD000597,PROD00106,1,72759.44,37.97
ITEM0001808,ORD000598,PROD00135,5,49508.56,16.12
ITEM0001809,ORD000599,PROD00090,3,429.81,26.02
ITEM0001810,ORD000599,PROD00193,1,278.33,22.48
ITEM0001811,ORD000599,PROD00007,4,32976.25,19.67
ITEM0001812,ORD000600,PROD00065,2,67855.96,32.45
ITEM0001813,ORD000600,PROD00128,4,58072.22,33.2
ITEM0001814,ORD000600,PROD00112,3,53656.06,13.22
ITEM0001815,ORD000601,PROD00060,4,11584.08,22.96
ITEM0001816,ORD000601,PROD00077,2,64766.37,23.09
ITEM0001817,ORD000602,PROD00040,2,20060.64,24.65
ITEM0001818,ORD000602,PROD00178,1,11658.78,19.4
ITEM0001819,ORD000603,PROD00141,3,33822.42,2.01
ITEM0001820,ORD000603,PROD00164,1,65571.51,0.35
ITEM0001821,ORD000604,PROD00065,4,53729.16,19.13
ITEM0001822,ORD000605,PROD00110,5,28711.65,9.45
ITEM0001823,ORD000605,PROD00042,4,49062.51,21.31
ITEM0001824,ORD000605,PROD00153,3,50655.25,24.26
ITEM0001825,ORD000605,PROD00020,3,61256.72,28.83
ITEM0001826,ORD000605,PROD00070,3,47954.5,17.65
ITEM0001827,ORD000606,PROD00135,3,59715.61,34.88
ITEM0001828,ORD000606,PROD00090,2,342.46,25.27
ITEM0001829,ORD000606,PROD00116,3,31259.14,31.71
ITEM0001830,ORD000606,PROD00077,4,41977.1,17.41
ITEM0001831,ORD000606,PROD00130,3,28064.41,19.16
ITEM0001832,ORD000607,PROD00123,2,56291.0,8.89
ITEM0001833,ORD000607,PROD00124,4,29486.92,15.34
ITEM0001834,ORD000607,PROD00072,5,6126.26,21.93
ITEM0001835,ORD000607,PROD00061,5,41953.28,14.93
ITEM0001836,ORD000608,PROD00172,5,345.02,31.16
ITEM0001837,ORD000608,PROD00138,3,38888.86,12.79
ITEM0001838,ORD000608,PROD00057,1,34566.66,15.19
ITEM0001839,ORD000608,PROD00033,3,22553.79,29.17
ITEM0001840,ORD000608,PROD00188,2,8986.65,37.02
ITEM0001841,ORD000609,PROD00105,4,44407.45,5.39
ITEM0001842,ORD000609,PROD00033,2,35284.68,36.41
ITEM0001843,ORD000609,PROD00169,4,28747.12,8.09
ITEM0001844,ORD000610,PROD00183,4,65631.59,36.27
ITEM0001845,ORD000610,PROD00095,5,20737.68,15.84
ITEM0001846,ORD000611,PROD00129,1,66361.45,36.65
ITEM0001847,ORD000611,PROD00048,5,2253.0,25.17
ITEM0001848,ORD000612,PROD00130,4,40925.71,18.6
ITEM0001849,ORD000612,PROD00167,2,9647.26,37.28
ITEM0001850,ORD000612,PROD00142,5,36225.06,20.62
ITEM0001851,ORD000612,PROD00038,4,61329.15,16.48
ITEM0001852,ORD000613,PROD00128,1,70412.85,30.16
ITEM0001853,ORD000613,PROD00169,3,27861.15,14.55
ITEM0001854,ORD000613,PROD00146,2,65512.55,6.28
ITEM0001855,ORD000613,PROD00129,1,69175.97,0.69
ITEM0001856,ORD000613,PROD00084,2,49075.64,27.59
ITEM0001857,ORD000614,PROD00104,5,48484.91,11.59
ITEM0001858,ORD000614,PROD00092,3,16003.35,26.83
ITEM0001859,ORD000615,PROD00109,4,48157.3,23.36
ITEM0001860,ORD000615,PROD00128,4,51743.35,32.06
ITEM0001861,ORD000615,PROD00031,1,37088.31,23.61
ITEM0001862,ORD000616,PROD00118,4,46187.67,12.62
ITEM0001863,ORD000616,PROD00172,5,508.97,14.58
ITEM0001864,ORD000616,PROD00009,3,45416.04,19.09
ITEM0001865,ORD000616,PROD00130,2,39103.28,37.82
ITEM0001866,ORD000616,PROD00129,4,70845.59,38.95
ITEM0001867,ORD000617,PROD00022,4,54478.17,2.59
ITEM0001868,ORD000617,PROD00049,1,31255.28,21.9
ITEM0001869,ORD000617,PROD00012,1,70532.72,7.33
ITEM0001870,ORD000618,PROD00086,1,6709.67,38.42
ITEM0001871,ORD000618,PROD00058,3,12771.95,18.93
ITEM0001872,ORD000618,PROD00116,1,41594.69,17.04
ITEM0001873,ORD000618,PROD00146,1,72397.78,21.17
ITEM0001874,ORD000618,PROD00143,1,7212.55,10.43
ITEM0001875,ORD000619,PROD00053,4,69911.43,7.96
ITEM0001876,ORD000619,PROD00109,3,57000.22,1.84
ITEM0001877,ORD000619,PROD00200,4,45153.11,37.36
ITEM0001878,ORD000619,PROD00196,4,37754.76,29.4
ITEM0001879,ORD000619,PROD00133,3,38767.56,32.44
ITEM0001880,ORD000620,PROD00191,4,25808.48,26.36
ITEM0001881,ORD000620,PROD00194,1,43715.78,7.15
ITEM0001882,ORD000620,PROD00164,5,67102.31,29.5
ITEM0001883,ORD000621,PROD00017,5,26410.6,8.45
ITEM0001884,ORD000621,PROD00007,3,37296.19,31.37
ITEM0001885,ORD000621,PROD00161,1,14402.43,6.12
ITEM0001886,ORD000621,PROD00139,1,53630.94,3.43
ITEM0001887,ORD000621,PROD00082,4,71700.77,37.45
ITEM0001888,ORD000622,PROD00149,1,49949.53,4.76
ITEM0001889,ORD000622,PROD00063,1,38449.69,25.41
ITEM0001890,ORD000622,PROD00030,4,49692.01,25.92
ITEM0001891,ORD000623,PROD00181,3,36844.74,1.66
ITEM0001892,ORD000624,PROD00086,5,7785.89,5.2
ITEM0001893,ORD000624,PROD00142,4,40038.27,22.83
ITEM0001894,ORD000624,PROD00078,4,25022.3,31.59
ITEM0001895,ORD000625,PROD00062,5,75841.08,36.81
ITEM0001896,ORD000625,PROD00086,4,6429.7,8.7
ITEM0001897,ORD000625,PROD00112,2,66855.0,12.18
ITEM0001898,ORD000625,PROD00167,5,14825.4,3.89
ITEM0001899,ORD000625,PROD00090,2,367.36,2.58
ITEM0001900,ORD000626,PROD00165,5,48692.8,28.41
ITEM0001901,ORD000626,PROD00171,2,70032.12,1.41
ITEM0001902,ORD000626,PROD00048,1,2002.63,8.47
ITEM0001903,ORD000627,PROD00005,5,79163.9,16.68
ITEM0001904,ORD000627,PROD00070,3,45241.6,0.41
ITEM0001905,ORD000627,PROD00180,1,47746.5,2.04
ITEM0001906,ORD000627,PROD00186,4,39362.73,19.91
ITEM0001907,ORD000627,PROD00141,-3,27399.23,4.63
ITEM0001908,ORD000628,PROD00105,1,47766.67,25.07
ITEM0001909,ORD000628,PROD00137,5,38107.65,7.23
ITEM0001910,ORD000628,PROD00144,1,34807.11,10.1
ITEM0001911,ORD000628,PROD00027,4,58675.16,6.14
ITEM0001912,ORD000629,PROD00060,1,10648.34,16.1
ITEM0001913,ORD000629,PROD00029,4,18323.09,34.68
ITEM0001914,ORD000629,PROD00040,5,18635.08,19.93
ITEM0001915,ORD000629,PROD00090,5,510.89,19.53
ITEM0001916,ORD000630,PROD00010,5,41931.17,18.05
ITEM0001917,ORD000630,PROD00143,2,8101.74,3.58
ITEM0001918,ORD000630,PROD00016,4,53711.8,16.97
ITEM0001919,ORD000631,PROD00045,3,69925.53,35.87
ITEM0001920,ORD000631,PROD00098,3,44743.51,4.19
ITEM0001921,ORD000631,PROD00022,3,50041.26,13.8
ITEM0001922,ORD000632,PROD00190,3,49083.94,14.76
ITEM0001923,ORD000632,PROD00163,5,28528.59,4.58
ITEM0001924,ORD000632,PROD00037,4,34433.53,10.17
ITEM0001925,ORD000632,PROD00154,4,50227.27,24.12
ITEM0001926,ORD000632,PROD00107,2,69723.36,23.77
ITEM0001927,ORD000633,PROD00189,4,9375.19,0.1
ITEM0001928,ORD000633,PROD00043,3,30008.46,4.84
ITEM0001929,ORD000633,PROD00080,3,4164.91,6.81
ITEM0001930,ORD000634,PROD00049,3,28564.09,14.13
ITEM0001931,ORD000635,PROD00023,4,36141.53,33.24
ITEM0001932,ORD000635,PROD00143,3,9146.86,34.52
ITEM0001933,ORD000635,PROD00051,1,22641.82,23.03
ITEM0001934,ORD000635,PROD00037,2,39495.99,25.14
ITEM0001935,ORD000636,PROD00124,-2,36190.0,20.13
ITEM0001936,ORD000636,PROD00087,3,43097.79,21.02
ITEM0001937,ORD000637,PROD00179,4,41853.57,15.65
ITEM0001938,ORD000637,PROD00004,1,4323.29,7.37
ITEM0001939,ORD000638,PROD00055,2,48544.67,6.33
ITEM0001940,ORD000638,PROD00126,2,74379.09,5.01
ITEM0001941,ORD000638,PROD00136,4,11580.59,17.38
ITEM0001942,ORD000638,PROD00027,5,70924.24,34.4
ITEM0001943,ORD000638,PROD00188,3,11344.62,21.5
ITEM0001944,ORD000639,PROD00164,2,76904.44,11.58
ITEM0001945,ORD000639,PROD00181,2,53764.87,8.05
ITEM0001946,ORD000639,PROD00118,4,41999.69,34.65
ITEM0001947,ORD000639,PROD00193,4,328.02,10.43
ITEM0001948,ORD000640,PROD00002,4,19385.85,8.37
ITEM0001949,ORD000640,PROD00176,2,34425.76,4.94
ITEM0001950,ORD000640,PROD00085,2,56010.7,19.35
ITEM0001951,ORD000640,PROD00059,3,58311.89,1.65
ITEM0001952,ORD000640,PROD00104,5,50258.33,7.99
ITEM0001953,ORD000641,PROD00171,1,61501.3,11.18
ITEM0001954,ORD000641,PROD00187,2,42265.43,5.41
ITEM0001955,ORD000641,PROD00025,1,22782.71,8.88
ITEM0001956,ORD000642,PROD00178,1,11186.71,11.04
ITEM0001957,ORD000642,PROD00189,2,8928.71,21.77
ITEM0001958,ORD000642,PROD00158,4,21160.98,32.36
ITEM0001959,ORD000642,PROD00165,5,52513.65,0.86
ITEM0001960,ORD000642,PROD00094,4,36679.64,16.81
ITEM0001961,ORD000643,PROD00061,1,38265.36,1.51
ITEM0001962,ORD000643,PROD00184,2,9797.4,12.44
ITEM0001963,ORD000644,PROD00142,3,27442.25,31.27
ITEM0001964,ORD000644,PROD00164,2,73679.61,35.75
ITEM0001965,ORD000644,PROD00155,1,41520.34,31.05
ITEM0001966,ORD000644,PROD00034,4,54494.1,2.41
ITEM0001967,ORD000645,PROD00009,5,51044.7,19.86
ITEM0001968,ORD000645,PROD00020,4,50866.87,24.61
ITEM0001969,ORD000645,PROD00083,1,67151.45,24.47
ITEM0001970,ORD000646,PROD00048,3,1772.72,21.34
ITEM0001971,ORD000646,PROD00109,1,59447.46,22.29
ITEM0001972,ORD000646,PROD00136,2,9707.0,1.68
ITEM0001973,ORD000647,PROD00121,4,45973.57,11.22
ITEM0001974,ORD000647,PROD00051,1,16568.83,0.4
ITEM0001975,ORD000648,PROD00007,4,28018.39,31.84
ITEM0001976,ORD000648,PROD00014,2,87965.51,37.43
ITEM0001977,ORD000649,PROD00074,5,70905.39,33.72
ITEM0001978,ORD000649,PROD00132,1,7925.23,18.47
ITEM0001979,ORD000649,PROD00084,3,53991.91,6.11
ITEM0001980,ORD000649,PROD00168,2,47632.52,23.0
ITEM0001981,ORD000650,PROD00198,1,23636.31,26.83
ITEM0001982,ORD000650,PROD00084,5,48500.71,33.83
ITEM0001983,ORD000651,PROD00126,1,63068.37,16.07
ITEM0001984,ORD000651,PROD00198,5,23276.36,21.84
ITEM0001985,ORD000651,PROD00095,5,22738.57,39.29
ITEM0001986,ORD000652,PROD00056,2,68035.24,14.02
ITEM0001987,ORD000652,PROD00103,3,55539.75,11.21
ITEM0001988,ORD000652,PROD00106,5,51394.18,19.71
ITEM0001989,ORD000652,PROD00154,4,68259.42,38.77
ITEM0001990,ORD000653,PROD00149,2,39742.07,35.15
ITEM0001991,ORD000653,PROD00014,3,88186.74,28.26
ITEM0001992,ORD000653,PROD00188,-1,8657.2,4.4
ITEM0001993,ORD000653,PROD00049,4,35608.76,10.59
ITEM0001994,ORD000653,PROD00030,1,56365.94,1.24
ITEM0001995,ORD000654,PROD00174,-2,35854.96,6.97
ITEM0001996,ORD000654,PROD00052,1,77662.88,8.28
ITEM0001997,ORD000654,PROD00054,3,19023.45,15.45
ITEM0001998,ORD000654,PROD00084,2,38762.73,15.17
ITEM0001999,ORD000654,PROD00048,5,2761.11,7.61
ITEM0002000,ORD000655,PROD00017,4,22139.9,31.76
ITEM0002001,ORD000656,PROD00082,3,72548.39,24.15
ITEM0002002,ORD000656,PROD00120,3,51584.33,2.94
ITEM0002003,ORD000656,PROD00190,1,33659.33,33.2
ITEM0002004,ORD000657,PROD00106,2,62539.05,6.29
ITEM0002005,ORD000657,PROD00198,2,24497.76,14.76
ITEM0002006,ORD000657,PROD00113,4,35949.83,7.28
ITEM0002007,ORD000658,PROD00062,1,51874.31,7.43
ITEM0002008,ORD000659,PROD00194,3,54235.8,0.87
ITEM0002009,ORD000659,PROD00097,2,74395.16,14.65
ITEM0002010,ORD000659,PROD00123,4,63390.16,26.57
ITEM0002011,ORD000659,PROD00026,3,49083.16,19.94
ITEM0002012,ORD000659,PROD00014,2,78619.92,34.55
ITEM0002013,ORD000660,PROD00159,4,76189.85,12.64
ITEM0002014,ORD000660,PROD00127,5,5186.66,36.4
ITEM0002015,ORD000660,PROD00178,5,15822.07,4.61
ITEM0002016,ORD000660,PROD00174,5,50204.4,3.95
ITEM0002017,ORD000660,PROD00197,3,8667.46,4.53
ITEM0002018,ORD000661,PROD00067,3,34832.14,11.71
ITEM0002019,ORD000662,PROD00080,2,5329.27,36.92
ITEM0002020,ORD000662,PROD00094,3,38534.67,35.65
ITEM0002021,ORD000662,PROD00079,-2,33195.05,12.85
ITEM0002022,ORD000662,PROD00107,3,77001.58,21.71
ITEM0002023,ORD000662,PROD00113,1,35024.8,0.3
ITEM0002024,ORD000663,PROD00167,1,14925.73,16.13
ITEM0002025,ORD000664,PROD00119,-1,20708.87,35.07
ITEM0002026,ORD000665,PROD00027,4,53521.72,8.87
ITEM0002027,ORD000666,PROD00171,1,63283.28,1.18
ITEM0002028,ORD000667,PROD00082,3,78535.72,16.88
ITEM0002029,ORD000667,PROD00121,-1,59507.83,26.63
ITEM0002030,ORD000668,PROD00075,1,21290.9,34.93
ITEM0002031,ORD000668,PROD00034,2,77823.9,3.0
ITEM0002032,ORD000668,PROD00200,3,41303.99,30.49
ITEM0002033,ORD000669,PROD00078,1,32017.9,10.14
ITEM0002034,ORD000669,PROD00170,3,3398.69,26.36
ITEM0002035,ORD000670,PROD00037,2,40815.65,2.5
ITEM0002036,ORD000670,PROD00071,3,18989.58,2.93
ITEM0002037,ORD000670,PROD00193,5,303.64,2.19
ITEM0002038,ORD000670,PROD00136,5,13711.82,3.91
ITEM0002039,ORD000671,PROD00158,4,22847.34,5.87
ITEM0002040,ORD000671,PROD00039,4,27821.32,10.28
ITEM0002041,ORD000671,PROD00061,2,34335.18,17.33
ITEM0002042,ORD000672,PROD00149,3,52872.85,11.52
ITEM0002043,ORD000672,PROD00081,2,18816.51,39.98
ITEM0002044,ORD000672,PROD00003,2,44340.48,11.62
ITEM0002045,ORD000673,PROD00191,1,31655.66,21.73
ITEM0002046,ORD000673,PROD00062,1,66606.49,21.42
ITEM0002047,ORD000673,PROD00162,3,29351.98,15.03
ITEM0002048,ORD000673,PROD00027,5,53947.71,0.55
ITEM0002049,ORD000674,PROD00179,3,56292.64,19.54
ITEM0002050,ORD000675,PROD00062,5,61478.52,17.28
ITEM0002051,ORD000675,PROD00061,1,34237.1,17.06
ITEM0002052,ORD000675,PROD00069,2,79956.89,14.51
ITEM0002053,ORD000675,PROD00180,4,48950.99,12.79
ITEM0002054,ORD000676,PROD00002,1,21709.16,4.62
ITEM0002055,ORD000676,PROD00145,4,35964.47,27.86
ITEM0002056,ORD000676,PROD00055,1,56668.63,14.34
ITEM0002057,ORD000677,PROD00006,3,55655.57,22.82
ITEM0002058,ORD000677,PROD00084,5,39532.56,29.2
ITEM0002059,ORD000677,PROD00186,5,35803.9,37.85
ITEM0002060,ORD000677,PROD00169,5,32806.32,35.67
ITEM0002061,ORD000677,PROD00091,4,55009.39,3.79
ITEM0002062,ORD000678,PROD00089,4,33701.4,19.52
ITEM0002063,ORD000678,PROD00069,5,53050.14,39.08
ITEM0002064,ORD000678,PROD00010,1,37655.46,31.96
ITEM0002065,ORD000678,PROD00177,1,59981.0,26.71
ITEM0002066,ORD000678,PROD00185,5,16939.1,5.58
ITEM0002067,ORD000679,PROD00039,2,28460.67,19.44
ITEM0002068,ORD000679,PROD00200,1,55685.25,28.34
ITEM0002069,ORD000679,PROD00042,3,77705.69,35.68
ITEM0002070,ORD000679,PROD00054,2,25267.58,27.97
ITEM0002071,ORD000679,PROD00062,3,50122.26,11.17
ITEM0002072,ORD000680,PROD00128,2,51128.86,12.62
ITEM0002073,ORD000680,PROD00168,4,66474.1,7.2
ITEM0002074,ORD000681,PROD00174,2,32666.95,10.11
ITEM0002075,ORD000682,PROD00113,4,36392.19,14.78
ITEM0002076,ORD000683,PROD00117,3,15716.01,34.38
ITEM0002077,ORD000683,PROD00017,5,22334.36,38.37
ITEM0002078,ORD000683,PROD00159,2,75215.11,36.15
ITEM0002079,ORD000683,PROD00182,1,21925.98,22.99
ITEM0002080,ORD000683,PROD00158,5,24020.78,24.31
ITEM0002081,ORD000684,PROD00058,4,16632.31,18.15
ITEM0002082,ORD000684,PROD00102,1,33306.51,27.24
ITEM0002083,ORD000684,PROD00076,2,59377.24,3.4
ITEM0002084,ORD000684,PROD00172,1,477.57,25.47
ITEM0002085,ORD000684,PROD00047,2,15436.93,1.18
ITEM0002086,ORD000685,PROD00049,2,40370.17,16.2
ITEM0002087,ORD000685,PROD00096,5,3914.37,32.5
ITEM0002088,ORD000685,PROD00196,1,27913.72,5.58
ITEM0002089,ORD000686,PROD00047,1,20261.62,31.41
ITEM0002090,ORD000686,PROD00059,3,78977.94,34.4
ITEM0002091,ORD000687,PROD00016,3,57360.96,33.24
ITEM0002092,ORD000687,PROD00197,4,5630.96,21.07
ITEM0002093,ORD000687,PROD00194,4,59305.62,8.2
ITEM0002094,ORD000687,PROD00196,1,28789.61,39.5
ITEM0002095,ORD000688,PROD00190,1,44547.91,24.69
ITEM0002096,ORD000688,PROD00142,2,33034.97,14.9
ITEM0002097,ORD000688,PROD00048,1,2730.46,33.7
ITEM0002098,ORD000688,PROD00036,5,62768.66,31.47
ITEM0002099,ORD000689,PROD00139,3,57977.75,17.51
ITEM0002100,ORD000689,PROD00001,2,63501.19,3.83
ITEM0002101,ORD000690,PROD00115,5,56634.91,6.76
ITEM0002102,ORD000690,PROD00016,3,60630.69,17.58
ITEM0002103,ORD000691,PROD00004,5,3991.97,34.16
ITEM0002104,ORD000691,PROD00083,5,72157.31,26.69
ITEM0002105,ORD000691,PROD00060,1,14036.68,32.45
ITEM0002106,ORD000691,PROD00092,2,15246.62,12.88
ITEM0002107,ORD000692,PROD00187,4,50204.1,22.13
ITEM0002108,ORD000692,PROD00137,3,47336.52,29.45
ITEM0002109,ORD000693,PROD00119,4,27277.18,4.01
ITEM0002110,ORD000693,PROD00018,2,8462.77,1.33
ITEM0002111,ORD000694,PROD00098,4,39823.99,35.61
ITEM0002112,ORD000695,PROD00055,1,56199.47,27.88
ITEM0002113,ORD000695,PROD00196,5,30507.39,29.74
ITEM0002114,ORD000695,PROD00060,-1,12922.89,29.06
ITEM0002115,ORD000695,PROD00024,3,28399.35,9.21
ITEM0002116,ORD000696,PROD00160,2,42075.92,25.24
ITEM0002117,ORD000696,PROD00020,4,49722.08,21.54
ITEM0002118,ORD000696,PROD00120,1,79542.02,11.47
ITEM0002119,ORD000696,PROD00003,5,34077.78,19.07
ITEM0002120,ORD000697,PROD00101,3,37930.2,27.71
ITEM0002121,ORD000698,PROD00077,4,46578.16,14.41
ITEM0002122,ORD000698,PROD00111,3,52399.31,16.98
ITEM0002123,ORD000699,PROD00035,3,15963.86,8.75
ITEM0002124,ORD000699,PROD00148,4,61691.63,4.79
ITEM0002125,ORD000699,PROD00170,-2,3549.9,36.26
ITEM0002126,ORD000700,PROD00160,5,48765.67,38.79
ITEM0002127,ORD000701,PROD00060,3,9920.82,39.14
ITEM0002128,ORD000702,PROD00146,4,63672.85,32.03
ITEM0002129,ORD000703,PROD00072,4,9527.09,29.76
ITEM0002130,ORD000703,PROD00083,1,75327.51,17.89
ITEM0002131,ORD000703,PROD00112,2,43936.94,12.58
ITEM0002132,ORD000704,PROD00163,1,30642.52,36.85
ITEM0002133,ORD000705,PROD00108,-1,35604.5,29.17
ITEM0002134,ORD000705,PROD00124,3,31784.13,23.87
ITEM0002135,ORD000705,PROD00072,1,6089.83,35.37
ITEM0002136,ORD000706,PROD00078,3,30708.15,21.55
ITEM0002137,ORD000707,PROD00162,3,34145.03,10.87
ITEM0002138,ORD000707,PROD00123,3,71287.56,0.22
ITEM0002139,ORD000707,PROD00005,1,82183.81,1.5
ITEM0002140,ORD000707,PROD00147,4,33127.35,14.35
ITEM0002141,ORD000708,PROD00119,5,27738.3,14.04
ITEM0002142,ORD000708,PROD00099,1,52453.06,35.81
ITEM0002143,ORD000708,PROD00136,2,14004.04,15.85
ITEM0002144,ORD000708,PROD00055,4,48921.18,3.33
ITEM0002145,ORD000708,PROD00076,1,62510.47,24.1
ITEM0002146,ORD000709,PROD00023,1,27478.26,35.7
ITEM0002147,ORD000710,PROD00091,5,49207.55,14.73
ITEM0002148,ORD000710,PROD00046,1,31954.7,4.35
ITEM0002149,ORD000710,PROD00175,4,25580.53,37.19
ITEM0002150,ORD000710,PROD00169,4,27548.93,25.28
ITEM0002151,ORD000711,PROD00124,2,34960.43,33.33
ITEM0002152,ORD000711,PROD00197,1,8045.15,35.71
ITEM0002153,ORD000711,PROD00185,2,20216.74,4.87
ITEM0002154,ORD000712,PROD00103,4,41811.3,20.4
ITEM0002155,ORD000712,PROD00121,3,54226.97,16.78
ITEM0002156,ORD000712,PROD00015,5,74154.9,30.36
ITEM0002157,ORD000712,PROD00042,3,51161.7,26.57
ITEM0002158,ORD000713,PROD00048,1,2666.38,34.25
ITEM0002159,ORD000713,PROD00131,4,63556.64,10.87
ITEM0002160,ORD000714,PROD00197,2,8366.49,18.3
ITEM0002161,ORD000714,PROD00127,5,3929.77,34.37
ITEM0002162,ORD000714,PROD00183,3,88526.8,36.38
ITEM0002163,ORD000715,PROD00079,3,40737.31,34.56
ITEM0002164,ORD000715,PROD00006,4,48924.82,38.82
ITEM0002165,ORD000715,PROD00002,3,18635.65,33.72
ITEM0002166,ORD000715,PROD00148,5,44665.47,38.3
ITEM0002167,ORD000715,PROD00170,4,2732.09,25.54
ITEM0002168,ORD000716,PROD00108,4,46212.18,12.87
ITEM0002169,ORD000716,PROD00066,2,37863.93,22.52
ITEM0002170,ORD000716,PROD00147,4,30728.44,5.07
ITEM0002171,ORD000716,PROD00121,4,52194.99,17.41
ITEM0002172,ORD000717,PROD00111,5,53073.36,4.82
ITEM0002173,ORD000717,PROD00109,3,44189.29,33.54
ITEM0002174,ORD000717,PROD00178,5,14828.35,24.45
ITEM0002175,ORD000717,PROD00103,4,60952.91,19.85
ITEM0002176,ORD000718,PROD00136,4,13383.92,17.9
ITEM0002177,ORD000719,PROD00030,2,70851.43,29.35
ITEM0002178,ORD000719,PROD00007,4,32951.49,26.46
ITEM0002179,ORD000719,PROD00161,4,14066.53,19.25
ITEM0002180,ORD000719,PROD00096,1,3001.46,14.22
ITEM0002181,ORD000719,PROD00168,4,68705.67,2.22
ITEM0002182,ORD000720,PROD00192,3,48697.25,10.24
ITEM0002183,ORD000720,PROD00005,5,75588.49,35.12
ITEM0002184,ORD000720,PROD00179,3,43391.06,15.58
ITEM0002185,ORD000721,PROD00126,3,76060.8,21.98
ITEM0002186,ORD000721,PROD00067,3,47083.38,26.18
ITEM0002187,ORD000722,PROD00193,3,374.56,38.86
ITEM0002188,ORD000722,PROD00173,-2,19330.56,22.61
ITEM0002189,ORD000722,PROD00105,2,62365.8,27.43
ITEM0002190,ORD000722,PROD00054,4,19026.67,25.0
ITEM0002191,ORD000723,PROD00122,5,73682.9,19.92
ITEM0002192,ORD000723,PROD00100,5,4735.84,10.91
ITEM0002193,ORD000724,PROD00189,4,6668.02,16.39
ITEM0002194,ORD000724,PROD00166,5,495.5,31.52
ITEM0002195,ORD000725,PROD00200,3,42661.9,6.9
ITEM0002196,ORD000725,PROD00119,5,29516.97,32.16
ITEM0002197,ORD000726,PROD00051,4,20397.16,15.92
ITEM0002198,ORD000726,PROD00178,3,11942.25,19.83
ITEM0002199,ORD000726,PROD00093,5,7501.3,11.13
ITEM0002200,ORD000727,PROD00108,5,56407.03,23.46
ITEM0002201,ORD000728,PROD00050,4,80940.7,13.72
ITEM0002202,ORD000728,PROD00175,1,17517.59,24.26
ITEM0002203,ORD000728,PROD00110,5,28566.85,2.48
ITEM0002204,ORD000728,PROD00149,2,42441.04,19.13
ITEM0002205,ORD000729,PROD00006,2,48413.68,34.0
ITEM0002206,ORD000730,PROD00189,4,7825.73,7.11
ITEM0002207,ORD000730,PROD00149,5,57997.57,7.02
ITEM0002208,ORD000730,PROD00005,5,61877.27,22.09
ITEM0002209,ORD000731,PROD00179,5,56292.2,36.31
ITEM0002210,ORD000732,PROD00031,4,40077.83,1.58
ITEM0002211,ORD000732,PROD00166,1,495.99,22.13
ITEM0002212,ORD000732,PROD00178,1,12203.22,36.59
ITEM0002213,ORD000732,PROD00045,1,88261.61,26.14
ITEM0002214,ORD000732,PROD00147,-1,43494.36,22.52
ITEM0002215,ORD000733,PROD00095,4,33294.8,27.2
ITEM0002216,ORD000734,PROD00065,5,75560.6,28.84
ITEM0002217,ORD000734,PROD00040,3,23781.85,21.2
ITEM0002218,ORD000734,PROD00056,2,67902.58,19.17
ITEM0002219,ORD000734,PROD00147,5,39930.36,12.98
ITEM0002220,ORD000734,PROD00075,1,22286.69,29.24
ITEM0002221,ORD000735,PROD00122,5,53358.81,2.98
ITEM0002222,ORD000735,PROD00035,1,17584.62,13.2
ITEM0002223,ORD000735,PROD00176,4,42114.73,24.25
ITEM0002224,ORD000735,PROD00021,3,21502.51,28.12
ITEM0002225,ORD000736,PROD00177,5,79792.18,30.49
ITEM0002226,ORD000736,PROD00120,2,74308.57,35.19
ITEM0002227,ORD000737,PROD00146,4,60742.21,20.26
ITEM0002228,ORD000737,PROD00069,4,78374.42,15.34
ITEM0002229,ORD000737,PROD00153,1,43922.42,17.72
ITEM0002230,ORD000737,PROD00021,2,20748.77,34.65
ITEM0002231,ORD000737,PROD00044,4,52619.79,33.39
ITEM0002232,ORD000738,PROD00026,1,53767.41,2.01
ITEM0002233,ORD000738,PROD00191,-1,23073.79,28.17
ITEM0002234,ORD000738,PROD00082,-1,66467.12,5.39
ITEM0002235,ORD000739,PROD00064,2,22606.33,17.51
ITEM0002236,ORD000739,PROD00177,3,76364.71,8.88
ITEM0002237,ORD000739,PROD00117,1,15992.51,8.38
ITEM0002238,ORD000740,PROD00017,1,29965.04,20.45
ITEM0002239,ORD000740,PROD00170,4,3351.08,38.18
ITEM0002240,ORD000741,PROD00057,1,39481.81,28.63
ITEM0002241,ORD000742,PROD00071,4,21597.6,38.06
ITEM0002242,ORD000742,PROD00146,2,47602.73,37.75
ITEM0002243,ORD000742,PROD00049,4,29526.86,8.52
ITEM0002244,ORD000742,PROD00024,4,29986.4,26.36
ITEM0002245,ORD000743,PROD00002,3,18682.25,16.55
ITEM0002246,ORD000744,PROD00142,2,40778.25,6.37
ITEM0002247,ORD000745,PROD00004,5,3729.33,10.8
ITEM0002248,ORD000745,PROD00001,4,74993.86,2.12
ITEM0002249,ORD000745,PROD00107,3,83937.64,39.03
ITEM0002250,ORD000746,PROD00064,3,27213.6,3.34
ITEM0002251,ORD000746,PROD00088,1,26828.75,1.3
ITEM0002252,ORD000746,PROD00139,1,37524.74,12.63
ITEM0002253,ORD000747,PROD00018,3,10332.0,36.45
ITEM0002254,ORD000747,PROD00182,4,14673.61,38.56
ITEM0002255,ORD000748,PROD00104,3,66377.75,39.25
ITEM0002256,ORD000748,PROD00154,4,64117.37,16.69
ITEM0002257,ORD000748,PROD00200,3,57735.19,33.71
ITEM0002258,ORD000748,PROD00049,2,31242.91,14.0
ITEM0002259,ORD000749,PROD00044,3,65004.11,15.47
ITEM0002260,ORD000749,PROD00046,5,33769.53,4.39
ITEM0002261,ORD000749,PROD00080,4,5048.51,10.31
ITEM0002262,ORD000750,PROD00190,4,50124.93,4.37
ITEM0002263,ORD000751,PROD00077,1,50140.88,14.76
ITEM0002264,ORD000752,PROD00006,3,52161.82,19.6
ITEM0002265,ORD000752,PROD00020,4,61471.67,21.94
ITEM0002266,ORD000752,PROD00146,3,74168.54,10.51
ITEM0002267,ORD000752,PROD00128,1,73731.58,36.25
ITEM0002268,ORD000752,PROD00172,2,469.95,36.97
ITEM0002269,ORD000753,PROD00192,1,40382.74,2.42
ITEM0002270,ORD000753,PROD00104,1,45862.97,32.77
ITEM0002271,ORD000754,PROD00113,4,50663.31,35.28
ITEM0002272,ORD000754,PROD00172,3,524.24,37.89
ITEM0002273,ORD000755,PROD00012,5,65751.11,4.66
ITEM0002274,ORD000755,PROD00076,1,55581.86,15.29
ITEM0002275,ORD000755,PROD00037,4,35980.86,1.76
ITEM0002276,ORD000755,PROD00066,3,35290.18,14.4
ITEM0002277,ORD000756,PROD00040,4,18990.92,29.49
ITEM0002278,ORD000756,PROD00172,3,390.21,34.62
ITEM0002279,ORD000756,PROD00058,3,12411.66,31.86
ITEM0002280,ORD000756,PROD00153,1,53178.83,34.83
ITEM0002281,ORD000757,PROD00194,1,36960.22,17.95
ITEM0002282,ORD000757,PROD00029,3,18394.59,11.36
ITEM0002283,ORD000757,PROD00182,4,18083.54,21.18
ITEM0002284,ORD000758,PROD00124,1,31823.53,6.37
ITEM0002285,ORD000758,PROD00012,5,68527.28,11.98
ITEM0002286,ORD000758,PROD00111,3,57044.53,38.03
ITEM0002287,ORD000758,PROD00110,2,23465.66,6.34
ITEM0002288,ORD000759,PROD00191,5,22547.96,16.91
ITEM0002289,ORD000759,PROD00094,3,54578.56,2.18
ITEM0002290,ORD000760,PROD00174,3,44657.25,32.34
ITEM0002291,ORD000760,PROD00148,4,61797.8,30.93
ITEM0002292,ORD000760,PROD00027,5,76786.42,21.58
ITEM0002293,ORD000760,PROD00044,2,53422.27,16.2
ITEM0002294,ORD000760,PROD00176,5,37363.14,3.84
ITEM0002295,ORD000761,PROD00144,2,40145.59,32.95
ITEM0002296,ORD000762,PROD00018,2,10835.83,29.41
ITEM0002297,ORD000763,PROD00184,3,10280.2,24.76
ITEM0002298,ORD000763,PROD00062,5,50534.48,4.93
ITEM0002299,ORD000763,PROD00118,4,56489.39,17.42
ITEM0002300,ORD000763,PROD00016,5,63768.08,32.21
ITEM0002301,ORD000764,PROD00139,1,38655.43,14.39
ITEM0002302,ORD000764,PROD00102,4,34829.36,7.52
ITEM0002303,ORD000764,PROD00192,1,42089.06,7.11
ITEM0002304,ORD000765,PROD00093,1,8039.68,10.73
ITEM0002305,ORD000765,PROD00012,5,69733.51,18.52
ITEM0002306,ORD000765,PROD00141,5,27358.68,3.88
ITEM0002307,ORD000766,PROD00052,1,76051.37,17.48
ITEM0002308,ORD000766,PROD00163,3,25122.78,39.69
ITEM0002309,ORD000766,PROD00074,2,75101.47,30.21
ITEM0002310,ORD000766,PROD00031,2,40945.73,30.26
ITEM0002311,ORD000766,PROD00194,1,42109.77,32.48
ITEM0002312,ORD000767,PROD00001,4,73824.37,15.35
ITEM0002313,ORD000767,PROD00182,2,18385.28,24.95
ITEM0002314,ORD000767,PROD00137,-2,46248.49,24.42
ITEM0002315,ORD000767,PROD00156,3,14991.39,32.86
ITEM0002316,ORD000768,PROD00068,2,49685.7,21.19
ITEM0002317,ORD000769,PROD00041,4,39800.64,4.54
ITEM0002318,ORD000770,PROD00002,1,16540.16,25.22
ITEM0002319,ORD000770,PROD00176,1,51551.81,21.82
ITEM0002320,ORD000771,PROD00126,5,63131.61,0.01
ITEM0002321,ORD000771,PROD00085,4,43029.26,15.31
ITEM0002322,ORD000771,PROD00077,5,48673.7,0.11
ITEM0002323,ORD000772,PROD00089,1,37419.48,5.6
ITEM0002324,ORD000772,PROD00081,1,17380.83,14.79
ITEM0002325,ORD000773,PROD00030,2,54585.91,3.22
ITEM0002326,ORD000774,PROD00142,3,25947.4,14.46
ITEM0002327,ORD000774,PROD00131,5,66828.24,4.81
ITEM0002328,ORD000774,PROD00122,3,49856.54,0.98
ITEM0002329,ORD000774,PROD00173,3,20243.29,0.88
ITEM0002330,ORD000775,PROD00127,1,6020.66,29.4
ITEM0002331,ORD000776,PROD00018,2,8462.32,30.87
ITEM0002332,ORD000776,PROD00085,5,39317.9,30.97
ITEM0002333,ORD000776,PROD00110,5,25620.64,9.05
ITEM0002334,ORD000777,PROD00157,3,13770.79,8.15
ITEM0002335,ORD000777,PROD00052,1,66670.12,7.95
ITEM0002336,ORD000777,PROD00011,4,23782.01,12.07
ITEM0002337,ORD000777,PROD00146,1,53537.8,8.21
ITEM0002338,ORD000778,PROD00158,5,29804.61,2.78
ITEM0002339,ORD000778,PROD00023,4,30928.41,11.49
ITEM0002340,ORD000778,PROD00036,3,52774.35,17.1
ITEM0002341,ORD000779,PROD00022,3,61073.97,23.85
ITEM0002342,ORD000779,PROD00169,3,38031.17,22.08
ITEM0002343,ORD000780,PROD00095,5,28080.24,39.69
ITEM0002344,ORD000781,PROD00098,1,51370.36,24.69
ITEM0002345,ORD000781,PROD00180,4,48621.07,9.59
ITEM0002346,ORD000781,PROD00060,1,10657.73,0.31
ITEM0002347,ORD000782,PROD00054,5,23435.37,30.36
ITEM0002348,ORD000782,PROD00062,5,59001.2,30.74
ITEM0002349,ORD000783,PROD00007,2,33123.31,10.34
ITEM0002350,ORD000783,PROD00157,-2,14298.07,33.4
ITEM0002351,ORD000783,PROD00186,4,44177.31,12.13
ITEM0002352,ORD000784,PROD00128,4,48114.02,6.41
ITEM0002353,ORD000785,PROD00123,4,60491.32,20.14
ITEM0002354,ORD000785,PROD00188,4,8579.69,2.32
ITEM0002355,ORD000785,PROD00130,5,40795.51,5.89
ITEM0002356,ORD000786,PROD00012,1,64087.92,39.73
ITEM0002357,ORD000786,PROD00145,3,34395.28,2.02
ITEM0002358,ORD000787,PROD00093,2,6878.47,22.54
ITEM0002359,ORD000787,PROD00026,4,57943.9,16.15
ITEM0002360,ORD000787,PROD00135,2,50119.17,26.01
ITEM0002361,ORD000787,PROD00178,5,16754.77,15.49
ITEM0002362,ORD000788,PROD00097,4,71073.19,20.17
ITEM0002363,ORD000789,PROD00017,2,25389.38,21.77
ITEM0002364,ORD000789,PROD00041,3,45023.21,0.93
ITEM0002365,ORD000789,PROD00125,1,71915.9,23.87
ITEM0002366,ORD000789,PROD00151,3,2180.16,24.45
ITEM0002367,ORD000789,PROD00013,5,46388.44,8.68
ITEM0002368,ORD000790,PROD00143,2,6689.33,29.0
ITEM0002369,ORD000791,PROD00140,4,45248.6,1.78
ITEM0002370,ORD000791,PROD00089,3,47573.27,21.36
ITEM0002371,ORD000791,PROD00186,4,54587.46,12.73
ITEM0002372,ORD000791,PROD00067,4,51345.28,25.38
ITEM0002373,ORD000791,PROD00066,2,32926.11,2.81
ITEM0002374,ORD000792,PROD00177,3,56706.54,36.88
ITEM0002375,ORD000792,PROD00008,5,56263.37,27.35
ITEM0002376,ORD000792,PROD00109,1,53549.24,28.99
ITEM0002377,ORD000792,PROD00181,-3,40642.31,20.96
ITEM0002378,ORD000792,PROD00192,3,43764.91,33.64
ITEM0002379,ORD000793,PROD00028,5,71145.83,0.92
ITEM0002380,ORD000793,PROD00033,1,26789.6,38.19
ITEM0002381,ORD000793,PROD00108,1,39702.09,29.36
ITEM0002382,ORD000793,PROD00189,1,7759.03,6.68
ITEM0002383,ORD000794,PROD00123,4,87076.91,10.8
ITEM0002384,ORD000795,PROD00155,1,34155.19,21.78
ITEM0002385,ORD000795,PROD00071,1,21512.55,34.56
ITEM0002386,ORD000795,PROD00185,4,15182.83,21.12
ITEM0002387,ORD000795,PROD00065,4,70354.93,28.6
ITEM0002388,ORD000795,PROD00064,1,26480.03,13.28
ITEM0002389,ORD000796,PROD00076,5,62546.04,20.44
ITEM0002390,ORD000796,PROD00105,4,50766.51,5.01
ITEM0002391,ORD000796,PROD00099,3,48707.17,13.36
ITEM0002392,ORD000796,PROD00036,4,60097.38,24.41
ITEM0002393,ORD000797,PROD00156,4,13211.06,10.85
ITEM0002394,ORD000797,PROD00015,1,56860.25,39.56
ITEM0002395,ORD000797,PROD00119,2,24325.53,17.53
ITEM0002396,ORD000797,PROD00042,2,65783.09,26.84
ITEM0002397,ORD000797,PROD00035,2,15263.64,32.14
ITEM0002398,ORD000798,PROD00171,3,69273.46,10.12
ITEM0002399,ORD000798,PROD00193,4,291.22,16.49
ITEM0002400,ORD000798,PROD00156,1,10549.05,14.42
ITEM0002401,ORD000798,PROD00135,3,53399.58,2.07
ITEM0002402,ORD000798,PROD00100,2,4536.83,37.04
ITEM0002403,ORD000799,PROD00198,4,22815.17,14.63
ITEM0002404,ORD000799,PROD00149,1,38723.66,3.09
ITEM0002405,ORD000799,PROD00042,4,75199.25,34.21
ITEM0002406,ORD000800,PROD00150,1,16950.11,31.33
ITEM0002407,ORD000801,PROD00022,3,64891.68,23.72
ITEM0002408,ORD000801,PROD00002,3,21978.68,37.42
ITEM0002409,ORD000801,PROD00013,1,38402.23,35.4
ITEM0002410,ORD000801,PROD00153,4,40055.75,29.41
ITEM0002411,ORD000801,PROD00028,3,82490.64,26.03
ITEM0002412,ORD000802,PROD00002,2,16708.29,26.99
ITEM0002413,ORD000802,PROD00166,4,529.8,32.98
ITEM0002414,ORD000803,PROD00128,2,51542.32,16.47
ITEM0002415,ORD000804,PROD00096,1,3779.53,2.36
ITEM0002416,ORD000804,PROD00199,4,7869.1,2.63
ITEM0002417,ORD000804,PROD00103,4,41650.33,26.76
ITEM0002418,ORD000804,PROD00146,2,58183.16,38.02
ITEM0002419,ORD000805,PROD00070,3,49040.07,33.28
ITEM0002420,ORD000805,PROD00046,4,32467.35,36.7
ITEM0002421,ORD000805,PROD00038,3,41418.6,12.8
ITEM0002422,ORD000805,PROD00118,4,59781.68,26.88
ITEM0002423,ORD000806,PROD00021,3,21746.96,35.09
ITEM0002424,ORD000806,PROD00106,5,59702.35,19.94
ITEM0002425,ORD000806,PROD00004,5,3943.76,12.66
ITEM0002426,ORD000807,PROD00016,3,79110.57,6.55
ITEM0002427,ORD000807,PROD00067,5,47666.23,33.62
ITEM0002428,ORD000808,PROD00196,1,31580.65,37.66
ITEM0002429,ORD000808,PROD00059,1,79742.85,9.84
ITEM0002430,ORD000809,PROD00155,3,30821.46,30.98
ITEM0002431,ORD000809,PROD00127,2,5112.73,12.36
ITEM0002432,ORD000810,PROD00135,3,59112.24,2.15
ITEM0002433,ORD000810,PROD00110,4,35076.57,5.18
ITEM0002434,ORD000810,PROD00128,4,68279.02,36.54
ITEM0002435,ORD000810,PROD00178,5,11856.81,30.94
ITEM0002436,ORD000811,PROD00145,4,34167.86,35.92
ITEM0002437,ORD000812,PROD00006,5,54550.32,11.66
ITEM0002438,ORD000813,PROD00158,5,21179.14,15.17
ITEM0002439,ORD000813,PROD00131,1,49022.66,5.07
ITEM0002440,ORD000814,PROD00130,1,40657.96,34.67
ITEM0002441,ORD000814,PROD00090,5,439.81,0.07
ITEM0002442,ORD000814,PROD00155,4,35261.21,22.72
ITEM0002443,ORD000815,PROD00197,3,8001.64,14.03
ITEM0002444,ORD000815,PROD00136,1,12800.0,39.76
ITEM0002445,ORD000815,PROD00191,2,31311.76,11.01
ITEM0002446,ORD000816,PROD00178,-3,11892.51,37.6
ITEM0002447,ORD000816,PROD00007,3,34961.15,11.7
ITEM0002448,ORD000816,PROD00132,4,9283.16,31.34
ITEM0002449,ORD000816,PROD00198,3,27718.73,29.7
ITEM0002450,ORD000817,PROD00177,2,72975.41,2.93
ITEM0002451,ORD000817,PROD00187,1,40709.34,12.34
ITEM0002452,ORD000818,PROD00025,3,17044.19,30.73
ITEM0002453,ORD000818,PROD00169,5,32475.1,30.69
ITEM0002454,ORD000819,PROD00014,4,54938.24,14.84
ITEM0002455,ORD000819,PROD00125,1,70663.89,37.31
ITEM0002456,ORD000819,PROD00015,2,59808.56,16.19
ITEM0002457,ORD000819,PROD00095,2,22169.2,13.39
ITEM0002458,ORD000820,PROD00001,5,48755.82,29.55
ITEM0002459,ORD000820,PROD00197,5,7798.8,31.65
ITEM0002460,ORD000821,PROD00113,4,41034.29,13.15
ITEM0002461,ORD000821,PROD00155,2,36195.31,24.87
ITEM0002462,ORD000822,PROD00100,5,4118.64,11.08
ITEM0002463,ORD000822,PROD00145,5,35767.43,8.98
ITEM0002464,ORD000823,PROD00093,4,9769.27,29.69
ITEM0002465,ORD000823,PROD00116,-2,40444.66,14.08
ITEM0002466,ORD000823,PROD00184,5,7756.26,19.27
ITEM0002467,ORD000823,PROD00146,5,72467.07,39.76
ITEM0002468,ORD000823,PROD00040,3,21422.72,29.38
ITEM0002469,ORD000824,PROD00053,4,74460.73,30.96
ITEM0002470,ORD000824,PROD00019,2,4968.42,32.69
ITEM0002471,ORD000825,PROD00099,1,68790.96,15.18
ITEM0002472,ORD000825,PROD00017,2,22028.49,0.82
ITEM0002473,ORD000825,PROD00158,-1,20293.11,21.13
ITEM0002474,ORD000826,PROD00170,5,3110.98,30.21
ITEM0002475,ORD000826,PROD00157,1,18416.81,14.04
ITEM0002476,ORD000826,PROD00198,3,22758.11,35.9
ITEM0002477,ORD000827,PROD00167,2,9934.22,28.01
ITEM0002478,ORD000828,PROD00056,2,57829.43,22.25
ITEM0002479,ORD000828,PROD00127,2,5386.18,37.02
ITEM0002480,ORD000828,PROD00099,4,66395.04,7.16
ITEM0002481,ORD000829,PROD00174,3,35795.9,10.41
ITEM0002482,ORD000829,PROD00157,5,16240.92,34.37
ITEM0002483,ORD000829,PROD00122,-2,60621.97,7.71
ITEM0002484,ORD000829,PROD00082,3,56653.97,24.35
ITEM0002485,ORD000829,PROD00050,1,73812.18,22.58
ITEM0002486,ORD000830,PROD00081,4,16059.21,10.51
ITEM0002487,ORD000830,PROD00174,3,32552.99,22.99
ITEM0002488,ORD000830,PROD00148,2,65699.45,17.87
ITEM0002489,ORD000831,PROD00091,2,49004.42,16.56
ITEM0002490,ORD000832,PROD00002,1,21567.21,6.24
ITEM0002491,ORD000832,PROD00166,1,554.16,37.51
ITEM0002492,ORD000832,PROD00114,5,39567.26,5.22
ITEM0002493,ORD000833,PROD00123,1,62924.37,33.15
ITEM0002494,ORD000834,PROD00107,4,79545.51,27.45
ITEM0002495,ORD000834,PROD00110,1,31963.42,2.18
ITEM0002496,ORD000834,PROD00020,3,76454.32,30.75
ITEM0002497,ORD000835,PROD00048,3,2092.64,15.14
ITEM0002498,ORD000836,PROD00119,4,22531.45,18.32
ITEM0002499,ORD000836,PROD00095,2,28136.14,19.06
ITEM0002500,ORD000836,PROD00108,1,51341.72,13.5
ITEM0002501,ORD000837,PROD00134,2,22273.24,2.18
ITEM0002502,ORD000837,PROD00084,4,50152.74,7.43
ITEM0002503,ORD000837,PROD00158,4,25706.34,34.55
ITEM0002504,ORD000837,PROD00006,4,68324.71,13.38
ITEM0002505,ORD000838,PROD00057,3,29866.76,23.86
ITEM0002506,ORD000838,PROD00004,5,3135.44,35.64
ITEM0002507,ORD000838,PROD00083,5,55771.57,37.38
ITEM0002508,ORD000838,PROD00053,4,58402.94,34.71
ITEM0002509,ORD000839,PROD00029,5,17086.94,17.34
ITEM0002510,ORD000839,PROD00013,1,43827.43,2.34
ITEM0002511,ORD000839,PROD00111,4,71544.38,22.96
ITEM0002512,ORD000839,PROD00102,4,33653.82,17.23
ITEM0002513,ORD000840,PROD00027,3,59495.49,1.29
ITEM0002514,ORD000840,PROD00153,4,52832.53,21.98
ITEM0002515,ORD000841,PROD00158,2,25340.97,37.21
ITEM0002516,ORD000841,PROD00108,5,49254.09,19.6
ITEM0002517,ORD000841,PROD00018,4,9579.69,22.53
ITEM0002518,ORD000842,PROD00130,5,31622.3,21.24
ITEM0002519,ORD000842,PROD00040,4,24842.41,17.88
ITEM0002520,ORD000842,PROD00066,5,34648.61,27.84
ITEM0002521,ORD000842,PROD00200,-1,49766.15,17.61
ITEM0002522,ORD000842,PROD00056,3,68370.06,13.32
ITEM0002523,ORD000843,PROD00005,2,65325.0,34.32
ITEM0002524,ORD000843,PROD00030,1,48982.99,13.1
ITEM0002525,ORD000843,PROD00050,5,86540.0,11.08
ITEM0002526,ORD000844,PROD00041,3,54453.54,25.7
ITEM0002527,ORD000844,PROD00137,1,50177.96,17.98
ITEM0002528,ORD000844,PROD00047,3,15486.52,11.14
ITEM0002529,ORD000844,PROD00076,2,61517.79,14.95
ITEM0002530,ORD000844,PROD00193,2,338.01,21.55
ITEM0002531,ORD000845,PROD00031,1,31381.07,20.51
ITEM0002532,ORD000845,PROD00168,2,53320.15,23.21
ITEM0002533,ORD000846,PROD00007,4,34701.4,12.15
ITEM0002534,ORD000847,PROD00073,3,6283.06,21.85
ITEM0002535,ORD000847,PROD00154,5,68639.34,24.65
ITEM0002536,ORD000847,PROD00068,4,51401.82,35.47
ITEM0002537,ORD000848,PROD00160,2,41019.86,33.67
ITEM0002538,ORD000849,PROD00014,1,76112.71,33.07
ITEM0002539,ORD000849,PROD00006,3,50920.58,3.23
ITEM0002540,ORD000849,PROD00160,4,49959.84,15.55
ITEM0002541,ORD000849,PROD00129,4,69132.08,33.41
ITEM0002542,ORD000849,PROD00110,1,27629.38,34.62
ITEM0002543,ORD000850,PROD00143,3,8423.67,29.76
ITEM0002544,ORD000851,PROD00142,1,29900.96,25.9
ITEM0002545,ORD000851,PROD00040,5,24636.69,12.89
ITEM0002546,ORD000851,PROD00072,3,9525.49,1.34
ITEM0002547,ORD000852,PROD00051,1,21740.88,20.8
ITEM0002548,ORD000853,PROD00024,4,22017.44,6.09
ITEM0002549,ORD000853,PROD00115,3,67945.95,18.73
ITEM0002550,ORD000853,PROD00089,1,42035.93,23.59
ITEM0002551,ORD000853,PROD00151,5,3263.97,7.25
ITEM0002552,ORD000854,PROD00020,1,50876.92,34.45
ITEM0002553,ORD000854,PROD00154,2,53974.76,24.91
ITEM0002554,ORD000854,PROD00147,2,36541.06,30.08
ITEM0002555,ORD000855,PROD00015,2,67881.23,6.89
ITEM0002556,ORD000855,PROD00137,3,52461.73,10.56
ITEM0002557,ORD000855,PROD00084,3,45366.92,7.27
ITEM0002558,ORD000855,PROD00148,1,47444.36,12.53
ITEM0002559,ORD000856,PROD00123,1,76506.59,14.83
ITEM0002560,ORD000856,PROD00104,2,61497.03,30.51
ITEM0002561,ORD000856,PROD00155,3,39261.5,9.94
ITEM0002562,ORD000857,PROD00121,-1,60621.11,9.69
ITEM0002563,ORD000857,PROD00093,2,9798.97,5.99
ITEM0002564,ORD000858,PROD00038,2,42310.04,8.18
ITEM0002565,ORD000858,PROD00072,4,8758.74,35.43
ITEM0002566,ORD000859,PROD00112,-1,67283.46,14.95
ITEM0002567,ORD000859,PROD00043,-3,24617.31,27.63
ITEM0002568,ORD000859,PROD00142,5,26452.31,35.73
ITEM0002569,ORD000860,PROD00044,5,48313.45,15.16
ITEM0002570,ORD000860,PROD00157,3,16473.64,29.94
ITEM0002571,ORD000860,PROD00075,4,14884.97,17.11
ITEM0002572,ORD000860,PROD00011,3,35123.06,38.07
ITEM0002573,ORD000860,PROD00122,4,47803.53,2.42
ITEM0002574,ORD000861,PROD00138,2,41886.36,37.48
ITEM0002575,ORD000861,PROD00035,4,17897.39,14.93
ITEM0002576,ORD000861,PROD00174,-1,40057.98,34.0
ITEM0002577,ORD000862,PROD00192,1,46136.08,34.98
ITEM0002578,ORD000862,PROD00007,4,32821.09,13.5
ITEM0002579,ORD000862,PROD00199,5,7050.2,27.03
ITEM0002580,ORD000862,PROD00056,4,55145.32,39.49
ITEM0002581,ORD000863,PROD00151,3,2372.2,7.37
ITEM0002582,ORD000863,PROD00138,5,41578.05,3.01
ITEM0002583,ORD000863,PROD00121,2,61869.63,31.06
ITEM0002584,ORD000863,PROD00003,5,39301.7,33.11
ITEM0002585,ORD000863,PROD00135,3,58313.07,30.38
ITEM0002586,ORD000864,PROD00195,2,5914.95,37.07
ITEM0002587,ORD000864,PROD00100,2,3794.45,21.67
ITEM0002588,ORD000864,PROD00070,2,63610.05,30.86
ITEM0002589,ORD000864,PROD00074,3,73500.06,5.26
ITEM0002590,ORD000865,PROD00176,4,34415.93,27.11
ITEM0002591,ORD000865,PROD00188,1,12090.86,17.3
ITEM0002592,ORD000865,PROD00099,2,61598.37,10.52
ITEM0002593,ORD000865,PROD00032,4,64821.1,21.17
ITEM0002594,ORD000865,PROD00054,2,24454.79,2.82
ITEM0002595,ORD000866,PROD00150,4,14484.23,27.76
ITEM0002596,ORD000866,PROD00133,3,47313.89,31.8
ITEM0002597,ORD000867,PROD00193,4,368.11,25.36
ITEM0002598,ORD000868,PROD00097,4,72814.04,12.64
ITEM0002599,ORD000868,PROD00154,5,57535.09,12.0
ITEM0002600,ORD000868,PROD00086,3,6274.4,21.15
ITEM0002601,ORD000869,PROD00150,5,22897.06,30.5
ITEM0002602,ORD000869,PROD00173,1,29710.89,0.15
ITEM0002603,ORD000869,PROD00001,5,69530.27,36.56
ITEM0002604,ORD000869,PROD00174,4,32951.71,31.2
ITEM0002605,ORD000869,PROD00141,1,27485.28,13.35
ITEM0002606,ORD000870,PROD00170,4,2367.16,4.52
ITEM0002607,ORD000870,PROD00130,4,38918.41,28.56
ITEM0002608,ORD000870,PROD00074,4,75164.33,8.5
ITEM0002609,ORD000870,PROD00067,2,48451.08,2.91
ITEM0002610,ORD000870,PROD00198,5,20575.8,12.18
ITEM0002611,ORD000871,PROD00077,4,54947.16,19.53
ITEM0002612,ORD000871,PROD00179,4,53080.56,31.48
ITEM0002613,ORD000871,PROD00062,5,51014.22,30.37
ITEM0002614,ORD000871,PROD00012,5,71129.01,18.9
ITEM0002615,ORD000871,PROD00198,5,21039.82,38.15
ITEM0002616,ORD000872,PROD00027,4,57827.93,27.67
ITEM0002617,ORD000872,PROD00032,1,52004.31,5.25
ITEM0002618,ORD000873,PROD00028,5,57106.82,31.46
ITEM0002619,ORD000873,PROD00035,-1,15871.39,34.75
ITEM0002620,ORD000874,PROD00081,1,19342.77,24.44
ITEM0002621,ORD000874,PROD00135,4,43197.25,34.28
ITEM0002622,ORD000874,PROD00140,3,36279.67,18.14
ITEM0002623,ORD000874,PROD00142,1,34784.48,22.66
ITEM0002624,ORD000875,PROD00148,1,70399.17,0.74
ITEM0002625,ORD000876,PROD00118,2,56597.78,2.58
ITEM0002626,ORD000877,PROD00164,1,49716.19,26.5
ITEM0002627,ORD000877,PROD00044,2,44702.87,22.63
ITEM0002628,ORD000877,PROD00040,1,23258.48,12.47
ITEM0002629,ORD000877,PROD00050,3,66804.81,15.5
ITEM0002630,ORD000878,PROD00104,4,48050.08,19.64
ITEM0002631,ORD000878,PROD00010,3,37094.2,27.84
ITEM0002632,ORD000879,PROD00142,3,29471.12,38.42
ITEM0002633,ORD000879,PROD00002,1,22083.15,28.41
ITEM0002634,ORD000879,PROD00112,3,69682.93,1.43
ITEM0002635,ORD000879,PROD00189,5,7710.52,37.53
ITEM0002636,ORD000879,PROD00053,1,85023.2,14.53
ITEM0002637,ORD000880,PROD00187,1,41276.88,26.3
ITEM0002638,ORD000881,PROD00152,2,40643.94,34.59
ITEM0002639,ORD000882,PROD00039,2,28590.1,25.27
ITEM0002640,ORD000882,PROD00076,3,49892.65,22.54
ITEM0002641,ORD000882,PROD00001,4,53940.94,39.21
ITEM0002642,ORD000882,PROD00123,3,69970.23,8.02
ITEM0002643,ORD000882,PROD00080,5,5002.43,20.17
ITEM0002644,ORD000883,PROD00008,3,45973.05,5.66
ITEM0002645,ORD000884,PROD00125,4,66860.45,25.94
ITEM0002646,ORD000884,PROD00093,3,6472.62,33.21
ITEM0002647,ORD000884,PROD00012,-3,53710.1,25.33
ITEM0002648,ORD000884,PROD00024,3,26205.7,27.02
ITEM0002649,ORD000885,PROD00100,1,3672.31,4.22
ITEM0002650,ORD000885,PROD00191,5,20023.57,8.54
ITEM0002651,ORD000885,PROD00074,-2,79003.26,4.21
ITEM0002652,ORD000886,PROD00141,-3,22256.62,19.46
ITEM0002653,ORD000886,PROD00155,4,41954.19,4.8
ITEM0002654,ORD000886,PROD00002,5,21823.25,15.6
ITEM0002655,ORD000886,PROD00104,4,61817.5,32.1
ITEM0002656,ORD000886,PROD00191,1,30887.73,25.9
ITEM0002657,ORD000887,PROD00173,3,31007.91,29.33
ITEM0002658,ORD000887,PROD00164,3,60278.28,35.19
ITEM0002659,ORD000888,PROD00195,1,4921.35,38.79
ITEM0002660,ORD000888,PROD00164,4,49872.33,1.2
ITEM0002661,ORD000888,PROD00128,3,53617.89,19.52
ITEM0002662,ORD000888,PROD00043,1,24529.8,31.41
ITEM0002663,ORD000888,PROD00003,4,33785.44,36.28
ITEM0002664,ORD000889,PROD00076,3,59307.59,14.21
ITEM0002665,ORD000889,PROD00087,1,31491.45,25.13
ITEM0002666,ORD000889,PROD00056,4,76030.89,14.0
ITEM0002667,ORD000889,PROD00017,3,26111.98,36.7
ITEM0002668,ORD000890,PROD00115,3,54679.69,25.17
ITEM0002669,ORD000890,PROD00177,5,55615.72,20.83
ITEM0002670,ORD000891,PROD00067,5,34840.78,28.39
ITEM0002671,ORD000891,PROD00083,4,50703.58,33.44
ITEM0002672,ORD000892,PROD00002,4,13848.66,6.94
ITEM0002673,ORD000892,PROD00113,3,49245.57,8.09
ITEM0002674,ORD000892,PROD00076,2,50326.62,3.73
ITEM0002675,ORD000892,PROD00029,2,22250.9,36.3
ITEM0002676,ORD000893,PROD00077,1,42790.36,9.89
ITEM0002677,ORD000893,PROD00018,5,7609.8,30.85
ITEM0002678,ORD000893,PROD00126,2,64521.13,17.82
ITEM0002679,ORD000894,PROD00053,1,55448.47,36.69
ITEM0002680,ORD000894,PROD00055,5,42579.46,23.4
ITEM0002681,ORD000894,PROD00194,3,47006.68,4.36
ITEM0002682,ORD000894,PROD00157,4,14610.8,11.11
ITEM0002683,ORD000894,PROD00191,4,24483.78,18.54
ITEM0002684,ORD000895,PROD00098,5,44718.89,14.12
ITEM0002685,ORD000895,PROD00044,1,61979.38,39.95
ITEM0002686,ORD000895,PROD00085,2,54178.56,33.13
ITEM0002687,ORD000896,PROD00149,5,51283.98,6.83
ITEM0002688,ORD000896,PROD00145,1,28990.11,13.77
ITEM0002689,ORD000896,PROD00040,1,17631.08,21.15
ITEM0002690,ORD000896,PROD00092,3,16458.26,5.64
ITEM0002691,ORD000896,PROD00120,5,75192.8,13.49
ITEM0002692,ORD000897,PROD00031,5,26044.12,13.96
ITEM0002693,ORD000897,PROD00138,2,42850.91,30.85
ITEM0002694,ORD000897,PROD00196,3,28302.0,38.83
ITEM0002695,ORD000897,PROD00032,1,67028.73,21.65
ITEM0002696,ORD000897,PROD00145,2,36049.02,21.09
ITEM0002697,ORD000898,PROD00027,4,61040.27,16.07
ITEM0002698,ORD000899,PROD00179,5,62057.52,4.92
ITEM0002699,ORD000899,PROD00177,-1,84178.85,35.25
ITEM0002700,ORD000900,PROD00118,3,46649.83,28.27
ITEM0002701,ORD000900,PROD00009,-2,44845.96,39.53
ITEM0002702,ORD000900,PROD00155,3,30034.08,18.18
ITEM0002703,ORD000900,PROD00091,2,46519.16,12.21
ITEM0002704,ORD000900,PROD00125,3,74074.14,14.91
ITEM0002705,ORD000901,PROD00109,5,44184.63,15.09
ITEM0002706,ORD000901,PROD00156,2,11219.23,19.03
ITEM0002707,ORD000901,PROD00081,3,23154.43,19.56
ITEM0002708,ORD000901,PROD00154,5,48573.39,26.67
ITEM0002709,ORD000902,PROD00084,3,48485.7,39.03
ITEM0002710,ORD000903,PROD00017,1,32234.71,15.89
ITEM0002711,ORD000903,PROD00176,2,35986.47,23.09
ITEM0002712,ORD000903,PROD00060,4,14932.54,21.89
ITEM0002713,ORD000904,PROD00009,1,42351.08,0.3
ITEM0002714,ORD000904,PROD00091,2,53383.86,17.11
ITEM0002715,ORD000904,PROD00185,3,20468.54,8.6
ITEM0002716,ORD000904,PROD00161,1,11251.12,38.8
ITEM0002717,ORD000905,PROD00068,4,55164.96,32.19
ITEM0002718,ORD000905,PROD00050,2,67687.34,2.62
ITEM0002719,ORD000905,PROD00074,3,63001.83,37.01
ITEM0002720,ORD000905,PROD00020,4,52923.28,18.45
ITEM0002721,ORD000905,PROD00049,2,38128.69,12.48
ITEM0002722,ORD000906,PROD00083,4,77790.68,39.59
ITEM0002723,ORD000906,PROD00090,1,477.68,20.47
ITEM0002724,ORD000906,PROD00107,2,68349.46,9.26
ITEM0002725,ORD000907,PROD00004,5,4697.13,10.74
ITEM0002726,ORD000908,PROD00050,4,70859.45,39.82
ITEM0002727,ORD000908,PROD00012,3,72708.92,0.39
ITEM0002728,ORD000908,PROD00032,1,71566.89,31.69
ITEM0002729,ORD000908,PROD00077,1,53362.98,24.83
ITEM0002730,ORD000908,PROD00141,2,24493.63,37.92
ITEM0002731,ORD000909,PROD00143,4,5964.94,8.21
ITEM0002732,ORD000909,PROD00135,1,60303.14,32.46
ITEM0002733,ORD000910,PROD00056,5,58644.14,3.75
ITEM0002734,ORD000910,PROD00196,4,39777.62,30.52
ITEM0002735,ORD000910,PROD00112,2,57254.03,39.83
ITEM0002736,ORD000910,PROD00052,1,76402.6,0.13
ITEM0002737,ORD000911,PROD00190,4,39646.92,16.5
ITEM0002738,ORD000911,PROD00059,4,56842.26,27.62
ITEM0002739,ORD000911,PROD00071,1,19852.74,9.35
ITEM0002740,ORD000911,PROD00146,2,74182.6,6.45
ITEM0002741,ORD000911,PROD00029,5,17598.53,3.01
ITEM0002742,ORD000912,PROD00054,5,23544.64,1.37
ITEM0002743,ORD000912,PROD00169,2,29670.73,2.54
ITEM0002744,ORD000912,PROD00149,2,43304.16,12.44
ITEM0002745,ORD000913,PROD00195,-3,5556.59,23.91
ITEM0002746,ORD000913,PROD00134,-1,24390.73,27.64
ITEM0002747,ORD000913,PROD00117,5,15915.06,13.54
ITEM0002748,ORD000913,PROD00104,5,46515.47,19.23
ITEM0002749,ORD000914,PROD00045,2,69801.97,25.35
ITEM0002750,ORD000915,PROD00166,1,551.06,35.71
ITEM0002751,ORD000915,PROD00139,2,53498.84,25.85
ITEM0002752,ORD000915,PROD00085,3,45737.17,13.93
ITEM0002753,ORD000915,PROD00163,2,28882.23,16.87
ITEM0002754,ORD000915,PROD00146,2,54725.77,38.66
ITEM0002755,ORD000916,PROD00011,3,34335.58,16.57
ITEM0002756,ORD000916,PROD00113,1,37976.24,31.99
ITEM0002757,ORD000917,PROD00060,4,12974.44,1.17
ITEM0002758,ORD000917,PROD00014,3,67345.81,1.5
ITEM0002759,ORD000918,PROD00071,1,27070.59,22.45
ITEM0002760,ORD000919,PROD00066,1,50496.98,35.48
ITEM0002761,ORD000920,PROD00010,4,32566.36,21.94
ITEM0002762,ORD000920,PROD00144,3,41082.44,8.56
ITEM0002763,ORD000921,PROD00140,4,53258.06,32.12
ITEM0002764,ORD000921,PROD00166,4,476.46,16.29
ITEM0002765,ORD000921,PROD00143,2,7953.05,26.01
ITEM0002766,ORD000921,PROD00109,1,57998.28,16.31
ITEM0002767,ORD000922,PROD00150,1,20724.22,23.75
ITEM0002768,ORD000922,PROD00013,2,58252.76,16.61
ITEM0002769,ORD000922,PROD00110,2,31343.16,19.03
ITEM0002770,ORD000922,PROD00093,3,8159.85,3.42
ITEM0002771,ORD000922,PROD00198,3,24355.34,13.71
ITEM0002772,ORD000923,PROD00124,2,33050.52,11.06
ITEM0002773,ORD000923,PROD00183,2,69121.01,21.43
ITEM0002774,ORD000923,PROD00127,5,5865.84,7.67
ITEM0002775,ORD000923,PROD00135,5,59064.49,36.16
ITEM0002776,ORD000924,PROD00195,4,4330.41,5.22
ITEM0002777,ORD000924,PROD00159,1,52269.63,33.3
ITEM0002778,ORD000925,PROD00128,4,71040.23,6.92
ITEM0002779,ORD000925,PROD00164,5,64215.97,36.52
ITEM0002780,ORD000925,PROD00016,1,74004.75,38.5
ITEM0002781,ORD000925,PROD00040,4,17219.3,6.47
ITEM0002782,ORD000926,PROD00001,1,56304.64,19.63
ITEM0002783,ORD000926,PROD00058,2,15491.34,35.68
ITEM0002784,ORD000926,PROD00131,1,60090.45,15.01
ITEM0002785,ORD000927,PROD00031,1,35435.64,23.74
ITEM0002786,ORD000927,PROD00004,1,4656.29,33.92
ITEM0002787,ORD000927,PROD00135,2,52994.67,8.26
ITEM0002788,ORD000928,PROD00061,3,32972.64,27.05
ITEM0002789,ORD000929,PROD00151,1,2134.65,37.62
ITEM0002790,ORD000929,PROD00075,3,18073.33,18.99
ITEM0002791,ORD000929,PROD00047,2,20993.29,22.21
ITEM0002792,ORD000930,PROD00176,4,46840.99,30.18
ITEM0002793,ORD000931,PROD00101,4,33450.64,28.68
ITEM0002794,ORD000931,PROD00016,3,54413.24,22.89
ITEM0002795,ORD000931,PROD00087,-1,45023.54,37.12
ITEM0002796,ORD000932,PROD00105,1,59174.14,7.75
ITEM0002797,ORD000933,PROD00113,1,47188.74,6.58
ITEM0002798,ORD000934,PROD00178,5,11060.69,3.38
ITEM0002799,ORD000934,PROD00096,4,3970.59,39.0
ITEM0002800,ORD000934,PROD00097,3,70880.86,14.48
ITEM0002801,ORD000935,PROD00005,2,66436.3,14.91
ITEM0002802,ORD000935,PROD00099,5,59938.24,32.51
ITEM0002803,ORD000935,PROD00143,5,9196.95,23.54
ITEM0002804,ORD000935,PROD00049,1,35047.0,31.26
ITEM0002805,ORD000936,PROD00132,3,9184.9,1.45
ITEM0002806,ORD000937,PROD00075,2,18578.74,8.92
ITEM0002807,ORD000938,PROD00135,2,57274.41,15.61
ITEM0002808,ORD000938,PROD00114,2,48088.58,24.5
ITEM0002809,ORD000938,PROD00067,2,45957.06,35.75
ITEM0002810,ORD000939,PROD00006,3,50541.48,37.75
ITEM0002811,ORD000939,PROD00154,2,48747.64,7.89
ITEM0002812,ORD000940,PROD00085,1,57050.43,19.02
ITEM0002813,ORD000940,PROD00113,4,46734.63,34.1
ITEM0002814,ORD000940,PROD00156,2,16225.86,2.3
ITEM0002815,ORD000941,PROD00108,5,55972.52,17.68
ITEM0002816,ORD000941,PROD00090,3,341.63,31.5
ITEM0002817,ORD000942,PROD00026,4,60705.37,39.87
ITEM0002818,ORD000942,PROD00061,5,45805.31,25.75
ITEM0002819,ORD000942,PROD00103,2,46106.59,24.06
ITEM0002820,ORD000943,PROD00056,3,63068.87,18.06
ITEM0002821,ORD000943,PROD00120,2,51625.16,24.19
ITEM0002822,ORD000943,PROD00021,1,23866.23,21.52
ITEM0002823,ORD000943,PROD00151,3,3224.8,8.14
ITEM0002824,ORD000944,PROD00036,1,53604.52,15.55
ITEM0002825,ORD000944,PROD00097,5,61324.58,33.65
ITEM0002826,ORD000944,PROD00151,5,2558.21,34.86
ITEM0002827,ORD000944,PROD00115,4,64388.56,9.28
ITEM0002828,ORD000944,PROD00104,3,47472.0,27.71
ITEM0002829,ORD000945,PROD00150,5,16955.22,2.12
ITEM0002830,ORD000945,PROD00010,3,35100.48,11.15
ITEM0002831,ORD000945,PROD00191,4,21487.61,12.01
ITEM0002832,ORD000946,PROD00186,1,36053.15,13.36
ITEM0002833,ORD000946,PROD00039,2,31759.06,11.09
ITEM0002834,ORD000946,PROD00123,3,87007.27,34.88
ITEM0002835,ORD000947,PROD00157,4,18648.19,9.57
ITEM0002836,ORD000947,PROD00032,5,73037.81,1.24
ITEM0002837,ORD000948,PROD00106,1,63622.65,0.74
ITEM0002838,ORD000948,PROD00134,3,25881.2,19.21
ITEM0002839,ORD000948,PROD00154,-3,60077.34,1.18
ITEM0002840,ORD000949,PROD00148,2,67697.76,24.03
ITEM0002841,ORD000949,PROD00168,3,53661.0,37.94
ITEM0002842,ORD000950,PROD00123,2,56721.73,39.3
ITEM0002843,ORD000950,PROD00178,1,13903.44,7.25
ITEM0002844,ORD000950,PROD00198,4,29179.36,34.03
ITEM0002845,ORD000950,PROD00078,4,32893.21,31.82
ITEM0002846,ORD000950,PROD00174,4,36706.01,21.37
ITEM0002847,ORD000951,PROD00003,4,34082.5,27.39
ITEM0002848,ORD000951,PROD00051,4,17583.24,24.4
ITEM0002849,ORD000952,PROD00102,1,39244.71,9.0
ITEM0002850,ORD000952,PROD00094,2,55319.23,38.63
ITEM0002851,ORD000952,PROD00071,3,18731.08,4.36
ITEM0002852,ORD000952,PROD00146,2,48857.01,21.63
ITEM0002853,ORD000953,PROD00020,5,65161.12,35.87
ITEM0002854,ORD000954,PROD00042,1,59547.98,34.34
ITEM0002855,ORD000954,PROD00137,3,50002.66,15.98
ITEM0002856,ORD000954,PROD00003,4,43475.18,1.53
ITEM0002857,ORD000954,PROD00007,2,39226.83,7.53
ITEM0002858,ORD000954,PROD00173,3,20620.8,12.02
ITEM0002859,ORD000955,PROD00032,5,65736.61,27.81
ITEM0002860,ORD000955,PROD00081,4,19197.62,39.04
ITEM0002861,ORD000955,PROD00164,2,61950.97,32.57
ITEM0002862,ORD000956,PROD00191,5,23662.68,6.19
ITEM0002863,ORD000956,PROD00051,3,17145.56,12.82
ITEM0002864,ORD000956,PROD00062,4,49882.56,34.75
ITEM0002865,ORD000956,PROD00058,2,18940.52,33.65
ITEM0002866,ORD000956,PROD00085,3,37202.95,16.58
ITEM0002867,ORD000957,PROD00004,5,3587.34,25.45
ITEM0002868,ORD000958,PROD00063,2,41371.77,25.38
ITEM0002869,ORD000958,PROD00172,3,396.6,29.91
ITEM0002870,ORD000958,PROD00047,1,17051.43,30.37
ITEM0002871,ORD000958,PROD00164,4,61183.64,6.94
ITEM0002872,ORD000959,PROD00078,5,33443.9,30.15
ITEM0002873,ORD000959,PROD00173,5,29877.7,4.58
ITEM0002874,ORD000959,PROD00014,2,82542.7,39.28
ITEM0002875,ORD000960,PROD00164,4,51232.21,39.42
ITEM0002876,ORD000960,PROD00068,4,57344.29,25.86
ITEM0002877,ORD000960,PROD00047,5,15759.84,30.34
ITEM0002878,ORD000961,PROD00073,3,6540.28,18.53
ITEM0002879,ORD000961,PROD00183,1,72219.2,29.41
ITEM0002880,ORD000961,PROD00117,-3,23725.2,35.39
ITEM0002881,ORD000961,PROD00086,3,5854.84,13.83
ITEM0002882,ORD000961,PROD00019,3,4466.59,14.05
ITEM0002883,ORD000962,PROD00016,4,54182.71,24.97
ITEM0002884,ORD000962,PROD00103,3,58616.69,18.17
ITEM0002885,ORD000963,PROD00040,3,20381.34,15.14
ITEM0002886,ORD000963,PROD00085,5,53910.1,10.86
ITEM0002887,ORD000963,PROD00062,2,63836.51,27.52
ITEM0002888,ORD000963,PROD00001,1,49014.15,39.59
ITEM0002889,ORD000964,PROD00028,1,85664.75,22.41
ITEM0002890,ORD000964,PROD00148,3,63384.98,23.27
ITEM0002891,ORD000965,PROD00062,2,75845.89,29.84
ITEM0002892,ORD000966,PROD00100,-2,4956.49,30.76
ITEM0002893,ORD000966,PROD00037,3,40605.7,28.99
ITEM0002894,ORD000967,PROD00038,4,60088.7,29.33
ITEM0002895,ORD000967,PROD00130,2,38524.76,32.41
ITEM0002896,ORD000967,PROD00078,5,28616.63,11.57
ITEM0002897,ORD000967,PROD00156,5,14567.71,3.18
ITEM0002898,ORD000968,PROD00130,5,39915.23,31.41
ITEM0002899,ORD000968,PROD00131,1,64887.03,22.63
ITEM0002900,ORD000968,PROD00091,5,39727.57,17.83
ITEM0002901,ORD000968,PROD00196,1,34168.39,22.5
ITEM0002902,ORD000968,PROD00114,5,47903.73,27.22
ITEM0002903,ORD000969,PROD00104,1,67383.66,30.15
ITEM0002904,ORD000969,PROD00194,4,40521.08,12.78
ITEM0002905,ORD000969,PROD00163,4,18961.82,8.37
ITEM0002906,ORD000970,PROD00115,5,62201.9,20.82
ITEM0002907,ORD000970,PROD00026,1,56866.55,22.09
ITEM0002908,ORD000971,PROD00171,4,59733.44,39.26
ITEM0002909,ORD000972,PROD00012,5,72980.45,35.47
ITEM0002910,ORD000972,PROD00065,2,72377.88,25.31
ITEM0002911,ORD000973,PROD00137,2,49569.26,1.66
ITEM0002912,ORD000973,PROD00065,3,80571.84,31.16
ITEM0002913,ORD000973,PROD00123,-2,61616.26,4.05
ITEM0002914,ORD000974,PROD00021,1,16193.58,7.23
ITEM0002915,ORD000974,PROD00139,4,46720.12,7.19
ITEM0002916,ORD000974,PROD00168,1,62980.38,24.74
ITEM0002917,ORD000974,PROD00160,2,50412.29,3.3
ITEM0002918,ORD000975,PROD00107,1,71261.6,22.93
ITEM0002919,ORD000975,PROD00170,4,2654.86,14.67
ITEM0002920,ORD000975,PROD00108,1,46488.62,4.26
ITEM0002921,ORD000975,PROD00071,2,17704.84,0.21
ITEM0002922,ORD000976,PROD00021,3,16552.86,22.75
ITEM0002923,ORD000976,PROD00163,4,22473.28,32.29
ITEM0002924,ORD000976,PROD00135,4,55086.79,10.71
ITEM0002925,ORD000976,PROD00057,5,33528.38,32.11
ITEM0002926,ORD000977,PROD00143,4,7514.03,8.49
ITEM0002927,ORD000977,PROD00170,3,2710.84,29.58
ITEM0002928,ORD000978,PROD00122,4,49060.67,18.17
ITEM0002929,ORD000978,PROD00030,4,74184.17,21.13
ITEM0002930,ORD000978,PROD00010,2,31497.92,4.89
ITEM0002931,ORD000979,PROD00011,2,34221.88,1.02
ITEM0002932,ORD000980,PROD00121,1,61885.9,18.24
ITEM0002933,ORD000980,PROD00159,4,54922.34,25.51
ITEM0002934,ORD000980,PROD00137,3,47878.81,14.81
ITEM0002935,ORD000981,PROD00116,2,33550.2,18.45
ITEM0002936,ORD000981,PROD00152,5,58016.75,36.85
ITEM0002937,ORD000981,PROD00006,5,69039.65,33.34
ITEM0002938,ORD000982,PROD00150,5,19682.63,25.03
ITEM0002939,ORD000983,PROD00136,3,9986.52,30.84
ITEM0002940,ORD000983,PROD00073,3,5261.23,8.56
ITEM0002941,ORD000983,PROD00139,2,36206.86,24.47
ITEM0002942,ORD000983,PROD00184,1,9706.01,33.95
ITEM0002943,ORD000984,PROD00007,4,30781.45,10.48
ITEM0002944,ORD000985,PROD00052,3,81216.74,3.57
ITEM0002945,ORD000985,PROD00182,5,15406.44,3.23
ITEM0002946,ORD000985,PROD00199,2,8103.52,25.39
ITEM0002947,ORD000986,PROD00050,3,70854.5,3.59
ITEM0002948,ORD000987,PROD00100,1,4654.47,36.28
ITEM0002949,ORD000987,PROD00058,3,16388.72,38.93
ITEM0002950,ORD000988,PROD00138,5,41125.89,35.22
ITEM0002951,ORD000989,PROD00028,3,70285.36,12.1
ITEM0002952,ORD000990,PROD00016,4,80432.46,5.07
ITEM0002953,ORD000990,PROD00102,4,28039.86,16.19
ITEM0002954,ORD000991,PROD00001,1,76135.16,34.04
ITEM0002955,ORD000992,PROD00107,3,59622.8,16.73
ITEM0002956,ORD000992,PROD00110,4,23518.68,0.5
ITEM0002957,ORD000992,PROD00060,4,13199.07,21.04
ITEM0002958,ORD000992,PROD00095,4,33402.1,33.26
ITEM0002959,ORD000993,PROD00075,2,17933.6,24.28
ITEM0002960,ORD000994,PROD00110,4,25991.59,7.43
ITEM0002961,ORD000994,PROD00141,4,26647.96,15.19
ITEM0002962,ORD000994,PROD00146,5,66703.28,19.65
ITEM0002963,ORD000995,PROD00193,4,364.07,15.43
ITEM0002964,ORD000995,PROD00057,2,43786.61,26.03
ITEM0002965,ORD000995,PROD00175,1,17525.35,27.05
ITEM0002966,ORD000995,PROD00147,-3,34906.21,25.86
ITEM0002967,ORD000996,PROD00174,1,39667.1,39.82
ITEM0002968,ORD000997,PROD00159,4,68541.41,25.25
ITEM0002969,ORD000998,PROD00037,3,33300.79,19.65
ITEM0002970,ORD000998,PROD00058,5,15348.81,28.08
ITEM0002971,ORD000999,PROD00164,3,68180.57,25.16
ITEM0002972,ORD000999,PROD00165,5,51852.39,3.67
ITEM0002973,ORD000999,PROD00156,5,14577.07,36.35
ITEM0002974,ORD001000,PROD00112,5,45400.73,28.79
ITEM0002975,ORD001001,PROD00102,-3,35192.11,14.05
ITEM0002976,ORD001001,PROD00014,5,61487.45,37.24
ITEM0002977,ORD001001,PROD00170,5,2464.99,9.99
ITEM0002978,ORD001001,PROD00050,1,77175.89,37.31
ITEM0002979,ORD001002,PROD00114,2,36604.87,5.8
ITEM0002980,ORD001002,PROD00158,3,19391.55,16.98
ITEM0002981,ORD001002,PROD00162,1,34396.02,19.63
ITEM0002982,ORD001002,PROD00194,1,51299.92,11.44
ITEM0002983,ORD001003,PROD00034,4,67433.38,29.17
ITEM0002984,ORD001003,PROD00155,1,35926.43,37.99
ITEM0002985,ORD001003,PROD00164,3,50594.41,26.88
ITEM0002986,ORD001004,PROD00182,5,21260.59,15.11
ITEM0002987,ORD001004,PROD00151,2,2339.71,34.46
ITEM0002988,ORD001004,PROD00011,5,24001.12,26.82
ITEM0002989,ORD001004,PROD00143,5,9047.32,15.73
ITEM0002990,ORD001004,PROD00080,3,4174.48,31.9
ITEM0002991,ORD001005,PROD00114,2,47757.25,5.16
ITEM0002992,ORD001005,PROD00191,5,24799.22,31.93
ITEM0002993,ORD001005,PROD00065,1,66702.14,7.12
ITEM0002994,ORD001005,PROD00067,1,41961.19,9.9
ITEM0002995,ORD001005,PROD00120,2,70929.76,11.88
ITEM0002996,ORD001006,PROD00165,3,34904.5,0.92
ITEM0002997,ORD001006,PROD00117,4,17745.16,13.3
ITEM0002998,ORD001006,PROD00008,1,56487.58,16.78
ITEM0002999,ORD001007,PROD00118,2,41075.34,18.25
ITEM0003000,ORD001007,PROD00133,5,48811.4,7.86
ITEM0003001,ORD001007,PROD00077,5,44849.4,36.69
ITEM0003002,ORD001007,PROD00030,3,57859.77,11.48
ITEM0003003,ORD001007,PROD00058,5,16260.39,15.48
ITEM0003004,ORD001008,PROD00170,3,3300.54,12.37
ITEM0003005,ORD001009,PROD00109,3,42534.51,25.79
ITEM0003006,ORD001009,PROD00180,1,33152.08,3.99
ITEM0003007,ORD001009,PROD00091,4,53354.74,22.73
ITEM0003008,ORD001009,PROD00080,1,5820.35,33.13
ITEM0003009,ORD001010,PROD00167,1,13382.6,5.39
ITEM0003010,ORD001010,PROD00061,2,50538.59,39.19
ITEM0003011,ORD001010,PROD00081,3,17983.52,20.08
ITEM0003012,ORD001010,PROD00134,5,19363.55,23.63
ITEM0003013,ORD001010,PROD00065,3,61967.19,22.8
ITEM0003014,ORD001011,PROD00004,1,4516.31,38.83
ITEM0003015,ORD001011,PROD00135,5,55624.5,6.66
ITEM0003016,ORD001011,PROD00001,4,55025.84,3.88
ITEM0003017,ORD001012,PROD00196,2,36310.53,9.8
ITEM0003018,ORD001012,PROD00100,3,3736.27,16.64
ITEM0003019,ORD001012,PROD00084,4,54570.11,20.99
ITEM0003020,ORD001012,PROD00143,2,7730.47,15.39
ITEM0003021,ORD001012,PROD00192,4,31038.02,0.54
ITEM0003022,ORD001013,PROD00094,1,51891.57,4.8
ITEM0003023,ORD001014,PROD00197,1,5590.15,37.11
ITEM0003024,ORD001014,PROD00142,2,34668.57,15.89
ITEM0003025,ORD001014,PROD00131,4,63467.65,31.44
ITEM0003026,ORD001014,PROD00004,2,3098.8,30.23
ITEM0003027,ORD001014,PROD00002,4,14353.64,39.4
ITEM0003028,ORD001015,PROD00017,2,23238.62,28.3
ITEM0003029,ORD001015,PROD00196,4,27862.51,14.65
ITEM0003030,ORD001015,PROD00109,1,64865.43,39.69
ITEM0003031,ORD001015,PROD00147,1,43711.87,27.16
ITEM0003032,ORD001015,PROD00189,2,9164.11,6.67
ITEM0003033,ORD001016,PROD00079,5,39361.13,9.51
ITEM0003034,ORD001016,PROD00040,4,17141.03,23.31
ITEM0003035,ORD001016,PROD00170,5,2857.02,26.2
ITEM0003036,ORD001016,PROD00144,3,45375.9,2.12
ITEM0003037,ORD001016,PROD00105,2,66603.45,14.38
ITEM0003038,ORD001017,PROD00130,3,31570.01,8.62
ITEM0003039,ORD001017,PROD00090,5,339.25,17.39
ITEM0003040,ORD001017,PROD00117,1,18620.47,38.4
ITEM0003041,ORD001017,PROD00039,3,26643.39,27.93
ITEM0003042,ORD001017,PROD00132,4,7288.8,28.78
ITEM0003043,ORD001018,PROD00172,4,436.53,13.11
ITEM0003044,ORD001018,PROD00195,1,4732.97,23.83
ITEM0003045,ORD001018,PROD00015,5,76717.88,27.59
ITEM0003046,ORD001018,PROD00174,3,51447.93,3.24
ITEM0003047,ORD001018,PROD00157,5,19911.88,18.93
ITEM0003048,ORD001019,PROD00132,5,8232.19,29.55
ITEM0003049,ORD001019,PROD00072,3,5983.72,1.76
ITEM0003050,ORD001020,PROD00108,5,55861.57,13.86
ITEM0003051,ORD001020,PROD00048,1,2790.22,19.73
ITEM0003052,ORD001021,PROD00006,1,52198.98,32.09
ITEM0003053,ORD001021,PROD00015,4,63203.25,8.41
ITEM0003054,ORD001022,PROD00115,5,52390.86,13.75
ITEM0003055,ORD001022,PROD00083,3,76864.11,16.87
ITEM0003056,ORD001022,PROD00176,-3,44282.73,16.97
ITEM0003057,ORD001023,PROD00187,5,39055.16,31.22
ITEM0003058,ORD001023,PROD00004,2,3522.94,7.49
ITEM0003059,ORD001023,PROD00001,3,70736.25,27.14
ITEM0003060,ORD001023,PROD00027,-2,50608.84,27.7
ITEM0003061,ORD001023,PROD00087,4,48088.43,12.33
ITEM0003062,ORD001024,PROD00200,3,55319.31,18.92
ITEM0003063,ORD001024,PROD00109,2,61353.39,21.31
ITEM0003064,ORD001024,PROD00013,4,45086.64,38.11
ITEM0003065,ORD001025,PROD00176,3,42030.18,26.77
ITEM0003066,ORD001026,PROD00008,4,50035.58,25.64
ITEM0003067,ORD001026,PROD00159,1,61880.31,32.8
ITEM0003068,ORD001026,PROD00025,2,15081.22,6.16
ITEM0003069,ORD001026,PROD00173,3,28459.82,22.55
ITEM0003070,ORD001026,PROD00015,4,61976.66,39.36
ITEM0003071,ORD001027,PROD00143,5,8819.36,15.13
ITEM0003072,ORD001027,PROD00199,3,7790.01,13.88
ITEM0003073,ORD001027,PROD00168,4,58132.73,37.63
ITEM0003074,ORD001027,PROD00193,3,264.35,38.26
ITEM0003075,ORD001028,PROD00069,4,62480.46,38.93
ITEM0003076,ORD001028,PROD00129,2,49526.3,2.15
ITEM0003077,ORD001028,PROD00123,3,67402.34,10.6
ITEM0003078,ORD001028,PROD00135,2,44815.73,24.87
ITEM0003079,ORD001029,PROD00035,5,12961.15,18.2
ITEM0003080,ORD001029,PROD00150,1,20645.65,12.45
ITEM0003081,ORD001029,PROD00068,4,43015.16,7.83
ITEM0003082,ORD001030,PROD00110,3,30970.76,34.11
ITEM0003083,ORD001031,PROD00027,4,72784.0,14.56
ITEM0003084,ORD001031,PROD00152,3,53356.27,6.54
ITEM0003085,ORD001031,PROD00101,1,41993.33,9.85
ITEM0003086,ORD001031,PROD00166,2,436.49,24.64
ITEM0003087,ORD001031,PROD00031,4,37122.72,3.24
ITEM0003088,ORD001032,PROD00028,4,68230.2,31.35
ITEM0003089,ORD001033,PROD00050,5,74835.08,0.1
ITEM0003090,ORD001033,PROD00098,3,53066.12,17.54
ITEM0003091,ORD001033,PROD00014,2,77625.37,22.94
ITEM0003092,ORD001034,PROD00121,3,65227.85,15.62
ITEM0003093,ORD001034,PROD00065,5,72421.22,28.61
ITEM0003094,ORD001034,PROD00155,4,36385.83,3.63
ITEM0003095,ORD001035,PROD00171,3,65420.16,2.23
ITEM0003096,ORD001035,PROD00124,1,34534.12,16.57
ITEM0003097,ORD001035,PROD00118,1,60180.77,17.88
ITEM0003098,ORD001035,PROD00099,1,62588.32,1.11
ITEM0003099,ORD001035,PROD00079,1,28685.62,16.8
ITEM0003100,ORD001036,PROD00082,2,77033.14,39.8
ITEM0003101,ORD001036,PROD00179,3,63620.66,24.85
ITEM0003102,ORD001036,PROD00126,4,60566.61,12.84
ITEM0003103,ORD001037,PROD00025,1,19282.33,9.67
ITEM0003104,ORD001037,PROD00164,1,71036.68,27.8
ITEM0003105,ORD001037,PROD00044,5,69516.11,4.36
ITEM0003106,ORD001037,PROD00107,3,65694.88,28.67
ITEM0003107,ORD001037,PROD00133,3,47146.04,2.23
ITEM0003108,ORD001038,PROD00074,4,51109.16,4.06
ITEM0003109,ORD001038,PROD00089,2,45907.97,18.61
ITEM0003110,ORD001039,PROD00086,3,7821.12,20.57
ITEM0003111,ORD001039,PROD00027,2,61996.87,2.19
ITEM0003112,ORD001040,PROD00026,1,40885.02,29.74
ITEM0003113,ORD001040,PROD00119,4,18339.24,25.25
ITEM0003114,ORD001041,PROD00100,3,4952.9,0.08
ITEM0003115,ORD001041,PROD00060,4,15934.51,8.32
ITEM0003116,ORD001041,PROD00076,4,50964.0,28.41
ITEM0003117,ORD001041,PROD00071,5,26577.66,26.56
ITEM0003118,ORD001042,PROD00010,1,35264.73,25.59
ITEM0003119,ORD001042,PROD00044,3,67721.49,3.81
ITEM0003120,ORD001042,PROD00085,2,51298.82,36.92
ITEM0003121,ORD001042,PROD00039,3,34463.46,31.77
ITEM0003122,ORD001043,PROD00138,2,43078.14,39.67
ITEM0003123,ORD001043,PROD00094,4,39955.71,6.74
ITEM0003124,ORD001043,PROD00044,3,69763.21,37.31
ITEM0003125,ORD001044,PROD00012,1,74449.91,39.74
ITEM0003126,ORD001044,PROD00196,1,29449.03,26.24
ITEM0003127,ORD001045,PROD00035,1,14499.14,1.43
ITEM0003128,ORD001045,PROD00122,5,71098.03,39.21
ITEM0003129,ORD001045,PROD00094,2,44140.83,38.0
ITEM0003130,ORD001045,PROD00163,5,23381.39,22.19
ITEM0003131,ORD001045,PROD00043,2,28618.51,35.32
ITEM0003132,ORD001046,PROD00145,5,36024.24,1.75
ITEM0003133,ORD001046,PROD00200,3,47870.86,38.36
ITEM0003134,ORD001046,PROD00113,2,49233.12,0.13
ITEM0003135,ORD001046,PROD00077,2,50740.63,15.53
ITEM0003136,ORD001046,PROD00136,3,9109.83,10.07
ITEM0003137,ORD001047,PROD00007,1,30519.19,27.18
ITEM0003138,ORD001047,PROD00027,3,62596.91,30.61
ITEM0003139,ORD001047,PROD00117,1,21482.77,12.92
ITEM0003140,ORD001048,PROD00152,2,44313.31,11.58
ITEM0003141,ORD001048,PROD00128,2,47378.37,15.97
ITEM0003142,ORD001048,PROD00192,5,32215.8,1.49
ITEM0003143,ORD001048,PROD00183,5,71047.41,33.83
ITEM0003144,ORD001049,PROD00098,5,40255.34,26.87
ITEM0003145,ORD001049,PROD00195,3,6872.51,5.88
ITEM0003146,ORD001050,PROD00040,1,16496.12,5.78
ITEM0003147,ORD001051,PROD00142,1,30140.37,28.63
ITEM0003148,ORD001051,PROD00106,3,70811.24,11.92
ITEM0003149,ORD001052,PROD00067,2,38366.76,0.89
ITEM0003150,ORD001052,PROD00189,2,9809.66,2.23
ITEM0003151,ORD001053,PROD00025,4,19566.13,24.14
ITEM0003152,ORD001054,PROD00169,1,33335.1,33.45
ITEM0003153,ORD001054,PROD00173,2,23072.1,30.36
ITEM0003154,ORD001054,PROD00042,4,52168.49,37.64
ITEM0003155,ORD001054,PROD00068,2,52093.04,35.77
ITEM0003156,ORD001054,PROD00170,3,2746.8,19.53
ITEM0003157,ORD001055,PROD00074,5,75614.44,18.33
ITEM0003158,ORD001055,PROD00015,2,66292.16,36.2
ITEM0003159,ORD001055,PROD00197,-1,5589.46,18.6
ITEM0003160,ORD001055,PROD00138,4,32711.44,37.2
ITEM0003161,ORD001056,PROD00015,3,67895.78,33.58
ITEM0003162,ORD001056,PROD00033,1,28986.83,37.3
ITEM0003163,ORD001056,PROD00125,4,56228.49,5.82
ITEM0003164,ORD001056,PROD00049,5,37061.89,22.89
ITEM0003165,ORD001057,PROD00117,3,17109.76,20.1
ITEM0003166,ORD001057,PROD00051,4,16298.37,6.4
ITEM0003167,ORD001057,PROD00140,2,53673.25,34.17
ITEM0003168,ORD001057,PROD00186,1,39055.54,37.55
ITEM0003169,ORD001058,PROD00046,5,43618.57,15.39
ITEM0003170,ORD001058,PROD00185,1,20846.93,34.47
ITEM0003171,ORD001058,PROD00042,1,75683.62,27.5
ITEM0003172,ORD001059,PROD00077,2,45081.98,39.49
ITEM0003173,ORD001059,PROD00020,3,58372.25,27.01
ITEM0003174,ORD001059,PROD00044,5,50024.15,28.25
ITEM0003175,ORD001060,PROD00009,5,46929.48,7.86
ITEM0003176,ORD001060,PROD00072,3,6243.22,36.93
ITEM0003177,ORD001060,PROD00107,5,82686.38,29.1
ITEM0003178,ORD001061,PROD00054,5,24763.07,23.3
ITEM0003179,ORD001061,PROD00184,1,9474.93,32.27
ITEM0003180,ORD001062,PROD00006,3,51786.81,19.29
ITEM0003181,ORD001062,PROD00088,1,21755.11,39.65
ITEM0003182,ORD001062,PROD00063,4,39450.01,7.28
ITEM0003183,ORD001062,PROD00196,2,25405.56,19.28
ITEM0003184,ORD001062,PROD00009,1,44150.33,24.12
ITEM0003185,ORD001063,PROD00129,3,62438.52,25.2
ITEM0003186,ORD001063,PROD00077,5,42835.5,21.91
ITEM0003187,ORD001063,PROD00101,4,45828.56,1.65
ITEM0003188,ORD001064,PROD00147,1,42041.06,13.32
ITEM0003189,ORD001064,PROD00035,3,16566.33,25.41
ITEM0003190,ORD001064,PROD00171,1,73928.98,29.84
ITEM0003191,ORD001064,PROD00036,3,57150.7,16.42
ITEM0003192,ORD001065,PROD00019,4,4473.8,25.79
ITEM0003193,ORD001065,PROD00037,-3,40512.63,33.1
ITEM0003194,ORD001065,PROD00109,3,54497.15,12.09
ITEM0003195,ORD001066,PROD00064,3,19751.2,11.56
ITEM0003196,ORD001067,PROD00195,4,5091.11,34.01
ITEM0003197,ORD001067,PROD00051,2,23916.08,25.36
ITEM0003198,ORD001067,PROD00184,2,7693.36,2.35
ITEM0003199,ORD001068,PROD00123,3,60066.0,4.79
ITEM0003200,ORD001068,PROD00019,3,5046.28,37.44
ITEM0003201,ORD001069,PROD00064,1,26292.56,7.45
ITEM0003202,ORD001069,PROD00167,2,13760.59,30.85
ITEM0003203,ORD001069,PROD00008,4,50911.39,21.96
ITEM0003204,ORD001069,PROD00159,4,66220.68,26.72
ITEM0003205,ORD001069,PROD00189,2,8689.87,25.09
ITEM0003206,ORD001070,PROD00010,1,38928.74,3.17
ITEM0003207,ORD001070,PROD00120,1,74287.96,4.37
ITEM0003208,ORD001071,PROD00075,-2,20323.85,11.89
ITEM0003209,ORD001071,PROD00135,1,55751.58,19.29
ITEM0003210,ORD001071,PROD00198,1,20205.05,10.25
ITEM0003211,ORD001072,PROD00014,1,69190.38,27.95
ITEM0003212,ORD001073,PROD00188,3,12099.06,6.92
ITEM0003213,ORD001074,PROD00073,2,4426.18,38.3
ITEM0003214,ORD001075,PROD00015,1,69099.1,26.85
ITEM0003215,ORD001075,PROD00068,2,39711.58,32.03
ITEM0003216,ORD001075,PROD00022,1,48236.83,14.58
ITEM0003217,ORD001076,PROD00132,1,10298.36,17.79
ITEM0003218,ORD001076,PROD00117,1,17817.43,10.6
ITEM0003219,ORD001076,PROD00141,1,25165.62,0.84
ITEM0003220,ORD001076,PROD00082,3,71210.69,37.25
ITEM0003221,ORD001076,PROD00010,2,31356.9,31.14
ITEM0003222,ORD001077,PROD00100,4,3840.59,29.0
ITEM0003223,ORD001077,PROD00030,3,53236.88,14.79
ITEM0003224,ORD001077,PROD00027,1,48199.8,4.2
ITEM0003225,ORD001077,PROD00086,3,5705.61,10.19
ITEM0003226,ORD001077,PROD00032,4,51119.6,12.7
ITEM0003227,ORD001078,PROD00032,2,60205.16,2.98
ITEM0003228,ORD001078,PROD00179,4,43718.25,29.35
ITEM0003229,ORD001079,PROD00166,1,497.49,17.48
ITEM0003230,ORD001079,PROD00079,5,33636.14,23.72
ITEM0003231,ORD001079,PROD00083,2,74956.33,16.3
ITEM0003232,ORD001079,PROD00186,1,55088.49,23.29
ITEM0003233,ORD001079,PROD00192,5,34762.25,2.97
ITEM0003234,ORD001080,PROD00026,-3,52456.04,20.2
ITEM0003235,ORD001080,PROD00198,5,25596.85,28.29
ITEM0003236,ORD001080,PROD00181,5,38911.61,28.03
ITEM0003237,ORD001080,PROD00069,2,69337.51,17.9
ITEM0003238,ORD001080,PROD00016,1,61496.44,23.65
ITEM0003239,ORD001081,PROD00160,2,38234.77,13.23
ITEM0003240,ORD001081,PROD00039,4,29913.82,25.79
ITEM0003241,ORD001081,PROD00092,5,18307.55,17.34
ITEM0003242,ORD001082,PROD00101,1,35780.57,38.09
ITEM0003243,ORD001082,PROD00112,2,62146.93,18.73
ITEM0003244,ORD001082,PROD00072,2,5895.89,17.04
ITEM0003245,ORD001082,PROD00141,5,27605.07,26.53
ITEM0003246,ORD001082,PROD00017,5,21427.93,19.73
ITEM0003247,ORD001083,PROD00177,2,76808.23,3.33
ITEM0003248,ORD001083,PROD00035,2,12297.17,30.48
ITEM0003249,ORD001083,PROD00065,4,72220.49,2.19
ITEM0003250,ORD001083,PROD00014,2,81307.32,15.41
ITEM0003251,ORD001083,PROD00129,4,67848.13,0.65
ITEM0003252,ORD001084,PROD00039,2,29239.77,33.71
ITEM0003253,ORD001084,PROD00151,5,3243.14,16.74
ITEM0003254,ORD001084,PROD00084,1,54814.83,34.03
ITEM0003255,ORD001084,PROD00188,-2,7646.91,9.57
ITEM0003256,ORD001085,PROD00191,4,24673.07,19.34
ITEM0003257,ORD001086,PROD00006,2,48489.13,23.33
ITEM0003258,ORD001086,PROD00199,3,5473.7,15.64
ITEM0003259,ORD001086,PROD00136,4,11518.62,31.68
ITEM0003260,ORD001086,PROD00107,1,72555.71,1.06
ITEM0003261,ORD001087,PROD00087,1,43710.57,2.13
ITEM0003262,ORD001088,PROD00012,2,56797.67,27.67
ITEM0003263,ORD001088,PROD00107,5,83047.92,14.06
ITEM0003264,ORD001089,PROD00111,5,68879.35,11.52
ITEM0003265,ORD001089,PROD00076,2,50509.72,16.71
ITEM0003266,ORD001089,PROD00080,3,4189.9,7.2
ITEM0003267,ORD001090,PROD00157,5,13230.78,35.93
ITEM0003268,ORD001090,PROD00011,5,25646.43,19.73
ITEM0003269,ORD001090,PROD00113,1,35917.63,33.5
ITEM0003270,ORD001090,PROD00103,4,46301.09,33.34
ITEM0003271,ORD001090,PROD00024,1,29426.87,17.42
ITEM0003272,ORD001091,PROD00096,1,3013.48,33.03
ITEM0003273,ORD001091,PROD00006,2,62555.7,4.21
ITEM0003274,ORD001091,PROD00178,3,14740.57,26.59
ITEM0003275,ORD001092,PROD00046,5,30926.45,22.36
ITEM0003276,ORD001092,PROD00159,2,75051.35,2.36
ITEM0003277,ORD001093,PROD00127,3,5796.16,18.88
ITEM0003278,ORD001093,PROD00075,2,21873.46,13.0
ITEM0003279,ORD001093,PROD00143,3,6630.77,26.46
ITEM0003280,ORD001093,PROD00110,4,25888.84,23.94
ITEM0003281,ORD001094,PROD00128,2,48528.22,21.83
ITEM0003282,ORD001094,PROD00001,1,53406.57,21.59
ITEM0003283,ORD001095,PROD00030,-3,51306.99,34.62
ITEM0003284,ORD001096,PROD00039,5,33791.73,0.98
ITEM0003285,ORD001096,PROD00062,4,68574.77,21.39
ITEM0003286,ORD001096,PROD00066,1,48423.33,15.94
ITEM0003287,ORD001096,PROD00025,4,22864.28,10.43
ITEM0003288,ORD001096,PROD00197,5,5759.12,8.94
ITEM0003289,ORD001097,PROD00074,4,78416.62,5.65
ITEM0003290,ORD001097,PROD00191,4,28428.86,35.26
ITEM0003291,ORD001097,PROD00172,1,340.35,10.74
ITEM0003292,ORD001097,PROD00181,1,39678.74,15.26
ITEM0003293,ORD001097,PROD00103,2,52409.63,12.09
ITEM0003294,ORD001098,PROD00092,1,16632.06,23.51
ITEM0003295,ORD001098,PROD00185,5,21175.19,36.13
ITEM0003296,ORD001098,PROD00085,5,49182.3,8.69
ITEM0003297,ORD001098,PROD00150,5,18457.27,10.98
ITEM0003298,ORD001099,PROD00156,2,11666.67,11.76
ITEM0003299,ORD001099,PROD00017,1,30823.42,12.15
ITEM0003300,ORD001100,PROD00058,4,19092.96,15.11
ITEM0003301,ORD001100,PROD00188,1,10655.14,33.83
ITEM0003302,ORD001100,PROD00184,4,7862.38,31.12
ITEM0003303,ORD001101,PROD00155,1,34681.12,8.71
ITEM0003304,ORD001101,PROD00079,5,26698.89,6.34
ITEM0003305,ORD001101,PROD00114,2,43664.4,21.49
ITEM0003306,ORD001101,PROD00101,2,45406.3,11.82
ITEM0003307,ORD001102,PROD00082,2,52310.27,32.57
ITEM0003308,ORD001103,PROD00104,4,45286.32,0.79
ITEM0003309,ORD001103,PROD00189,4,10226.68,20.23
ITEM0003310,ORD001103,PROD00002,5,19661.27,28.23
ITEM0003311,ORD001103,PROD00134,3,29722.04,14.42
ITEM0003312,ORD001104,PROD00194,3,42705.07,25.54
ITEM0003313,ORD001104,PROD00148,3,64434.63,25.04
ITEM0003314,ORD001105,PROD00177,5,73933.13,7.75
ITEM0003315,ORD001106,PROD00192,4,41778.59,0.91
ITEM0003316,ORD001106,PROD00065,3,62733.94,21.24
ITEM0003317,ORD001107,PROD00036,4,70161.0,39.53
ITEM0003318,ORD001108,PROD00176,2,50940.75,13.78
ITEM0003319,ORD001108,PROD00143,1,7472.62,18.65
ITEM0003320,ORD001109,PROD00027,4,62613.78,37.75
ITEM0003321,ORD001109,PROD00159,1,62199.95,30.61
ITEM0003322,ORD001109,PROD00011,2,36000.57,11.09
ITEM0003323,ORD001109,PROD00075,2,20325.51,5.96
ITEM0003324,ORD001109,PROD00181,3,43728.88,30.14
ITEM0003325,ORD001110,PROD00054,3,24837.65,30.11
ITEM0003326,ORD001110,PROD00052,2,84437.6,0.95
ITEM0003327,ORD001110,PROD00200,3,41689.74,33.77
ITEM0003328,ORD001110,PROD00128,2,64567.05,33.04
ITEM0003329,ORD001110,PROD00144,1,41927.12,17.11
ITEM0003330,ORD001111,PROD00086,3,7414.38,36.31
ITEM0003331,ORD001111,PROD00001,4,68582.4,26.09
ITEM0003332,ORD001111,PROD00009,4,36921.66,39.9
ITEM0003333,ORD001111,PROD00199,2,8618.21,18.87
ITEM0003334,ORD001112,PROD00092,1,17534.82,29.38
ITEM0003335,ORD001113,PROD00158,1,25762.19,20.33
ITEM0003336,ORD001113,PROD00081,2,23273.64,10.58
ITEM0003337,ORD001114,PROD00107,1,69701.6,6.48
ITEM0003338,ORD001114,PROD00078,3,30799.28,18.96
ITEM0003339,ORD001115,PROD00196,3,39128.73,15.64
ITEM0003340,ORD001116,PROD00127,1,5118.21,12.26
ITEM0003341,ORD001117,PROD00016,5,55680.23,16.49
ITEM0003342,ORD001118,PROD00052,2,69392.16,9.98
ITEM0003343,ORD001118,PROD00174,5,42199.11,19.14
ITEM0003344,ORD001118,PROD00085,1,39058.35,11.91
ITEM0003345,ORD001118,PROD00154,1,54585.87,4.58
ITEM0003346,ORD001118,PROD00168,3,60897.35,0.26
ITEM0003347,ORD001119,PROD00137,4,54209.57,31.91
ITEM0003348,ORD001119,PROD00166,4,594.94,7.23
ITEM0003349,ORD001120,PROD00171,4,54654.06,14.79
ITEM0003350,ORD001120,PROD00097,3,46463.95,31.16
ITEM0003351,ORD001121,PROD00163,3,26385.72,13.17
ITEM0003352,ORD001121,PROD00131,3,63431.64,6.78
ITEM0003353,ORD001121,PROD00194,5,42973.7,1.35
ITEM0003354,ORD001121,PROD00147,3,37480.83,15.91
ITEM0003355,ORD001121,PROD00064,2,24737.98,39.14
ITEM0003356,ORD001122,PROD00018,4,9261.45,27.65
ITEM0003357,ORD001123,PROD00043,3,33300.77,5.87
ITEM0003358,ORD001123,PROD00115,4,50355.03,35.04
ITEM0003359,ORD001123,PROD00016,5,58204.1,26.06
ITEM0003360,ORD001123,PROD00070,3,48486.96,5.26
ITEM0003361,ORD001123,PROD00062,4,74429.5,9.6
ITEM0003362,ORD001124,PROD00080,1,4568.05,35.88
ITEM0003363,ORD001124,PROD00070,5,63062.74,12.06
ITEM0003364,ORD001124,PROD00046,5,33263.01,28.96
ITEM0003365,ORD001125,PROD00183,4,68653.46,35.54
ITEM0003366,ORD001125,PROD00143,2,7502.75,12.29
ITEM0003367,ORD001125,PROD00163,1,20260.75,17.82
ITEM0003368,ORD001125,PROD00160,4,48138.63,21.48
ITEM0003369,ORD001125,PROD00012,4,49798.02,35.33
ITEM0003370,ORD001126,PROD00017,4,32753.04,33.79
ITEM0003371,ORD001126,PROD00190,5,48957.93,7.9
ITEM0003372,ORD001127,PROD00006,1,57987.22,33.74
ITEM0003373,ORD001127,PROD00179,4,62110.18,28.73
ITEM0003374,ORD001127,PROD00164,3,69993.21,26.44
ITEM0003375,ORD001128,PROD00186,4,54141.76,15.73
ITEM0003376,ORD001128,PROD00140,1,44208.8,7.21
ITEM0003377,ORD001128,PROD00134,2,20855.99,19.76
ITEM0003378,ORD001128,PROD00148,5,56053.67,1.7
ITEM0003379,ORD001128,PROD00165,1,43424.64,17.72
ITEM0003380,ORD001129,PROD00133,5,35651.49,18.24
ITEM0003381,ORD001129,PROD00171,2,55076.75,12.62
ITEM0003382,ORD001129,PROD00147,5,29504.81,39.9
ITEM0003383,ORD001130,PROD00049,2,30156.01,10.78
ITEM0003384,ORD001130,PROD00075,4,22436.14,32.73
ITEM0003385,ORD001130,PROD00195,1,5160.27,12.59
ITEM0003386,ORD001130,PROD00018,2,11929.05,22.29
ITEM0003387,ORD001130,PROD00058,3,12770.21,3.68
ITEM0003388,ORD001131,PROD00001,4,76453.07,24.23
ITEM0003389,ORD001131,PROD00116,1,30332.39,31.73
ITEM0003390,ORD001131,PROD00007,3,30191.77,22.14
ITEM0003391,ORD001131,PROD00112,3,47433.62,12.9
ITEM0003392,ORD001131,PROD00117,-1,24539.76,9.79
ITEM0003393,ORD001132,PROD00188,2,9278.56,12.0
ITEM0003394,ORD001132,PROD00023,3,36920.64,23.83
ITEM0003395,ORD001133,PROD00149,5,55672.45,30.26
ITEM0003396,ORD001133,PROD00151,2,2172.89,32.19
ITEM0003397,ORD001133,PROD00172,-2,450.41,29.02
ITEM0003398,ORD001134,PROD00142,3,38850.86,8.66
ITEM0003399,ORD001134,PROD00051,4,22286.73,34.57
ITEM0003400,ORD001134,PROD00048,4,2392.19,20.62
ITEM0003401,ORD001135,PROD00112,4,60336.6,33.3
ITEM0003402,ORD001135,PROD00129,3,70189.78,35.91
ITEM0003403,ORD001136,PROD00030,4,72734.43,30.45
ITEM0003404,ORD001136,PROD00008,1,53529.06,28.39
ITEM0003405,ORD001136,PROD00170,-1,3384.67,23.22
ITEM0003406,ORD001136,PROD00104,5,68258.24,30.25
ITEM0003407,ORD001136,PROD00050,2,62652.14,10.51
ITEM0003408,ORD001137,PROD00165,3,35855.96,24.08
ITEM0003409,ORD001137,PROD00195,2,4390.22,23.16
ITEM0003410,ORD001138,PROD00129,1,51041.06,37.24
ITEM0003411,ORD001138,PROD00123,2,78248.91,24.61
ITEM0003412,ORD001139,PROD00151,5,3196.33,36.67
ITEM0003413,ORD001139,PROD00194,1,55138.55,38.03
ITEM0003414,ORD001140,PROD00160,4,33750.63,22.35
ITEM0003415,ORD001140,PROD00090,4,423.69,38.0
ITEM0003416,ORD001140,PROD00077,1,40478.91,38.9
ITEM0003417,ORD001141,PROD00108,2,37143.08,34.77
ITEM0003418,ORD001141,PROD00134,2,24423.29,36.63
ITEM0003419,ORD001141,PROD00005,2,58683.22,29.41
ITEM0003420,ORD001142,PROD00031,3,29784.24,13.29
ITEM0003421,ORD001143,PROD00034,1,69618.78,33.7
ITEM0003422,ORD001143,PROD00148,5,66610.03,1.89
ITEM0003423,ORD001143,PROD00021,2,18667.11,2.63
ITEM0003424,ORD001143,PROD00195,3,6797.74,22.76
ITEM0003425,ORD001143,PROD00175,-2,26736.66,12.11
ITEM0003426,ORD001144,PROD00102,1,41117.79,39.48
ITEM0003427,ORD001144,PROD00007,5,25398.6,30.25
ITEM0003428,ORD001145,PROD00170,5,2715.02,8.41
ITEM0003429,ORD001145,PROD00056,2,73917.04,35.79
ITEM0003430,ORD001145,PROD00190,2,34793.5,34.01
ITEM0003431,ORD001146,PROD00009,1,40028.87,7.16
ITEM0003432,ORD001146,PROD00030,4,69310.95,37.08
ITEM0003433,ORD001146,PROD00096,5,3449.45,34.34
ITEM0003434,ORD001146,PROD00051,5,14903.25,31.98
ITEM0003435,ORD001147,PROD00127,3,4473.95,39.26
ITEM0003436,ORD001147,PROD00012,4,62955.13,8.41
ITEM0003437,ORD001147,PROD00068,1,58243.68,35.69
ITEM0003438,ORD001147,PROD00106,4,65908.77,26.89
ITEM0003439,ORD001147,PROD00071,1,18477.92,25.61
ITEM0003440,ORD001148,PROD00095,1,23530.08,25.76
ITEM0003441,ORD001148,PROD00051,4,22377.85,16.02
ITEM0003442,ORD001149,PROD00176,2,34360.19,20.29
ITEM0003443,ORD001149,PROD00007,5,38809.24,15.15
ITEM0003444,ORD001149,PROD00160,1,37484.26,39.82
ITEM0003445,ORD001149,PROD00174,2,44593.42,1.31
ITEM0003446,ORD001150,PROD00174,5,49514.74,12.98
ITEM0003447,ORD001150,PROD00170,2,3025.51,32.76
ITEM0003448,ORD001150,PROD00136,2,11806.92,8.57
ITEM0003449,ORD001150,PROD00151,1,2248.65,14.73
ITEM0003450,ORD001150,PROD00037,5,32036.9,25.7
ITEM0003451,ORD001151,PROD00133,4,37963.87,18.35
ITEM0003452,ORD001151,PROD00091,2,40036.33,0.9
ITEM0003453,ORD001151,PROD00053,1,86609.7,0.57
ITEM0003454,ORD001152,PROD00191,1,22808.29,33.78
ITEM0003455,ORD001153,PROD00020,3,62150.97,14.31
ITEM0003456,ORD001153,PROD00127,1,5421.18,30.84
ITEM0003457,ORD001153,PROD00009,2,46387.68,20.25
ITEM0003458,ORD001153,PROD00001,5,55716.29,13.01
ITEM0003459,ORD001154,PROD00084,2,40743.06,14.45
ITEM0003460,ORD001154,PROD00064,3,18964.34,6.21
ITEM0003461,ORD001154,PROD00180,5,43681.77,2.45
ITEM0003462,ORD001155,PROD00157,2,13322.08,5.83
ITEM0003463,ORD001156,PROD00028,1,83257.57,12.32
ITEM0003464,ORD001156,PROD00128,2,54303.81,28.14
ITEM0003465,ORD001156,PROD00111,3,80250.34,5.42
ITEM0003466,ORD001157,PROD00020,4,76496.9,22.54
ITEM0003467,ORD001157,PROD00034,1,50526.95,2.57
ITEM0003468,ORD001157,PROD00032,2,74098.99,0.92
ITEM0003469,ORD001157,PROD00100,5,5273.83,13.49
ITEM0003470,ORD001158,PROD00161,2,12070.7,21.93
ITEM0003471,ORD001158,PROD00100,2,4311.57,12.3
ITEM0003472,ORD001158,PROD00167,3,11042.65,35.64
ITEM0003473,ORD001159,PROD00130,3,35772.94,25.73
ITEM0003474,ORD001159,PROD00006,2,56450.54,39.83
ITEM0003475,ORD001160,PROD00200,1,50809.21,36.14
ITEM0003476,ORD001160,PROD00165,3,38325.35,25.64
ITEM0003477,ORD001160,PROD00004,2,3759.86,13.25
ITEM0003478,ORD001160,PROD00088,2,17331.47,28.01
ITEM0003479,ORD001160,PROD00187,4,43127.83,36.97
ITEM0003480,ORD001161,PROD00096,3,3765.97,36.21
ITEM0003481,ORD001162,PROD00131,5,54308.39,14.29
ITEM0003482,ORD001162,PROD00192,3,33415.44,16.97
ITEM0003483,ORD001162,PROD00022,3,46174.45,3.84
ITEM0003484,ORD001162,PROD00096,5,3056.49,10.58
ITEM0003485,ORD001162,PROD00087,2,41530.05,2.39
ITEM0003486,ORD001163,PROD00006,4,69359.84,15.36
ITEM0003487,ORD001163,PROD00040,2,22160.1,5.82
ITEM0003488,ORD001164,PROD00161,1,17568.37,9.77
ITEM0003489,ORD001164,PROD00086,4,6162.86,14.92
ITEM0003490,ORD001164,PROD00126,1,74540.27,11.23
ITEM0003491,ORD001165,PROD00057,-1,28975.85,2.64
ITEM0003492,ORD001166,PROD00078,4,29437.71,20.09
ITEM0003493,ORD001166,PROD00079,1,42651.06,14.85
ITEM0003494,ORD001166,PROD00048,5,1869.48,5.33
ITEM0003495,ORD001166,PROD00022,4,43018.18,26.42
ITEM0003496,ORD001167,PROD00014,5,86247.89,18.92
ITEM0003497,ORD001167,PROD00190,5,53526.07,27.83
ITEM0003498,ORD001167,PROD00079,5,33762.64,31.19
ITEM0003499,ORD001167,PROD00145,2,32427.1,34.16
ITEM0003500,ORD001168,PROD00075,4,21262.33,7.6
ITEM0003501,ORD001168,PROD00159,5,47616.62,1.6
ITEM0003502,ORD001168,PROD00160,1,44741.33,11.31
ITEM0003503,ORD001168,PROD00098,3,53831.79,5.13
ITEM0003504,ORD001169,PROD00017,4,31211.46,38.92
ITEM0003505,ORD001170,PROD00037,5,37138.73,9.42
ITEM0003506,ORD001170,PROD00033,2,25054.23,22.08
ITEM0003507,ORD001170,PROD00180,2,36863.89,16.25
ITEM0003508,ORD001171,PROD00111,5,78697.17,18.87
ITEM0003509,ORD001172,PROD00106,1,47657.23,39.84
ITEM0003510,ORD001172,PROD00150,5,17367.97,2.72
ITEM0003511,ORD001172,PROD00125,3,66047.39,36.1
ITEM0003512,ORD001173,PROD00062,2,62259.62,12.88
ITEM0003513,ORD001173,PROD00150,5,18008.55,7.27
ITEM0003514,ORD001174,PROD00034,3,61352.28,20.38
ITEM0003515,ORD001174,PROD00054,3,25515.66,29.63
ITEM0003516,ORD001174,PROD00104,4,45986.07,11.25
ITEM0003517,ORD001175,PROD00128,-3,67514.23,25.08
ITEM0003518,ORD001175,PROD00089,4,40467.3,25.29
ITEM0003519,ORD001175,PROD00007,1,27682.94,19.49
ITEM0003520,ORD001175,PROD00133,5,45258.61,6.8
ITEM0003521,ORD001175,PROD00172,2,430.87,33.03
ITEM0003522,ORD001176,PROD00100,4,5186.32,29.38
ITEM0003523,ORD001176,PROD00110,5,29230.76,16.28
ITEM0003524,ORD001176,PROD00014,4,78740.12,25.78
ITEM0003525,ORD001176,PROD00074,4,63075.73,23.52
ITEM0003526,ORD001177,PROD00133,4,51371.28,27.66
ITEM0003527,ORD001177,PROD00190,1,47209.81,33.18
ITEM0003528,ORD001177,PROD00075,1,17632.39,19.82
ITEM0003529,ORD001177,PROD00096,1,3893.49,31.65
ITEM0003530,ORD001178,PROD00161,4,14888.35,25.47
ITEM0003531,ORD001178,PROD00197,-2,7726.31,28.77
ITEM0003532,ORD001178,PROD00163,4,26647.71,33.3
ITEM0003533,ORD001179,PROD00087,1,39945.15,4.16
ITEM0003534,ORD001179,PROD00054,1,19257.06,6.88
ITEM0003535,ORD001179,PROD00007,2,26918.5,7.34
ITEM0003536,ORD001180,PROD00092,3,14141.23,31.52
ITEM0003537,ORD001180,PROD00098,2,46305.53,33.53
ITEM0003538,ORD001180,PROD00115,3,67976.36,14.21
ITEM0003539,ORD001180,PROD00177,4,65483.95,6.23
ITEM0003540,ORD001180,PROD00033,3,25135.76,12.31
ITEM0003541,ORD001181,PROD00191,3,20672.14,16.74
ITEM0003542,ORD001181,PROD00035,4,11257.31,6.48
ITEM0003543,ORD001181,PROD00040,1,24433.47,35.05
ITEM0003544,ORD001181,PROD00007,3,33409.96,16.77
ITEM0003545,ORD001181,PROD00048,4,2758.01,17.56
ITEM0003546,ORD001182,PROD00009,2,52791.53,29.39
ITEM0003547,ORD001182,PROD00015,5,60136.22,7.17
ITEM0003548,ORD001182,PROD00147,1,36167.55,13.89
ITEM0003549,ORD001183,PROD00146,3,75003.65,20.79
ITEM0003550,ORD001183,PROD00100,3,3735.95,15.88
ITEM0003551,ORD001183,PROD00161,3,11284.13,36.22
ITEM0003552,ORD001183,PROD00030,-1,70799.32,27.1
ITEM0003553,ORD001184,PROD00138,4,35553.97,1.36
ITEM0003554,ORD001185,PROD00106,2,47220.86,14.5
ITEM0003555,ORD001186,PROD00081,2,22628.73,16.31
ITEM0003556,ORD001186,PROD00032,4,55971.35,3.22
ITEM0003557,ORD001186,PROD00155,2,30418.03,7.13
ITEM0003558,ORD001186,PROD00097,1,72496.54,8.68
ITEM0003559,ORD001187,PROD00117,2,16617.14,18.67
ITEM0003560,ORD001188,PROD00153,4,58936.02,6.58
ITEM0003561,ORD001188,PROD00086,1,5963.95,30.95
ITEM0003562,ORD001188,PROD00130,4,35856.52,21.19
ITEM0003563,ORD001188,PROD00146,5,70410.2,20.64
ITEM0003564,ORD001188,PROD00050,1,81067.88,1.32
ITEM0003565,ORD001189,PROD00045,2,72759.41,14.56
ITEM0003566,ORD001189,PROD00176,2,37241.82,19.75
ITEM0003567,ORD001189,PROD00149,3,56452.16,32.08
ITEM0003568,ORD001190,PROD00168,5,61513.73,15.96
ITEM0003569,ORD001190,PROD00062,1,55751.47,4.39
ITEM0003570,ORD001190,PROD00162,2,28848.14,15.84
ITEM0003571,ORD001190,PROD00048,3,2408.51,5.19
ITEM0003572,ORD001191,PROD00064,2,19187.01,35.35
ITEM0003573,ORD001191,PROD00051,1,21692.57,24.51
ITEM0003574,ORD001191,PROD00169,1,28379.96,26.78
ITEM0003575,ORD001191,PROD00151,2,3306.93,34.29
ITEM0003576,ORD001191,PROD00147,3,33284.57,3.3
ITEM0003577,ORD001192,PROD00194,2,48300.85,34.67
ITEM0003578,ORD001193,PROD00159,1,56672.53,8.22
ITEM0003579,ORD001193,PROD00170,2,2510.55,18.04
ITEM0003580,ORD001194,PROD00193,3,388.11,39.29
ITEM0003581,ORD001194,PROD00071,1,20866.59,30.4
ITEM0003582,ORD001195,PROD00023,4,29837.76,15.72
ITEM0003583,ORD001195,PROD00022,2,60542.75,19.41
ITEM0003584,ORD001195,PROD00150,1,15052.47,19.66
ITEM0003585,ORD001196,PROD00030,2,67412.48,7.14
ITEM0003586,ORD001196,PROD00047,1,18812.33,11.65
ITEM0003587,ORD001196,PROD00089,2,32800.32,33.92
ITEM0003588,ORD001197,PROD00090,1,431.64,13.21
ITEM0003589,ORD001197,PROD00064,4,18800.05,16.21
ITEM0003590,ORD001198,PROD00042,3,74546.46,35.93
ITEM0003591,ORD001198,PROD00041,2,43556.8,0.56
ITEM0003592,ORD001198,PROD00172,2,386.64,26.52
ITEM0003593,ORD001198,PROD00067,2,47569.71,32.11
ITEM0003594,ORD001199,PROD00131,5,50574.86,15.56
ITEM0003595,ORD001199,PROD00056,4,73559.42,0.94
ITEM0003596,ORD001199,PROD00101,4,40560.19,16.68
ITEM0003597,ORD001199,PROD00163,1,19514.64,32.46
ITEM0003598,ORD001200,PROD00094,1,42900.48,34.95
ITEM0003599,ORD001200,PROD00004,5,3069.27,35.79
ITEM0003600,ORD001200,PROD00158,1,21379.8,27.29
ITEM0003601,ORD001200,PROD00052,4,63977.6,32.96
ITEM0003602,ORD001201,PROD00146,4,77238.28,28.14
ITEM0003603,ORD001201,PROD00059,5,61023.93,6.31
ITEM0003604,ORD001201,PROD00149,2,52042.19,29.16
ITEM0003605,ORD001201,PROD00045,4,79731.5,34.89
ITEM0003606,ORD001202,PROD00055,2,58152.21,20.6
ITEM0003607,ORD001202,PROD00037,5,38821.23,24.47
ITEM0003608,ORD001202,PROD00193,4,412.71,26.59
ITEM0003609,ORD001202,PROD00080,-3,6321.52,1.23
ITEM0003610,ORD001202,PROD00008,1,50390.73,25.0
ITEM0003611,ORD001203,PROD00101,2,48191.24,31.11
ITEM0003612,ORD001203,PROD00186,2,38808.83,14.38
ITEM0003613,ORD001204,PROD00035,2,15775.48,28.43
ITEM0003614,ORD001204,PROD00100,2,5427.98,4.08
ITEM0003615,ORD001204,PROD00126,3,54939.32,12.8
ITEM0003616,ORD001205,PROD00101,5,33026.62,34.95
ITEM0003617,ORD001206,PROD00114,4,37667.57,28.09
ITEM0003618,ORD001206,PROD00065,1,67033.68,21.87
ITEM0003619,ORD001206,PROD00093,3,9870.53,31.33
ITEM0003620,ORD001206,PROD00025,2,16515.06,17.01
ITEM0003621,ORD001206,PROD00022,1,67988.28,38.01
ITEM0003622,ORD001207,PROD00083,3,77917.93,19.16
ITEM0003623,ORD001207,PROD00039,1,31196.49,8.49
ITEM0003624,ORD001207,PROD00165,1,44774.61,7.73
ITEM0003625,ORD001207,PROD00148,5,64095.32,21.49
ITEM0003626,ORD001208,PROD00085,2,45895.93,27.8
ITEM0003627,ORD001208,PROD00094,3,59482.73,31.51
ITEM0003628,ORD001208,PROD00014,4,84431.39,34.8
ITEM0003629,ORD001208,PROD00199,3,6527.97,24.75
ITEM0003630,ORD001209,PROD00020,1,68882.1,5.52
ITEM0003631,ORD001209,PROD00153,3,50455.18,22.93
ITEM0003632,ORD001209,PROD00098,1,59017.5,9.38
ITEM0003633,ORD001209,PROD00106,3,50066.28,27.19
ITEM0003634,ORD001209,PROD00150,3,19893.78,34.06
ITEM0003635,ORD001210,PROD00111,4,65523.0,10.86
ITEM0003636,ORD001210,PROD00051,2,16438.41,3.95
ITEM0003637,ORD001211,PROD00175,1,24973.02,31.76
ITEM0003638,ORD001211,PROD00078,2,33840.73,3.71
ITEM0003639,ORD001212,PROD00008,3,45944.6,26.47
ITEM0003640,ORD001212,PROD00060,3,13238.67,29.15
ITEM0003641,ORD001212,PROD00066,5,45447.01,9.41
ITEM0003642,ORD001212,PROD00114,1,36881.93,8.29
ITEM0003643,ORD001212,PROD00053,1,88034.92,12.71
ITEM0003644,ORD001213,PROD00188,2,7957.01,17.58
ITEM0003645,ORD001213,PROD00052,1,84791.1,15.23
ITEM0003646,ORD001213,PROD00173,2,28202.31,10.45
ITEM0003647,ORD001213,PROD00182,3,21999.07,34.61
ITEM0003648,ORD001214,PROD00063,2,43962.97,4.31
ITEM0003649,ORD001214,PROD00164,5,64700.65,5.63
ITEM0003650,ORD001215,PROD00009,2,44400.4,25.8
ITEM0003651,ORD001215,PROD00102,3,31948.6,22.04
ITEM0003652,ORD001216,PROD00045,3,66420.1,4.74
ITEM0003653,ORD001217,PROD00107,5,87973.79,17.09
ITEM0003654,ORD001217,PROD00147,3,39331.85,7.82
ITEM0003655,ORD001217,PROD00176,3,38045.11,16.73
ITEM0003656,ORD001217,PROD00026,2,59894.25,38.65
ITEM0003657,ORD001217,PROD00194,2,46542.75,27.69
ITEM0003658,ORD001218,PROD00021,3,17647.29,9.06
ITEM0003659,ORD001218,PROD00111,4,74608.02,31.73
ITEM0003660,ORD001218,PROD00026,4,49054.36,5.08
ITEM0003661,ORD001218,PROD00110,4,21977.46,24.22
ITEM0003662,ORD001219,PROD00062,5,71919.79,23.79
ITEM0003663,ORD001219,PROD00020,4,65341.37,18.04
ITEM0003664,ORD001219,PROD00045,4,69873.82,5.63
ITEM0003665,ORD001220,PROD00070,4,47002.04,7.82
ITEM0003666,ORD001221,PROD00194,4,44181.22,27.58
ITEM0003667,ORD001221,PROD00028,3,69922.05,10.34
ITEM0003668,ORD001221,PROD00166,1,511.27,5.75
ITEM0003669,ORD001221,PROD00097,2,71762.04,18.12
ITEM0003670,ORD001221,PROD00114,1,36133.89,33.52
ITEM0003671,ORD001222,PROD00029,3,17026.84,24.12
ITEM0003672,ORD001222,PROD00076,4,56449.51,11.25
ITEM0003673,ORD001222,PROD00181,5,50229.39,23.27
ITEM0003674,ORD001222,PROD00060,2,12081.07,26.4
ITEM0003675,ORD001223,PROD00158,2,23054.29,29.25
ITEM0003676,ORD001224,PROD00131,2,59934.27,20.91
ITEM0003677,ORD001224,PROD00085,2,39390.49,24.79
ITEM0003678,ORD001225,PROD00125,3,67380.59,27.33
ITEM0003679,ORD001225,PROD00132,5,7384.56,24.26
ITEM0003680,ORD001225,PROD00056,4,65753.06,20.49
ITEM0003681,ORD001225,PROD00080,4,6016.73,26.3
ITEM0003682,ORD001226,PROD00037,3,29078.43,27.69
ITEM0003683,ORD001226,PROD00086,4,6305.15,19.89
ITEM0003684,ORD001227,PROD00119,4,22626.52,8.49
ITEM0003685,ORD001228,PROD00153,2,51241.23,37.01
ITEM0003686,ORD001228,PROD00194,4,52430.72,20.85
ITEM0003687,ORD001228,PROD00086,2,7857.14,21.52
ITEM0003688,ORD001229,PROD00016,4,73378.89,20.82
ITEM0003689,ORD001229,PROD00156,3,10943.43,23.22
ITEM0003690,ORD001230,PROD00077,3,44398.52,2.85
ITEM0003691,ORD001230,PROD00057,1,37003.06,18.5
ITEM0003692,ORD001230,PROD00022,3,66921.23,22.01
ITEM0003693,ORD001230,PROD00080,4,4848.02,12.37
ITEM0003694,ORD001230,PROD00145,3,29237.31,26.79
ITEM0003695,ORD001231,PROD00163,3,30006.34,17.24
ITEM0003696,ORD001231,PROD00177,2,56493.3,18.11
ITEM0003697,ORD001231,PROD00120,4,69039.37,24.31
ITEM0003698,ORD001231,PROD00006,1,58356.0,15.81
ITEM0003699,ORD001232,PROD00197,1,7322.8,33.06
ITEM0003700,ORD001232,PROD00026,3,60614.45,16.33
ITEM0003701,ORD001232,PROD00160,1,37704.86,28.49
ITEM0003702,ORD001233,PROD00128,2,63635.81,5.57
ITEM0003703,ORD001234,PROD00037,1,25484.73,23.41
ITEM0003704,ORD001234,PROD00082,1,73189.92,3.75
ITEM0003705,ORD001234,PROD00023,4,27570.47,22.89
ITEM0003706,ORD001234,PROD00194,3,44379.98,9.63
ITEM0003707,ORD001234,PROD00180,5,33055.17,24.53
ITEM0003708,ORD001235,PROD00089,4,48168.36,11.33
ITEM0003709,ORD001235,PROD00123,4,61492.25,8.43
ITEM0003710,ORD001235,PROD00180,5,43722.37,12.3
ITEM0003711,ORD001235,PROD00198,4,24217.49,22.83
ITEM0003712,ORD001236,PROD00054,5,19798.94,2.12
ITEM0003713,ORD001237,PROD00076,1,54946.7,1.96
ITEM0003714,ORD001237,PROD00023,3,35220.5,29.57
ITEM0003715,ORD001238,PROD00011,3,35962.56,4.75
ITEM0003716,ORD001238,PROD00052,4,79475.87,25.01
ITEM0003717,ORD001238,PROD00094,3,53030.26,26.06
ITEM0003718,ORD001238,PROD00164,1,76345.45,28.14
ITEM0003719,ORD001238,PROD00191,4,21152.23,28.79
ITEM0003720,ORD001239,PROD00026,2,39979.21,15.32
ITEM0003721,ORD001239,PROD00161,-2,15355.06,22.76
ITEM0003722,ORD001240,PROD00018,4,12131.51,26.63
ITEM0003723,ORD001240,PROD00136,1,12861.99,32.96
ITEM0003724,ORD001241,PROD00016,4,82839.37,27.2
ITEM0003725,ORD001241,PROD00040,2,22922.05,26.81
ITEM0003726,ORD001241,PROD00061,5,50458.6,9.59
ITEM0003727,ORD001241,PROD00139,3,41778.35,2.55
ITEM0003728,ORD001241,PROD00143,2,6996.41,36.4
ITEM0003729,ORD001242,PROD00178,5,15118.27,6.5
ITEM0003730,ORD001242,PROD00048,2,1971.67,28.1
ITEM0003731,ORD001242,PROD00134,2,20015.82,2.81
ITEM0003732,ORD001242,PROD00101,5,30918.24,12.83
ITEM0003733,ORD001243,PROD00012,3,68744.27,5.54
ITEM0003734,ORD001243,PROD00154,5,53361.72,13.6
ITEM0003735,ORD001243,PROD00165,1,35290.43,34.01
ITEM0003736,ORD001243,PROD00007,2,28595.06,20.79
ITEM0003737,ORD001243,PROD00168,3,65303.16,37.92
ITEM0003738,ORD001244,PROD00139,3,48720.39,15.65
ITEM0003739,ORD001244,PROD00172,2,386.76,22.29
ITEM0003740,ORD001244,PROD00014,3,79505.1,1.09
ITEM0003741,ORD001245,PROD00175,3,23593.77,12.11
ITEM0003742,ORD001246,PROD00141,1,26678.7,2.28
ITEM0003743,ORD001246,PROD00080,5,6418.37,18.65
ITEM0003744,ORD001246,PROD00126,2,52873.22,28.9
ITEM0003745,ORD001247,PROD00117,3,22760.4,29.93
ITEM0003746,ORD001247,PROD00085,5,41509.64,2.98
ITEM0003747,ORD001247,PROD00158,2,20344.53,27.65
ITEM0003748,ORD001247,PROD00157,1,14175.23,19.47
ITEM0003749,ORD001248,PROD00196,4,27942.43,13.66
ITEM0003750,ORD001248,PROD00018,3,12141.7,35.38
ITEM0003751,ORD001248,PROD00015,4,60799.27,2.23
ITEM0003752,ORD001248,PROD00039,5,29913.45,37.08
ITEM0003753,ORD001248,PROD00193,2,294.72,0.92
ITEM0003754,ORD001249,PROD00041,4,43414.02,33.43
ITEM0003755,ORD001249,PROD00090,2,343.44,6.57
ITEM0003756,ORD001250,PROD00107,2,64834.01,23.08
ITEM0003757,ORD001250,PROD00042,5,54038.57,24.9
ITEM0003758,ORD001250,PROD00026,4,60280.96,15.91
ITEM0003759,ORD001251,PROD00149,5,59775.51,13.05
ITEM0003760,ORD001252,PROD00009,1,48155.88,19.94
ITEM0003761,ORD001252,PROD00150,4,18254.59,7.84
ITEM0003762,ORD001252,PROD00188,5,12048.47,39.16
ITEM0003763,ORD001252,PROD00146,4,75604.38,30.79
ITEM0003764,ORD001252,PROD00078,4,32995.74,39.81
ITEM0003765,ORD001253,PROD00107,4,71171.21,0.18
ITEM0003766,ORD001253,PROD00150,4,22217.56,37.64
ITEM0003767,ORD001253,PROD00092,4,15842.22,30.96
ITEM0003768,ORD001253,PROD00170,3,3380.17,2.66
ITEM0003769,ORD001254,PROD00150,2,22326.55,33.73
ITEM0003770,ORD001254,PROD00165,4,34808.82,34.9
ITEM0003771,ORD001254,PROD00002,4,22106.83,19.98
ITEM0003772,ORD001255,PROD00012,3,66437.75,16.29
ITEM0003773,ORD001255,PROD00187,-3,45519.77,20.29
ITEM0003774,ORD001255,PROD00140,2,44258.32,1.27
ITEM0003775,ORD001256,PROD00027,3,47129.06,31.95
ITEM0003776,ORD001256,PROD00107,1,76473.86,6.32
ITEM0003777,ORD001256,PROD00037,1,28396.92,31.02
ITEM0003778,ORD001257,PROD00144,3,38226.41,32.8
ITEM0003779,ORD001257,PROD00004,2,4716.26,15.12
ITEM0003780,ORD001258,PROD00185,3,19233.7,18.85
ITEM0003781,ORD001258,PROD00025,1,15883.26,23.89
ITEM0003782,ORD001258,PROD00076,3,64084.5,22.41
ITEM0003783,ORD001259,PROD00187,2,44167.9,34.55
ITEM0003784,ORD001259,PROD00140,5,46876.01,24.12
ITEM0003785,ORD001260,PROD00193,3,413.06,25.81
ITEM0003786,ORD001260,PROD00018,3,8116.21,22.0
ITEM0003787,ORD001260,PROD00111,3,52994.82,39.66
ITEM0003788,ORD001260,PROD00152,1,40909.62,3.59
ITEM0003789,ORD001260,PROD00089,5,39097.12,30.65
ITEM0003790,ORD001261,PROD00021,5,19088.13,8.4
ITEM0003791,ORD001262,PROD00145,1,42255.45,2.15
ITEM0003792,ORD001263,PROD00073,3,6067.87,15.58
ITEM0003793,ORD001264,PROD00159,3,48668.87,33.88
ITEM0003794,ORD001265,PROD00158,2,21343.24,26.9
ITEM0003795,ORD001265,PROD00126,5,70037.44,6.72
ITEM0003796,ORD001265,PROD00094,-2,40167.5,27.04
ITEM0003797,ORD001266,PROD00023,4,29842.68,22.81
ITEM0003798,ORD001266,PROD00132,5,8856.94,12.98
ITEM0003799,ORD001266,PROD00048,3,2058.38,13.38
ITEM0003800,ORD001267,PROD00156,2,13119.45,33.4
ITEM0003801,ORD001268,PROD00001,1,76807.51,27.27
ITEM0003802,ORD001268,PROD00114,4,42573.25,4.51
ITEM0003803,ORD001268,PROD00149,1,41574.75,21.68
ITEM0003804,ORD001268,PROD00098,5,43340.33,33.91
ITEM0003805,ORD001269,PROD00199,5,8609.08,19.38
ITEM0003806,ORD001269,PROD00093,4,8843.46,33.86
ITEM0003807,ORD001269,PROD00151,4,2829.64,26.25
ITEM0003808,ORD001270,PROD00100,3,4773.16,17.4
ITEM0003809,ORD001270,PROD00145,-3,37451.32,19.89
ITEM0003810,ORD001270,PROD00173,1,21064.52,9.01
ITEM0003811,ORD001271,PROD00169,5,35175.19,10.35
ITEM0003812,ORD001272,PROD00182,4,16000.69,10.44
ITEM0003813,ORD001272,PROD00200,2,49593.9,37.09
ITEM0003814,ORD001272,PROD00099,2,50258.8,14.34
ITEM0003815,ORD001272,PROD00150,3,19758.25,3.4
ITEM0003816,ORD001272,PROD00029,4,25872.23,21.15
ITEM0003817,ORD001273,PROD00029,1,23132.47,26.49
ITEM0003818,ORD001274,PROD00031,2,38380.09,24.4
ITEM0003819,ORD001275,PROD00054,2,19425.54,3.26
ITEM0003820,ORD001275,PROD00052,1,77064.03,35.13
ITEM0003821,ORD001276,PROD00038,4,59459.98,16.65
ITEM0003822,ORD001277,PROD00191,5,27876.48,33.67
ITEM0003823,ORD001277,PROD00131,2,64777.83,6.89
ITEM0003824,ORD001278,PROD00130,2,39243.6,12.21
ITEM0003825,ORD001279,PROD00076,4,57500.69,35.07
ITEM0003826,ORD001279,PROD00169,4,36951.94,23.45
ITEM0003827,ORD001279,PROD00184,1,9762.33,38.9
ITEM0003828,ORD001279,PROD00062,3,77233.08,23.65
ITEM0003829,ORD001279,PROD00082,-3,54642.18,11.79
ITEM0003830,ORD001280,PROD00071,1,25479.37,21.57
ITEM0003831,ORD001280,PROD00196,2,38831.39,31.41
ITEM0003832,ORD001281,PROD00127,3,3794.19,39.48
ITEM0003833,ORD001281,PROD00174,3,47666.48,18.92
ITEM0003834,ORD001282,PROD00086,1,7464.34,8.92
ITEM0003835,ORD001282,PROD00182,5,15187.78,16.34
ITEM0003836,ORD001283,PROD00195,3,6535.07,24.53
ITEM0003837,ORD001283,PROD00042,4,67611.8,22.12
ITEM0003838,ORD001284,PROD00104,4,44290.34,2.14
ITEM0003839,ORD001284,PROD00045,5,59159.32,4.23
ITEM0003840,ORD001284,PROD00021,1,19411.47,31.0
ITEM0003841,ORD001285,PROD00111,2,62938.38,33.13
ITEM0003842,ORD001285,PROD00073,2,6858.13,13.31
ITEM0003843,ORD001285,PROD00185,1,14915.98,10.83
ITEM0003844,ORD001285,PROD00163,4,25441.75,27.55
ITEM0003845,ORD001286,PROD00084,5,39928.26,37.62
ITEM0003846,ORD001286,PROD00007,3,30884.93,26.74
ITEM0003847,ORD001286,PROD00152,3,57640.17,17.57
ITEM0003848,ORD001286,PROD00034,4,77529.77,26.35
ITEM0003849,ORD001286,PROD00145,3,34823.7,31.48
ITEM0003850,ORD001287,PROD00033,3,27890.57,22.76
ITEM0003851,ORD001287,PROD00174,3,49202.54,13.02
ITEM0003852,ORD001287,PROD00028,3,62030.88,16.83
ITEM0003853,ORD001288,PROD00125,3,73886.51,6.4
ITEM0003854,ORD001288,PROD00080,5,6155.83,21.37
ITEM0003855,ORD001288,PROD00133,3,40605.87,34.58
ITEM0003856,ORD001289,PROD00157,4,19676.02,11.75
ITEM0003857,ORD001289,PROD00059,5,53639.63,31.07
ITEM0003858,ORD001289,PROD00007,5,40378.56,13.61
ITEM0003859,ORD001289,PROD00065,5,60058.73,19.4
ITEM0003860,ORD001289,PROD00061,2,47696.36,39.86
ITEM0003861,ORD001290,PROD00093,2,7120.3,4.62
ITEM0003862,ORD001291,PROD00196,5,36035.95,11.0
ITEM0003863,ORD001291,PROD00001,3,61431.99,7.22
ITEM0003864,ORD001291,PROD00184,4,10225.38,1.74
ITEM0003865,ORD001292,PROD00018,4,7671.93,26.99
ITEM0003866,ORD001292,PROD00154,2,50997.19,23.83
ITEM0003867,ORD001292,PROD00124,5,32700.17,22.22
ITEM0003868,ORD001293,PROD00117,1,20372.78,36.64
ITEM0003869,ORD001293,PROD00054,4,21653.09,27.3
ITEM0003870,ORD001293,PROD00058,2,19596.97,37.77
ITEM0003871,ORD001293,PROD00096,1,3417.95,11.25
ITEM0003872,ORD001294,PROD00026,3,56158.79,22.56
ITEM0003873,ORD001294,PROD00187,5,59063.08,26.72
ITEM0003874,ORD001294,PROD00016,1,76446.85,24.07
ITEM0003875,ORD001295,PROD00047,5,17191.96,5.4
ITEM0003876,ORD001295,PROD00144,4,38013.15,8.02
ITEM0003877,ORD001295,PROD00031,3,30972.98,32.43
ITEM0003878,ORD001296,PROD00049,4,37786.21,30.75
ITEM0003879,ORD001296,PROD00073,1,5134.59,33.15
ITEM0003880,ORD001297,PROD00173,2,29028.07,38.85
ITEM0003881,ORD001297,PROD00056,1,80911.03,24.52
ITEM0003882,ORD001297,PROD00048,4,1964.49,15.05
ITEM0003883,ORD001297,PROD00075,3,20715.32,0.15
ITEM0003884,ORD001297,PROD00038,4,59282.9,6.83
ITEM0003885,ORD001298,PROD00123,1,85051.62,4.75
ITEM0003886,ORD001298,PROD00129,2,59356.93,24.78
ITEM0003887,ORD001298,PROD00062,5,60359.87,24.01
ITEM0003888,ORD001299,PROD00013,1,49291.0,20.12
ITEM0003889,ORD001300,PROD00121,3,51757.75,24.94
ITEM0003890,ORD001300,PROD00196,1,32242.25,22.82
ITEM0003891,ORD001301,PROD00092,5,13006.08,3.6
ITEM0003892,ORD001302,PROD00119,4,22479.31,36.57
ITEM0003893,ORD001302,PROD00127,5,3825.84,14.9
ITEM0003894,ORD001302,PROD00130,1,37197.65,18.67
ITEM0003895,ORD001302,PROD00148,1,62846.37,5.06
ITEM0003896,ORD001302,PROD00092,2,13947.65,18.85
ITEM0003897,ORD001303,PROD00007,1,28635.7,34.41
ITEM0003898,ORD001304,PROD00090,4,521.44,9.47
ITEM0003899,ORD001304,PROD00121,4,70674.66,32.68
ITEM0003900,ORD001304,PROD00080,5,4868.6,36.39
ITEM0003901,ORD001304,PROD00062,4,54188.51,1.9
ITEM0003902,ORD001304,PROD00150,2,19758.13,3.11
ITEM0003903,ORD001305,PROD00050,4,86712.67,13.21
ITEM0003904,ORD001305,PROD00105,2,57470.65,20.85
ITEM0003905,ORD001306,PROD00191,1,20419.11,15.23
ITEM0003906,ORD001307,PROD00113,4,46748.28,26.94
ITEM0003907,ORD001307,PROD00007,2,36020.95,6.4
ITEM0003908,ORD001308,PROD00148,4,53610.91,32.67
ITEM0003909,ORD001308,PROD00041,3,44822.1,8.9
ITEM0003910,ORD001309,PROD00111,3,62351.13,35.98
ITEM0003911,ORD001310,PROD00053,2,66855.84,29.91
ITEM0003912,ORD001311,PROD00041,3,43578.31,18.08
ITEM0003913,ORD001311,PROD00053,2,60344.02,36.46
ITEM0003914,ORD001311,PROD00113,1,41002.09,25.76
ITEM0003915,ORD001312,PROD00004,2,3563.14,30.27
ITEM0003916,ORD001312,PROD00072,3,8038.81,17.07
ITEM0003917,ORD001312,PROD00092,2,14142.64,24.17
ITEM0003918,ORD001312,PROD00193,4,305.32,19.29
ITEM0003919,ORD001312,PROD00086,4,5812.32,25.87
ITEM0003920,ORD001313,PROD00193,2,271.74,17.13
ITEM0003921,ORD001313,PROD00131,4,69703.01,9.38
ITEM0003922,ORD001313,PROD00160,5,39721.14,37.08
ITEM0003923,ORD001314,PROD00198,3,23424.31,7.34
ITEM0003924,ORD001315,PROD00024,3,22465.51,25.57
ITEM0003925,ORD001316,PROD00016,-3,58449.78,21.09
ITEM0003926,ORD001316,PROD00181,3,58293.25,25.8
ITEM0003927,ORD001316,PROD00135,4,44215.98,10.52
ITEM0003928,ORD001316,PROD00107,3,80836.78,17.96
ITEM0003929,ORD001316,PROD00141,4,24211.24,13.98
ITEM0003930,ORD001317,PROD00042,1,71164.33,33.93
ITEM0003931,ORD001317,PROD00162,5,25215.28,19.1
ITEM0003932,ORD001317,PROD00149,3,51432.81,19.79
ITEM0003933,ORD001318,PROD00084,4,53306.28,19.25
ITEM0003934,ORD001318,PROD00016,3,58179.13,30.37
ITEM0003935,ORD001318,PROD00178,5,10490.65,34.34
ITEM0003936,ORD001318,PROD00116,5,38254.26,36.99
ITEM0003937,ORD001318,PROD00134,3,20639.11,33.84
ITEM0003938,ORD001319,PROD00057,5,37641.48,6.17
ITEM0003939,ORD001319,PROD00174,2,41481.86,4.22
ITEM0003940,ORD001319,PROD00041,2,49896.69,24.91
ITEM0003941,ORD001319,PROD00073,5,6166.74,7.62
ITEM0003942,ORD001319,PROD00106,5,68471.9,14.03
ITEM0003943,ORD001320,PROD00094,2,37357.02,28.73
ITEM0003944,ORD001321,PROD00020,-2,56104.85,16.29
ITEM0003945,ORD001321,PROD00057,1,37725.23,19.3
ITEM0003946,ORD001321,PROD00176,3,34328.34,2.29
ITEM0003947,ORD001321,PROD00162,3,30478.87,0.57
ITEM0003948,ORD001322,PROD00200,5,57263.2,10.65
ITEM0003949,ORD001322,PROD00185,1,18040.91,33.3
ITEM0003950,ORD001322,PROD00057,2,43364.21,19.38
ITEM0003951,ORD001322,PROD00040,1,20322.14,16.48
ITEM0003952,ORD001322,PROD00182,1,19119.87,19.04
ITEM0003953,ORD001323,PROD00122,1,76506.51,32.08
ITEM0003954,ORD001323,PROD00056,4,63619.95,6.78
ITEM0003955,ORD001324,PROD00106,4,62527.11,36.48
ITEM0003956,ORD001324,PROD00013,4,42915.36,0.06
ITEM0003957,ORD001324,PROD00022,1,44082.24,8.62
ITEM0003958,ORD001325,PROD00162,4,33568.53,2.85
ITEM0003959,ORD001325,PROD00173,-1,19050.47,36.42
ITEM0003960,ORD001325,PROD00177,4,56180.5,19.99
ITEM0003961,ORD001326,PROD00026,-1,55800.07,5.3
ITEM0003962,ORD001327,PROD00044,5,67004.14,34.96
ITEM0003963,ORD001328,PROD00011,1,33574.94,35.73
ITEM0003964,ORD001328,PROD00082,4,66451.99,31.59
ITEM0003965,ORD001328,PROD00025,1,14704.71,15.28
ITEM0003966,ORD001328,PROD00191,5,26270.77,19.07
ITEM0003967,ORD001328,PROD00010,1,35506.71,12.2
ITEM0003968,ORD001329,PROD00199,2,8156.89,22.35
ITEM0003969,ORD001330,PROD00093,3,9623.29,36.48
ITEM0003970,ORD001330,PROD00029,3,21839.81,15.45
ITEM0003971,ORD001331,PROD00115,4,49029.55,31.31
ITEM0003972,ORD001331,PROD00038,3,61538.61,31.47
ITEM0003973,ORD001331,PROD00028,3,64344.1,38.88
ITEM0003974,ORD001331,PROD00017,2,32342.85,3.35
ITEM0003975,ORD001332,PROD00170,3,3145.66,37.9
ITEM0003976,ORD001332,PROD00037,3,25445.94,35.21
ITEM0003977,ORD001332,PROD00084,3,47789.19,5.53
ITEM0003978,ORD001332,PROD00068,3,42229.57,4.61
ITEM0003979,ORD001332,PROD00163,3,22380.29,17.71
ITEM0003980,ORD001333,PROD00176,2,32894.51,0.67
ITEM0003981,ORD001334,PROD00177,2,55251.33,4.23
ITEM0003982,ORD001335,PROD00107,5,84949.2,7.12
ITEM0003983,ORD001335,PROD00116,5,26949.01,36.48
ITEM0003984,ORD001335,PROD00109,1,63480.89,35.94
ITEM0003985,ORD001335,PROD00188,2,7791.01,23.14
ITEM0003986,ORD001335,PROD00119,4,28405.04,30.31
ITEM0003987,ORD001336,PROD00045,5,83819.07,37.82
ITEM0003988,ORD001336,PROD00146,5,65440.66,36.28
ITEM0003989,ORD001336,PROD00097,3,69270.37,19.71
ITEM0003990,ORD001336,PROD00009,3,49628.96,23.81
ITEM0003991,ORD001337,PROD00083,3,77997.36,13.77
ITEM0003992,ORD001337,PROD00164,1,54847.74,32.61
ITEM0003993,ORD001337,PROD00129,1,58706.38,10.19
ITEM0003994,ORD001338,PROD00129,2,64115.95,33.96
ITEM0003995,ORD001338,PROD00192,2,48208.63,31.07
ITEM0003996,ORD001338,PROD00149,4,47642.23,12.82
ITEM0003997,ORD001338,PROD00055,5,54062.99,5.12
ITEM0003998,ORD001339,PROD00197,4,8037.36,13.71
ITEM0003999,ORD001339,PROD00153,1,41440.08,29.18
ITEM0004000,ORD001339,PROD00198,2,28020.14,33.99
ITEM0004001,ORD001340,PROD00099,5,52787.89,35.96
ITEM0004002,ORD001340,PROD00107,5,60313.23,39.14
ITEM0004003,ORD001341,PROD00064,3,26018.21,8.73
ITEM0004004,ORD001341,PROD00079,5,40036.34,39.43
ITEM0004005,ORD001342,PROD00154,3,55178.84,36.07
ITEM0004006,ORD001342,PROD00188,1,12369.72,39.11
ITEM0004007,ORD001342,PROD00196,5,33949.25,4.52
ITEM0004008,ORD001342,PROD00107,4,76454.2,2.93
ITEM0004009,ORD001342,PROD00094,3,51957.88,19.27
ITEM0004010,ORD001343,PROD00026,1,40536.26,3.16
ITEM0004011,ORD001344,PROD00028,2,73927.05,6.42
ITEM0004012,ORD001344,PROD00163,3,25484.97,35.01
ITEM0004013,ORD001344,PROD00098,3,39292.08,31.03
ITEM0004014,ORD001344,PROD00040,5,19542.93,25.5
ITEM0004015,ORD001344,PROD00055,-2,58693.75,24.22
ITEM0004016,ORD001345,PROD00031,5,34494.59,3.7
ITEM0004017,ORD001345,PROD00095,5,31615.21,11.8
ITEM0004018,ORD001346,PROD00010,4,34427.44,30.0
ITEM0004019,ORD001347,PROD00086,4,7935.03,22.14
ITEM0004020,ORD001347,PROD00102,5,29144.38,34.54
ITEM0004021,ORD001347,PROD00145,4,40236.8,16.69
ITEM0004022,ORD001347,PROD00075,1,15486.26,9.86
ITEM0004023,ORD001348,PROD00118,5,50406.28,34.13
ITEM0004024,ORD001349,PROD00021,2,19170.44,35.81
ITEM0004025,ORD001349,PROD00071,2,17920.73,15.06
ITEM0004026,ORD001349,PROD00028,3,78027.9,35.54
ITEM0004027,ORD001349,PROD00069,2,69000.88,8.07
ITEM0004028,ORD001350,PROD00191,2,28437.78,29.05
ITEM0004029,ORD001350,PROD00017,3,31963.79,14.23
ITEM0004030,ORD001350,PROD00106,4,51834.57,22.31
ITEM0004031,ORD001350,PROD00128,4,72980.86,5.34
ITEM0004032,ORD001350,PROD00077,5,52748.88,32.94
ITEM0004033,ORD001351,PROD00086,5,9067.96,21.73
ITEM0004034,ORD001351,PROD00156,3,12355.72,27.68
ITEM0004035,ORD001351,PROD00118,-3,60972.19,6.06
ITEM0004036,ORD001352,PROD00003,5,43723.97,4.74
ITEM0004037,ORD001353,PROD00115,5,71188.78,25.96
ITEM0004038,ORD001353,PROD00135,4,54896.68,21.86
ITEM0004039,ORD001353,PROD00083,2,80109.7,17.24
ITEM0004040,ORD001353,PROD00072,2,6702.75,13.54
ITEM0004041,ORD001354,PROD00188,2,10819.8,29.53
ITEM0004042,ORD001354,PROD00003,5,38186.39,26.35
ITEM0004043,ORD001355,PROD00103,4,56036.89,8.73
ITEM0004044,ORD001355,PROD00178,3,11504.46,14.49
ITEM0004045,ORD001355,PROD00053,4,82531.97,4.92
ITEM0004046,ORD001356,PROD00189,1,8433.26,4.88
ITEM0004047,ORD001357,PROD00171,2,61914.85,35.66
ITEM0004048,ORD001357,PROD00053,2,58850.61,3.46
ITEM0004049,ORD001358,PROD00149,5,48819.1,18.3
ITEM0004050,ORD001358,PROD00080,3,6670.78,35.36
ITEM0004051,ORD001358,PROD00057,5,38741.43,3.35
ITEM0004052,ORD001358,PROD00142,3,38553.66,11.14
ITEM0004053,ORD001359,PROD00085,4,40864.33,16.98
ITEM0004054,ORD001359,PROD00111,2,77924.36,17.22
ITEM0004055,ORD001360,PROD00001,2,75197.94,16.83
ITEM0004056,ORD001360,PROD00165,4,47093.73,6.13
ITEM0004057,ORD001361,PROD00124,4,34545.37,1.89
ITEM0004058,ORD001361,PROD00085,3,36815.46,15.35
ITEM0004059,ORD001361,PROD00027,1,67642.57,25.67
ITEM0004060,ORD001361,PROD00081,5,17326.84,34.21
ITEM0004061,ORD001362,PROD00133,4,38663.95,22.87
ITEM0004062,ORD001362,PROD00085,1,37983.92,15.26
ITEM0004063,ORD001362,PROD00145,5,31921.03,38.57
ITEM0004064,ORD001362,PROD00071,2,18688.57,1.65
ITEM0004065,ORD001363,PROD00184,4,7493.61,9.24
ITEM0004066,ORD001364,PROD00190,2,36624.52,26.37
ITEM0004067,ORD001364,PROD00032,3,57289.35,7.97
ITEM0004068,ORD001364,PROD00141,4,30487.38,9.62
ITEM0004069,ORD001365,PROD00132,3,9906.37,38.13
ITEM0004070,ORD001365,PROD00113,2,31799.33,18.57
ITEM0004071,ORD001365,PROD00021,3,22835.53,30.53
ITEM0004072,ORD001365,PROD00166,4,478.74,11.64
ITEM0004073,ORD001365,PROD00172,3,528.72,32.87
ITEM0004074,ORD001366,PROD00026,2,42589.71,7.0
ITEM0004075,ORD001366,PROD00129,2,69774.12,7.87
ITEM0004076,ORD001366,PROD00054,3,22744.35,20.23
ITEM0004077,ORD001367,PROD00104,3,44697.8,28.76
ITEM0004078,ORD001367,PROD00015,4,55012.4,15.46
ITEM0004079,ORD001367,PROD00117,3,15414.32,37.46
ITEM0004080,ORD001367,PROD00048,4,1808.0,1.89
ITEM0004081,ORD001368,PROD00158,4,27182.38,10.19
ITEM0004082,ORD001368,PROD00105,1,58869.65,10.39
ITEM0004083,ORD001368,PROD00096,3,2581.82,30.1
ITEM0004084,ORD001368,PROD00089,5,38681.65,11.34
ITEM0004085,ORD001368,PROD00189,3,9011.1,30.88
ITEM0004086,ORD001369,PROD00002,-1,18564.17,27.46
ITEM0004087,ORD001370,PROD00132,4,9689.0,21.25
ITEM0004088,ORD001371,PROD00032,2,59550.75,22.66
ITEM0004089,ORD001371,PROD00152,5,59426.81,22.36
ITEM0004090,ORD001371,PROD00056,5,69902.38,35.01
ITEM0004091,ORD001371,PROD00182,4,17144.08,3.89
ITEM0004092,ORD001371,PROD00174,1,42023.5,14.48
ITEM0004093,ORD001372,PROD00191,5,25175.47,17.58
ITEM0004094,ORD001372,PROD00003,2,34008.67,5.25
ITEM0004095,ORD001372,PROD00027,1,57137.75,27.44
ITEM0004096,ORD001372,PROD00131,2,60028.69,36.28
ITEM0004097,ORD001373,PROD00112,4,48516.65,8.25
ITEM0004098,ORD001373,PROD00087,4,48024.78,22.77
ITEM0004099,ORD001373,PROD00192,3,32841.97,38.86
ITEM0004100,ORD001373,PROD00021,4,22694.2,31.34
ITEM0004101,ORD001374,PROD00088,4,23328.78,2.5
ITEM0004102,ORD001374,PROD00158,2,22027.42,30.14
ITEM0004103,ORD001374,PROD00064,3,19067.77,8.58
ITEM0004104,ORD001375,PROD00117,1,22662.48,10.07
ITEM0004105,ORD001376,PROD00106,2,52620.45,9.37
ITEM0004106,ORD001376,PROD00045,2,61402.71,16.09
ITEM0004107,ORD001377,PROD00080,4,5017.45,12.06
ITEM0004108,ORD001377,PROD00152,4,56754.6,12.18
ITEM0004109,ORD001377,PROD00107,2,58331.16,33.89
ITEM0004110,ORD001377,PROD00163,4,21539.79,39.22
ITEM0004111,ORD001378,PROD00028,3,83958.37,20.4
ITEM0004112,ORD001378,PROD00195,4,4981.65,1.6
ITEM0004113,ORD001379,PROD00015,1,60574.33,30.57
ITEM0004114,ORD001379,PROD00056,1,70273.38,26.51
ITEM0004115,ORD001379,PROD00197,4,7792.21,36.79
ITEM0004116,ORD001380,PROD00140,3,43720.82,19.68
ITEM0004117,ORD001380,PROD00126,1,52729.91,29.77
ITEM0004118,ORD001381,PROD00179,1,40674.06,14.75
ITEM0004119,ORD001381,PROD00199,2,7394.29,29.0
ITEM0004120,ORD001381,PROD00164,4,60175.79,15.3
ITEM0004121,ORD001381,PROD00064,2,28580.73,30.93
ITEM0004122,ORD001381,PROD00068,4,53139.57,34.68
ITEM0004123,ORD001382,PROD00060,3,11802.8,3.8
ITEM0004124,ORD001382,PROD00055,5,44746.21,23.42
ITEM0004125,ORD001382,PROD00097,1,61291.33,39.45
ITEM0004126,ORD001382,PROD00113,1,35536.81,36.68
ITEM0004127,ORD001382,PROD00175,5,24193.42,13.41
ITEM0004128,ORD001383,PROD00047,4,16839.37,29.2
ITEM0004129,ORD001383,PROD00123,1,60785.53,26.57
ITEM0004130,ORD001383,PROD00189,4,7749.55,17.42
ITEM0004131,ORD001383,PROD00176,5,52326.66,19.0
ITEM0004132,ORD001383,PROD00030,4,68447.01,25.7
ITEM0004133,ORD001384,PROD00135,5,53020.73,29.01
ITEM0004134,ORD001384,PROD00141,3,26925.39,23.24
ITEM0004135,ORD001384,PROD00132,3,10751.38,3.46
ITEM0004136,ORD001384,PROD00078,5,32103.03,16.67
ITEM0004137,ORD001385,PROD00014,5,81705.8,3.86
ITEM0004138,ORD001385,PROD00097,2,73849.81,30.48
ITEM0004139,ORD001385,PROD00151,4,2560.34,34.27
ITEM0004140,ORD001385,PROD00182,5,19294.68,12.07
ITEM0004141,ORD001385,PROD00046,-1,29897.87,15.41
ITEM0004142,ORD001386,PROD00016,3,80215.43,10.46
ITEM0004143,ORD001386,PROD00165,2,35617.21,17.72
ITEM0004144,ORD001386,PROD00059,1,82575.74,8.92
ITEM0004145,ORD001387,PROD00046,4,34147.12,9.95
ITEM0004146,ORD001387,PROD00145,5,33608.55,27.57
ITEM0004147,ORD001387,PROD00073,5,5134.83,38.98
ITEM0004148,ORD001388,PROD00043,3,23904.25,38.28
ITEM0004149,ORD001388,PROD00194,4,38470.05,27.79
ITEM0004150,ORD001388,PROD00184,4,8485.58,6.09
ITEM0004151,ORD001388,PROD00152,2,47644.6,25.24
ITEM0004152,ORD001388,PROD00123,1,87445.85,28.85
ITEM0004153,ORD001389,PROD00089,5,42361.77,27.36
ITEM0004154,ORD001390,PROD00143,3,6618.72,37.19
ITEM0004155,ORD001390,PROD00165,1,35452.46,30.64
ITEM0004156,ORD001390,PROD00148,1,52912.61,38.9
ITEM0004157,ORD001391,PROD00045,4,55526.95,16.18
ITEM0004158,ORD001392,PROD00047,2,15692.91,11.96
ITEM0004159,ORD001392,PROD00063,3,37907.21,35.38
ITEM0004160,ORD001392,PROD00126,5,65086.9,19.29
ITEM0004161,ORD001393,PROD00042,4,67280.3,37.08
ITEM0004162,ORD001393,PROD00020,3,68492.91,38.47
ITEM0004163,ORD001393,PROD00195,2,4494.63,32.63
ITEM0004164,ORD001393,PROD00123,4,84013.28,21.68
ITEM0004165,ORD001394,PROD00021,1,23678.07,30.67
ITEM0004166,ORD001394,PROD00182,4,20308.2,16.87
ITEM0004167,ORD001395,PROD00058,1,17229.81,29.06
ITEM0004168,ORD001396,PROD00151,4,2960.07,38.95
ITEM0004169,ORD001396,PROD00100,5,4329.53,6.87
ITEM0004170,ORD001396,PROD00021,3,19671.52,39.56
ITEM0004171,ORD001397,PROD00177,4,60427.52,30.81
ITEM0004172,ORD001397,PROD00137,4,47247.47,27.85
ITEM0004173,ORD001397,PROD00111,1,72160.01,38.89
ITEM0004174,ORD001398,PROD00046,5,36416.49,7.8
ITEM0004175,ORD001399,PROD00023,4,34833.31,0.06
ITEM0004176,ORD001399,PROD00127,4,5075.59,16.96
ITEM0004177,ORD001399,PROD00098,3,45807.05,7.32
ITEM0004178,ORD001399,PROD00185,3,22427.13,0.0
ITEM0004179,ORD001399,PROD00191,2,27380.55,19.88
ITEM0004180,ORD001400,PROD00108,3,43849.5,38.06
ITEM0004181,ORD001401,PROD00079,5,33402.33,25.82
ITEM0004182,ORD001401,PROD00189,3,9086.33,20.45
ITEM0004183,ORD001401,PROD00153,5,53708.6,27.95
ITEM0004184,ORD001401,PROD00023,-3,33955.9,6.67
ITEM0004185,ORD001401,PROD00169,4,31233.14,1.03
ITEM0004186,ORD001402,PROD00121,4,58439.52,31.45
ITEM0004187,ORD001402,PROD00094,4,52726.4,35.88
ITEM0004188,ORD001403,PROD00055,4,45628.26,0.72
ITEM0004189,ORD001403,PROD00002,2,14864.56,6.93
ITEM0004190,ORD001403,PROD00149,3,37931.21,3.04
ITEM0004191,ORD001404,PROD00108,2,49752.64,14.94
ITEM0004192,ORD001404,PROD00101,5,34784.92,36.24
ITEM0004193,ORD001405,PROD00190,1,39652.08,22.8
ITEM0004194,ORD001405,PROD00166,4,467.71,5.82
ITEM0004195,ORD001405,PROD00165,4,44441.13,0.1
ITEM0004196,ORD001406,PROD00039,1,24262.63,10.2
ITEM0004197,ORD001406,PROD00175,5,23577.23,17.14
ITEM0004198,ORD001406,PROD00129,4,68225.33,9.57
ITEM0004199,ORD001406,PROD00016,4,70435.46,24.12
ITEM0004200,ORD001406,PROD00124,2,34043.19,24.51
ITEM0004201,ORD001407,PROD00063,2,48680.05,32.76
ITEM0004202,ORD001407,PROD00130,2,33999.26,31.86
ITEM0004203,ORD001408,PROD00149,4,42494.32,34.82
ITEM0004204,ORD001408,PROD00136,5,9642.4,39.91
ITEM0004205,ORD001408,PROD00039,2,27265.06,1.49
ITEM0004206,ORD001408,PROD00089,5,46348.27,25.27
ITEM0004207,ORD001408,PROD00132,5,11195.99,9.31
ITEM0004208,ORD001409,PROD00035,1,13594.31,20.66
ITEM0004209,ORD001409,PROD00030,5,59103.51,26.68
ITEM0004210,ORD001409,PROD00149,3,41686.22,36.35
ITEM0004211,ORD001410,PROD00186,2,43726.39,25.25
ITEM0004212,ORD001410,PROD00090,1,502.04,17.98
ITEM0004213,ORD001410,PROD00015,4,80949.53,21.53
ITEM0004214,ORD001410,PROD00139,4,50857.25,9.16
ITEM0004215,ORD001410,PROD00102,1,35152.48,2.7
ITEM0004216,ORD001411,PROD00012,4,60932.86,31.49
ITEM0004217,ORD001411,PROD00092,2,13055.02,14.46
ITEM0004218,ORD001411,PROD00167,3,9620.45,16.98
ITEM0004219,ORD001411,PROD00148,2,55050.79,2.21
ITEM0004220,ORD001411,PROD00113,2,36764.6,22.24
ITEM0004221,ORD001412,PROD00128,5,54996.74,24.23
ITEM0004222,ORD001412,PROD00049,4,38481.24,3.24
ITEM0004223,ORD001412,PROD00100,3,3504.57,9.53
ITEM0004224,ORD001412,PROD00090,4,356.54,18.68
ITEM0004225,ORD001413,PROD00154,2,70034.96,26.42
ITEM0004226,ORD001413,PROD00141,1,20923.41,5.59
ITEM0004227,ORD001414,PROD00059,3,67352.1,34.92
ITEM0004228,ORD001414,PROD00131,-3,63245.24,23.55
ITEM0004229,ORD001414,PROD00166,4,579.75,37.31
ITEM0004230,ORD001415,PROD00042,3,50568.27,10.69
ITEM0004231,ORD001415,PROD00179,-3,59267.72,29.91
ITEM0004232,ORD001415,PROD00069,5,68388.53,10.93
ITEM0004233,ORD001415,PROD00166,3,423.83,15.27
ITEM0004234,ORD001415,PROD00081,5,18043.96,28.63
ITEM0004235,ORD001416,PROD00128,4,51082.53,6.43
ITEM0004236,ORD001416,PROD00185,3,21726.45,15.15
ITEM0004237,ORD001416,PROD00147,3,45451.97,9.48
ITEM0004238,ORD001416,PROD00155,2,34155.15,5.43
ITEM0004239,ORD001417,PROD00190,5,43576.95,35.71
ITEM0004240,ORD001417,PROD00016,5,58523.18,21.5
ITEM0004241,ORD001417,PROD00122,3,50471.85,14.33
ITEM0004242,ORD001418,PROD00097,4,61172.62,34.91
ITEM0004243,ORD001418,PROD00167,1,12332.31,34.89
ITEM0004244,ORD001418,PROD00153,4,51391.17,30.81
ITEM0004245,ORD001418,PROD00174,1,52041.92,14.64
ITEM0004246,ORD001418,PROD00003,3,50071.76,8.76
ITEM0004247,ORD001419,PROD00170,4,2650.79,8.49
ITEM0004248,ORD001419,PROD00041,3,50219.55,21.44
ITEM0004249,ORD001419,PROD00037,3,37814.96,7.58
ITEM0004250,ORD001419,PROD00067,5,44298.23,26.24
ITEM0004251,ORD001419,PROD00066,4,42067.84,7.96
ITEM0004252,ORD001420,PROD00062,3,60428.5,13.09
ITEM0004253,ORD001421,PROD00124,-3,32630.78,30.56
ITEM0004254,ORD001422,PROD00095,2,25833.18,4.48
ITEM0004255,ORD001422,PROD00182,2,18822.78,19.39
ITEM0004256,ORD001422,PROD00017,5,29034.33,2.55
ITEM0004257,ORD001422,PROD00004,1,4312.92,23.12
ITEM0004258,ORD001422,PROD00111,5,55116.98,11.02
ITEM0004259,ORD001423,PROD00140,5,45931.37,30.31
ITEM0004260,ORD001423,PROD00113,4,33890.73,23.05
ITEM0004261,ORD001424,PROD00002,5,16245.18,14.42
ITEM0004262,ORD001424,PROD00200,3,37621.67,15.33
ITEM0004263,ORD001425,PROD00144,1,44584.04,5.99
ITEM0004264,ORD001426,PROD00014,5,73592.68,13.04
ITEM0004265,ORD001426,PROD00068,5,39540.87,38.93
ITEM0004266,ORD001426,PROD00180,1,44759.89,9.67
ITEM0004267,ORD001426,PROD00187,4,44671.85,12.31
ITEM0004268,ORD001427,PROD00160,4,45263.13,37.68
ITEM0004269,ORD001428,PROD00065,4,54082.66,15.96
ITEM0004270,ORD001428,PROD00131,1,70049.89,37.06
ITEM0004271,ORD001428,PROD00118,3,47722.58,0.27
ITEM0004272,ORD001429,PROD00070,3,42704.69,3.9
ITEM0004273,ORD001429,PROD00161,2,17083.91,2.11
ITEM0004274,ORD001429,PROD00101,3,45646.73,17.31
ITEM0004275,ORD001430,PROD00093,-2,8985.27,33.38
ITEM0004276,ORD001431,PROD00165,3,45465.07,35.65
ITEM0004277,ORD001431,PROD00096,4,3492.02,38.69
ITEM0004278,ORD001431,PROD00179,5,47878.8,10.66
ITEM0004279,ORD001432,PROD00039,3,36550.21,3.31
ITEM0004280,ORD001432,PROD00146,5,69473.58,37.27
ITEM0004281,ORD001432,PROD00152,1,54071.97,1.08
ITEM0004282,ORD001432,PROD00011,3,29771.28,36.37
ITEM0004283,ORD001433,PROD00048,2,1806.67,2.97
ITEM0004284,ORD001433,PROD00065,1,57237.99,25.92
ITEM0004285,ORD001433,PROD00173,2,21849.02,18.0
ITEM0004286,ORD001434,PROD00028,5,61514.69,39.87
ITEM0004287,ORD001434,PROD00057,2,31328.41,21.36
ITEM0004288,ORD001434,PROD00064,1,20168.0,15.44
ITEM0004289,ORD001434,PROD00002,2,18238.97,10.57
ITEM0004290,ORD001434,PROD00157,3,15649.4,16.14
ITEM0004291,ORD001435,PROD00101,3,46780.93,1.63
ITEM0004292,ORD001435,PROD00106,3,70175.02,23.03
ITEM0004293,ORD001435,PROD00195,2,5694.82,13.11
ITEM0004294,ORD001435,PROD00137,1,56351.2,34.13
ITEM0004295,ORD001435,PROD00009,5,53065.97,29.85
ITEM0004296,ORD001436,PROD00117,1,24543.46,18.16
ITEM0004297,ORD001436,PROD00139,3,49689.87,28.96
ITEM0004298,ORD001436,PROD00028,3,83091.2,39.19
ITEM0004299,ORD001437,PROD00089,1,48686.82,10.84
ITEM0004300,ORD001438,PROD00024,4,20949.35,0.15
ITEM0004301,ORD001438,PROD00153,3,46757.9,5.66
ITEM0004302,ORD001438,PROD00169,4,31762.4,14.48
ITEM0004303,ORD001438,PROD00088,3,23410.43,9.4
ITEM0004304,ORD001439,PROD00057,5,42329.45,24.73
ITEM0004305,ORD001439,PROD00128,2,55050.04,36.91
ITEM0004306,ORD001439,PROD00109,2,62790.46,22.44
ITEM0004307,ORD001439,PROD00111,2,56378.24,17.16
ITEM0004308,ORD001440,PROD00131,5,64001.11,3.87
ITEM0004309,ORD001440,PROD00080,2,5606.95,9.35
ITEM0004310,ORD001440,PROD00158,3,24554.03,2.39
ITEM0004311,ORD001441,PROD00193,3,273.89,7.99
ITEM0004312,ORD001441,PROD00053,2,66526.43,4.55
ITEM0004313,ORD001441,PROD00052,4,84889.86,6.55
ITEM0004314,ORD001442,PROD00075,5,22029.31,17.82
ITEM0004315,ORD001442,PROD00122,2,70350.11,35.56
ITEM0004316,ORD001442,PROD00049,4,38636.13,3.05
ITEM0004317,ORD001442,PROD00077,4,54628.23,35.25
ITEM0004318,ORD001442,PROD00079,5,32166.39,37.88
ITEM0004319,ORD001443,PROD00170,3,3146.91,27.23
ITEM0004320,ORD001443,PROD00051,5,18936.45,17.88
ITEM0004321,ORD001443,PROD00031,-2,28637.3,19.07
ITEM0004322,ORD001444,PROD00161,3,13804.41,23.59
ITEM0004323,ORD001444,PROD00108,1,42997.41,20.27
ITEM0004324,ORD001444,PROD00027,3,55000.98,13.15
ITEM0004325,ORD001444,PROD00191,1,27265.97,10.43
ITEM0004326,ORD001444,PROD00125,5,78959.82,26.5
ITEM0004327,ORD001445,PROD00027,4,54231.78,21.89
ITEM0004328,ORD001445,PROD00095,-2,31484.11,3.49
ITEM0004329,ORD001445,PROD00034,4,58558.26,36.4
ITEM0004330,ORD001446,PROD00079,4,38018.75,13.98
ITEM0004331,ORD001446,PROD00084,1,51405.2,15.25
ITEM0004332,ORD001446,PROD00055,4,61651.15,4.37
ITEM0004333,ORD001447,PROD00020,4,59492.11,38.87
ITEM0004334,ORD001447,PROD00090,5,337.46,10.69
ITEM0004335,ORD001447,PROD00122,5,49285.79,24.75
ITEM0004336,ORD001448,PROD00029,3,26009.0,4.07
ITEM0004337,ORD001448,PROD00147,1,33579.08,34.29
ITEM0004338,ORD001448,PROD00096,3,3425.71,7.58
ITEM0004339,ORD001448,PROD00124,2,28598.79,1.45
ITEM0004340,ORD001449,PROD00045,5,56136.48,10.29
ITEM0004341,ORD001449,PROD00153,5,57818.12,15.3
ITEM0004342,ORD001449,PROD00101,5,32131.47,18.74
ITEM0004343,ORD001449,PROD00110,2,31017.91,0.93
ITEM0004344,ORD001450,PROD00155,4,30500.44,13.62
ITEM0004345,ORD001450,PROD00009,1,40419.75,0.1
ITEM0004346,ORD001450,PROD00117,1,21759.41,24.59
ITEM0004347,ORD001450,PROD00005,5,68489.73,8.44
ITEM0004348,ORD001450,PROD00080,-2,5843.6,15.1
ITEM0004349,ORD001451,PROD00117,4,17378.55,17.07
ITEM0004350,ORD001451,PROD00047,1,17444.82,8.3
ITEM0004351,ORD001452,PROD00012,2,56678.06,13.09
ITEM0004352,ORD001452,PROD00085,4,53338.67,26.28
ITEM0004353,ORD001452,PROD00150,5,16231.33,38.61
ITEM0004354,ORD001452,PROD00013,3,56022.86,38.46
ITEM0004355,ORD001453,PROD00120,3,76743.95,23.5
ITEM0004356,ORD001453,PROD00049,4,26980.88,15.19
ITEM0004357,ORD001453,PROD00197,1,7758.09,24.89
ITEM0004358,ORD001453,PROD00079,4,30722.26,0.44
ITEM0004359,ORD001453,PROD00095,3,29006.21,9.69
ITEM0004360,ORD001454,PROD00075,1,21212.45,17.37
ITEM0004361,ORD001454,PROD00024,1,32027.38,39.12
ITEM0004362,ORD001454,PROD00018,3,11813.44,35.41
ITEM0004363,ORD001454,PROD00156,1,10431.09,5.09
ITEM0004364,ORD001455,PROD00169,3,36503.31,24.37
ITEM0004365,ORD001455,PROD00047,5,21104.39,12.77
ITEM0004366,ORD001455,PROD00043,3,32914.89,22.49
ITEM0004367,ORD001455,PROD00049,3,27056.33,19.3
ITEM0004368,ORD001455,PROD00134,3,21470.13,10.83
ITEM0004369,ORD001456,PROD00118,2,50697.25,31.08
ITEM0004370,ORD001456,PROD00091,5,49125.18,39.81
ITEM0004371,ORD001456,PROD00102,2,33404.78,16.31
ITEM0004372,ORD001456,PROD00094,4,37743.05,3.21
ITEM0004373,ORD001457,PROD00021,1,17385.89,25.76
ITEM0004374,ORD001458,PROD00127,3,4133.47,12.05
ITEM0004375,ORD001458,PROD00092,2,17487.75,13.43
ITEM0004376,ORD001458,PROD00054,3,25999.23,18.16
ITEM0004377,ORD001458,PROD00165,5,50494.79,9.24
ITEM0004378,ORD001458,PROD00199,5,8613.09,22.48
ITEM0004379,ORD001459,PROD00093,3,7333.34,24.93
ITEM0004380,ORD001459,PROD00039,3,33849.96,37.28
ITEM0004381,ORD001460,PROD00045,2,77976.27,11.46
ITEM0004382,ORD001460,PROD00017,1,32856.63,17.3
ITEM0004383,ORD001460,PROD00091,5,48447.1,32.37
ITEM0004384,ORD001461,PROD00192,3,39341.0,12.84
ITEM0004385,ORD001461,PROD00066,1,41704.06,26.58
ITEM0004386,ORD001462,PROD00010,1,33221.19,35.61
ITEM0004387,ORD001463,PROD00054,3,18756.93,3.86
ITEM0004388,ORD001463,PROD00150,5,19025.59,5.46
ITEM0004389,ORD001464,PROD00143,1,6679.69,5.06
ITEM0004390,ORD001464,PROD00091,2,48175.23,16.5
ITEM0004391,ORD001465,PROD00030,2,74202.43,4.26
ITEM0004392,ORD001465,PROD00076,3,52179.84,33.39
ITEM0004393,ORD001466,PROD00126,1,70959.87,38.4
ITEM0004394,ORD001466,PROD00140,3,49737.95,4.02
ITEM0004395,ORD001466,PROD00113,5,37139.15,7.83
ITEM0004396,ORD001466,PROD00127,4,4160.91,14.21
ITEM0004397,ORD001467,PROD00107,2,79167.34,32.9
ITEM0004398,ORD001467,PROD00157,2,13049.72,35.06
ITEM0004399,ORD001467,PROD00175,4,17347.25,18.2
ITEM0004400,ORD001468,PROD00052,3,64135.77,13.54
ITEM0004401,ORD001468,PROD00181,5,52447.74,17.48
ITEM0004402,ORD001469,PROD00162,-1,35528.52,13.19
ITEM0004403,ORD001469,PROD00098,5,44017.21,24.9
ITEM0004404,ORD001470,PROD00137,3,35927.11,27.83
ITEM0004405,ORD001470,PROD00111,5,82276.96,22.78
ITEM0004406,ORD001470,PROD00131,2,64570.67,38.03
ITEM0004407,ORD001470,PROD00156,1,15892.16,25.11
ITEM0004408,ORD001470,PROD00021,4,17648.89,4.71
ITEM0004409,ORD001471,PROD00169,1,24224.56,11.56
ITEM0004410,ORD001471,PROD00022,1,55719.0,36.51
ITEM0004411,ORD001472,PROD00195,2,4675.7,18.94
ITEM0004412,ORD001472,PROD00102,5,36351.32,16.34
ITEM0004413,ORD001472,PROD00056,4,79031.46,37.41
ITEM0004414,ORD001472,PROD00116,5,40956.58,10.74
ITEM0004415,ORD001472,PROD00054,4,19371.23,2.68
ITEM0004416,ORD001473,PROD00091,3,52872.96,8.27
ITEM0004417,ORD001473,PROD00194,4,54038.18,27.38
ITEM0004418,ORD001473,PROD00022,2,44491.74,13.6
ITEM0004419,ORD001473,PROD00079,1,37580.1,37.29
ITEM0004420,ORD001474,PROD00170,4,2639.44,16.57
ITEM0004421,ORD001475,PROD00162,5,29330.18,7.56
ITEM0004422,ORD001475,PROD00140,5,39884.89,10.23
ITEM0004423,ORD001475,PROD00149,1,43718.97,11.06
ITEM0004424,ORD001475,PROD00196,1,27886.35,28.29
ITEM0004425,ORD001475,PROD00085,5,45909.9,16.97
ITEM0004426,ORD001476,PROD00194,5,39351.97,1.78
ITEM0004427,ORD001477,PROD00013,5,49655.95,12.68
ITEM0004428,ORD001477,PROD00168,3,63258.39,11.67
ITEM0004429,ORD001477,PROD00148,1,59839.63,0.57
ITEM0004430,ORD001478,PROD00181,3,46740.72,10.91
ITEM0004431,ORD001479,PROD00154,2,69316.7,10.19
ITEM0004432,ORD001479,PROD00177,2,82755.49,12.13
ITEM0004433,ORD001480,PROD00082,2,70588.5,29.59
ITEM0004434,ORD001480,PROD00178,3,11862.09,37.13
ITEM0004435,ORD001481,PROD00004,-1,3867.38,28.31
ITEM0004436,ORD001481,PROD00075,3,20946.36,37.16
ITEM0004437,ORD001481,PROD00033,4,29521.75,13.5
ITEM0004438,ORD001481,PROD00065,4,79522.57,37.88
ITEM0004439,ORD001482,PROD00129,5,51277.2,6.1
ITEM0004440,ORD001482,PROD00046,4,33340.66,37.43
ITEM0004441,ORD001482,PROD00005,5,53786.04,32.17
ITEM0004442,ORD001482,PROD00146,-1,65735.12,33.68
ITEM0004443,ORD001483,PROD00181,1,54759.86,27.45
ITEM0004444,ORD001483,PROD00004,1,3897.23,25.98
ITEM0004445,ORD001483,PROD00156,4,10513.37,26.83
ITEM0004446,ORD001483,PROD00112,2,49565.85,23.94
ITEM0004447,ORD001483,PROD00173,-2,19633.58,35.92
ITEM0004448,ORD001484,PROD00120,3,68394.74,7.2
ITEM0004449,ORD001484,PROD00196,4,26565.85,5.53
ITEM0004450,ORD001485,PROD00083,2,50188.17,7.99
ITEM0004451,ORD001486,PROD00087,4,35801.25,30.54
ITEM0004452,ORD001486,PROD00098,1,42995.46,36.25
ITEM0004453,ORD001487,PROD00026,5,47731.13,9.07
ITEM0004454,ORD001488,PROD00139,2,44995.22,17.29
ITEM0004455,ORD001488,PROD00193,3,406.61,0.7
ITEM0004456,ORD001488,PROD00178,5,10647.96,8.25
ITEM0004457,ORD001489,PROD00178,3,15913.51,25.62
ITEM0004458,ORD001489,PROD00146,4,60430.32,3.52
ITEM0004459,ORD001489,PROD00031,4,39762.66,28.23
ITEM0004460,ORD001490,PROD00022,2,56274.55,25.56
ITEM0004461,ORD001490,PROD00192,3,43397.9,33.23
ITEM0004462,ORD001490,PROD00078,3,30541.25,32.95
ITEM0004463,ORD001491,PROD00115,5,74576.42,14.21
ITEM0004464,ORD001491,PROD00196,3,33990.95,39.94
ITEM0004465,ORD001491,PROD00157,2,13307.34,24.3
ITEM0004466,ORD001491,PROD00146,-3,59086.89,0.26
ITEM0004467,ORD001491,PROD00055,1,42089.44,37.19
ITEM0004468,ORD001492,PROD00083,2,59097.39,39.2
ITEM0004469,ORD001493,PROD00053,2,59454.73,25.38
ITEM0004470,ORD001493,PROD00003,3,42923.34,10.11
ITEM0004471,ORD001493,PROD00116,3,28898.97,37.94
ITEM0004472,ORD001493,PROD00086,2,8629.81,16.54
ITEM0004473,ORD001493,PROD00004,4,4782.22,29.21
ITEM0004474,ORD001494,PROD00104,3,49728.32,19.46
ITEM0004475,ORD001494,PROD00067,4,45053.92,17.34
ITEM0004476,ORD001495,PROD00100,2,4307.54,20.55
ITEM0004477,ORD001495,PROD00123,1,84012.47,3.56
ITEM0004478,ORD001495,PROD00162,2,24708.01,24.6
ITEM0004479,ORD001496,PROD00189,1,7287.71,38.0
ITEM0004480,ORD001496,PROD00185,4,15056.15,22.67
ITEM0004481,ORD001496,PROD00141,5,24517.62,3.76
ITEM0004482,ORD001496,PROD00035,1,13114.92,18.39
ITEM0004483,ORD001496,PROD00025,1,23746.79,29.56
ITEM0004484,ORD001497,PROD00140,3,54281.72,6.01
ITEM0004485,ORD001497,PROD00073,-2,5817.73,7.36
ITEM0004486,ORD001498,PROD00129,4,50343.45,31.15
ITEM0004487,ORD001498,PROD00118,5,60385.2,15.3
ITEM0004488,ORD001499,PROD00158,2,26815.33,38.13
ITEM0004489,ORD001499,PROD00044,5,45151.59,21.89
ITEM0004490,ORD001499,PROD00159,1,59456.45,0.6
ITEM0004491,ORD001500,PROD00181,2,42328.01,29.94
ITEM0004492,ORD001501,PROD00189,1,7146.78,8.5
ITEM0004493,ORD001501,PROD00187,2,57454.94,34.93
ITEM0004494,ORD001501,PROD00195,3,5947.7,33.3
ITEM0004495,ORD001501,PROD00019,1,5087.62,5.57
ITEM0004496,ORD001502,PROD00010,2,30986.5,8.19
ITEM0004497,ORD001502,PROD00119,5,20054.2,8.97
ITEM0004498,ORD001503,PROD00159,2,65503.9,39.68
ITEM0004499,ORD001503,PROD00173,4,30133.76,9.75
ITEM0004500,ORD001503,PROD00092,4,15860.74,17.56
ITEM0004501,ORD001503,PROD00018,4,12078.84,37.69
ITEM0004502,ORD001503,PROD00028,2,66535.87,25.39
ITEM0004503,ORD001504,PROD00047,4,18085.41,12.18
ITEM0004504,ORD001504,PROD00034,5,62568.97,18.38
ITEM0004505,ORD001504,PROD00152,4,43145.6,0.93
ITEM0004506,ORD001505,PROD00017,5,28593.2,4.93
ITEM0004507,ORD001505,PROD00080,4,4529.4,6.93
ITEM0004508,ORD001505,PROD00174,1,33720.96,0.4
ITEM0004509,ORD001505,PROD00143,-2,6591.72,25.88
ITEM0004510,ORD001505,PROD00163,3,29735.75,23.17
ITEM0004511,ORD001506,PROD00030,4,54474.95,7.8
ITEM0004512,ORD001506,PROD00194,1,60240.63,30.12
ITEM0004513,ORD001506,PROD00020,3,48389.61,11.29
ITEM0004514,ORD001506,PROD00180,2,41593.18,33.03
ITEM0004515,ORD001506,PROD00163,5,25642.58,26.0
ITEM0004516,ORD001507,PROD00037,3,41205.92,25.99
ITEM0004517,ORD001508,PROD00105,4,57368.53,39.16
ITEM0004518,ORD001509,PROD00046,3,43403.64,4.59
ITEM0004519,ORD001509,PROD00070,4,48701.13,9.62
ITEM0004520,ORD001509,PROD00015,4,53968.57,36.01
ITEM0004521,ORD001509,PROD00134,3,20247.77,9.72
ITEM0004522,ORD001510,PROD00041,3,36747.52,13.05
ITEM0004523,ORD001510,PROD00045,5,61702.23,14.0
ITEM0004524,ORD001510,PROD00107,2,65246.54,20.68
ITEM0004525,ORD001510,PROD00187,1,46021.75,31.49
ITEM0004526,ORD001511,PROD00183,3,82765.24,4.26
ITEM0004527,ORD001511,PROD00112,5,44623.61,36.07
ITEM0004528,ORD001511,PROD00106,2,68041.33,25.96
ITEM0004529,ORD001512,PROD00134,1,29617.92,22.04
ITEM0004530,ORD001512,PROD00198,1,30341.08,2.13
ITEM0004531,ORD001512,PROD00173,1,20604.0,30.64
ITEM0004532,ORD001513,PROD00064,4,23593.22,20.41
ITEM0004533,ORD001513,PROD00087,-2,49209.2,21.51
ITEM0004534,ORD001513,PROD00163,2,22971.6,9.11
ITEM0004535,ORD001514,PROD00103,4,49206.72,5.71
ITEM0004536,ORD001515,PROD00102,2,33989.58,35.84
ITEM0004537,ORD001516,PROD00143,4,9217.82,21.81
ITEM0004538,ORD001516,PROD00071,2,27014.54,21.27
ITEM0004539,ORD001516,PROD00120,4,74739.54,13.92
ITEM0004540,ORD001516,PROD00132,3,8994.92,39.65
ITEM0004541,ORD001516,PROD00198,5,20269.76,39.91
ITEM0004542,ORD001517,PROD00025,1,21159.31,33.54
ITEM0004543,ORD001517,PROD00056,1,79752.54,12.04
ITEM0004544,ORD001518,PROD00006,3,52911.36,18.58
ITEM0004545,ORD001518,PROD00071,3,19217.63,13.11
ITEM0004546,ORD001519,PROD00057,-1,43023.28,23.63
ITEM0004547,ORD001519,PROD00077,5,46122.55,11.07
ITEM0004548,ORD001519,PROD00149,-2,39956.78,14.56
ITEM0004549,ORD001519,PROD00193,2,364.58,8.58
ITEM0004550,ORD001520,PROD00199,-3,8474.91,15.51
ITEM0004551,ORD001520,PROD00100,5,5071.7,34.19
ITEM0004552,ORD001520,PROD00019,5,5043.09,5.42
ITEM0004553,ORD001520,PROD00123,1,85335.95,20.89
ITEM0004554,ORD001521,PROD00136,1,12000.65,21.38
ITEM0004555,ORD001521,PROD00080,5,4525.34,31.23
ITEM0004556,ORD001522,PROD00066,2,47714.45,12.36
ITEM0004557,ORD001522,PROD00015,2,56317.25,8.9
ITEM0004558,ORD001522,PROD00084,2,47773.66,16.15
ITEM0004559,ORD001523,PROD00182,1,17825.69,38.01
ITEM0004560,ORD001524,PROD00150,4,21067.29,6.3
ITEM0004561,ORD001524,PROD00174,5,33011.76,17.56
ITEM0004562,ORD001524,PROD00076,4,54980.85,32.95
ITEM0004563,ORD001525,PROD00063,3,54704.73,23.04
ITEM0004564,ORD001525,PROD00113,5,49891.94,29.07
ITEM0004565,ORD001525,PROD00035,1,16593.1,12.19
ITEM0004566,ORD001525,PROD00026,3,54443.16,3.53
ITEM0004567,ORD001526,PROD00107,3,67642.89,36.27
ITEM0004568,ORD001526,PROD00082,4,58656.85,15.59
ITEM0004569,ORD001527,PROD00025,1,23713.83,32.89
ITEM0004570,ORD001527,PROD00086,4,5732.78,20.89
ITEM0004571,ORD001527,PROD00118,3,53396.72,30.72
ITEM0004572,ORD001527,PROD00198,3,27089.92,19.62
ITEM0004573,ORD001528,PROD00048,2,2095.96,16.84
ITEM0004574,ORD001528,PROD00105,2,46645.2,34.87
ITEM0004575,ORD001528,PROD00047,5,21098.07,21.42
ITEM0004576,ORD001528,PROD00093,4,6719.48,17.24
ITEM0004577,ORD001528,PROD00185,5,20571.25,7.65
ITEM0004578,ORD001529,PROD00065,2,58256.24,24.12
ITEM0004579,ORD001530,PROD00139,1,51316.6,0.13
ITEM0004580,ORD001530,PROD00096,2,4026.31,21.77
ITEM0004581,ORD001530,PROD00056,1,70925.31,11.22
ITEM0004582,ORD001530,PROD00034,4,80409.35,35.0
ITEM0004583,ORD001531,PROD00142,5,36555.17,0.64
ITEM0004584,ORD001531,PROD00080,1,6471.68,17.31
ITEM0004585,ORD001531,PROD00189,2,10061.0,18.0
ITEM0004586,ORD001532,PROD00010,3,41810.25,5.72
ITEM0004587,ORD001532,PROD00173,5,25830.2,10.85
ITEM0004588,ORD001532,PROD00190,5,51865.78,31.11
ITEM0004589,ORD001532,PROD00154,1,61450.25,7.72
ITEM0004590,ORD001533,PROD00108,2,43518.4,36.38
ITEM0004591,ORD001533,PROD00069,4,75452.5,15.55
ITEM0004592,ORD001533,PROD00136,4,14152.58,18.22
ITEM0004593,ORD001533,PROD00194,3,41173.88,16.44
ITEM0004594,ORD001533,PROD00139,5,51671.93,37.33
ITEM0004595,ORD001534,PROD00177,3,84527.61,28.29
ITEM0004596,ORD001534,PROD00099,4,70652.11,21.77
ITEM0004597,ORD001535,PROD00172,1,484.08,10.31
ITEM0004598,ORD001536,PROD00114,1,38128.42,31.7
ITEM0004599,ORD001536,PROD00193,4,316.25,13.52
ITEM0004600,ORD001537,PROD00111,5,53032.68,29.71
ITEM0004601,ORD001537,PROD00042,5,65034.0,32.85
ITEM0004602,ORD001537,PROD00068,5,61078.67,28.63
ITEM0004603,ORD001538,PROD00026,5,40480.93,23.08
ITEM0004604,ORD001539,PROD00119,2,18561.42,9.63
ITEM0004605,ORD001539,PROD00016,5,78364.28,8.47
ITEM0004606,ORD001539,PROD00113,2,42051.12,30.57
ITEM0004607,ORD001539,PROD00072,3,5886.33,15.62
ITEM0004608,ORD001539,PROD00184,5,8265.67,29.11
ITEM0004609,ORD001540,PROD00113,2,40773.91,9.09
ITEM0004610,ORD001540,PROD00193,5,262.2,12.23
ITEM0004611,ORD001540,PROD00048,3,2152.36,20.0
ITEM0004612,ORD001541,PROD00195,1,6558.24,23.75
ITEM0004613,ORD001541,PROD00046,5,33293.56,16.74
ITEM0004614,ORD001542,PROD00118,4,51945.32,0.12
ITEM0004615,ORD001542,PROD00184,5,8979.01,37.11
ITEM0004616,ORD001542,PROD00171,5,75465.51,32.96
ITEM0004617,ORD001542,PROD00049,4,33378.85,2.73
ITEM0004618,ORD001543,PROD00153,1,39170.23,1.59
ITEM0004619,ORD001544,PROD00104,4,47774.52,2.27
ITEM0004620,ORD001544,PROD00187,5,37255.2,21.07
ITEM0004621,ORD001544,PROD00042,5,78665.83,13.74
ITEM0004622,ORD001545,PROD00007,3,29953.04,2.95
ITEM0004623,ORD001546,PROD00197,3,8174.2,35.84
ITEM0004624,ORD001546,PROD00098,4,42115.0,35.37
ITEM0004625,ORD001546,PROD00175,1,18195.59,18.04
ITEM0004626,ORD001546,PROD00061,2,49217.28,22.45
ITEM0004627,ORD001547,PROD00180,-3,37166.31,19.12
ITEM0004628,ORD001547,PROD00006,1,68754.09,26.6
ITEM0004629,ORD001547,PROD00083,2,54207.81,29.27
ITEM0004630,ORD001547,PROD00050,5,60161.51,31.04
ITEM0004631,ORD001547,PROD00118,4,59840.08,19.27
ITEM0004632,ORD001548,PROD00108,3,55100.25,15.52
ITEM0004633,ORD001548,PROD00126,2,72932.56,11.09
ITEM0004634,ORD001548,PROD00122,3,62403.35,6.25
ITEM0004635,ORD001549,PROD00155,4,31879.86,34.73
ITEM0004636,ORD001549,PROD00131,4,68183.37,21.19
ITEM0004637,ORD001549,PROD00141,4,28034.59,15.78
ITEM0004638,ORD001549,PROD00187,1,54478.77,23.27
ITEM0004639,ORD001549,PROD00010,4,40990.83,10.61
ITEM0004640,ORD001550,PROD00175,3,17434.67,13.83
ITEM0004641,ORD001550,PROD00033,5,28995.98,35.39
ITEM0004642,ORD001550,PROD00168,1,57950.3,19.22
ITEM0004643,ORD001550,PROD00158,3,29867.5,2.72
ITEM0004644,ORD001550,PROD00172,4,478.73,17.65
ITEM0004645,ORD001551,PROD00105,1,66971.35,39.91
ITEM0004646,ORD001551,PROD00200,5,48999.23,34.1
ITEM0004647,ORD001551,PROD00051,2,19404.29,34.95
ITEM0004648,ORD001551,PROD00150,1,22339.15,26.69
ITEM0004649,ORD001552,PROD00134,3,28283.15,6.99
ITEM0004650,ORD001552,PROD00172,-3,486.81,26.59
ITEM0004651,ORD001552,PROD00098,4,51391.78,11.84
ITEM0004652,ORD001552,PROD00113,1,39259.07,10.47
ITEM0004653,ORD001552,PROD00171,1,65662.66,16.19
ITEM0004654,ORD001553,PROD00198,2,20687.88,35.69
ITEM0004655,ORD001553,PROD00030,2,68331.75,5.01
ITEM0004656,ORD001553,PROD00089,4,42296.17,21.27
ITEM0004657,ORD001554,PROD00170,3,2786.77,16.39
ITEM0004658,ORD001554,PROD00131,1,59560.97,31.99
ITEM0004659,ORD001554,PROD00110,5,25225.85,16.59
ITEM0004660,ORD001554,PROD00081,3,17840.29,34.68
ITEM0004661,ORD001555,PROD00100,2,4035.96,15.43
ITEM0004662,ORD001555,PROD00079,3,29022.18,26.32
ITEM0004663,ORD001556,PROD00093,2,10224.94,4.59
ITEM0004664,ORD001556,PROD00184,2,6489.09,32.65
ITEM0004665,ORD001556,PROD00125,4,73162.51,3.3
ITEM0004666,ORD001556,PROD00144,5,33746.69,5.73
ITEM0004667,ORD001556,PROD00116,5,35600.37,1.27
ITEM0004668,ORD001557,PROD00066,4,35814.91,27.47
ITEM0004669,ORD001557,PROD00114,5,34555.44,35.34
ITEM0004670,ORD001557,PROD00176,2,53625.77,28.25
ITEM0004671,ORD001557,PROD00081,2,18265.85,23.21
ITEM0004672,ORD001557,PROD00086,3,7917.61,9.96
ITEM0004673,ORD001558,PROD00132,5,10483.98,19.89
ITEM0004674,ORD001558,PROD00165,4,54483.52,20.42
ITEM0004675,ORD001558,PROD00003,4,34319.89,4.28
ITEM0004676,ORD001558,PROD00135,4,39207.99,5.75
ITEM0004677,ORD001558,PROD00070,4,65348.37,21.01
ITEM0004678,ORD001559,PROD00145,5,27588.16,15.97
ITEM0004679,ORD001559,PROD00139,5,42379.08,20.98
ITEM0004680,ORD001559,PROD00158,4,20008.03,33.78
ITEM0004681,ORD001560,PROD00104,5,69890.16,23.61
ITEM0004682,ORD001560,PROD00185,3,16366.73,12.02
ITEM0004683,ORD001560,PROD00085,2,37868.41,29.11
ITEM0004684,ORD001561,PROD00036,2,60219.44,23.44
ITEM0004685,ORD001561,PROD00176,1,45153.28,3.68
ITEM0004686,ORD001561,PROD00011,2,23164.67,38.3
ITEM0004687,ORD001562,PROD00088,2,23184.35,20.31
ITEM0004688,ORD001563,PROD00054,3,17923.5,11.63
ITEM0004689,ORD001564,PROD00184,3,7145.3,9.2
ITEM0004690,ORD001565,PROD00001,4,62133.06,14.87
ITEM0004691,ORD001566,PROD00014,4,54987.99,9.68
ITEM0004692,ORD001566,PROD00193,4,344.68,11.48
ITEM0004693,ORD001566,PROD00012,4,74271.59,35.23
ITEM0004694,ORD001566,PROD00053,3,89120.23,8.77
ITEM0004695,ORD001566,PROD00046,2,29099.61,39.38
ITEM0004696,ORD001567,PROD00170,4,2508.41,29.88
ITEM0004697,ORD001567,PROD00091,5,38233.1,24.84
ITEM0004698,ORD001567,PROD00066,3,45969.28,24.1
ITEM0004699,ORD001567,PROD00063,5,39900.26,10.86
ITEM0004700,ORD001567,PROD00115,2,69384.39,35.17
ITEM0004701,ORD001568,PROD00092,5,15947.1,7.82
ITEM0004702,ORD001568,PROD00094,2,36879.93,21.74
ITEM0004703,ORD001569,PROD00029,4,16731.28,16.5
ITEM0004704,ORD001569,PROD00033,4,29104.05,24.79
ITEM0004705,ORD001569,PROD00199,2,8176.22,12.01
ITEM0004706,ORD001570,PROD00077,5,65051.03,2.78
ITEM0004707,ORD001570,PROD00189,1,8136.12,30.19
ITEM0004708,ORD001570,PROD00121,5,66847.43,8.44
ITEM0004709,ORD001571,PROD00034,4,76299.24,12.69
ITEM0004710,ORD001572,PROD00060,3,13070.05,28.35
ITEM0004711,ORD001572,PROD00147,5,28768.4,34.28
ITEM0004712,ORD001572,PROD00072,3,7690.59,19.05
ITEM0004713,ORD001572,PROD00110,2,31616.55,18.94
ITEM0004714,ORD001573,PROD00048,1,2381.1,15.55
ITEM0004715,ORD001574,PROD00029,-1,22290.88,17.55
ITEM0004716,ORD001574,PROD00191,5,31755.1,21.89
ITEM0004717,ORD001575,PROD00064,3,24270.53,19.75
ITEM0004718,ORD001575,PROD00112,5,65582.09,23.15
ITEM0004719,ORD001575,PROD00107,1,73838.12,16.19
ITEM0004720,ORD001575,PROD00189,3,7495.22,26.48
ITEM0004721,ORD001576,PROD00089,5,36703.78,1.06
ITEM0004722,ORD001576,PROD00106,1,68890.43,35.31
ITEM0004723,ORD001577,PROD00121,2,48642.3,39.53
ITEM0004724,ORD001577,PROD00002,2,20291.79,1.7
ITEM0004725,ORD001577,PROD00176,5,47862.33,15.34
ITEM0004726,ORD001577,PROD00012,5,62986.78,1.21
ITEM0004727,ORD001577,PROD00011,1,34840.34,4.66
ITEM0004728,ORD001578,PROD00024,5,22058.7,32.35
ITEM0004729,ORD001579,PROD00145,1,41837.11,7.66
ITEM0004730,ORD001579,PROD00158,4,23171.06,2.33
ITEM0004731,ORD001579,PROD00185,5,19584.96,20.11
ITEM0004732,ORD001580,PROD00184,2,6964.05,0.8
ITEM0004733,ORD001580,PROD00110,3,22662.96,27.55
ITEM0004734,ORD001580,PROD00200,3,36884.35,32.89
ITEM0004735,ORD001580,PROD00010,2,44328.17,31.38
ITEM0004736,ORD001581,PROD00177,3,60133.95,36.3
ITEM0004737,ORD001582,PROD00170,4,3025.07,10.29
ITEM0004738,ORD001583,PROD00111,4,65440.61,30.93
ITEM0004739,ORD001583,PROD00077,3,50886.35,34.28
ITEM0004740,ORD001583,PROD00098,2,55766.2,12.2
ITEM0004741,ORD001584,PROD00002,1,21053.12,4.39
ITEM0004742,ORD001585,PROD00068,1,38317.54,18.99
ITEM0004743,ORD001585,PROD00049,2,29152.38,7.22
ITEM0004744,ORD001585,PROD00115,5,69675.7,8.93
ITEM0004745,ORD001585,PROD00131,2,63830.09,5.65
ITEM0004746,ORD001586,PROD00185,1,15011.48,11.04
ITEM0004747,ORD001586,PROD00061,4,39897.32,21.56
ITEM0004748,ORD001587,PROD00112,1,43536.78,14.06
ITEM0004749,ORD001587,PROD00021,1,20106.3,15.25
ITEM0004750,ORD001587,PROD00011,3,29807.08,30.09
ITEM0004751,ORD001587,PROD00179,2,64400.79,20.33
ITEM0004752,ORD001588,PROD00022,4,68377.91,35.81
ITEM0004753,ORD001588,PROD00074,3,78774.05,13.91
ITEM0004754,ORD001588,PROD00015,5,55122.37,0.75
ITEM0004755,ORD001588,PROD00033,4,32958.6,18.44
ITEM0004756,ORD001588,PROD00102,2,28083.79,37.16
ITEM0004757,ORD001589,PROD00189,2,8626.89,26.61
ITEM0004758,ORD001589,PROD00186,3,40364.68,21.44
ITEM0004759,ORD001590,PROD00005,5,55406.23,20.26
ITEM0004760,ORD001590,PROD00027,3,72697.24,21.97
ITEM0004761,ORD001590,PROD00171,5,56122.54,38.04
ITEM0004762,ORD001591,PROD00083,4,57255.95,33.64
ITEM0004763,ORD001591,PROD00117,1,15874.57,16.89
ITEM0004764,ORD001591,PROD00012,1,56365.32,31.6
ITEM0004765,ORD001592,PROD00125,1,67323.72,35.14
ITEM0004766,ORD001592,PROD00022,4,55002.59,16.74
ITEM0004767,ORD001592,PROD00048,5,2380.59,24.57
ITEM0004768,ORD001592,PROD00122,-3,47880.63,4.63
ITEM0004769,ORD001592,PROD00148,4,44451.96,38.79
ITEM0004770,ORD001593,PROD00104,2,59481.33,5.19
ITEM0004771,ORD001593,PROD00026,1,61489.1,12.53
ITEM0004772,ORD001593,PROD00022,2,52121.19,32.36
ITEM0004773,ORD001593,PROD00189,-2,7918.26,39.55
ITEM0004774,ORD001594,PROD00051,2,19444.53,23.67
ITEM0004775,ORD001594,PROD00029,1,21935.84,16.17
ITEM0004776,ORD001594,PROD00068,3,53501.7,21.82
ITEM0004777,ORD001594,PROD00149,3,53206.93,31.94
ITEM0004778,ORD001595,PROD00072,4,8824.02,30.71
ITEM0004779,ORD001595,PROD00171,5,69818.86,13.53
ITEM0004780,ORD001595,PROD00176,2,33983.25,7.93
ITEM0004781,ORD001595,PROD00044,5,45516.96,28.11
ITEM0004782,ORD001596,PROD00199,2,6184.95,11.59
ITEM0004783,ORD001596,PROD00118,1,50503.92,13.92
ITEM0004784,ORD001596,PROD00095,5,32395.16,9.6
ITEM0004785,ORD001596,PROD00104,5,67417.66,36.12
ITEM0004786,ORD001596,PROD00161,2,17213.05,33.83
ITEM0004787,ORD001597,PROD00130,2,27369.33,38.29
ITEM0004788,ORD001597,PROD00054,5,18559.36,26.49
ITEM0004789,ORD001597,PROD00074,4,62712.08,3.75
ITEM0004790,ORD001597,PROD00013,-2,37190.27,2.13
ITEM0004791,ORD001598,PROD00057,4,40048.73,10.47
ITEM0004792,ORD001598,PROD00112,5,44833.08,10.88
ITEM0004793,ORD001598,PROD00017,1,30921.6,1.13
ITEM0004794,ORD001598,PROD00128,-1,53623.22,2.36
ITEM0004795,ORD001599,PROD00185,5,19221.75,10.21
ITEM0004796,ORD001599,PROD00031,-1,37249.81,35.89
ITEM0004797,ORD001600,PROD00042,1,66497.75,18.64
ITEM0004798,ORD001600,PROD00028,2,62301.08,9.99
ITEM0004799,ORD001600,PROD00091,4,55243.0,12.89
ITEM0004800,ORD001600,PROD00170,3,2772.3,22.94
ITEM0004801,ORD001600,PROD00163,5,27880.74,7.84
ITEM0004802,ORD001601,PROD00085,1,57297.27,25.18
ITEM0004803,ORD001601,PROD00159,3,62191.85,29.69
ITEM0004804,ORD001601,PROD00195,5,4727.65,26.93
ITEM0004805,ORD001601,PROD00114,5,46545.56,8.91
ITEM0004806,ORD001602,PROD00034,4,67639.71,32.13
ITEM0004807,ORD001602,PROD00191,5,30906.76,5.42
ITEM0004808,ORD001602,PROD00097,5,63064.51,15.4
ITEM0004809,ORD001602,PROD00089,5,47090.08,29.15
ITEM0004810,ORD001602,PROD00109,4,57187.37,27.0
ITEM0004811,ORD001603,PROD00163,3,30071.58,29.33
ITEM0004812,ORD001603,PROD00109,5,51479.09,26.54
ITEM0004813,ORD001603,PROD00179,4,52515.88,19.3
ITEM0004814,ORD001603,PROD00097,5,46516.66,36.1
ITEM0004815,ORD001603,PROD00091,4,45909.64,7.69
ITEM0004816,ORD001604,PROD00200,2,49674.38,11.16
ITEM0004817,ORD001604,PROD00122,1,75060.97,28.76
ITEM0004818,ORD001605,PROD00128,4,48393.38,9.84
ITEM0004819,ORD001605,PROD00144,3,38144.49,16.11
ITEM0004820,ORD001605,PROD00129,3,52910.44,38.92
ITEM0004821,ORD001605,PROD00104,2,47839.09,9.94
ITEM0004822,ORD001606,PROD00164,4,67991.59,23.35
ITEM0004823,ORD001607,PROD00135,2,52120.55,32.67
ITEM0004824,ORD001607,PROD00004,4,3761.96,30.26
ITEM0004825,ORD001607,PROD00043,5,28362.12,19.93
ITEM0004826,ORD001607,PROD00183,4,75542.69,23.28
ITEM0004827,ORD001607,PROD00199,5,7979.87,0.41
ITEM0004828,ORD001608,PROD00049,1,31722.26,11.28
ITEM0004829,ORD001608,PROD00176,3,45900.75,22.52
ITEM0004830,ORD001609,PROD00080,3,5587.3,15.88
ITEM0004831,ORD001609,PROD00117,4,22538.54,6.33
ITEM0004832,ORD001609,PROD00001,3,72057.35,15.09
ITEM0004833,ORD001609,PROD00164,4,58728.86,31.5
ITEM0004834,ORD001610,PROD00158,4,29164.46,25.25
ITEM0004835,ORD001611,PROD00117,4,16816.23,26.59
ITEM0004836,ORD001611,PROD00046,2,29139.55,4.04
ITEM0004837,ORD001611,PROD00069,4,66265.41,2.47
ITEM0004838,ORD001611,PROD00003,5,33016.65,18.6
ITEM0004839,ORD001612,PROD00029,5,24942.29,6.35
ITEM0004840,ORD001612,PROD00002,4,20817.8,36.4
ITEM0004841,ORD001612,PROD00069,5,83199.43,39.09
ITEM0004842,ORD001612,PROD00086,1,6541.97,39.7
ITEM0004843,ORD001613,PROD00166,4,394.29,36.94
ITEM0004844,ORD001613,PROD00102,2,31186.34,37.53
ITEM0004845,ORD001613,PROD00009,3,51486.02,11.15
ITEM0004846,ORD001613,PROD00081,3,17790.86,13.11
ITEM0004847,ORD001613,PROD00049,2,41857.29,34.38
ITEM0004848,ORD001614,PROD00094,3,53671.89,3.48
ITEM0004849,ORD001614,PROD00151,4,2300.78,27.61
ITEM0004850,ORD001614,PROD00020,2,62086.19,28.6
ITEM0004851,ORD001615,PROD00103,3,44542.36,7.17
ITEM0004852,ORD001615,PROD00086,1,5899.97,22.67
ITEM0004853,ORD001615,PROD00005,2,65758.27,18.44
ITEM0004854,ORD001615,PROD00014,4,75178.07,33.77
ITEM0004855,ORD001615,PROD00115,4,63378.74,25.0
ITEM0004856,ORD001616,PROD00068,3,41512.42,37.93
ITEM0004857,ORD001616,PROD00017,4,24149.55,23.36
ITEM0004858,ORD001617,PROD00056,3,58683.58,14.05
ITEM0004859,ORD001617,PROD00089,5,35624.24,37.9
ITEM0004860,ORD001617,PROD00007,2,34772.42,24.04
ITEM0004861,ORD001618,PROD00164,2,51818.27,18.23
ITEM0004862,ORD001618,PROD00188,3,10644.21,23.31
ITEM0004863,ORD001618,PROD00104,4,65515.34,39.73
ITEM0004864,ORD001619,PROD00193,4,378.12,29.32
ITEM0004865,ORD001619,PROD00061,5,48774.44,25.88
ITEM0004866,ORD001619,PROD00133,5,34696.3,15.33
ITEM0004867,ORD001620,PROD00062,2,67204.35,32.73
ITEM0004868,ORD001620,PROD00146,2,56983.66,39.87
ITEM0004869,ORD001621,PROD00142,1,27546.33,27.77
ITEM0004870,ORD001621,PROD00110,2,31801.11,39.14
ITEM0004871,ORD001622,PROD00036,2,46694.07,1.06
ITEM0004872,ORD001623,PROD00062,5,53735.81,36.95
ITEM0004873,ORD001623,PROD00195,2,4951.39,4.64
ITEM0004874,ORD001624,PROD00147,5,36425.81,19.66
ITEM0004875,ORD001624,PROD00023,1,32237.24,24.52
ITEM0004876,ORD001624,PROD00127,2,4271.86,37.84
ITEM0004877,ORD001624,PROD00116,5,28856.41,29.27
ITEM0004878,ORD001625,PROD00053,4,60351.13,30.18
ITEM0004879,ORD001625,PROD00022,2,61758.32,39.26
ITEM0004880,ORD001625,PROD00096,1,3815.25,28.75
ITEM0004881,ORD001626,PROD00148,3,66442.82,26.61
ITEM0004882,ORD001627,PROD00194,5,40718.6,26.65
ITEM0004883,ORD001628,PROD00045,4,73374.76,32.51
ITEM0004884,ORD001628,PROD00020,2,58000.56,23.92
ITEM0004885,ORD001628,PROD00138,-3,36047.74,25.7
ITEM0004886,ORD001628,PROD00167,4,14598.02,5.66
ITEM0004887,ORD001628,PROD00033,2,34841.41,38.32
ITEM0004888,ORD001629,PROD00041,5,49828.41,15.71
ITEM0004889,ORD001629,PROD00111,2,61382.24,4.16
ITEM0004890,ORD001629,PROD00052,2,86168.24,31.11
ITEM0004891,ORD001630,PROD00072,4,6873.69,3.61
ITEM0004892,ORD001630,PROD00123,2,62897.09,3.12
ITEM0004893,ORD001630,PROD00089,5,36053.18,29.29
ITEM0004894,ORD001630,PROD00157,3,13804.94,13.99
ITEM0004895,ORD001630,PROD00002,2,19262.52,10.72
ITEM0004896,ORD001631,PROD00170,3,2345.47,38.02
ITEM0004897,ORD001631,PROD00138,1,41846.05,26.08
ITEM0004898,ORD001631,PROD00194,4,44289.34,32.36
ITEM0004899,ORD001632,PROD00035,4,11157.01,17.12
ITEM0004900,ORD001632,PROD00184,1,6891.68,17.15
ITEM0004901,ORD001632,PROD00140,1,39913.92,26.38
ITEM0004902,ORD001632,PROD00031,1,29670.52,34.64
ITEM0004903,ORD001633,PROD00122,2,60128.72,13.94
ITEM0004904,ORD001633,PROD00043,2,21211.79,30.06
ITEM0004905,ORD001633,PROD00073,1,6778.47,22.39
ITEM0004906,ORD001633,PROD00133,2,33161.15,18.96
ITEM0004907,ORD001633,PROD00065,1,72813.51,20.58
ITEM0004908,ORD001634,PROD00044,2,53818.0,25.04
ITEM0004909,ORD001634,PROD00010,-3,45469.08,10.95
ITEM0004910,ORD001635,PROD00051,3,19346.22,3.28
ITEM0004911,ORD001635,PROD00163,2,24817.24,31.14
ITEM0004912,ORD001636,PROD00151,-2,2161.97,0.62
ITEM0004913,ORD001636,PROD00149,2,41516.08,23.91
ITEM0004914,ORD001637,PROD00093,5,9850.03,36.01
ITEM0004915,ORD001637,PROD00119,5,26358.73,29.57
ITEM0004916,ORD001638,PROD00055,2,42937.13,6.83
ITEM0004917,ORD001638,PROD00044,1,67755.43,18.71
ITEM0004918,ORD001638,PROD00111,1,57933.08,30.89
ITEM0004919,ORD001639,PROD00126,3,49204.46,15.19
ITEM0004920,ORD001640,PROD00038,-3,62477.44,22.48
ITEM0004921,ORD001640,PROD00076,5,47764.73,26.99
ITEM0004922,ORD001640,PROD00098,1,61421.21,3.37
ITEM0004923,ORD001641,PROD00036,4,73801.81,38.49
ITEM0004924,ORD001641,PROD00166,-3,505.6,28.74
ITEM0004925,ORD001642,PROD00148,4,47241.81,39.7
ITEM0004926,ORD001642,PROD00072,2,7328.57,33.31
ITEM0004927,ORD001642,PROD00029,4,19120.57,5.03
ITEM0004928,ORD001643,PROD00158,1,19995.76,24.09
ITEM0004929,ORD001643,PROD00173,3,25316.16,8.15
ITEM0004930,ORD001643,PROD00170,2,3548.8,37.25
ITEM0004931,ORD001644,PROD00139,3,42726.68,37.58
ITEM0004932,ORD001644,PROD00170,2,3304.05,29.29
ITEM0004933,ORD001644,PROD00110,3,31311.11,36.92
ITEM0004934,ORD001644,PROD00161,3,16302.8,3.27
ITEM0004935,ORD001645,PROD00078,4,33994.97,24.01
ITEM0004936,ORD001645,PROD00113,1,35821.7,7.55
ITEM0004937,ORD001645,PROD00172,2,529.59,24.96
ITEM0004938,ORD001645,PROD00168,4,47813.28,10.63
ITEM0004939,ORD001645,PROD00128,1,57950.77,21.32
ITEM0004940,ORD001646,PROD00166,3,525.16,21.68
ITEM0004941,ORD001646,PROD00112,1,44776.89,12.16
ITEM0004942,ORD001646,PROD00108,1,37009.47,36.0
ITEM0004943,ORD001646,PROD00064,5,24855.2,13.52
ITEM0004944,ORD001646,PROD00029,1,23070.27,29.01
ITEM0004945,ORD001647,PROD00084,2,38798.72,26.17
ITEM0004946,ORD001647,PROD00172,5,362.04,8.92
ITEM0004947,ORD001647,PROD00149,4,58970.95,0.93
ITEM0004948,ORD001647,PROD00086,1,8192.69,22.67
ITEM0004949,ORD001648,PROD00030,1,73861.39,9.92
ITEM0004950,ORD001649,PROD00047,2,16466.47,13.89
ITEM0004951,ORD001649,PROD00071,5,26782.82,12.57
ITEM0004952,ORD001650,PROD00156,4,13394.69,26.56
ITEM0004953,ORD001650,PROD00161,1,17591.11,23.92
ITEM0004954,ORD001650,PROD00169,2,29718.66,22.32
ITEM0004955,ORD001650,PROD00129,2,56412.85,24.1
ITEM0004956,ORD001650,PROD00031,5,28793.16,38.99
ITEM0004957,ORD001651,PROD00158,5,28523.53,1.34
ITEM0004958,ORD001651,PROD00070,-3,51217.83,24.53
ITEM0004959,ORD001651,PROD00013,5,52345.13,7.53
ITEM0004960,ORD001652,PROD00022,2,52884.79,15.39
ITEM0004961,ORD001652,PROD00102,-3,30222.25,1.93
ITEM0004962,ORD001653,PROD00001,5,47990.34,37.86
ITEM0004963,ORD001653,PROD00087,5,32765.53,15.02
ITEM0004964,ORD001653,PROD00145,5,28319.34,24.95
ITEM0004965,ORD001654,PROD00026,1,50753.26,13.13
ITEM0004966,ORD001654,PROD00005,3,71823.02,14.15
ITEM0004967,ORD001654,PROD00084,5,38001.4,7.53
ITEM0004968,ORD001655,PROD00094,5,58734.05,10.23
ITEM0004969,ORD001655,PROD00188,5,8154.16,5.91
ITEM0004970,ORD001655,PROD00112,5,58026.19,29.28
ITEM0004971,ORD001655,PROD00099,-3,70577.24,25.21
ITEM0004972,ORD001655,PROD00184,4,10552.49,28.2
ITEM0004973,ORD001656,PROD00046,4,27390.94,32.62
ITEM0004974,ORD001656,PROD00016,-3,75721.34,4.83
ITEM0004975,ORD001657,PROD00033,5,29751.66,3.39
ITEM0004976,ORD001657,PROD00064,5,25190.9,6.62
ITEM0004977,ORD001657,PROD00184,4,6870.99,14.5
ITEM0004978,ORD001657,PROD00045,1,69996.42,20.11
ITEM0004979,ORD001658,PROD00080,4,6227.19,31.86
ITEM0004980,ORD001658,PROD00033,-2,34329.6,37.71
ITEM0004981,ORD001658,PROD00068,3,52572.59,35.27
ITEM0004982,ORD001659,PROD00128,3,72903.1,21.8
ITEM0004983,ORD001659,PROD00024,4,26926.9,39.13
ITEM0004984,ORD001659,PROD00048,5,2145.99,10.17
ITEM0004985,ORD001660,PROD00005,-3,84434.08,13.39
ITEM0004986,ORD001660,PROD00018,3,8911.97,22.86
ITEM0004987,ORD001660,PROD00169,3,25860.43,4.38
ITEM0004988,ORD001660,PROD00181,5,56406.57,24.6
ITEM0004989,ORD001660,PROD00068,2,57056.13,39.05
ITEM0004990,ORD001661,PROD00118,4,56240.53,19.44
ITEM0004991,ORD001662,PROD00066,1,50013.87,9.62
ITEM0004992,ORD001662,PROD00165,3,45379.2,23.75
ITEM0004993,ORD001663,PROD00104,3,66010.7,2.63
ITEM0004994,ORD001664,PROD00072,4,7446.84,9.35
ITEM0004995,ORD001664,PROD00095,1,29278.31,24.96
ITEM0004996,ORD001665,PROD00013,4,45749.63,8.25
ITEM0004997,ORD001665,PROD00027,2,57867.52,36.15
ITEM0004998,ORD001665,PROD00146,-2,77480.37,38.33
ITEM0004999,ORD001665,PROD00036,4,56801.4,20.2
ITEM0005000,ORD001665,PROD00038,2,43100.96,38.79
ITEM0005001,ORD001666,PROD00049,3,41516.8,33.0
ITEM0005002,ORD001667,PROD00022,5,45835.97,8.09
ITEM0005003,ORD001668,PROD00165,1,38419.56,34.49
ITEM0005004,ORD001668,PROD00161,1,12679.33,39.9
ITEM0005005,ORD001669,PROD00121,1,58807.65,30.84
ITEM0005006,ORD001669,PROD00188,3,8708.74,4.53
ITEM0005007,ORD001669,PROD00080,4,4936.14,20.28
ITEM0005008,ORD001669,PROD00005,4,58414.06,33.62
ITEM0005009,ORD001670,PROD00118,3,51377.96,37.33
ITEM0005010,ORD001670,PROD00087,4,36113.63,6.03
ITEM0005011,ORD001670,PROD00050,5,67718.13,14.55
ITEM0005012,ORD001670,PROD00176,1,40749.72,7.76
ITEM0005013,ORD001670,PROD00028,1,60298.67,5.3
ITEM0005014,ORD001671,PROD00112,5,62532.28,20.54
ITEM0005015,ORD001672,PROD00001,1,72150.17,32.95
ITEM0005016,ORD001672,PROD00025,3,17792.1,10.51
ITEM0005017,ORD001672,PROD00132,1,10856.47,37.92
ITEM0005018,ORD001672,PROD00040,1,16929.73,21.79
ITEM0005019,ORD001673,PROD00178,1,13573.44,28.53
ITEM0005020,ORD001673,PROD00050,3,62645.21,27.89
ITEM0005021,ORD001674,PROD00162,4,36240.4,30.21
ITEM0005022,ORD001674,PROD00094,3,41064.29,18.05
ITEM0005023,ORD001674,PROD00122,4,50909.66,5.45
ITEM0005024,ORD001675,PROD00079,4,38066.9,4.89
ITEM0005025,ORD001675,PROD00094,4,44287.12,13.78
ITEM0005026,ORD001676,PROD00185,2,16585.97,7.13
ITEM0005027,ORD001676,PROD00045,4,57589.12,39.65
ITEM0005028,ORD001676,PROD00054,2,24965.8,7.7
ITEM0005029,ORD001676,PROD00002,3,21745.66,32.44
ITEM0005030,ORD001676,PROD00013,4,50626.26,6.39
ITEM0005031,ORD001677,PROD00017,2,33095.3,24.54
ITEM0005032,ORD001678,PROD00193,1,330.14,18.85
ITEM0005033,ORD001678,PROD00003,2,32432.55,38.05
ITEM0005034,ORD001678,PROD00158,1,26768.5,3.74
ITEM0005035,ORD001678,PROD00175,2,17266.46,3.11
ITEM0005036,ORD001679,PROD00030,1,71575.96,7.44
ITEM0005037,ORD001679,PROD00008,3,59254.24,33.12
ITEM0005038,ORD001679,PROD00175,5,24980.16,28.4
ITEM0005039,ORD001679,PROD00197,2,7538.47,23.89
ITEM0005040,ORD001679,PROD00068,2,41168.79,30.9
ITEM0005041,ORD001680,PROD00059,-2,75853.17,7.26
ITEM0005042,ORD001680,PROD00147,5,38379.03,37.15
ITEM0005043,ORD001680,PROD00047,4,20650.39,29.0
ITEM0005044,ORD001680,PROD00189,4,8551.24,15.96
ITEM0005045,ORD001680,PROD00154,5,56628.2,23.84
ITEM0005046,ORD001681,PROD00142,4,29591.33,2.92
ITEM0005047,ORD001681,PROD00146,3,57727.69,9.46
ITEM0005048,ORD001682,PROD00067,1,52029.52,16.25
ITEM0005049,ORD001682,PROD00149,3,53670.97,18.62
ITEM0005050,ORD001682,PROD00181,1,48537.23,5.8
ITEM0005051,ORD001682,PROD00175,3,23598.74,25.37
ITEM0005052,ORD001683,PROD00072,5,6950.54,14.2
ITEM0005053,ORD001683,PROD00117,5,22893.05,29.41
ITEM0005054,ORD001683,PROD00171,3,51582.2,10.5
ITEM0005055,ORD001684,PROD00162,2,31784.63,23.46
ITEM0005056,ORD001685,PROD00034,1,57514.42,31.57
ITEM0005057,ORD001685,PROD00098,2,60383.37,5.19
ITEM0005058,ORD001685,PROD00184,3,9194.16,4.61
ITEM0005059,ORD001686,PROD00055,3,45040.82,29.59
ITEM0005060,ORD001686,PROD00188,2,11996.04,28.98
ITEM0005061,ORD001687,PROD00054,1,26776.97,31.76
ITEM0005062,ORD001688,PROD00164,4,64404.55,9.65
ITEM0005063,ORD001688,PROD00171,2,57045.53,22.37
ITEM0005064,ORD001688,PROD00056,4,63574.3,37.89
ITEM0005065,ORD001688,PROD00016,1,77018.5,3.49
ITEM0005066,ORD001689,PROD00049,1,34440.59,28.85
ITEM0005067,ORD001689,PROD00141,3,20948.66,9.45
ITEM0005068,ORD001689,PROD00041,5,47952.03,12.87
ITEM0005069,ORD001689,PROD00133,-1,40861.97,4.76
ITEM0005070,ORD001689,PROD00176,1,38386.12,5.32
ITEM0005071,ORD001690,PROD00086,4,9039.59,28.25
ITEM0005072,ORD001690,PROD00102,2,37527.06,35.02
ITEM0005073,ORD001690,PROD00198,2,30232.03,33.13
ITEM0005074,ORD001690,PROD00163,3,22159.33,14.5
ITEM0005075,ORD001690,PROD00105,3,43880.65,33.84
ITEM0005076,ORD001691,PROD00152,1,41008.25,10.38
ITEM0005077,ORD001691,PROD00155,2,34936.54,12.86
ITEM0005078,ORD001691,PROD00116,1,28283.96,26.22
ITEM0005079,ORD001692,PROD00019,5,4981.67,20.11
ITEM0005080,ORD001692,PROD00158,2,19214.66,38.88
ITEM0005081,ORD001693,PROD00156,5,14151.37,9.37
ITEM0005082,ORD001693,PROD00063,2,51620.25,7.41
ITEM0005083,ORD001693,PROD00015,2,77917.93,36.91
ITEM0005084,ORD001694,PROD00128,5,59912.43,32.8
ITEM0005085,ORD001695,PROD00136,2,11230.26,16.35
ITEM0005086,ORD001695,PROD00052,1,76963.21,23.93
ITEM0005087,ORD001695,PROD00179,4,52447.0,13.11
ITEM0005088,ORD001695,PROD00141,5,29481.66,7.41
ITEM0005089,ORD001696,PROD00090,2,393.48,36.66
ITEM0005090,ORD001696,PROD00152,2,47715.28,10.1
ITEM0005091,ORD001696,PROD00005,4,76820.42,15.55
ITEM0005092,ORD001696,PROD00188,4,7938.04,19.02
ITEM0005093,ORD001696,PROD00030,4,55948.83,0.91
ITEM0005094,ORD001697,PROD00069,2,56158.42,24.78
ITEM0005095,ORD001698,PROD00085,1,56364.38,13.88
ITEM0005096,ORD001698,PROD00194,2,40646.71,15.87
ITEM0005097,ORD001698,PROD00179,5,61414.54,35.17
ITEM0005098,ORD001699,PROD00082,5,57712.29,14.7
ITEM0005099,ORD001699,PROD00001,5,71687.17,29.09
ITEM0005100,ORD001699,PROD00040,2,16643.37,22.42
ITEM0005101,ORD001700,PROD00149,5,41048.77,29.15
ITEM0005102,ORD001700,PROD00148,5,64686.12,28.47
ITEM0005103,ORD001700,PROD00052,5,73945.55,0.58
ITEM0005104,ORD001701,PROD00103,3,62852.65,35.57
ITEM0005105,ORD001702,PROD00136,3,13281.59,1.28
ITEM0005106,ORD001702,PROD00089,2,44671.69,17.01
ITEM0005107,ORD001703,PROD00196,2,35638.69,0.71
ITEM0005108,ORD001703,PROD00025,4,23164.2,28.22
ITEM0005109,ORD001703,PROD00111,1,78544.64,26.35
ITEM0005110,ORD001704,PROD00014,1,84579.15,17.7
ITEM0005111,ORD001704,PROD00047,2,20684.01,17.71
ITEM0005112,ORD001704,PROD00167,5,14399.29,1.89
ITEM0005113,ORD001705,PROD00131,3,67581.43,0.99
ITEM0005114,ORD001705,PROD00095,3,22698.95,32.97
ITEM0005115,ORD001705,PROD00150,4,19123.2,25.32
ITEM0005116,ORD001706,PROD00027,1,54933.06,27.2
ITEM0005117,ORD001706,PROD00197,5,7234.9,32.59
ITEM0005118,ORD001706,PROD00079,1,31866.08,37.65
ITEM0005119,ORD001707,PROD00151,2,2643.28,30.72
ITEM0005120,ORD001707,PROD00042,1,60865.0,20.94
ITEM0005121,ORD001707,PROD00035,3,15840.12,33.87
ITEM0005122,ORD001707,PROD00152,2,39553.38,24.92
ITEM0005123,ORD001707,PROD00030,5,56290.65,30.98
ITEM0005124,ORD001708,PROD00026,5,42237.19,38.18
ITEM0005125,ORD001708,PROD00079,2,34287.94,37.78
ITEM0005126,ORD001708,PROD00027,4,55469.46,17.34
ITEM0005127,ORD001708,PROD00081,4,17016.14,16.32
ITEM0005128,ORD001708,PROD00168,4,58088.01,33.09
ITEM0005129,ORD001709,PROD00176,3,37788.99,2.72
ITEM0005130,ORD001709,PROD00114,1,32857.55,16.19
ITEM0005131,ORD001710,PROD00095,4,22008.51,20.89
ITEM0005132,ORD001710,PROD00151,5,2262.39,16.27
ITEM0005133,ORD001710,PROD00096,2,2841.21,3.51
ITEM0005134,ORD001710,PROD00036,1,47419.98,26.32
ITEM0005135,ORD001710,PROD00080,5,5540.22,27.75
ITEM0005136,ORD001711,PROD00147,1,29469.72,3.59
ITEM0005137,ORD001711,PROD00171,1,69274.99,32.49
ITEM0005138,ORD001711,PROD00198,5,21061.93,12.53
ITEM0005139,ORD001712,PROD00146,3,74124.29,7.55
ITEM0005140,ORD001712,PROD00112,2,63244.34,6.91
ITEM0005141,ORD001712,PROD00025,5,16093.66,34.23
ITEM0005142,ORD001712,PROD00151,1,2712.14,1.0
ITEM0005143,ORD001713,PROD00012,3,59381.83,29.29
ITEM0005144,ORD001713,PROD00150,3,15843.72,10.98
ITEM0005145,ORD001713,PROD00047,4,15532.38,6.89
ITEM0005146,ORD001713,PROD00119,1,25636.36,32.96
ITEM0005147,ORD001714,PROD00103,2,62383.47,0.06
ITEM0005148,ORD001714,PROD00104,2,60071.63,5.96
ITEM0005149,ORD001714,PROD00112,2,62200.35,28.81
ITEM0005150,ORD001715,PROD00166,2,417.55,38.96
ITEM0005151,ORD001715,PROD00113,3,38169.79,23.29
ITEM0005152,ORD001715,PROD00007,1,33977.05,22.78
ITEM0005153,ORD001715,PROD00131,2,72832.72,28.77
ITEM0005154,ORD001715,PROD00106,5,58686.82,38.25
ITEM0005155,ORD001716,PROD00078,4,30103.1,26.36
ITEM0005156,ORD001716,PROD00072,3,8115.08,11.84
ITEM0005157,ORD001716,PROD00001,3,71423.94,18.31
ITEM0005158,ORD001716,PROD00040,3,19612.64,3.28
ITEM0005159,ORD001716,PROD00116,4,37544.35,6.67
ITEM0005160,ORD001717,PROD00195,5,6302.55,34.56
ITEM0005161,ORD001718,PROD00175,1,16622.92,25.46
ITEM0005162,ORD001718,PROD00133,5,32895.34,25.51
ITEM0005163,ORD001719,PROD00036,2,46758.34,5.9
ITEM0005164,ORD001719,PROD00161,2,11618.84,20.56
ITEM0005165,ORD001719,PROD00069,5,52882.39,31.79
ITEM0005166,ORD001719,PROD00109,5,60885.86,30.94
ITEM0005167,ORD001719,PROD00081,2,16535.63,19.8
ITEM0005168,ORD001720,PROD00079,1,41542.55,35.24
ITEM0005169,ORD001720,PROD00067,5,36860.61,21.0
ITEM0005170,ORD001721,PROD00066,5,43726.21,10.84
ITEM0005171,ORD001722,PROD00172,2,363.52,20.08
ITEM0005172,ORD001722,PROD00043,4,31278.33,39.46
ITEM0005173,ORD001723,PROD00155,4,27290.2,20.33
ITEM0005174,ORD001724,PROD00197,2,6110.24,36.63
ITEM0005175,ORD001725,PROD00062,4,75580.09,27.71
ITEM0005176,ORD001726,PROD00021,3,22936.33,10.29
ITEM0005177,ORD001726,PROD00200,4,37169.68,2.05
ITEM0005178,ORD001727,PROD00133,4,49417.55,30.89
ITEM0005179,ORD001727,PROD00157,2,17544.55,24.53
ITEM0005180,ORD001727,PROD00175,2,16812.23,19.66
ITEM0005181,ORD001728,PROD00094,4,55845.35,33.86
ITEM0005182,ORD001728,PROD00166,1,545.11,35.54
ITEM0005183,ORD001728,PROD00014,4,76740.75,33.23
ITEM0005184,ORD001728,PROD00135,2,37968.52,38.04
ITEM0005185,ORD001728,PROD00055,4,56887.38,15.27
ITEM0005186,ORD001729,PROD00130,4,40457.12,29.09
ITEM0005187,ORD001729,PROD00092,3,14884.11,9.37
ITEM0005188,ORD001729,PROD00149,2,49437.8,19.95
ITEM0005189,ORD001730,PROD00010,5,47634.13,11.64
ITEM0005190,ORD001730,PROD00048,3,2196.16,29.26
ITEM0005191,ORD001730,PROD00064,4,22124.24,4.19
ITEM0005192,ORD001730,PROD00137,4,56946.55,35.45
ITEM0005193,ORD001730,PROD00186,1,44899.01,25.28
ITEM0005194,ORD001731,PROD00072,5,8780.86,14.13
ITEM0005195,ORD001731,PROD00139,2,52755.38,13.11
ITEM0005196,ORD001732,PROD00116,4,29339.38,3.15
ITEM0005197,ORD001733,PROD00017,3,28902.66,13.32
ITEM0005198,ORD001734,PROD00117,1,15645.48,16.75
ITEM0005199,ORD001734,PROD00118,3,44513.21,24.19
ITEM0005200,ORD001734,PROD00076,5,58844.18,1.7
ITEM0005201,ORD001734,PROD00123,1,77488.38,19.53
ITEM0005202,ORD001735,PROD00133,1,49583.18,39.08
ITEM0005203,ORD001735,PROD00190,5,51652.36,8.76
ITEM0005204,ORD001735,PROD00183,1,88766.23,0.39
ITEM0005205,ORD001735,PROD00132,3,7439.91,21.34
ITEM0005206,ORD001736,PROD00200,3,54882.13,0.73
ITEM0005207,ORD001737,PROD00158,2,24228.68,34.24
ITEM0005208,ORD001737,PROD00161,-2,12638.56,4.22
ITEM0005209,ORD001738,PROD00113,2,49714.88,22.85
ITEM0005210,ORD001738,PROD00189,1,9896.46,10.82
ITEM0005211,ORD001739,PROD00161,4,15606.45,22.61
ITEM0005212,ORD001739,PROD00188,4,8748.58,27.77
ITEM0005213,ORD001739,PROD00140,2,52151.36,19.24
ITEM0005214,ORD001739,PROD00028,5,58121.12,20.88
ITEM0005215,ORD001739,PROD00198,5,30559.37,15.84
ITEM0005216,ORD001740,PROD00025,4,22401.99,22.47
ITEM0005217,ORD001740,PROD00162,1,33926.83,21.71
ITEM0005218,ORD001740,PROD00010,5,31402.14,22.86
ITEM0005219,ORD001740,PROD00108,4,45081.25,18.71
ITEM0005220,ORD001740,PROD00046,5,42846.55,29.99
ITEM0005221,ORD001741,PROD00070,5,51897.83,1.69
ITEM0005222,ORD001741,PROD00071,2,22502.39,38.88
ITEM0005223,ORD001741,PROD00151,4,2346.63,29.46
ITEM0005224,ORD001742,PROD00192,3,33568.19,8.97
ITEM0005225,ORD001742,PROD00012,4,73459.01,36.98
ITEM0005226,ORD001742,PROD00135,3,41739.38,27.49
ITEM0005227,ORD001742,PROD00127,2,4862.38,38.39
ITEM0005228,ORD001742,PROD00035,2,12648.75,34.61
ITEM0005229,ORD001743,PROD00057,4,43511.2,9.35
ITEM0005230,ORD001743,PROD00074,4,62315.62,14.62
ITEM0005231,ORD001743,PROD00018,2,9640.3,18.65
ITEM0005232,ORD001744,PROD00131,3,72781.78,36.74
ITEM0005233,ORD001744,PROD00180,4,38398.33,30.38
ITEM0005234,ORD001744,PROD00071,4,26440.09,9.29
ITEM0005235,ORD001744,PROD00105,5,66982.37,31.25
ITEM0005236,ORD001744,PROD00007,4,26684.64,27.8
ITEM0005237,ORD001745,PROD00041,4,44517.8,7.72
ITEM0005238,ORD001745,PROD00158,3,21106.99,33.08
ITEM0005239,ORD001745,PROD00033,-3,34894.0,3.42
ITEM0005240,ORD001745,PROD00145,-1,34699.3,28.12
ITEM0005241,ORD001746,PROD00061,4,45454.57,2.83
ITEM0005242,ORD001746,PROD00030,1,53236.0,7.34
ITEM0005243,ORD001746,PROD00133,5,34558.72,7.95
ITEM0005244,ORD001746,PROD00041,2,37587.71,38.91
ITEM0005245,ORD001746,PROD00188,3,11885.78,10.6
ITEM0005246,ORD001747,PROD00186,4,55628.4,17.75
ITEM0005247,ORD001747,PROD00073,5,6712.54,11.61
ITEM0005248,ORD001747,PROD00197,4,8868.1,3.03
ITEM0005249,ORD001748,PROD00007,4,34289.73,23.11
ITEM0005250,ORD001748,PROD00105,1,59732.2,15.04
ITEM0005251,ORD001748,PROD00101,4,40943.88,21.28
ITEM0005252,ORD001749,PROD00049,5,28166.82,39.07
ITEM0005253,ORD001749,PROD00116,2,42296.02,21.78
ITEM0005254,ORD001750,PROD00198,5,32316.39,7.05
ITEM0005255,ORD001750,PROD00127,2,5833.46,8.69
ITEM0005256,ORD001750,PROD00145,5,28439.21,17.37
ITEM0005257,ORD001750,PROD00008,2,69547.28,15.55
ITEM0005258,ORD001750,PROD00154,3,68502.7,29.44
ITEM0005259,ORD001751,PROD00052,5,83807.73,11.62
ITEM0005260,ORD001751,PROD00050,2,80760.95,7.34
ITEM0005261,ORD001751,PROD00082,3,49720.88,35.78
ITEM0005262,ORD001751,PROD00108,3,54006.32,5.31
ITEM0005263,ORD001751,PROD00034,2,56447.63,22.5
ITEM0005264,ORD001752,PROD00139,1,39125.6,19.26
ITEM0005265,ORD001753,PROD00102,2,26686.48,38.86
ITEM0005266,ORD001753,PROD00169,5,34918.05,2.01
ITEM0005267,ORD001753,PROD00108,4,42238.03,8.52
ITEM0005268,ORD001753,PROD00111,5,80816.4,10.31
ITEM0005269,ORD001753,PROD00170,1,3170.18,29.45
ITEM0005270,ORD001754,PROD00145,3,27706.44,6.13
ITEM0005271,ORD001754,PROD00158,3,29844.5,29.97
ITEM0005272,ORD001754,PROD00026,5,45842.4,36.26
ITEM0005273,ORD001754,PROD00143,3,9136.93,21.58
ITEM0005274,ORD001755,PROD00163,1,30185.29,3.97
ITEM0005275,ORD001755,PROD00149,3,58095.4,21.95
ITEM0005276,ORD001755,PROD00055,5,53710.12,6.58
ITEM0005277,ORD001756,PROD00121,1,47252.1,6.99
ITEM0005278,ORD001756,PROD00187,1,51841.13,35.45
ITEM0005279,ORD001756,PROD00169,4,26223.13,10.76
ITEM0005280,ORD001757,PROD00174,3,45321.36,9.89
ITEM0005281,ORD001757,PROD00200,-3,43893.56,5.3
ITEM0005282,ORD001757,PROD00146,4,61555.69,17.61
ITEM0005283,ORD001758,PROD00159,4,62335.45,22.54
ITEM0005284,ORD001758,PROD00097,3,72257.8,16.28
ITEM0005285,ORD001759,PROD00002,5,21797.64,0.52
ITEM0005286,ORD001759,PROD00103,1,50802.37,18.67
ITEM0005287,ORD001759,PROD00110,5,35352.13,4.45
ITEM0005288,ORD001759,PROD00047,5,15097.11,16.0
ITEM0005289,ORD001759,PROD00104,3,52559.54,1.02
ITEM0005290,ORD001760,PROD00153,5,45511.32,13.31
ITEM0005291,ORD001760,PROD00021,3,22190.4,11.23
ITEM0005292,ORD001761,PROD00019,2,4736.22,33.48
ITEM0005293,ORD001761,PROD00164,1,68856.32,5.39
ITEM0005294,ORD001761,PROD00070,3,66787.9,3.28
ITEM0005295,ORD001762,PROD00198,4,27747.44,37.02
ITEM0005296,ORD001762,PROD00077,3,54148.92,15.67
ITEM0005297,ORD001762,PROD00131,1,64375.54,31.76
ITEM0005298,ORD001762,PROD00163,3,26992.42,4.2
ITEM0005299,ORD001763,PROD00156,4,16165.97,2.62
ITEM0005300,ORD001763,PROD00050,5,76526.69,10.51
ITEM0005301,ORD001763,PROD00021,1,22267.36,10.04
ITEM0005302,ORD001764,PROD00102,5,35196.79,24.35
ITEM0005303,ORD001764,PROD00027,3,62291.36,12.8
ITEM0005304,ORD001764,PROD00197,5,7726.12,19.07
ITEM0005305,ORD001764,PROD00046,5,40979.23,17.03
ITEM0005306,ORD001764,PROD00108,1,48250.91,13.2
ITEM0005307,ORD001765,PROD00148,5,59708.48,11.43
ITEM0005308,ORD001766,PROD00181,1,46638.51,18.1
ITEM0005309,ORD001766,PROD00122,3,56033.83,18.46
ITEM0005310,ORD001766,PROD00050,4,54367.72,1.59
ITEM0005311,ORD001767,PROD00189,2,7877.63,31.65
ITEM0005312,ORD001767,PROD00087,3,45148.25,28.76
ITEM0005313,ORD001767,PROD00142,4,37285.96,12.33
ITEM0005314,ORD001768,PROD00186,4,42744.68,18.91
ITEM0005315,ORD001769,PROD00022,3,64409.72,39.41
ITEM0005316,ORD001770,PROD00100,5,4699.37,3.25
ITEM0005317,ORD001770,PROD00103,3,42465.46,39.48
ITEM0005318,ORD001771,PROD00039,2,35754.24,16.89
ITEM0005319,ORD001771,PROD00007,3,40119.99,37.05
ITEM0005320,ORD001771,PROD00012,4,64848.78,22.57
ITEM0005321,ORD001771,PROD00143,2,6595.87,13.39
ITEM0005322,ORD001771,PROD00084,5,38321.7,20.83
ITEM0005323,ORD001772,PROD00059,5,58494.12,6.19
ITEM0005324,ORD001772,PROD00168,5,51776.99,23.12
ITEM0005325,ORD001773,PROD00129,1,76975.59,32.27
ITEM0005326,ORD001773,PROD00162,3,25796.22,20.0
ITEM0005327,ORD001774,PROD00179,1,43886.97,21.48
ITEM0005328,ORD001774,PROD00197,1,5658.16,35.84
ITEM0005329,ORD001774,PROD00023,4,31243.53,3.6
ITEM0005330,ORD001774,PROD00009,5,47467.86,33.0
ITEM0005331,ORD001775,PROD00079,5,41444.82,15.66
ITEM0005332,ORD001775,PROD00178,4,15074.21,31.13
ITEM0005333,ORD001775,PROD00160,2,49806.85,24.36
ITEM0005334,ORD001776,PROD00196,1,27650.91,32.52
ITEM0005335,ORD001776,PROD00042,3,78130.94,14.74
ITEM0005336,ORD001776,PROD00091,5,55891.84,6.25
ITEM0005337,ORD001777,PROD00019,1,4372.94,11.55
ITEM0005338,ORD001777,PROD00152,2,44579.32,1.0
ITEM0005339,ORD001777,PROD00119,1,27203.78,18.98
ITEM0005340,ORD001777,PROD00102,1,33578.02,30.18
ITEM0005341,ORD001778,PROD00079,3,43089.67,36.41
ITEM0005342,ORD001778,PROD00102,1,34393.95,12.94
ITEM0005343,ORD001778,PROD00006,2,45146.81,5.28
ITEM0005344,ORD001779,PROD00057,2,31720.93,19.95
ITEM0005345,ORD001779,PROD00030,4,55598.06,25.54
ITEM0005346,ORD001780,PROD00116,1,33231.77,22.45
ITEM0005347,ORD001780,PROD00090,4,426.82,23.11
ITEM0005348,ORD001781,PROD00049,2,41773.85,5.23
ITEM0005349,ORD001781,PROD00157,1,13622.78,21.03
ITEM0005350,ORD001782,PROD00200,1,38102.54,2.66
ITEM0005351,ORD001782,PROD00106,5,67389.13,10.5
ITEM0005352,ORD001782,PROD00056,5,63718.85,12.86
ITEM0005353,ORD001782,PROD00093,3,8817.45,9.47
ITEM0005354,ORD001782,PROD00094,-3,45372.2,10.86
ITEM0005355,ORD001783,PROD00015,3,76573.02,23.5
ITEM0005356,ORD001783,PROD00087,3,33396.55,37.19
ITEM0005357,ORD001783,PROD00160,-1,45230.99,8.19
ITEM0005358,ORD001783,PROD00075,4,14682.86,18.08
ITEM0005359,ORD001784,PROD00191,3,31604.88,2.67
ITEM0005360,ORD001784,PROD00163,1,28604.79,0.25
ITEM0005361,ORD001785,PROD00105,3,45497.9,1.62
ITEM0005362,ORD001785,PROD00139,3,48147.63,12.55
ITEM0005363,ORD001785,PROD00125,3,72874.97,37.64
ITEM0005364,ORD001786,PROD00099,3,67303.67,11.33
ITEM0005365,ORD001786,PROD00037,1,25700.06,38.54
ITEM0005366,ORD001786,PROD00047,2,20669.31,5.74
ITEM0005367,ORD001786,PROD00043,4,31274.84,33.42
ITEM0005368,ORD001786,PROD00159,1,71665.1,10.05
ITEM0005369,ORD001787,PROD00166,5,594.72,39.65
ITEM0005370,ORD001787,PROD00127,2,5948.51,25.31
ITEM0005371,ORD001787,PROD00037,3,26750.21,35.06
ITEM0005372,ORD001787,PROD00184,1,7717.2,19.32
ITEM0005373,ORD001787,PROD00062,5,53239.66,0.29
ITEM0005374,ORD001788,PROD00101,3,35941.78,21.85
ITEM0005375,ORD001788,PROD00034,3,57404.42,9.37
ITEM0005376,ORD001788,PROD00119,4,27189.25,6.45
ITEM0005377,ORD001788,PROD00064,1,22643.68,31.37
ITEM0005378,ORD001789,PROD00136,2,14209.7,9.28
ITEM0005379,ORD001789,PROD00054,-2,27578.18,16.43
ITEM0005380,ORD001789,PROD00117,3,24214.6,37.96
ITEM0005381,ORD001790,PROD00136,3,13312.6,35.97
ITEM0005382,ORD001790,PROD00015,3,77157.03,2.47
ITEM0005383,ORD001791,PROD00127,3,5496.49,8.66
ITEM0005384,ORD001791,PROD00027,1,64638.89,2.14
ITEM0005385,ORD001791,PROD00012,2,70297.64,1.64
ITEM0005386,ORD001791,PROD00031,4,36767.34,2.19
ITEM0005387,ORD001791,PROD00178,4,16287.24,16.17
ITEM0005388,ORD001792,PROD00171,5,70015.54,6.22
ITEM0005389,ORD001792,PROD00135,4,48535.14,20.9
ITEM0005390,ORD001792,PROD00101,3,42518.15,33.66
ITEM0005391,ORD001793,PROD00080,4,5058.47,3.46
ITEM0005392,ORD001793,PROD00037,3,27524.41,16.31
ITEM0005393,ORD001793,PROD00149,5,44138.11,34.32
ITEM0005394,ORD001794,PROD00024,5,31869.47,14.21
ITEM0005395,ORD001794,PROD00109,1,64864.95,24.36
ITEM0005396,ORD001795,PROD00020,2,66615.1,18.26
ITEM0005397,ORD001795,PROD00177,5,62431.03,7.07
ITEM0005398,ORD001795,PROD00074,5,56310.72,15.33
ITEM0005399,ORD001795,PROD00047,4,16348.83,9.16
ITEM0005400,ORD001796,PROD00126,3,53906.16,29.25
ITEM0005401,ORD001797,PROD00162,4,32212.94,8.71
ITEM0005402,ORD001797,PROD00077,4,48539.71,21.45
ITEM0005403,ORD001798,PROD00037,4,39264.82,36.34
ITEM0005404,ORD001798,PROD00117,1,18573.52,25.47
ITEM0005405,ORD001798,PROD00111,4,57487.31,1.14
ITEM0005406,ORD001798,PROD00092,4,16967.16,37.07
ITEM0005407,ORD001798,PROD00077,1,63920.95,26.77
ITEM0005408,ORD001799,PROD00164,2,59772.8,18.7
ITEM0005409,ORD001799,PROD00033,1,28566.4,0.94
ITEM0005410,ORD001799,PROD00146,1,75438.78,13.89
ITEM0005411,ORD001800,PROD00094,3,55075.4,25.02
ITEM0005412,ORD001800,PROD00025,5,18400.21,30.21
ITEM0005413,ORD001800,PROD00012,1,48733.88,22.19
ITEM0005414,ORD001801,PROD00008,2,59454.38,36.15
ITEM0005415,ORD001801,PROD00017,2,32096.4,20.28
ITEM0005416,ORD001801,PROD00125,3,74496.79,6.75
ITEM0005417,ORD001801,PROD00019,2,3664.02,1.94
ITEM0005418,ORD001801,PROD00188,1,11421.1,16.15
ITEM0005419,ORD001802,PROD00107,3,80777.97,34.17
ITEM0005420,ORD001802,PROD00157,2,18149.14,31.02
ITEM0005421,ORD001802,PROD00003,3,45711.91,3.34
ITEM0005422,ORD001802,PROD00088,2,23400.88,6.92
ITEM0005423,ORD001803,PROD00009,4,48798.17,5.04
ITEM0005424,ORD001804,PROD00094,2,55194.32,32.28
ITEM0005425,ORD001804,PROD00160,3,42547.79,22.55
ITEM0005426,ORD001804,PROD00036,1,56247.17,28.51
ITEM0005427,ORD001804,PROD00031,2,41583.15,35.01
ITEM0005428,ORD001805,PROD00036,3,71548.64,15.8
ITEM0005429,ORD001805,PROD00199,1,8002.75,21.0
ITEM0005430,ORD001805,PROD00021,4,23377.86,26.08
ITEM0005431,ORD001805,PROD00189,4,8808.13,34.04
ITEM0005432,ORD001806,PROD00006,3,52365.09,7.58
ITEM0005433,ORD001806,PROD00175,2,26675.59,5.95
ITEM0005434,ORD001806,PROD00082,4,48959.25,37.23
ITEM0005435,ORD001807,PROD00128,1,74628.52,11.13
ITEM0005436,ORD001807,PROD00050,-2,62236.13,35.4
ITEM0005437,ORD001807,PROD00066,5,47428.25,15.38
ITEM0005438,ORD001807,PROD00027,5,55225.21,16.36
ITEM0005439,ORD001807,PROD00061,2,34121.36,35.11
ITEM0005440,ORD001808,PROD00193,1,389.28,33.23
ITEM0005441,ORD001808,PROD00158,4,27197.0,34.01
ITEM0005442,ORD001809,PROD00171,3,50763.91,5.29
ITEM0005443,ORD001809,PROD00133,4,53108.85,27.44
ITEM0005444,ORD001809,PROD00071,5,28577.99,16.94
ITEM0005445,ORD001810,PROD00125,2,74267.21,29.2
ITEM0005446,ORD001810,PROD00033,3,27032.12,37.55
ITEM0005447,ORD001810,PROD00086,5,5805.96,17.6
ITEM0005448,ORD001810,PROD00046,2,27824.81,33.38
ITEM0005449,ORD001811,PROD00050,2,82014.7,19.6
ITEM0005450,ORD001811,PROD00004,-3,3992.06,6.68
ITEM0005451,ORD001811,PROD00107,3,88862.14,7.41
ITEM0005452,ORD001811,PROD00054,2,21339.06,27.53
ITEM0005453,ORD001811,PROD00186,4,37480.92,12.46
ITEM0005454,ORD001812,PROD00108,2,38184.07,35.91
ITEM0005455,ORD001812,PROD00134,2,23444.74,7.37
ITEM0005456,ORD001812,PROD00159,4,74672.29,10.46
ITEM0005457,ORD001812,PROD00131,5,45523.6,9.2
ITEM0005458,ORD001812,PROD00167,1,10674.21,19.07
ITEM0005459,ORD001813,PROD00087,4,47615.12,28.49
ITEM0005460,ORD001814,PROD00036,2,75655.8,36.3
ITEM0005461,ORD001814,PROD00042,3,48943.08,6.01
ITEM0005462,ORD001814,PROD00047,3,16218.56,37.17
ITEM0005463,ORD001815,PROD00049,5,33919.25,8.43
ITEM0005464,ORD001816,PROD00096,1,3851.75,5.01
ITEM0005465,ORD001816,PROD00197,4,6441.61,7.93
ITEM0005466,ORD001816,PROD00054,5,20693.09,30.22
ITEM0005467,ORD001817,PROD00087,3,42497.59,24.23
ITEM0005468,ORD001817,PROD00130,3,38808.41,4.57
ITEM0005469,ORD001817,PROD00097,3,54667.02,12.61
ITEM0005470,ORD001817,PROD00188,2,10538.43,19.92
ITEM0005471,ORD001818,PROD00126,2,64154.21,3.55
ITEM0005472,ORD001818,PROD00081,5,20485.05,4.35
ITEM0005473,ORD001819,PROD00103,5,59596.56,24.13
ITEM0005474,ORD001819,PROD00059,3,74002.03,15.16
ITEM0005475,ORD001819,PROD00063,5,54866.29,18.25
ITEM0005476,ORD001819,PROD00077,3,57432.89,4.55
ITEM0005477,ORD001820,PROD00009,4,40815.45,3.83
ITEM0005478,ORD001820,PROD00110,4,28651.2,25.62
ITEM0005479,ORD001820,PROD00096,3,4148.59,35.65
ITEM0005480,ORD001821,PROD00092,2,13372.47,14.63
ITEM0005481,ORD001821,PROD00058,5,13787.72,12.08
ITEM0005482,ORD001821,PROD00090,4,491.38,4.34
ITEM0005483,ORD001821,PROD00026,2,41489.51,38.11
ITEM0005484,ORD001822,PROD00014,3,70828.9,1.45
ITEM0005485,ORD001822,PROD00153,4,46599.25,29.58
ITEM0005486,ORD001823,PROD00172,3,457.2,21.93
ITEM0005487,ORD001823,PROD00196,3,29319.22,12.49
ITEM0005488,ORD001823,PROD00111,5,77529.13,23.26
ITEM0005489,ORD001824,PROD00131,2,69756.06,4.04
ITEM0005490,ORD001824,PROD00151,5,2340.33,18.94
ITEM0005491,ORD001825,PROD00193,2,361.85,20.77
ITEM0005492,ORD001825,PROD00087,1,44157.71,27.54
ITEM0005493,ORD001826,PROD00108,5,56229.43,33.35
ITEM0005494,ORD001826,PROD00115,2,52461.97,18.3
ITEM0005495,ORD001826,PROD00177,1,68824.94,10.13
ITEM0005496,ORD001826,PROD00068,5,61663.16,15.76
ITEM0005497,ORD001826,PROD00200,1,48243.11,30.5
ITEM0005498,ORD001827,PROD00183,2,79777.03,22.24
ITEM0005499,ORD001828,PROD00069,5,54333.99,32.24
ITEM0005500,ORD001828,PROD00006,5,50674.88,35.51
ITEM0005501,ORD001828,PROD00090,3,452.92,4.86
ITEM0005502,ORD001828,PROD00193,4,308.11,15.62
ITEM0005503,ORD001829,PROD00034,3,61961.08,39.42
ITEM0005504,ORD001829,PROD00037,5,36406.48,34.09
ITEM0005505,ORD001829,PROD00114,5,42154.1,31.09
ITEM0005506,ORD001830,PROD00167,-1,9659.49,9.44
ITEM0005507,ORD001830,PROD00118,3,43622.83,3.49
ITEM0005508,ORD001831,PROD00030,2,54655.5,1.46
ITEM0005509,ORD001831,PROD00010,2,40497.48,14.35
ITEM0005510,ORD001831,PROD00008,5,58966.31,31.88
ITEM0005511,ORD001831,PROD00080,2,5214.7,34.88
ITEM0005512,ORD001831,PROD00166,3,381.06,2.85
ITEM0005513,ORD001832,PROD00112,5,52845.03,27.49
ITEM0005514,ORD001832,PROD00114,2,37350.9,26.83
ITEM0005515,ORD001832,PROD00014,4,63393.59,29.82
ITEM0005516,ORD001832,PROD00069,2,80493.6,22.74
ITEM0005517,ORD001832,PROD00174,5,42794.55,19.41
ITEM0005518,ORD001833,PROD00170,5,3143.78,11.3
ITEM0005519,ORD001833,PROD00021,1,16459.82,11.27
ITEM0005520,ORD001833,PROD00138,3,39123.96,25.73
ITEM0005521,ORD001833,PROD00184,1,9370.78,5.85
ITEM0005522,ORD001833,PROD00108,3,37598.74,10.81
ITEM0005523,ORD001834,PROD00098,5,57743.94,21.35
ITEM0005524,ORD001834,PROD00023,3,32189.02,35.81
ITEM0005525,ORD001835,PROD00042,3,76883.31,20.15
ITEM0005526,ORD001835,PROD00159,1,63782.55,10.2
ITEM0005527,ORD001835,PROD00130,4,34345.87,11.18
ITEM0005528,ORD001835,PROD00072,5,9050.01,25.21
ITEM0005529,ORD001836,PROD00185,5,16995.41,36.72
ITEM0005530,ORD001836,PROD00012,4,61677.73,13.32
ITEM0005531,ORD001836,PROD00032,3,63660.59,30.65
ITEM0005532,ORD001836,PROD00112,5,48743.81,9.08
ITEM0005533,ORD001837,PROD00020,4,68610.56,9.92
ITEM0005534,ORD001837,PROD00157,4,20116.02,25.3
ITEM0005535,ORD001837,PROD00147,3,46357.93,34.7
ITEM0005536,ORD001837,PROD00145,2,41168.97,21.4
ITEM0005537,ORD001838,PROD00189,1,8526.94,21.99
ITEM0005538,ORD001838,PROD00135,5,38436.06,11.4
ITEM0005539,ORD001838,PROD00003,1,45310.33,1.57
ITEM0005540,ORD001838,PROD00173,3,22670.78,15.11
ITEM0005541,ORD001839,PROD00100,2,4317.1,39.01
ITEM0005542,ORD001839,PROD00057,1,30622.54,24.76
ITEM0005543,ORD001839,PROD00177,2,85570.59,8.43
ITEM0005544,ORD001839,PROD00099,3,71867.08,7.32
ITEM0005545,ORD001840,PROD00060,5,13292.2,7.44
ITEM0005546,ORD001841,PROD00078,4,28382.09,28.66
ITEM0005547,ORD001842,PROD00128,1,52036.7,8.04
ITEM0005548,ORD001842,PROD00186,5,52639.01,29.79
ITEM0005549,ORD001843,PROD00162,1,23957.14,24.01
ITEM0005550,ORD001843,PROD00121,5,47280.61,6.19
ITEM0005551,ORD001843,PROD00182,-1,16033.42,0.58
ITEM0005552,ORD001843,PROD00189,4,10262.79,28.54
ITEM0005553,ORD001844,PROD00083,1,78497.83,3.23
ITEM0005554,ORD001844,PROD00013,2,48592.14,7.85
ITEM0005555,ORD001844,PROD00186,5,44040.2,12.49
ITEM0005556,ORD001844,PROD00121,2,65161.09,22.44
ITEM0005557,ORD001844,PROD00181,5,36134.68,0.77
ITEM0005558,ORD001845,PROD00064,2,28224.52,29.98
ITEM0005559,ORD001845,PROD00144,2,52353.63,16.18
ITEM0005560,ORD001846,PROD00185,4,14663.91,11.54
ITEM0005561,ORD001846,PROD00016,4,53492.01,26.78
ITEM0005562,ORD001846,PROD00073,1,5788.98,25.81
ITEM0005563,ORD001847,PROD00102,5,36315.22,26.46
ITEM0005564,ORD001848,PROD00149,2,38990.92,24.82
ITEM0005565,ORD001848,PROD00048,5,2497.1,34.82
ITEM0005566,ORD001849,PROD00149,1,61222.78,22.38
ITEM0005567,ORD001849,PROD00054,1,27832.76,19.23
ITEM0005568,ORD001849,PROD00165,2,49206.43,35.28
ITEM0005569,ORD001849,PROD00167,4,11152.59,29.61
ITEM0005570,ORD001849,PROD00038,1,42174.23,35.61
ITEM0005571,ORD001850,PROD00069,5,58945.83,30.47
ITEM0005572,ORD001850,PROD00032,2,55553.95,19.43
ITEM0005573,ORD001850,PROD00002,5,20364.11,3.68
ITEM0005574,ORD001851,PROD00129,4,49476.23,8.61
ITEM0005575,ORD001851,PROD00085,2,37856.66,24.12
ITEM0005576,ORD001851,PROD00141,1,28669.51,3.75
ITEM0005577,ORD001851,PROD00068,2,55724.53,17.79
ITEM0005578,ORD001852,PROD00181,-3,55536.15,39.32
ITEM0005579,ORD001852,PROD00045,3,56013.62,24.28
ITEM0005580,ORD001852,PROD00062,1,49039.3,15.06
ITEM0005581,ORD001852,PROD00080,5,4931.94,35.83
ITEM0005582,ORD001852,PROD00024,4,29759.75,18.72
ITEM0005583,ORD001853,PROD00173,4,30217.5,25.35
ITEM0005584,ORD001853,PROD00139,2,48414.77,16.68
ITEM0005585,ORD001853,PROD00157,1,14740.63,30.74
ITEM0005586,ORD001853,PROD00107,5,76093.25,2.32
ITEM0005587,ORD001854,PROD00177,3,56959.19,28.9
ITEM0005588,ORD001855,PROD00187,1,45453.93,3.87
ITEM0005589,ORD001855,PROD00039,5,25941.11,33.56
ITEM0005590,ORD001855,PROD00089,3,47382.23,35.69
ITEM0005591,ORD001855,PROD00152,5,39920.18,1.68
ITEM0005592,ORD001855,PROD00163,4,30255.98,32.97
ITEM0005593,ORD001856,PROD00108,1,45659.54,25.73
ITEM0005594,ORD001856,PROD00145,3,37673.96,3.48
ITEM0005595,ORD001856,PROD00007,1,39832.75,5.03
ITEM0005596,ORD001857,PROD00195,2,6489.39,35.59
ITEM0005597,ORD001858,PROD00144,4,37371.02,6.62
ITEM0005598,ORD001858,PROD00140,3,39803.18,9.32
ITEM0005599,ORD001858,PROD00113,3,42173.72,2.18
ITEM0005600,ORD001858,PROD00085,1,37353.19,19.21
ITEM0005601,ORD001859,PROD00004,3,4037.66,7.93
ITEM0005602,ORD001859,PROD00008,1,55167.37,18.74
ITEM0005603,ORD001859,PROD00037,3,33069.48,2.13
ITEM0005604,ORD001859,PROD00062,5,53429.4,20.3
ITEM0005605,ORD001860,PROD00010,2,36657.92,11.19
ITEM0005606,ORD001860,PROD00068,3,52009.03,4.49
ITEM0005607,ORD001860,PROD00025,5,19994.19,33.63
ITEM0005608,ORD001860,PROD00098,3,49381.96,11.45
ITEM0005609,ORD001861,PROD00161,2,11176.1,32.67
ITEM0005610,ORD001861,PROD00076,1,61675.23,33.7
ITEM0005611,ORD001861,PROD00186,5,51878.84,20.04
ITEM0005612,ORD001861,PROD00060,5,16028.77,9.45
ITEM0005613,ORD001862,PROD00111,2,62032.98,33.53
ITEM0005614,ORD001863,PROD00188,5,8980.54,2.52
ITEM0005615,ORD001864,PROD00168,2,49415.31,2.69
ITEM0005616,ORD001864,PROD00197,5,8688.71,27.89
ITEM0005617,ORD001864,PROD00065,3,64147.89,31.03
ITEM0005618,ORD001864,PROD00199,1,8223.29,35.66
ITEM0005619,ORD001864,PROD00062,-3,47895.71,7.6
ITEM0005620,ORD001865,PROD00194,2,47378.04,14.78
ITEM0005621,ORD001865,PROD00127,2,5968.85,29.72
ITEM0005622,ORD001865,PROD00173,1,25618.74,27.33
ITEM0005623,ORD001866,PROD00026,1,55316.33,1.63
ITEM0005624,ORD001866,PROD00066,5,49258.44,10.98
ITEM0005625,ORD001866,PROD00112,-2,64593.51,32.06
ITEM0005626,ORD001866,PROD00030,1,50011.08,1.25
ITEM0005627,ORD001866,PROD00162,2,34029.08,34.18
ITEM0005628,ORD001867,PROD00062,2,52628.53,14.72
ITEM0005629,ORD001867,PROD00080,2,6403.32,31.45
ITEM0005630,ORD001867,PROD00156,3,11464.74,19.77
ITEM0005631,ORD001867,PROD00186,5,43004.26,31.83
ITEM0005632,ORD001868,PROD00066,1,31605.19,12.51
ITEM0005633,ORD001868,PROD00006,3,65772.87,3.35
ITEM0005634,ORD001869,PROD00088,2,17954.74,18.92
ITEM0005635,ORD001869,PROD00010,1,48815.55,21.22
ITEM0005636,ORD001870,PROD00096,3,3975.4,36.61
ITEM0005637,ORD001870,PROD00166,5,588.61,1.52
ITEM0005638,ORD001870,PROD00125,4,60186.28,4.42
ITEM0005639,ORD001870,PROD00181,2,55685.96,28.36
ITEM0005640,ORD001871,PROD00019,3,5494.28,19.65
ITEM0005641,ORD001871,PROD00100,2,4524.3,24.86
ITEM0005642,ORD001871,PROD00185,2,19478.84,34.34
ITEM0005643,ORD001872,PROD00002,1,21043.43,32.03
ITEM0005644,ORD001872,PROD00089,4,30388.43,10.04
ITEM0005645,ORD001873,PROD00184,1,7656.66,10.01
ITEM0005646,ORD001873,PROD00049,1,31984.87,22.69
ITEM0005647,ORD001873,PROD00189,2,9461.0,20.66
ITEM0005648,ORD001874,PROD00075,2,15707.25,10.53
ITEM0005649,ORD001874,PROD00057,2,37511.16,9.09
ITEM0005650,ORD001874,PROD00062,-3,50554.4,27.48
ITEM0005651,ORD001875,PROD00057,1,29028.16,11.99
ITEM0005652,ORD001876,PROD00089,4,33522.49,34.08
ITEM0005653,ORD001876,PROD00096,3,3382.95,29.58
ITEM0005654,ORD001876,PROD00147,2,45538.14,13.34
ITEM0005655,ORD001876,PROD00120,3,80673.85,25.37
ITEM0005656,ORD001877,PROD00087,2,41298.5,21.13
ITEM0005657,ORD001877,PROD00091,1,54666.05,3.21
ITEM0005658,ORD001877,PROD00006,1,58313.72,13.08
ITEM0005659,ORD001877,PROD00132,1,9066.42,31.65
ITEM0005660,ORD001878,PROD00125,2,61398.18,11.77
ITEM0005661,ORD001878,PROD00032,4,69377.78,32.67
ITEM0005662,ORD001879,PROD00195,5,5424.14,2.1
ITEM0005663,ORD001879,PROD00162,2,25676.82,8.92
ITEM0005664,ORD001880,PROD00193,3,361.27,9.56
ITEM0005665,ORD001880,PROD00033,4,35696.25,11.7
ITEM0005666,ORD001881,PROD00098,3,53394.83,10.49
ITEM0005667,ORD001881,PROD00091,1,38046.37,28.85
ITEM0005668,ORD001882,PROD00031,5,31213.91,11.18
ITEM0005669,ORD001882,PROD00008,1,65637.7,29.85
ITEM0005670,ORD001883,PROD00065,5,70392.36,7.03
ITEM0005671,ORD001884,PROD00125,3,79139.88,1.85
ITEM0005672,ORD001884,PROD00163,3,24907.02,3.65
ITEM0005673,ORD001885,PROD00185,2,16618.34,1.53
ITEM0005674,ORD001886,PROD00019,4,3741.88,8.66
ITEM0005675,ORD001886,PROD00185,2,21068.82,9.89
ITEM0005676,ORD001887,PROD00044,3,52859.31,30.2
ITEM0005677,ORD001888,PROD00049,3,27896.55,35.14
ITEM0005678,ORD001888,PROD00075,4,20866.64,39.78
ITEM0005679,ORD001888,PROD00162,4,36056.3,22.58
ITEM0005680,ORD001888,PROD00141,2,28958.46,17.15
ITEM0005681,ORD001889,PROD00035,1,15422.05,4.25
ITEM0005682,ORD001889,PROD00137,-1,53054.33,17.91
ITEM0005683,ORD001889,PROD00163,4,22231.85,16.46
ITEM0005684,ORD001890,PROD00167,-2,14553.5,39.32
ITEM0005685,ORD001890,PROD00193,2,329.11,33.87
ITEM0005686,ORD001890,PROD00155,2,34133.28,7.23
ITEM0005687,ORD001890,PROD00039,2,24323.72,2.4
ITEM0005688,ORD001890,PROD00096,5,4167.14,21.22
ITEM0005689,ORD001891,PROD00066,5,49145.83,15.7
ITEM0005690,ORD001892,PROD00062,4,58169.2,12.79
ITEM0005691,ORD001892,PROD00017,3,26796.59,27.32
ITEM0005692,ORD001893,PROD00052,2,57466.29,0.64
ITEM0005693,ORD001893,PROD00102,1,29041.7,33.32
ITEM0005694,ORD001893,PROD00101,3,44158.9,24.71
ITEM0005695,ORD001893,PROD00126,5,53889.37,36.39
ITEM0005696,ORD001893,PROD00059,4,59478.43,32.21
ITEM0005697,ORD001894,PROD00051,3,22879.9,6.55
ITEM0005698,ORD001894,PROD00094,3,43135.39,28.2
ITEM0005699,ORD001894,PROD00057,4,34848.93,3.24
ITEM0005700,ORD001894,PROD00159,5,71492.31,35.67
ITEM0005701,ORD001894,PROD00182,4,14704.17,8.34
ITEM0005702,ORD001895,PROD00150,4,18361.25,7.46
ITEM0005703,ORD001896,PROD00031,4,35995.11,36.56
ITEM0005704,ORD001896,PROD00180,5,38202.43,2.68
ITEM0005705,ORD001897,PROD00125,3,61172.41,35.67
ITEM0005706,ORD001897,PROD00123,4,78523.53,15.49
ITEM0005707,ORD001897,PROD00189,4,9074.42,27.84
ITEM0005708,ORD001898,PROD00118,3,44130.88,16.38
ITEM0005709,ORD001898,PROD00103,4,44842.42,1.54
ITEM0005710,ORD001899,PROD00151,5,2807.14,3.05
ITEM0005711,ORD001899,PROD00136,2,12878.71,14.6
ITEM0005712,ORD001899,PROD00045,5,60828.63,4.34
ITEM0005713,ORD001899,PROD00054,5,27600.75,4.14
ITEM0005714,ORD001900,PROD00037,4,28969.98,29.59
ITEM0005715,ORD001900,PROD00099,1,54468.32,27.42
ITEM0005716,ORD001900,PROD00165,5,44968.91,11.96
ITEM0005717,ORD001900,PROD00147,4,37996.8,32.22
ITEM0005718,ORD001901,PROD00010,4,41926.12,10.44
ITEM0005719,ORD001902,PROD00042,1,60555.94,16.46
ITEM0005720,ORD001902,PROD00150,5,22980.1,21.78
ITEM0005721,ORD001902,PROD00060,2,13420.84,21.59
ITEM0005722,ORD001902,PROD00166,2,520.63,35.28
ITEM0005723,ORD001902,PROD00103,4,50650.98,17.11
ITEM0005724,ORD001903,PROD00097,4,46393.46,31.62
ITEM0005725,ORD001903,PROD00099,3,44787.33,0.36
ITEM0005726,ORD001903,PROD00059,1,73285.95,38.14
ITEM0005727,ORD001903,PROD00096,5,3493.28,3.91
ITEM0005728,ORD001903,PROD00033,2,33261.09,25.83
ITEM0005729,ORD001904,PROD00165,1,56534.27,19.33
ITEM0005730,ORD001905,PROD00169,5,26305.01,16.57
ITEM0005731,ORD001905,PROD00129,4,56144.85,35.5
ITEM0005732,ORD001905,PROD00186,1,37603.46,36.92
ITEM0005733,ORD001905,PROD00138,-1,44587.42,7.18
ITEM0005734,ORD001905,PROD00175,4,21020.15,38.9
ITEM0005735,ORD001906,PROD00084,5,43102.27,16.37
ITEM0005736,ORD001906,PROD00024,4,24242.36,19.91
ITEM0005737,ORD001906,PROD00122,2,63579.43,21.2
ITEM0005738,ORD001906,PROD00179,5,44495.95,39.42
ITEM0005739,ORD001907,PROD00068,4,59370.22,3.11
ITEM0005740,ORD001907,PROD00007,3,34410.85,14.61
ITEM0005741,ORD001907,PROD00160,3,35568.13,8.39
ITEM0005742,ORD001907,PROD00148,5,70985.06,38.05
ITEM0005743,ORD001907,PROD00183,4,55607.34,32.5
ITEM0005744,ORD001908,PROD00077,5,43744.78,10.72
ITEM0005745,ORD001908,PROD00120,3,76651.31,23.49
ITEM0005746,ORD001908,PROD00040,5,23161.12,36.09
ITEM0005747,ORD001909,PROD00129,1,69647.54,16.39
ITEM0005748,ORD001910,PROD00126,1,69756.5,1.84
ITEM0005749,ORD001911,PROD00115,4,60799.01,37.66
ITEM0005750,ORD001912,PROD00014,1,54929.74,36.78
ITEM0005751,ORD001913,PROD00079,2,30604.15,12.78
ITEM0005752,ORD001913,PROD00198,5,23814.46,6.61
ITEM0005753,ORD001913,PROD00034,3,71491.36,16.06
ITEM0005754,ORD001913,PROD00056,1,57074.69,35.3
ITEM0005755,ORD001914,PROD00044,1,59976.43,4.24
ITEM0005756,ORD001915,PROD00146,3,52201.36,27.78
ITEM0005757,ORD001915,PROD00104,4,53002.17,28.66
ITEM0005758,ORD001916,PROD00057,-3,38290.93,7.07
ITEM0005759,ORD001916,PROD00108,5,52317.65,14.83
ITEM0005760,ORD001916,PROD00078,2,21687.27,29.17
ITEM0005761,ORD001916,PROD00155,1,30686.77,7.86
ITEM0005762,ORD001916,PROD00083,-1,58821.61,32.47
ITEM0005763,ORD001917,PROD00129,1,66523.93,23.32
ITEM0005764,ORD001917,PROD00094,4,50237.08,29.16
ITEM0005765,ORD001917,PROD00136,5,12313.19,8.92
ITEM0005766,ORD001917,PROD00148,1,45833.99,12.13
ITEM0005767,ORD001917,PROD00160,1,45578.08,8.94
ITEM0005768,ORD001918,PROD00065,4,76722.52,35.98
ITEM0005769,ORD001918,PROD00109,3,53745.69,1.03
ITEM0005770,ORD001918,PROD00139,2,50262.17,18.42
ITEM0005771,ORD001918,PROD00158,5,27467.68,13.45
ITEM0005772,ORD001919,PROD00191,5,24041.84,29.21
ITEM0005773,ORD001919,PROD00128,2,76341.6,23.1
ITEM0005774,ORD001919,PROD00086,1,6497.22,29.76
ITEM0005775,ORD001919,PROD00020,4,52866.43,37.72
ITEM0005776,ORD001919,PROD00185,-1,16232.14,3.62
ITEM0005777,ORD001920,PROD00043,4,30935.56,25.8
ITEM0005778,ORD001920,PROD00168,3,60268.73,4.93
ITEM0005779,ORD001921,PROD00068,2,57536.19,37.27
ITEM0005780,ORD001922,PROD00179,5,64954.55,14.57
ITEM0005781,ORD001923,PROD00045,3,73873.83,20.96
ITEM0005782,ORD001923,PROD00179,3,61900.82,35.89
ITEM0005783,ORD001923,PROD00178,3,13365.89,11.31
ITEM0005784,ORD001923,PROD00049,4,29631.87,28.07
ITEM0005785,ORD001924,PROD00182,1,17152.17,16.79
ITEM0005786,ORD001925,PROD00049,1,38067.5,18.33
ITEM0005787,ORD001925,PROD00023,3,40263.66,32.41
ITEM0005788,ORD001925,PROD00046,1,34575.67,1.94
ITEM0005789,ORD001925,PROD00072,2,8448.05,1.56
ITEM0005790,ORD001926,PROD00099,4,48887.15,8.41
ITEM0005791,ORD001926,PROD00134,5,29586.27,19.62
ITEM0005792,ORD001926,PROD00070,1,48553.56,30.94
ITEM0005793,ORD001927,PROD00050,1,80979.76,33.33
ITEM0005794,ORD001927,PROD00184,5,10362.08,30.15
ITEM0005795,ORD001927,PROD00182,5,18692.12,1.79
ITEM0005796,ORD001927,PROD00002,1,20422.34,8.28
ITEM0005797,ORD001928,PROD00008,1,49121.63,39.92
ITEM0005798,ORD001928,PROD00065,1,69527.05,24.78
ITEM0005799,ORD001928,PROD00171,4,53429.06,18.3
ITEM0005800,ORD001928,PROD00083,3,53290.82,22.94
ITEM0005801,ORD001929,PROD00158,2,24547.9,13.44
ITEM0005802,ORD001930,PROD00099,1,62734.77,6.18
ITEM0005803,ORD001930,PROD00128,2,75737.26,28.67
ITEM0005804,ORD001930,PROD00160,4,48816.31,31.13
ITEM0005805,ORD001930,PROD00185,4,22674.34,29.83
ITEM0005806,ORD001930,PROD00062,1,77250.76,37.38
ITEM0005807,ORD001931,PROD00090,5,473.87,8.48
ITEM0005808,ORD001931,PROD00082,1,59236.88,32.37
ITEM0005809,ORD001931,PROD00199,5,7645.05,24.53
ITEM0005810,ORD001931,PROD00041,2,39915.46,4.54
ITEM0005811,ORD001931,PROD00032,2,63354.45,25.28
ITEM0005812,ORD001932,PROD00018,3,10404.93,10.14
ITEM0005813,ORD001932,PROD00003,3,45282.89,14.31
ITEM0005814,ORD001932,PROD00070,1,64180.22,12.94
ITEM0005815,ORD001932,PROD00044,5,68591.81,24.02
ITEM0005816,ORD001932,PROD00055,1,48060.69,2.01
ITEM0005817,ORD001933,PROD00149,5,50352.18,24.24
ITEM0005818,ORD001933,PROD00141,5,29242.21,21.79
ITEM0005819,ORD001934,PROD00197,2,8392.26,23.19
ITEM0005820,ORD001934,PROD00072,5,8181.01,23.85
ITEM0005821,ORD001934,PROD00001,2,50338.32,22.63
ITEM0005822,ORD001935,PROD00159,4,52614.73,21.33
ITEM0005823,ORD001935,PROD00005,1,63490.68,0.8
ITEM0005824,ORD001935,PROD00048,2,1944.6,38.14
ITEM0005825,ORD001935,PROD00001,4,60651.73,13.83
ITEM0005826,ORD001935,PROD00198,5,21611.89,9.36
ITEM0005827,ORD001936,PROD00026,4,51898.02,4.16
ITEM0005828,ORD001936,PROD00181,3,40840.74,9.94
ITEM0005829,ORD001936,PROD00200,5,54118.12,20.37
ITEM0005830,ORD001937,PROD00198,1,23726.33,3.16
ITEM0005831,ORD001937,PROD00166,3,410.33,3.89
ITEM0005832,ORD001937,PROD00200,1,38574.03,33.61
ITEM0005833,ORD001938,PROD00078,5,30905.87,0.62
ITEM0005834,ORD001938,PROD00167,4,13525.25,0.73
ITEM0005835,ORD001938,PROD00070,4,64880.04,3.74
ITEM0005836,ORD001939,PROD00127,4,4856.35,23.22
ITEM0005837,ORD001940,PROD00060,1,14273.69,25.37
ITEM0005838,ORD001940,PROD00004,1,3854.6,34.61
ITEM0005839,ORD001940,PROD00159,3,48017.03,25.39
ITEM0005840,ORD001940,PROD00163,3,19027.98,12.14
ITEM0005841,ORD001941,PROD00027,4,63794.53,38.19
ITEM0005842,ORD001942,PROD00168,4,44804.36,13.48
ITEM0005843,ORD001942,PROD00194,1,40497.81,0.63
ITEM0005844,ORD001943,PROD00022,4,56843.79,16.99
ITEM0005845,ORD001943,PROD00041,3,42415.71,15.98
ITEM0005846,ORD001944,PROD00129,2,49214.38,11.29
ITEM0005847,ORD001944,PROD00198,4,26302.03,14.19
ITEM0005848,ORD001944,PROD00172,5,528.7,26.39
ITEM0005849,ORD001944,PROD00052,-3,70287.18,39.56
ITEM0005850,ORD001944,PROD00098,3,47620.31,37.12
ITEM0005851,ORD001945,PROD00015,2,83791.01,5.18
ITEM0005852,ORD001945,PROD00161,4,14483.22,9.25
ITEM0005853,ORD001945,PROD00181,4,42204.58,13.35
ITEM0005854,ORD001945,PROD00042,-3,71249.05,9.51
ITEM0005855,ORD001946,PROD00162,5,29047.3,25.07
ITEM0005856,ORD001946,PROD00051,4,21097.55,19.63
ITEM0005857,ORD001946,PROD00160,2,42207.45,10.23
ITEM0005858,ORD001947,PROD00183,2,59520.64,37.93
ITEM0005859,ORD001947,PROD00184,1,8592.99,27.41
ITEM0005860,ORD001947,PROD00043,4,21403.92,15.85
ITEM0005861,ORD001947,PROD00155,2,41003.25,10.09
ITEM0005862,ORD001947,PROD00167,3,13663.93,16.27
ITEM0005863,ORD001948,PROD00171,4,72078.94,3.79
ITEM0005864,ORD001948,PROD00135,2,53090.88,20.89
ITEM0005865,ORD001948,PROD00043,2,31420.03,22.42
ITEM0005866,ORD001949,PROD00048,4,1903.52,23.98
ITEM0005867,ORD001950,PROD00122,3,48970.15,5.89
ITEM0005868,ORD001950,PROD00112,2,61985.08,16.66
ITEM0005869,ORD001950,PROD00013,4,37809.16,15.81
ITEM0005870,ORD001951,PROD00104,-3,44805.47,6.41
ITEM0005871,ORD001951,PROD00077,4,63239.5,38.87
ITEM0005872,ORD001951,PROD00064,-2,26609.37,8.72
ITEM0005873,ORD001952,PROD00158,5,20738.34,11.36
ITEM0005874,ORD001952,PROD00181,5,53646.6,19.72
ITEM0005875,ORD001953,PROD00048,3,1903.14,20.4
ITEM0005876,ORD001953,PROD00079,1,29391.98,21.55
ITEM0005877,ORD001953,PROD00198,4,29629.3,38.72
ITEM0005878,ORD001953,PROD00191,5,21574.54,39.01
ITEM0005879,ORD001954,PROD00072,5,7535.44,24.37
ITEM0005880,ORD001954,PROD00183,3,77640.84,33.25
ITEM0005881,ORD001955,PROD00019,5,3802.16,33.88
ITEM0005882,ORD001955,PROD00150,1,20955.42,11.77
ITEM0005883,ORD001955,PROD00080,4,5404.73,39.38
ITEM0005884,ORD001955,PROD00178,5,16683.88,20.13
ITEM0005885,ORD001955,PROD00010,1,30689.31,34.03
ITEM0005886,ORD001956,PROD00118,4,53145.56,25.16
ITEM0005887,ORD001956,PROD00020,5,68838.14,35.7
ITEM0005888,ORD001956,PROD00100,2,3513.75,10.51
ITEM0005889,ORD001957,PROD00033,5,28019.36,30.04
ITEM0005890,ORD001957,PROD00129,4,48386.24,16.81
ITEM0005891,ORD001957,PROD00007,2,39912.93,35.4
ITEM0005892,ORD001958,PROD00170,2,2862.92,1.21
ITEM0005893,ORD001958,PROD00062,2,67650.1,2.89
ITEM0005894,ORD001959,PROD00139,2,43078.78,34.51
ITEM0005895,ORD001959,PROD00152,1,43331.94,39.27
ITEM0005896,ORD001959,PROD00085,5,54304.17,32.49
ITEM0005897,ORD001959,PROD00100,5,4236.3,24.12
ITEM0005898,ORD001960,PROD00036,1,48312.98,33.11
ITEM0005899,ORD001960,PROD00075,1,21506.2,25.71
ITEM0005900,ORD001960,PROD00013,1,44788.63,20.54
ITEM0005901,ORD001961,PROD00081,5,15226.59,39.78
ITEM0005902,ORD001961,PROD00146,2,52315.93,37.88
ITEM0005903,ORD001961,PROD00041,1,37753.99,4.29
ITEM0005904,ORD001961,PROD00165,4,43644.74,26.57
ITEM0005905,ORD001961,PROD00067,5,45013.81,37.61
ITEM0005906,ORD001962,PROD00135,5,52543.9,36.48
ITEM0005907,ORD001962,PROD00024,5,28105.84,3.78
ITEM0005908,ORD001963,PROD00142,5,37165.75,38.65
ITEM0005909,ORD001963,PROD00029,1,19833.33,22.31
ITEM0005910,ORD001963,PROD00196,4,31408.47,25.57
ITEM0005911,ORD001963,PROD00094,3,50066.09,11.31
ITEM0005912,ORD001964,PROD00059,2,64317.12,37.71
ITEM0005913,ORD001964,PROD00014,3,82023.69,32.05
ITEM0005914,ORD001964,PROD00060,1,10533.63,13.16
ITEM0005915,ORD001965,PROD00103,4,62337.87,23.85
ITEM0005916,ORD001965,PROD00144,1,40403.33,20.46
ITEM0005917,ORD001965,PROD00166,4,375.16,30.92
ITEM0005918,ORD001966,PROD00121,2,62462.74,24.91
ITEM0005919,ORD001967,PROD00073,4,5015.08,18.1
ITEM0005920,ORD001968,PROD00185,2,22390.08,36.1
ITEM0005921,ORD001968,PROD00008,1,65803.31,35.91
ITEM0005922,ORD001968,PROD00039,5,28093.19,33.6
ITEM0005923,ORD001968,PROD00117,2,16251.71,11.69
ITEM0005924,ORD001968,PROD00154,4,55503.87,23.28
ITEM0005925,ORD001969,PROD00138,3,43449.37,27.54
ITEM0005926,ORD001969,PROD00069,-2,81506.11,10.95
ITEM0005927,ORD001969,PROD00051,3,19113.05,23.02
ITEM0005928,ORD001969,PROD00142,4,28952.38,34.59
ITEM0005929,ORD001969,PROD00109,4,58283.12,23.12
ITEM0005930,ORD001970,PROD00121,4,46004.3,25.96
ITEM0005931,ORD001970,PROD00165,2,53690.26,31.33
ITEM0005932,ORD001970,PROD00034,4,57392.29,35.8
ITEM0005933,ORD001970,PROD00136,5,10688.29,24.09
ITEM0005934,ORD001970,PROD00021,5,19351.91,20.94
ITEM0005935,ORD001971,PROD00094,4,38927.46,31.61
ITEM0005936,ORD001971,PROD00150,4,17604.46,9.08
ITEM0005937,ORD001971,PROD00105,4,44528.59,25.34
ITEM0005938,ORD001971,PROD00076,5,55468.89,25.23
ITEM0005939,ORD001972,PROD00030,2,71606.86,11.33
ITEM0005940,ORD001972,PROD00023,4,25573.23,4.72
ITEM0005941,ORD001972,PROD00125,4,76259.03,34.65
ITEM0005942,ORD001973,PROD00158,2,27282.58,18.2
ITEM0005943,ORD001973,PROD00107,2,61782.86,32.39
ITEM0005944,ORD001973,PROD00159,2,75894.56,7.98
ITEM0005945,ORD001973,PROD00108,5,38369.85,7.74
ITEM0005946,ORD001974,PROD00129,4,65194.75,24.61
ITEM0005947,ORD001974,PROD00019,4,3799.5,14.82
ITEM0005948,ORD001974,PROD00194,1,51795.49,28.97
ITEM0005949,ORD001974,PROD00033,1,23123.14,24.75
ITEM0005950,ORD001974,PROD00012,2,74180.6,30.71
ITEM0005951,ORD001975,PROD00176,4,38606.83,1.09
ITEM0005952,ORD001975,PROD00092,3,11777.46,17.26
ITEM0005953,ORD001975,PROD00075,4,17908.76,6.63
ITEM0005954,ORD001976,PROD00052,3,70194.57,26.14
ITEM0005955,ORD001976,PROD00013,5,56055.92,13.42
ITEM0005956,ORD001976,PROD00009,2,50470.18,34.63
ITEM0005957,ORD001977,PROD00005,3,76559.5,24.96
ITEM0005958,ORD001978,PROD00166,3,400.52,2.25
ITEM0005959,ORD001978,PROD00116,1,30355.41,11.41
ITEM0005960,ORD001978,PROD00079,4,43240.5,37.2
ITEM0005961,ORD001978,PROD00165,2,36243.86,19.98
ITEM0005962,ORD001979,PROD00186,4,48887.93,1.1
ITEM0005963,ORD001979,PROD00110,5,23606.65,19.56
ITEM0005964,ORD001979,PROD00107,1,57143.66,17.35
ITEM0005965,ORD001980,PROD00038,3,49759.25,13.72
ITEM0005966,ORD001981,PROD00102,5,26289.78,29.72
ITEM0005967,ORD001981,PROD00094,1,45806.11,16.61
ITEM0005968,ORD001982,PROD00176,2,48760.58,6.12
ITEM0005969,ORD001982,PROD00027,1,63417.13,34.55
ITEM0005970,ORD001982,PROD00058,2,12895.39,34.31
ITEM0005971,ORD001982,PROD00109,3,40644.49,22.83
ITEM0005972,ORD001982,PROD00105,2,57643.75,10.41
ITEM0005973,ORD001983,PROD00050,4,53786.69,26.89
ITEM0005974,ORD001983,PROD00076,2,50477.21,17.76
ITEM0005975,ORD001983,PROD00136,-3,11750.23,27.62
ITEM0005976,ORD001983,PROD00141,2,24882.97,11.4
ITEM0005977,ORD001983,PROD00019,4,5376.1,15.06
ITEM0005978,ORD001984,PROD00023,2,40368.59,9.43
ITEM0005979,ORD001984,PROD00154,5,57246.17,4.58
ITEM0005980,ORD001984,PROD00102,5,34325.68,15.38
ITEM0005981,ORD001984,PROD00048,2,1865.67,4.09
ITEM0005982,ORD001985,PROD00129,4,52745.88,26.76
ITEM0005983,ORD001985,PROD00181,3,50834.04,29.18
ITEM0005984,ORD001985,PROD00002,5,18415.42,37.2
ITEM0005985,ORD001986,PROD00155,-2,36300.56,3.5
ITEM0005986,ORD001987,PROD00048,-1,2571.01,1.32
ITEM0005987,ORD001987,PROD00154,3,63492.23,30.87
ITEM0005988,ORD001987,PROD00022,2,45378.68,30.6
ITEM0005989,ORD001987,PROD00063,4,44599.32,16.45
ITEM0005990,ORD001988,PROD00048,5,2144.49,13.41
ITEM0005991,ORD001988,PROD00071,-1,28322.58,20.65
ITEM0005992,ORD001989,PROD00014,5,66252.29,35.21
ITEM0005993,ORD001990,PROD00161,2,15529.62,10.85
ITEM0005994,ORD001990,PROD00183,3,55661.11,29.69
ITEM0005995,ORD001990,PROD00048,1,2650.26,22.95
ITEM0005996,ORD001990,PROD00041,2,37010.12,35.03
ITEM0005997,ORD001990,PROD00047,4,21624.89,11.1
ITEM0005998,ORD001991,PROD00099,2,54332.71,35.21
ITEM0005999,ORD001991,PROD00017,1,24410.15,7.06
ITEM0006000,ORD001991,PROD00142,1,37324.03,6.82
ITEM0006001,ORD001991,PROD00049,1,38904.97,3.08
ITEM0006002,ORD001991,PROD00192,5,42466.44,22.1
ITEM0006003,ORD001992,PROD00116,1,35727.08,36.74
ITEM0006004,ORD001993,PROD00088,3,21060.41,7.85
ITEM0006005,ORD001993,PROD00058,2,19110.02,35.55
ITEM0006006,ORD001994,PROD00119,3,24930.67,14.96
ITEM0006007,ORD001994,PROD00016,4,51508.73,29.11
ITEM0006008,ORD001994,PROD00192,4,46378.97,29.71
ITEM0006009,ORD001995,PROD00154,4,68206.87,38.12
ITEM0006010,ORD001995,PROD00001,1,74098.35,35.54
ITEM0006011,ORD001996,PROD00187,1,51547.24,9.12
ITEM0006012,ORD001997,PROD00047,1,18598.15,3.69
ITEM0006013,ORD001998,PROD00047,3,15708.49,31.43
ITEM0006014,ORD001998,PROD00128,1,47331.04,8.26
ITEM0006015,ORD001998,PROD00014,2,54716.45,31.4
ITEM0006016,ORD001998,PROD00039,1,28079.05,9.05
ITEM0006017,ORD001999,PROD00148,3,67844.47,31.28
ITEM0006018,ORD002000,PROD00024,5,27253.08,9.19
ITEM0006019,ORD002000,PROD00174,2,34065.98,23.52
ITEM0006020,ORD002001,PROD00146,2,63356.88,37.19
ITEM0006021,ORD002001,PROD00139,1,42509.12,34.14
ITEM0006022,ORD002002,PROD00121,1,44064.01,37.54
ITEM0006023,ORD002002,PROD00172,4,468.34,11.27
ITEM0006024,ORD002002,PROD00103,4,57761.81,24.25
ITEM0006025,ORD002002,PROD00130,3,27553.4,9.83
ITEM0006026,ORD002002,PROD00006,5,59302.96,2.63
ITEM0006027,ORD002003,PROD00083,4,69124.86,10.45
ITEM0006028,ORD002003,PROD00079,3,40029.46,4.86
ITEM0006029,ORD002003,PROD00018,3,8769.66,6.82
ITEM0006030,ORD002003,PROD00058,3,14091.18,7.01
ITEM0006031,ORD002003,PROD00032,5,73423.81,31.71
ITEM0006032,ORD002004,PROD00003,5,34531.39,32.63
ITEM0006033,ORD002005,PROD00025,5,17688.44,3.21
ITEM0006034,ORD002005,PROD00001,5,60187.51,26.97
ITEM0006035,ORD002005,PROD00134,1,26178.22,17.94
ITEM0006036,ORD002005,PROD00171,3,56907.03,34.57
ITEM0006037,ORD002006,PROD00085,1,53042.15,31.76
ITEM0006038,ORD002006,PROD00061,3,36212.88,11.01
ITEM0006039,ORD002006,PROD00131,1,45645.51,36.82
ITEM0006040,ORD002006,PROD00195,4,4636.22,38.98
ITEM0006041,ORD002007,PROD00146,2,50112.25,22.39
ITEM0006042,ORD002007,PROD00123,3,76700.22,2.93
ITEM0006043,ORD002007,PROD00066,1,45008.8,0.76
ITEM0006044,ORD002007,PROD00200,3,57527.65,13.65
ITEM0006045,ORD002007,PROD00073,4,5185.35,23.04
ITEM0006046,ORD002008,PROD00062,-3,76132.59,2.61
ITEM0006047,ORD002008,PROD00192,5,30460.12,19.15
ITEM0006048,ORD002009,PROD00133,2,38312.45,16.36
ITEM0006049,ORD002009,PROD00076,4,46598.76,8.72
ITEM0006050,ORD002009,PROD00042,3,74063.34,19.5
ITEM0006051,ORD002010,PROD00177,-3,71451.04,7.71
ITEM0006052,ORD002010,PROD00149,5,50830.94,6.48
ITEM0006053,ORD002011,PROD00054,3,27800.99,39.02
ITEM0006054,ORD002011,PROD00085,2,41173.59,36.13
ITEM0006055,ORD002011,PROD00171,5,60711.18,10.74
ITEM0006056,ORD002012,PROD00063,5,41544.34,14.24
ITEM0006057,ORD002012,PROD00047,4,20203.7,31.68
ITEM0006058,ORD002013,PROD00122,2,74982.47,39.89
ITEM0006059,ORD002013,PROD00124,5,30488.01,27.16
ITEM0006060,ORD002013,PROD00041,1,50094.79,28.97
ITEM0006061,ORD002013,PROD00195,4,4988.01,14.21
ITEM0006062,ORD002014,PROD00154,1,71961.79,37.77
ITEM0006063,ORD002014,PROD00042,5,60972.4,29.65
ITEM0006064,ORD002015,PROD00079,5,36379.12,11.99
ITEM0006065,ORD002015,PROD00001,2,62644.75,15.88
ITEM0006066,ORD002015,PROD00107,5,55397.73,3.92
ITEM0006067,ORD002016,PROD00126,2,69838.7,36.81
ITEM0006068,ORD002016,PROD00045,1,82479.0,38.65
ITEM0006069,ORD002016,PROD00030,3,60406.67,33.04
ITEM0006070,ORD002016,PROD00167,5,11920.29,4.92
ITEM0006071,ORD002016,PROD00049,1,35019.5,17.18
ITEM0006072,ORD002017,PROD00028,4,76220.44,39.04
ITEM0006073,ORD002017,PROD00063,5,44171.3,21.64
ITEM0006074,ORD002017,PROD00197,3,8238.28,3.01
ITEM0006075,ORD002017,PROD00187,1,43350.92,19.76
ITEM0006076,ORD002017,PROD00194,3,37672.18,32.3
ITEM0006077,ORD002018,PROD00136,2,10103.51,39.32
ITEM0006078,ORD002018,PROD00078,4,32297.94,36.45
ITEM0006079,ORD002018,PROD00151,2,2599.32,33.02
ITEM0006080,ORD002018,PROD00118,1,61370.92,35.07
ITEM0006081,ORD002018,PROD00076,2,67327.61,29.1
ITEM0006082,ORD002019,PROD00128,2,76635.45,4.22
ITEM0006083,ORD002020,PROD00045,-3,65587.65,0.81
ITEM0006084,ORD002020,PROD00137,5,36044.86,36.02
ITEM0006085,ORD002020,PROD00147,3,36843.72,34.69
ITEM0006086,ORD002020,PROD00018,1,10790.77,15.08
ITEM0006087,ORD002020,PROD00064,2,18216.87,10.22
ITEM0006088,ORD002021,PROD00190,3,37752.75,31.64
ITEM0006089,ORD002021,PROD00182,3,17075.48,6.22
ITEM0006090,ORD002021,PROD00116,4,41061.76,38.64
ITEM0006091,ORD002021,PROD00104,2,51006.36,37.49
ITEM0006092,ORD002021,PROD00132,1,8107.17,3.96
ITEM0006093,ORD002022,PROD00039,2,34682.87,33.25
ITEM0006094,ORD002022,PROD00061,2,45332.23,32.3
ITEM0006095,ORD002022,PROD00073,5,5184.04,30.08
ITEM0006096,ORD002022,PROD00167,2,12866.97,5.37
ITEM0006097,ORD002023,PROD00170,3,2316.35,15.46
ITEM0006098,ORD002023,PROD00185,4,19778.47,18.02
ITEM0006099,ORD002023,PROD00129,3,71655.34,9.43
ITEM0006100,ORD002023,PROD00027,2,70083.74,18.24
ITEM0006101,ORD002024,PROD00021,2,23267.78,14.06
ITEM0006102,ORD002024,PROD00066,2,33439.54,27.24
ITEM0006103,ORD002024,PROD00061,3,41729.66,36.97
ITEM0006104,ORD002025,PROD00010,5,30138.5,37.99
ITEM0006105,ORD002025,PROD00015,2,66450.0,24.26
ITEM0006106,ORD002025,PROD00157,1,15271.17,11.9
ITEM0006107,ORD002025,PROD00125,3,70143.14,36.74
ITEM0006108,ORD002026,PROD00015,5,87444.06,32.12
ITEM0006109,ORD002027,PROD00112,5,53116.42,26.81
ITEM0006110,ORD002027,PROD00002,3,21657.71,29.77
ITEM0006111,ORD002027,PROD00142,4,41403.8,14.42
ITEM0006112,ORD002028,PROD00196,1,40942.81,30.19
ITEM0006113,ORD002028,PROD00018,2,10337.31,35.29
ITEM0006114,ORD002028,PROD00042,-1,59608.69,19.31
ITEM0006115,ORD002028,PROD00063,3,40413.97,3.93
ITEM0006116,ORD002029,PROD00118,2,39208.75,12.02
ITEM0006117,ORD002030,PROD00045,2,64707.47,34.59
ITEM0006118,ORD002030,PROD00048,5,2317.25,14.38
ITEM0006119,ORD002030,PROD00007,5,32786.4,11.55
ITEM0006120,ORD002031,PROD00115,4,55381.21,19.72
ITEM0006121,ORD002031,PROD00039,4,34542.71,20.05
ITEM0006122,ORD002032,PROD00066,5,38045.48,29.76
ITEM0006123,ORD002032,PROD00148,3,69655.44,6.52
ITEM0006124,ORD002032,PROD00128,2,70940.76,12.94
ITEM0006125,ORD002032,PROD00132,5,8406.84,12.6
ITEM0006126,ORD002033,PROD00075,1,17364.36,21.9
ITEM0006127,ORD002034,PROD00074,-3,64594.85,22.34
ITEM0006128,ORD002034,PROD00061,1,41071.49,10.53
ITEM0006129,ORD002035,PROD00077,2,49630.47,32.33
ITEM0006130,ORD002036,PROD00146,4,64860.77,9.93
ITEM0006131,ORD002037,PROD00085,1,43463.09,14.22
ITEM0006132,ORD002037,PROD00180,-3,32498.89,17.12
ITEM0006133,ORD002037,PROD00125,5,59466.61,10.86
ITEM0006134,ORD002037,PROD00147,-2,44775.12,26.41
ITEM0006135,ORD002038,PROD00155,4,26709.42,34.66
ITEM0006136,ORD002038,PROD00100,4,5053.58,35.46
ITEM0006137,ORD002039,PROD00142,1,31546.22,32.96
ITEM0006138,ORD002039,PROD00091,3,56304.47,7.29
ITEM0006139,ORD002039,PROD00102,3,36851.32,27.06
ITEM0006140,ORD002039,PROD00141,3,23120.16,36.75
ITEM0006141,ORD002039,PROD00061,2,45255.62,17.11
ITEM0006142,ORD002040,PROD00098,1,42111.04,4.1
ITEM0006143,ORD002040,PROD00140,-2,39856.93,22.82
ITEM0006144,ORD002041,PROD00161,3,13458.87,15.78
ITEM0006145,ORD002042,PROD00079,1,36860.52,16.43
ITEM0006146,ORD002042,PROD00163,2,22650.17,4.97
ITEM0006147,ORD002043,PROD00014,2,83314.25,23.0
ITEM0006148,ORD002043,PROD00096,3,3597.38,7.68
ITEM0006149,ORD002043,PROD00191,2,22182.06,24.02
ITEM0006150,ORD002043,PROD00083,2,51729.09,6.22
ITEM0006151,ORD002044,PROD00184,1,6949.33,38.57
ITEM0006152,ORD002045,PROD00056,4,58511.91,29.07
ITEM0006153,ORD002046,PROD00007,5,34817.61,32.87
ITEM0006154,ORD002046,PROD00009,5,46924.19,22.08
ITEM0006155,ORD002046,PROD00115,1,69792.14,16.65
ITEM0006156,ORD002046,PROD00190,4,44408.65,20.28
ITEM0006157,ORD002046,PROD00128,2,74799.46,17.34
ITEM0006158,ORD002047,PROD00153,2,58145.66,2.64
ITEM0006159,ORD002048,PROD00126,5,70363.24,4.32
ITEM0006160,ORD002048,PROD00036,1,57294.51,7.97
ITEM0006161,ORD002049,PROD00059,3,65867.05,9.81
ITEM0006162,ORD002049,PROD00072,2,8020.91,32.63
ITEM0006163,ORD002049,PROD00097,2,74768.84,28.87
ITEM0006164,ORD002049,PROD00160,-2,47904.78,26.65
ITEM0006165,ORD002049,PROD00133,3,44606.45,6.11
ITEM0006166,ORD002050,PROD00010,2,30786.92,0.44
ITEM0006167,ORD002051,PROD00035,1,14391.83,20.3
ITEM0006168,ORD002051,PROD00098,3,47207.13,1.97
ITEM0006169,ORD002051,PROD00169,5,25066.32,28.16
ITEM0006170,ORD002051,PROD00138,4,45124.35,3.67
ITEM0006171,ORD002051,PROD00103,4,42784.86,12.23
ITEM0006172,ORD002052,PROD00127,-2,5198.42,27.96
ITEM0006173,ORD002052,PROD00123,5,54958.08,25.27
ITEM0006174,ORD002052,PROD00196,4,39499.39,24.72
ITEM0006175,ORD002052,PROD00181,3,50779.2,19.06
ITEM0006176,ORD002053,PROD00152,4,47732.17,8.59
ITEM0006177,ORD002053,PROD00092,5,18293.1,0.27
ITEM0006178,ORD002053,PROD00104,4,48949.38,14.32
ITEM0006179,ORD002053,PROD00069,2,81889.4,19.87
ITEM0006180,ORD002053,PROD00036,2,71777.23,21.87
ITEM0006181,ORD002054,PROD00019,1,5604.05,6.74
ITEM0006182,ORD002054,PROD00159,1,70782.68,17.97
ITEM0006183,ORD002054,PROD00016,1,63227.82,15.91
ITEM0006184,ORD002054,PROD00007,3,35913.81,14.82
ITEM0006185,ORD002054,PROD00195,5,5500.69,11.93
ITEM0006186,ORD002055,PROD00034,3,66566.37,6.99
ITEM0006187,ORD002056,PROD00189,2,6897.79,28.39
ITEM0006188,ORD002056,PROD00045,3,88445.95,18.91
ITEM0006189,ORD002056,PROD00125,1,56726.4,19.2
ITEM0006190,ORD002056,PROD00065,4,70492.83,11.78
ITEM0006191,ORD002057,PROD00172,1,471.81,15.35
ITEM0006192,ORD002057,PROD00129,5,69224.51,5.08
ITEM0006193,ORD002057,PROD00161,3,11383.1,14.02
ITEM0006194,ORD002057,PROD00192,3,30258.59,18.62
ITEM0006195,ORD002057,PROD00146,2,53300.22,1.84
ITEM0006196,ORD002058,PROD00123,2,84629.69,21.87
ITEM0006197,ORD002058,PROD00012,4,47943.24,24.6
ITEM0006198,ORD002058,PROD00057,2,31806.62,36.38
ITEM0006199,ORD002058,PROD00132,4,10774.12,32.24
ITEM0006200,ORD002058,PROD00042,3,63429.82,22.77
ITEM0006201,ORD002059,PROD00146,1,49518.82,31.11
ITEM0006202,ORD002059,PROD00032,2,66602.13,39.15
ITEM0006203,ORD002059,PROD00064,1,21798.86,30.22
ITEM0006204,ORD002060,PROD00139,4,53741.17,29.13
ITEM0006205,ORD002060,PROD00137,4,36395.33,26.29
ITEM0006206,ORD002060,PROD00019,2,3861.36,37.55
ITEM0006207,ORD002061,PROD00019,5,4266.76,6.6
ITEM0006208,ORD002062,PROD00185,3,17200.35,0.77
ITEM0006209,ORD002062,PROD00068,4,51067.23,4.11
ITEM0006210,ORD002062,PROD00148,1,72074.5,26.15
ITEM0006211,ORD002063,PROD00072,4,6521.52,20.44
ITEM0006212,ORD002063,PROD00121,3,48690.01,8.91
ITEM0006213,ORD002064,PROD00113,3,50906.81,30.34
ITEM0006214,ORD002064,PROD00071,1,28748.92,17.66
ITEM0006215,ORD002064,PROD00182,2,14195.85,16.26
ITEM0006216,ORD002065,PROD00130,5,26611.61,33.37
ITEM0006217,ORD002065,PROD00117,1,19304.2,37.27
ITEM0006218,ORD002065,PROD00101,3,35808.51,26.91
ITEM0006219,ORD002066,PROD00113,5,38894.43,6.17
ITEM0006220,ORD002067,PROD00112,4,66784.54,12.16
ITEM0006221,ORD002067,PROD00014,2,84352.22,6.94
ITEM0006222,ORD002068,PROD00156,3,11454.37,3.95
ITEM0006223,ORD002068,PROD00177,3,57585.59,11.28
ITEM0006224,ORD002069,PROD00026,-2,44210.66,0.42
ITEM0006225,ORD002069,PROD00141,2,27619.26,32.32
ITEM0006226,ORD002069,PROD00170,-3,3020.87,30.77
ITEM0006227,ORD002070,PROD00200,4,54206.39,15.92
ITEM0006228,ORD002071,PROD00179,1,61941.78,24.62
ITEM0006229,ORD002072,PROD00139,1,40774.12,4.21
ITEM0006230,ORD002072,PROD00152,1,63666.99,26.54
ITEM0006231,ORD002072,PROD00110,5,32258.84,13.34
ITEM0006232,ORD002072,PROD00085,5,57299.52,4.82
ITEM0006233,ORD002072,PROD00190,1,42578.9,12.82
ITEM0006234,ORD002073,PROD00013,4,47526.01,33.21
ITEM0006235,ORD002073,PROD00173,1,27860.82,22.02
ITEM0006236,ORD002073,PROD00148,-3,72068.6,33.18
ITEM0006237,ORD002073,PROD00135,5,46750.95,24.48
ITEM0006238,ORD002074,PROD00017,3,32955.84,11.54
ITEM0006239,ORD002075,PROD00171,1,61531.05,31.41
ITEM0006240,ORD002076,PROD00088,1,20413.88,31.34
ITEM0006241,ORD002076,PROD00023,5,32514.52,10.87
ITEM0006242,ORD002076,PROD00028,5,79523.95,4.67
ITEM0006243,ORD002076,PROD00140,4,51930.07,18.11
ITEM0006244,ORD002076,PROD00142,1,37118.96,15.23
ITEM0006245,ORD002077,PROD00075,2,21768.34,11.49
ITEM0006246,ORD002077,PROD00007,4,34157.24,24.52
ITEM0006247,ORD002077,PROD00036,4,64054.55,13.76
ITEM0006248,ORD002078,PROD00057,5,41119.72,18.56
ITEM0006249,ORD002079,PROD00028,3,65049.21,25.03
ITEM0006250,ORD002080,PROD00188,1,8485.45,20.77
ITEM0006251,ORD002080,PROD00070,5,59000.2,38.24
ITEM0006252,ORD002081,PROD00052,3,79172.79,15.7
ITEM0006253,ORD002082,PROD00071,-2,27357.4,35.07
ITEM0006254,ORD002083,PROD00037,5,38091.14,28.44
ITEM0006255,ORD002083,PROD00145,4,29393.89,34.29
ITEM0006256,ORD002083,PROD00042,5,75034.98,7.97
ITEM0006257,ORD002083,PROD00039,2,30108.9,5.43
ITEM0006258,ORD002084,PROD00111,3,81601.5,35.22
ITEM0006259,ORD002085,PROD00094,4,41348.24,0.66
ITEM0006260,ORD002086,PROD00083,3,80306.95,33.04
ITEM0006261,ORD002086,PROD00171,5,73054.55,20.66
ITEM0006262,ORD002086,PROD00062,-2,64248.55,5.55
ITEM0006263,ORD002086,PROD00121,1,67444.64,36.93
ITEM0006264,ORD002087,PROD00072,4,7633.84,23.35
ITEM0006265,ORD002088,PROD00115,1,76463.79,37.48
ITEM0006266,ORD002088,PROD00185,2,18004.6,24.63
ITEM0006267,ORD002089,PROD00010,4,32911.31,6.66
ITEM0006268,ORD002090,PROD00138,5,44824.49,31.86
ITEM0006269,ORD002090,PROD00143,-3,9156.14,17.61
ITEM0006270,ORD002090,PROD00182,1,16995.81,6.73
ITEM0006271,ORD002090,PROD00044,2,71353.07,11.35
ITEM0006272,ORD002090,PROD00055,2,53794.51,8.69
ITEM0006273,ORD002091,PROD00025,4,19056.18,34.14
ITEM0006274,ORD002091,PROD00006,1,58515.84,39.96
ITEM0006275,ORD002092,PROD00199,4,5405.63,23.57
ITEM0006276,ORD002092,PROD00171,5,75740.92,37.76
ITEM0006277,ORD002092,PROD00188,3,8553.16,36.59
ITEM0006278,ORD002093,PROD00078,5,29437.56,35.25
ITEM0006279,ORD002094,PROD00192,-3,32734.28,19.76
ITEM0006280,ORD002094,PROD00079,5,35588.77,28.39
ITEM0006281,ORD002094,PROD00089,5,32146.61,38.4
ITEM0006282,ORD002095,PROD00130,3,31830.94,17.57
ITEM0006283,ORD002095,PROD00142,2,28522.12,6.84
ITEM0006284,ORD002095,PROD00175,3,18209.41,13.39
ITEM0006285,ORD002096,PROD00105,4,49434.2,15.47
ITEM0006286,ORD002096,PROD00072,5,7844.13,32.04
ITEM0006287,ORD002096,PROD00119,4,23378.59,3.39
ITEM0006288,ORD002097,PROD00070,-1,54108.72,1.51
ITEM0006289,ORD002097,PROD00089,3,43844.08,39.66
ITEM0006290,ORD002098,PROD00027,2,69324.48,0.92
ITEM0006291,ORD002098,PROD00026,4,52438.28,36.51
ITEM0006292,ORD002098,PROD00177,2,57969.49,22.44
ITEM0006293,ORD002098,PROD00105,1,45821.55,15.19
ITEM0006294,ORD002098,PROD00014,3,56405.01,1.39
ITEM0006295,ORD002099,PROD00034,3,50603.37,13.76
ITEM0006296,ORD002099,PROD00072,5,8426.51,11.42
ITEM0006297,ORD002099,PROD00066,4,45635.06,28.32
ITEM0006298,ORD002099,PROD00055,3,57983.44,30.37
ITEM0006299,ORD002099,PROD00047,2,22603.22,27.0
ITEM0006300,ORD002100,PROD00135,5,49765.09,17.36
ITEM0006301,ORD002101,PROD00080,2,4201.75,17.72
ITEM0006302,ORD002102,PROD00188,5,8009.19,17.45
ITEM0006303,ORD002102,PROD00091,3,49717.71,34.12
ITEM0006304,ORD002102,PROD00122,2,75831.13,3.97
ITEM0006305,ORD002103,PROD00119,1,28364.16,38.63
ITEM0006306,ORD002104,PROD00080,-1,4662.78,32.5
ITEM0006307,ORD002104,PROD00153,3,41059.71,4.58
ITEM0006308,ORD002104,PROD00034,3,55059.42,19.58
ITEM0006309,ORD002104,PROD00152,3,55895.83,22.76
ITEM0006310,ORD002105,PROD00033,1,28020.45,35.34
ITEM0006311,ORD002105,PROD00081,1,17018.4,20.04
ITEM0006312,ORD002106,PROD00093,3,9679.48,35.86
ITEM0006313,ORD002106,PROD00042,3,61821.84,16.33
ITEM0006314,ORD002106,PROD00068,5,49505.18,32.55
ITEM0006315,ORD002106,PROD00031,1,27732.08,36.82
ITEM0006316,ORD002106,PROD00069,2,63941.35,37.95
ITEM0006317,ORD002107,PROD00163,5,22208.15,18.7
ITEM0006318,ORD002107,PROD00149,4,45966.58,11.21
ITEM0006319,ORD002107,PROD00157,4,15336.8,37.42
ITEM0006320,ORD002108,PROD00148,5,47051.01,36.68
ITEM0006321,ORD002108,PROD00183,3,86372.89,8.5
ITEM0006322,ORD002108,PROD00024,2,21807.69,16.93
ITEM0006323,ORD002109,PROD00191,3,28826.67,11.48
ITEM0006324,ORD002109,PROD00091,1,41127.6,3.8
ITEM0006325,ORD002109,PROD00052,-3,71716.64,12.62
ITEM0006326,ORD002110,PROD00011,5,25378.84,14.63
ITEM0006327,ORD002110,PROD00014,4,74074.39,12.91
ITEM0006328,ORD002110,PROD00086,5,8938.33,19.25
ITEM0006329,ORD002110,PROD00129,5,62159.83,30.07
ITEM0006330,ORD002110,PROD00026,4,61573.07,8.67
ITEM0006331,ORD002111,PROD00024,3,20227.97,36.07
ITEM0006332,ORD002111,PROD00005,2,85840.33,10.9
ITEM0006333,ORD002111,PROD00139,1,40395.89,17.19
ITEM0006334,ORD002112,PROD00010,3,33468.83,29.12
ITEM0006335,ORD002112,PROD00033,1,31453.15,22.44
ITEM0006336,ORD002112,PROD00186,1,55536.66,39.62
ITEM0006337,ORD002113,PROD00038,1,49005.65,36.42
ITEM0006338,ORD002114,PROD00148,2,69804.2,2.8
ITEM0006339,ORD002114,PROD00158,1,23341.75,13.52
ITEM0006340,ORD002114,PROD00190,2,41628.57,1.84
ITEM0006341,ORD002115,PROD00023,-1,33429.5,26.82
ITEM0006342,ORD002115,PROD00028,3,60081.77,7.99
ITEM0006343,ORD002115,PROD00166,3,431.49,33.06
ITEM0006344,ORD002115,PROD00121,1,56728.8,6.24
ITEM0006345,ORD002115,PROD00197,4,6790.3,12.46
ITEM0006346,ORD002116,PROD00031,2,31621.11,4.73
ITEM0006347,ORD002116,PROD00017,1,22819.21,15.0
ITEM0006348,ORD002116,PROD00026,3,46181.71,34.59
ITEM0006349,ORD002116,PROD00076,5,59814.07,37.08
ITEM0006350,ORD002116,PROD00105,2,59285.48,6.07
ITEM0006351,ORD002117,PROD00200,2,43733.45,10.21
ITEM0006352,ORD002117,PROD00020,4,67586.09,5.13
ITEM0006353,ORD002118,PROD00029,2,22739.37,38.17
ITEM0006354,ORD002118,PROD00052,4,54124.54,33.58
ITEM0006355,ORD002118,PROD00178,1,15079.31,0.37
ITEM0006356,ORD002118,PROD00097,5,54123.83,22.32
ITEM0006357,ORD002118,PROD00046,4,33042.69,24.76
ITEM0006358,ORD002119,PROD00016,2,78101.65,7.55
ITEM0006359,ORD002119,PROD00008,2,69330.4,36.34
ITEM0006360,ORD002119,PROD00123,4,65524.6,20.06
ITEM0006361,ORD002119,PROD00076,4,61587.49,15.46
ITEM0006362,ORD002120,PROD00037,5,32300.12,29.84
ITEM0006363,ORD002120,PROD00087,4,32238.91,7.95
ITEM0006364,ORD002120,PROD00084,3,50293.08,19.46
ITEM0006365,ORD002120,PROD00067,-2,32531.02,32.48
ITEM0006366,ORD002120,PROD00131,5,47095.31,34.63
ITEM0006367,ORD002121,PROD00065,2,65845.68,16.15
ITEM0006368,ORD002121,PROD00175,2,24409.87,29.62
ITEM0006369,ORD002121,PROD00173,5,23808.59,8.17
ITEM0006370,ORD002121,PROD00136,3,10824.7,0.92
ITEM0006371,ORD002121,PROD00081,2,15210.83,7.87
ITEM0006372,ORD002122,PROD00156,2,13843.66,6.45
ITEM0006373,ORD002122,PROD00191,2,26190.05,29.81
ITEM0006374,ORD002122,PROD00049,5,40675.12,4.82
ITEM0006375,ORD002123,PROD00107,4,54831.92,2.15
ITEM0006376,ORD002123,PROD00095,4,24144.43,18.41
ITEM0006377,ORD002123,PROD00191,4,23283.85,3.15
ITEM0006378,ORD002124,PROD00087,2,42528.01,23.56
ITEM0006379,ORD002124,PROD00128,3,74546.36,9.27
ITEM0006380,ORD002125,PROD00199,3,6053.89,23.68
ITEM0006381,ORD002125,PROD00012,2,65784.27,32.65
ITEM0006382,ORD002125,PROD00104,4,44789.78,28.0
ITEM0006383,ORD002126,PROD00051,1,20363.48,23.41
ITEM0006384,ORD002126,PROD00139,5,51237.29,18.83
ITEM0006385,ORD002126,PROD00181,3,54159.57,16.79
ITEM0006386,ORD002126,PROD00038,1,61694.66,26.55
ITEM0006387,ORD002127,PROD00106,5,67878.3,35.08
ITEM0006388,ORD002127,PROD00130,1,38291.48,7.06
ITEM0006389,ORD002127,PROD00099,3,53587.79,36.38
ITEM0006390,ORD002127,PROD00093,2,8340.95,5.0
ITEM0006391,ORD002127,PROD00150,3,19868.08,38.07
ITEM0006392,ORD002128,PROD00160,3,34405.76,28.94
ITEM0006393,ORD002129,PROD00077,5,42796.79,21.7
ITEM0006394,ORD002129,PROD00080,3,4270.61,30.94
ITEM0006395,ORD002129,PROD00174,4,48502.42,0.08
ITEM0006396,ORD002129,PROD00115,2,51133.08,23.66
ITEM0006397,ORD002130,PROD00029,5,17916.69,26.5
ITEM0006398,ORD002130,PROD00121,3,69107.33,6.82
ITEM0006399,ORD002130,PROD00167,1,13173.58,20.28
ITEM0006400,ORD002130,PROD00037,-2,30685.77,37.41
ITEM0006401,ORD002131,PROD00139,1,39300.21,25.44
ITEM0006402,ORD002131,PROD00156,4,15993.79,30.07
ITEM0006403,ORD002132,PROD00114,2,38718.59,4.97
ITEM0006404,ORD002132,PROD00096,4,2597.45,18.35
ITEM0006405,ORD002132,PROD00109,2,62009.14,30.55
ITEM0006406,ORD002133,PROD00093,5,7210.53,29.31
ITEM0006407,ORD002133,PROD00006,2,69074.7,39.36
ITEM0006408,ORD002134,PROD00031,4,41462.02,24.77
ITEM0006409,ORD002134,PROD00200,5,54965.32,39.83
ITEM0006410,ORD002134,PROD00062,4,66456.29,28.09
ITEM0006411,ORD002134,PROD00198,3,20278.16,14.49
ITEM0006412,ORD002134,PROD00158,2,21008.39,30.62
ITEM0006413,ORD002135,PROD00017,3,30700.42,14.32
ITEM0006414,ORD002135,PROD00146,5,52098.31,17.56
ITEM0006415,ORD002135,PROD00171,2,60469.63,23.41
ITEM0006416,ORD002135,PROD00160,3,43603.0,12.79
ITEM0006417,ORD002135,PROD00132,3,7507.59,33.66
ITEM0006418,ORD002136,PROD00076,4,69033.78,33.61
ITEM0006419,ORD002136,PROD00187,5,39041.6,24.02
ITEM0006420,ORD002136,PROD00129,5,60470.05,9.53
ITEM0006421,ORD002137,PROD00174,4,47821.51,5.84
ITEM0006422,ORD002137,PROD00176,1,42050.36,24.34
ITEM0006423,ORD002137,PROD00061,3,52177.05,14.24
ITEM0006424,ORD002138,PROD00111,1,63070.36,16.56
ITEM0006425,ORD002138,PROD00049,3,37429.45,25.41
ITEM0006426,ORD002138,PROD00034,3,76028.66,29.56
ITEM0006427,ORD002138,PROD00153,3,56209.76,2.04
ITEM0006428,ORD002139,PROD00055,2,62019.3,20.66
ITEM0006429,ORD002140,PROD00033,5,28496.18,4.66
ITEM0006430,ORD002141,PROD00086,1,7584.86,22.07
ITEM0006431,ORD002141,PROD00129,3,53740.31,20.27
ITEM0006432,ORD002141,PROD00067,4,47585.02,17.84
ITEM0006433,ORD002141,PROD00006,4,44138.76,9.84
ITEM0006434,ORD002142,PROD00024,5,31635.25,22.28
ITEM0006435,ORD002142,PROD00001,4,48019.55,9.42
ITEM0006436,ORD002142,PROD00196,1,34617.35,10.77
ITEM0006437,ORD002143,PROD00114,1,39422.85,37.94
ITEM0006438,ORD002143,PROD00067,1,48989.23,27.69
ITEM0006439,ORD002143,PROD00087,1,42959.95,27.22
ITEM0006440,ORD002143,PROD00004,3,4850.17,4.26
ITEM0006441,ORD002143,PROD00006,3,59525.44,7.3
ITEM0006442,ORD002144,PROD00162,5,34497.63,29.09
ITEM0006443,ORD002144,PROD00008,3,58349.33,4.58
ITEM0006444,ORD002144,PROD00036,5,75521.81,35.77
ITEM0006445,ORD002145,PROD00090,5,385.16,27.49
ITEM0006446,ORD002145,PROD00049,3,39300.73,5.88
ITEM0006447,ORD002145,PROD00029,2,19276.0,31.69
ITEM0006448,ORD002145,PROD00020,5,63641.88,1.17
ITEM0006449,ORD002145,PROD00197,4,8379.24,36.17
ITEM0006450,ORD002146,PROD00125,4,50635.36,34.97
ITEM0006451,ORD002146,PROD00197,4,8300.65,17.12
ITEM0006452,ORD002147,PROD00184,1,7925.55,3.52
ITEM0006453,ORD002147,PROD00016,5,74222.22,0.88
ITEM0006454,ORD002147,PROD00183,1,77665.11,29.01
ITEM0006455,ORD002148,PROD00117,3,17186.28,20.65
ITEM0006456,ORD002149,PROD00194,2,57088.66,17.33
ITEM0006457,ORD002149,PROD00050,3,58900.32,11.61
ITEM0006458,ORD002149,PROD00083,1,57210.44,10.42
ITEM0006459,ORD002149,PROD00058,5,18473.16,4.16
ITEM0006460,ORD002149,PROD00026,5,51378.54,34.92
ITEM0006461,ORD002150,PROD00095,2,26621.72,21.47
ITEM0006462,ORD002150,PROD00139,5,44943.64,20.02
ITEM0006463,ORD002150,PROD00179,1,58257.48,16.37
ITEM0006464,ORD002150,PROD00057,5,31646.39,30.22
ITEM0006465,ORD002151,PROD00162,1,31768.24,19.67
ITEM0006466,ORD002151,PROD00071,4,21272.54,4.15
ITEM0006467,ORD002151,PROD00113,2,43015.35,10.12
ITEM0006468,ORD002151,PROD00014,5,62847.89,8.71
ITEM0006469,ORD002151,PROD00156,5,12155.78,18.18
ITEM0006470,ORD002152,PROD00068,2,57415.93,9.35
ITEM0006471,ORD002152,PROD00065,4,56691.54,39.85
ITEM0006472,ORD002152,PROD00153,4,56388.67,36.83
ITEM0006473,ORD002152,PROD00167,2,12679.15,0.52
ITEM0006474,ORD002152,PROD00185,1,18500.0,17.78
ITEM0006475,ORD002153,PROD00018,5,7899.15,25.92
ITEM0006476,ORD002153,PROD00009,5,33729.01,4.43
ITEM0006477,ORD002153,PROD00131,1,59979.04,25.74
ITEM0006478,ORD002153,PROD00019,3,4101.91,34.29
ITEM0006479,ORD002153,PROD00140,2,40944.91,18.8
ITEM0006480,ORD002154,PROD00178,3,10957.31,35.24
ITEM0006481,ORD002155,PROD00146,2,59522.68,35.94
ITEM0006482,ORD002156,PROD00164,3,71768.53,6.9
ITEM0006483,ORD002156,PROD00034,1,77766.3,0.28
ITEM0006484,ORD002156,PROD00019,5,5209.89,26.11
ITEM0006485,ORD002156,PROD00105,4,49584.6,31.49
ITEM0006486,ORD002156,PROD00088,4,25810.68,6.62
ITEM0006487,ORD002157,PROD00130,4,37799.95,38.58
ITEM0006488,ORD002157,PROD00095,1,31427.49,11.16
ITEM0006489,ORD002158,PROD00091,1,50241.35,28.84
ITEM0006490,ORD002158,PROD00074,2,63069.19,34.47
ITEM0006491,ORD002159,PROD00152,5,57314.68,9.47
ITEM0006492,ORD002160,PROD00116,-1,40697.31,12.76
ITEM0006493,ORD002160,PROD00064,4,28972.03,12.74
ITEM0006494,ORD002160,PROD00023,2,28074.24,37.57
ITEM0006495,ORD002160,PROD00025,3,20879.0,25.03
ITEM0006496,ORD002161,PROD00071,4,27318.95,18.92
ITEM0006497,ORD002161,PROD00011,4,33736.35,32.5
ITEM0006498,ORD002161,PROD00171,5,65823.24,3.26
ITEM0006499,ORD002161,PROD00006,5,46481.98,30.26
ITEM0006500,ORD002161,PROD00127,1,4749.19,34.21
ITEM0006501,ORD002162,PROD00083,5,78351.85,35.68
ITEM0006502,ORD002163,PROD00169,2,29234.02,27.69
ITEM0006503,ORD002163,PROD00163,4,26061.18,39.92
ITEM0006504,ORD002163,PROD00176,2,35582.38,14.93
ITEM0006505,ORD002163,PROD00119,4,22756.75,35.98
ITEM0006506,ORD002163,PROD00198,1,22109.18,25.37
ITEM0006507,ORD002164,PROD00193,2,351.37,14.43
ITEM0006508,ORD002164,PROD00127,2,3985.4,34.1
ITEM0006509,ORD002165,PROD00047,5,20955.52,27.53
ITEM0006510,ORD002165,PROD00155,3,28743.89,22.55
ITEM0006511,ORD002165,PROD00099,3,49285.71,21.69
ITEM0006512,ORD002165,PROD00173,3,22527.02,32.96
ITEM0006513,ORD002166,PROD00130,5,34907.95,34.94
ITEM0006514,ORD002166,PROD00135,1,52966.84,26.85
ITEM0006515,ORD002166,PROD00148,2,49451.21,1.26
ITEM0006516,ORD002166,PROD00085,2,38162.56,24.2
ITEM0006517,ORD002167,PROD00077,3,51003.46,34.8
ITEM0006518,ORD002167,PROD00177,3,65628.84,6.73
ITEM0006519,ORD002168,PROD00199,3,8702.39,3.86
ITEM0006520,ORD002169,PROD00024,4,29441.46,11.51
ITEM0006521,ORD002169,PROD00109,1,41374.07,8.83
ITEM0006522,ORD002170,PROD00151,2,2200.89,29.94
ITEM0006523,ORD002170,PROD00005,4,53196.71,34.89
ITEM0006524,ORD002170,PROD00066,1,44622.36,21.41
ITEM0006525,ORD002170,PROD00113,5,49579.82,30.11
ITEM0006526,ORD002171,PROD00171,5,64750.71,17.56
ITEM0006527,ORD002171,PROD00149,2,60155.63,19.09
ITEM0006528,ORD002171,PROD00025,5,23427.84,17.79
ITEM0006529,ORD002171,PROD00161,2,13392.1,23.94
ITEM0006530,ORD002171,PROD00128,4,74578.09,9.03
ITEM0006531,ORD002172,PROD00081,3,21010.73,1.79
ITEM0006532,ORD002172,PROD00134,5,23272.26,10.84
ITEM0006533,ORD002172,PROD00179,3,57592.97,14.01
ITEM0006534,ORD002172,PROD00112,4,64579.93,23.38
ITEM0006535,ORD002172,PROD00016,2,64905.65,28.78
ITEM0006536,ORD002173,PROD00037,5,32189.52,2.41
ITEM0006537,ORD002173,PROD00104,5,50782.52,27.95
ITEM0006538,ORD002173,PROD00024,4,21542.29,1.08
ITEM0006539,ORD002174,PROD00198,5,28134.79,12.6
ITEM0006540,ORD002175,PROD00119,3,24758.56,28.04
ITEM0006541,ORD002175,PROD00021,2,17465.01,35.25
ITEM0006542,ORD002175,PROD00064,1,21261.22,38.73
ITEM0006543,ORD002176,PROD00099,4,60520.04,26.73
ITEM0006544,ORD002176,PROD00037,5,39375.43,9.58
ITEM0006545,ORD002177,PROD00143,4,6328.18,11.29
ITEM0006546,ORD002177,PROD00021,4,18654.52,1.11
ITEM0006547,ORD002177,PROD00138,4,45722.81,36.46
ITEM0006548,ORD002178,PROD00147,5,44051.62,31.72
ITEM0006549,ORD002179,PROD00136,2,12358.02,21.68
ITEM0006550,ORD002180,PROD00050,3,65729.56,26.8
ITEM0006551,ORD002180,PROD00110,5,28610.78,14.52
ITEM0006552,ORD002180,PROD00099,2,67521.06,12.03
ITEM0006553,ORD002181,PROD00099,3,46327.54,6.64
ITEM0006554,ORD002181,PROD00166,4,574.03,38.57
ITEM0006555,ORD002182,PROD00155,2,27053.72,3.23
ITEM0006556,ORD002182,PROD00174,5,37376.63,32.2
ITEM0006557,ORD002182,PROD00021,2,15202.09,27.31
ITEM0006558,ORD002182,PROD00034,2,71339.14,32.67
ITEM0006559,ORD002182,PROD00080,5,5329.85,31.3
ITEM0006560,ORD002183,PROD00119,4,22586.72,38.0
ITEM0006561,ORD002183,PROD00059,3,71168.5,0.87
ITEM0006562,ORD002183,PROD00120,3,62579.57,1.26
ITEM0006563,ORD002184,PROD00198,3,29298.82,7.72
ITEM0006564,ORD002184,PROD00087,5,36331.6,3.18
ITEM0006565,ORD002185,PROD00006,3,62396.89,14.44
ITEM0006566,ORD002185,PROD00152,2,59827.53,12.95
ITEM0006567,ORD002186,PROD00181,1,41727.47,35.71
ITEM0006568,ORD002186,PROD00066,2,33870.6,35.24
ITEM0006569,ORD002186,PROD00033,4,34146.02,9.41
ITEM0006570,ORD002186,PROD00044,2,44169.42,17.1
ITEM0006571,ORD002186,PROD00131,2,48423.3,4.95
ITEM0006572,ORD002187,PROD00127,4,4820.38,27.53
ITEM0006573,ORD002187,PROD00036,2,68642.41,4.99
ITEM0006574,ORD002188,PROD00190,2,49332.41,6.07
ITEM0006575,ORD002188,PROD00095,1,21828.35,23.43
ITEM0006576,ORD002189,PROD00141,5,28310.03,35.4
ITEM0006577,ORD002189,PROD00056,5,73829.36,2.53
ITEM0006578,ORD002189,PROD00170,5,2295.17,25.79
ITEM0006579,ORD002189,PROD00188,4,11634.43,0.84
ITEM0006580,ORD002189,PROD00013,-3,39718.73,22.55
ITEM0006581,ORD002190,PROD00163,3,30029.76,25.77
ITEM0006582,ORD002190,PROD00031,5,32306.28,39.37
ITEM0006583,ORD002190,PROD00140,3,44278.74,22.44
ITEM0006584,ORD002190,PROD00069,5,69613.5,30.94
ITEM0006585,ORD002190,PROD00061,5,41265.79,1.45
ITEM0006586,ORD002191,PROD00143,3,7251.64,10.94
ITEM0006587,ORD002191,PROD00127,3,5920.24,21.19
ITEM0006588,ORD002191,PROD00146,4,55595.04,10.93
ITEM0006589,ORD002191,PROD00014,5,60465.4,30.9
ITEM0006590,ORD002192,PROD00038,4,62894.37,10.23
ITEM0006591,ORD002193,PROD00040,5,20548.79,3.63
ITEM0006592,ORD002193,PROD00164,5,64855.5,31.02
ITEM0006593,ORD002194,PROD00103,5,58193.7,13.43
ITEM0006594,ORD002194,PROD00049,3,38652.28,15.01
ITEM0006595,ORD002195,PROD00185,3,18776.91,10.09
ITEM0006596,ORD002195,PROD00028,3,64260.16,16.86
ITEM0006597,ORD002195,PROD00070,2,60019.48,6.89
ITEM0006598,ORD002195,PROD00014,2,63039.76,27.29
ITEM0006599,ORD002195,PROD00200,1,38187.46,18.96
ITEM0006600,ORD002196,PROD00097,4,57458.14,20.78
ITEM0006601,ORD002196,PROD00105,5,43227.43,27.75
ITEM0006602,ORD002196,PROD00023,3,32209.57,1.97
ITEM0006603,ORD002196,PROD00181,1,38004.33,34.75
ITEM0006604,ORD002196,PROD00075,2,20815.77,33.05
ITEM0006605,ORD002197,PROD00151,3,2727.91,34.16
ITEM0006606,ORD002197,PROD00107,5,81394.06,39.17
ITEM0006607,ORD002197,PROD00003,-3,37509.67,8.58
ITEM0006608,ORD002198,PROD00189,5,9967.68,11.51
ITEM0006609,ORD002199,PROD00185,3,16858.04,29.92
ITEM0006610,ORD002199,PROD00196,5,40443.91,17.29
ITEM0006611,ORD002199,PROD00017,4,28383.93,27.17
ITEM0006612,ORD002199,PROD00137,5,48822.26,19.06
ITEM0006613,ORD002200,PROD00166,3,595.42,27.99
ITEM0006614,ORD002200,PROD00013,4,46976.37,16.95
ITEM0006615,ORD002201,PROD00056,5,75631.44,18.26
ITEM0006616,ORD002201,PROD00050,3,80484.8,4.41
ITEM0006617,ORD002201,PROD00077,2,45622.74,32.62
ITEM0006618,ORD002202,PROD00059,4,73794.2,39.0
ITEM0006619,ORD002202,PROD00192,3,42157.59,16.89
ITEM0006620,ORD002202,PROD00023,5,40236.53,14.25
ITEM0006621,ORD002203,PROD00006,1,64950.59,1.94
ITEM0006622,ORD002203,PROD00196,5,38714.44,38.69
ITEM0006623,ORD002203,PROD00038,2,62783.15,8.32
ITEM0006624,ORD002204,PROD00012,5,71127.27,25.08
ITEM0006625,ORD002205,PROD00121,3,55312.94,38.65
ITEM0006626,ORD002205,PROD00122,3,51258.56,29.99
ITEM0006627,ORD002205,PROD00132,5,8753.93,34.99
ITEM0006628,ORD002206,PROD00121,3,44957.67,31.22
ITEM0006629,ORD002206,PROD00043,3,28735.25,32.42
ITEM0006630,ORD002207,PROD00186,5,49918.22,5.05
ITEM0006631,ORD002207,PROD00066,3,49759.37,31.65
ITEM0006632,ORD002207,PROD00028,2,78690.09,23.6
ITEM0006633,ORD002207,PROD00141,5,28182.8,5.61
ITEM0006634,ORD002208,PROD00179,3,51031.46,14.85
ITEM0006635,ORD002208,PROD00057,5,40753.94,32.25
ITEM0006636,ORD002208,PROD00070,5,62911.51,12.69
ITEM0006637,ORD002208,PROD00054,2,26930.22,11.42
ITEM0006638,ORD002209,PROD00029,3,26392.33,29.76
ITEM0006639,ORD002209,PROD00080,2,4483.66,27.52
ITEM0006640,ORD002209,PROD00178,5,10624.71,2.96
ITEM0006641,ORD002209,PROD00115,4,62077.74,4.13
ITEM0006642,ORD002210,PROD00186,3,55406.92,30.53
ITEM0006643,ORD002210,PROD00028,4,61576.14,27.34
ITEM0006644,ORD002211,PROD00116,1,31029.88,28.03
ITEM0006645,ORD002211,PROD00170,5,2920.91,16.55
ITEM0006646,ORD002211,PROD00180,3,36501.4,9.74
ITEM0006647,ORD002211,PROD00006,1,53363.57,5.1
ITEM0006648,ORD002212,PROD00118,5,45134.77,33.72
ITEM0006649,ORD002212,PROD00116,1,40479.89,39.06
ITEM0006650,ORD002212,PROD00083,5,67544.07,23.63
ITEM0006651,ORD002212,PROD00194,3,47593.67,28.4
ITEM0006652,ORD002212,PROD00087,5,38411.6,16.71
ITEM0006653,ORD002213,PROD00176,5,48325.72,19.74
ITEM0006654,ORD002213,PROD00114,2,38660.9,28.59
ITEM0006655,ORD002213,PROD00147,4,39053.43,23.89
ITEM0006656,ORD002213,PROD00053,5,71433.36,27.2
ITEM0006657,ORD002214,PROD00154,5,61309.48,9.38
ITEM0006658,ORD002214,PROD00162,2,30330.17,35.19
ITEM0006659,ORD002214,PROD00047,2,18797.04,5.21
ITEM0006660,ORD002214,PROD00005,-3,58855.55,24.38
ITEM0006661,ORD002214,PROD00128,2,68162.42,28.27
ITEM0006662,ORD002215,PROD00199,3,8462.64,16.45
ITEM0006663,ORD002215,PROD00102,2,28666.83,25.78
ITEM0006664,ORD002215,PROD00124,1,28332.66,25.95
ITEM0006665,ORD002216,PROD00189,5,10096.07,32.98
ITEM0006666,ORD002216,PROD00134,3,26411.77,10.48
ITEM0006667,ORD002216,PROD00170,1,2220.22,21.33
ITEM0006668,ORD002216,PROD00074,2,55662.24,31.92
ITEM0006669,ORD002217,PROD00170,1,3525.01,34.58
ITEM0006670,ORD002217,PROD00116,3,30042.7,20.13
ITEM0006671,ORD002218,PROD00016,2,71963.91,24.3
ITEM0006672,ORD002218,PROD00032,3,69729.78,31.3
ITEM0006673,ORD002218,PROD00063,4,50534.58,16.77
ITEM0006674,ORD002218,PROD00185,5,20096.78,13.46
ITEM0006675,ORD002218,PROD00119,3,28109.08,4.36
ITEM0006676,ORD002219,PROD00004,3,4522.88,27.18
ITEM0006677,ORD002219,PROD00125,1,60799.29,0.22
ITEM0006678,ORD002220,PROD00039,1,26987.2,25.64
ITEM0006679,ORD002220,PROD00069,1,60053.7,33.81
ITEM0006680,ORD002221,PROD00119,1,18999.6,21.5
ITEM0006681,ORD002221,PROD00137,-3,44921.79,39.42
ITEM0006682,ORD002222,PROD00147,3,34428.78,1.57
ITEM0006683,ORD002222,PROD00060,2,10949.44,39.94
ITEM0006684,ORD002223,PROD00010,5,32666.5,5.12
ITEM0006685,ORD002224,PROD00069,2,53501.32,15.34
ITEM0006686,ORD002224,PROD00175,5,20368.64,26.26
ITEM0006687,ORD002224,PROD00184,3,6964.36,7.54
ITEM0006688,ORD002225,PROD00001,1,58424.39,4.36
ITEM0006689,ORD002225,PROD00193,5,282.9,6.81
ITEM0006690,ORD002225,PROD00098,2,56514.3,23.08
ITEM0006691,ORD002226,PROD00020,-1,52146.29,35.12
ITEM0006692,ORD002227,PROD00185,2,19046.64,25.5
ITEM0006693,ORD002227,PROD00193,5,312.42,35.48
ITEM0006694,ORD002228,PROD00031,2,27700.34,28.53
ITEM0006695,ORD002228,PROD00073,5,4617.26,33.93
ITEM0006696,ORD002228,PROD00048,1,2374.29,33.89
ITEM0006697,ORD002228,PROD00127,2,5988.49,0.0
ITEM0006698,ORD002228,PROD00060,5,13872.31,40.0
ITEM0006699,ORD002229,PROD00170,3,3474.43,34.6
ITEM0006700,ORD002229,PROD00139,1,51787.41,24.76
ITEM0006701,ORD002230,PROD00177,5,71068.74,24.26
ITEM0006702,ORD002230,PROD00181,1,46884.62,9.66
ITEM0006703,ORD002230,PROD00032,5,69385.93,29.89
ITEM0006704,ORD002231,PROD00028,2,78064.52,32.55
ITEM0006705,ORD002232,PROD00014,1,86386.0,38.48
ITEM0006706,ORD002232,PROD00021,5,20031.16,32.61
ITEM0006707,ORD002232,PROD00171,3,60952.5,5.83
ITEM0006708,ORD002232,PROD00075,1,20418.62,7.54
ITEM0006709,ORD002233,PROD00181,3,39125.18,27.58
ITEM0006710,ORD002233,PROD00127,2,5152.31,5.23
ITEM0006711,ORD002234,PROD00014,3,67105.59,16.48
ITEM0006712,ORD002234,PROD00191,5,28767.75,35.21
ITEM0006713,ORD002235,PROD00114,5,37124.31,10.84
ITEM0006714,ORD002235,PROD00019,-1,3577.51,39.09
ITEM0006715,ORD002235,PROD00037,3,38316.89,9.92
ITEM0006716,ORD002235,PROD00119,3,27302.39,23.33
ITEM0006717,ORD002236,PROD00118,1,47808.66,17.01
ITEM0006718,ORD002237,PROD00131,1,65832.56,38.13
ITEM0006719,ORD002237,PROD00121,2,58767.95,13.79
ITEM0006720,ORD002237,PROD00142,1,28044.06,30.01
ITEM0006721,ORD002237,PROD00112,4,64522.76,20.79
ITEM0006722,ORD002237,PROD00030,1,50019.51,31.87
ITEM0006723,ORD002238,PROD00043,3,28105.0,24.92
ITEM0006724,ORD002238,PROD00088,-1,19471.57,33.15
ITEM0006725,ORD002239,PROD00140,4,54309.12,13.66
ITEM0006726,ORD002239,PROD00048,3,2388.36,18.44
ITEM0006727,ORD002239,PROD00181,4,39136.49,4.95
ITEM0006728,ORD002239,PROD00113,5,33101.63,32.94
ITEM0006729,ORD002239,PROD00141,3,23753.56,21.78
ITEM0006730,ORD002240,PROD00006,4,58859.35,20.2
ITEM0006731,ORD002240,PROD00157,2,13296.29,39.25
ITEM0006732,ORD002241,PROD00197,2,5742.45,14.53
ITEM0006733,ORD002241,PROD00013,5,48247.6,39.29
ITEM0006734,ORD002242,PROD00066,3,39568.04,29.37
ITEM0006735,ORD002242,PROD00014,1,74166.37,18.83
ITEM0006736,ORD002242,PROD00088,2,24552.59,30.82
ITEM0006737,ORD002243,PROD00065,3,78139.17,39.86
ITEM0006738,ORD002244,PROD00181,2,53025.65,0.7
ITEM0006739,ORD002244,PROD00180,3,40027.45,37.62
ITEM0006740,ORD002244,PROD00145,5,30113.81,33.39
ITEM0006741,ORD002245,PROD00179,3,63183.49,7.35
ITEM0006742,ORD002245,PROD00147,2,39823.74,22.93
ITEM0006743,ORD002245,PROD00073,4,7140.13,11.84
ITEM0006744,ORD002245,PROD00150,5,21890.71,16.41
ITEM0006745,ORD002246,PROD00001,3,71902.78,13.64
ITEM0006746,ORD002246,PROD00072,3,9429.02,21.26
ITEM0006747,ORD002247,PROD00182,5,21640.99,20.25
ITEM0006748,ORD002247,PROD00073,1,7161.67,39.56
ITEM0006749,ORD002247,PROD00018,5,11031.43,13.91
ITEM0006750,ORD002247,PROD00112,1,66860.86,20.16
ITEM0006751,ORD002248,PROD00098,1,48929.52,35.72
ITEM0006752,ORD002248,PROD00041,3,42562.97,35.64
ITEM0006753,ORD002248,PROD00063,2,36465.46,37.39
ITEM0006754,ORD002249,PROD00174,1,34048.78,15.86
ITEM0006755,ORD002249,PROD00050,4,76286.83,25.18
ITEM0006756,ORD002249,PROD00052,3,78751.61,22.68
ITEM0006757,ORD002250,PROD00068,4,61961.56,13.61
ITEM0006758,ORD002251,PROD00177,5,68099.21,5.95
ITEM0006759,ORD002251,PROD00130,4,29360.86,4.06
ITEM0006760,ORD002252,PROD00032,3,71914.25,16.08
ITEM0006761,ORD002252,PROD00109,-1,46225.03,14.3
ITEM0006762,ORD002252,PROD00094,1,46761.32,3.37
ITEM0006763,ORD002252,PROD00107,4,70253.91,15.61
ITEM0006764,ORD002253,PROD00158,5,25777.59,37.17
ITEM0006765,ORD002253,PROD00048,3,1938.11,24.02
ITEM0006766,ORD002254,PROD00129,4,53836.46,21.07
ITEM0006767,ORD002254,PROD00081,5,21520.42,17.76
ITEM0006768,ORD002255,PROD00018,2,9401.66,37.63
ITEM0006769,ORD002255,PROD00128,4,75115.08,37.72
ITEM0006770,ORD002255,PROD00189,1,8110.31,11.31
ITEM0006771,ORD002256,PROD00010,1,38315.6,29.58
ITEM0006772,ORD002256,PROD00053,3,86485.3,24.44
ITEM0006773,ORD002256,PROD00085,1,50362.43,15.71
ITEM0006774,ORD002257,PROD00080,5,5923.86,14.84
ITEM0006775,ORD002257,PROD00098,4,45802.06,31.97
ITEM0006776,ORD002257,PROD00078,-2,32553.19,8.11
ITEM0006777,ORD002257,PROD00142,3,27859.9,31.2
ITEM0006778,ORD002257,PROD00127,2,4891.13,36.63
ITEM0006779,ORD002258,PROD00023,4,36581.78,13.47
ITEM0006780,ORD002258,PROD00117,4,17472.35,24.3
ITEM0006781,ORD002259,PROD00175,4,23615.27,30.31
ITEM0006782,ORD002259,PROD00199,2,6725.57,28.5
ITEM0006783,ORD002259,PROD00012,3,59702.91,17.3
ITEM0006784,ORD002259,PROD00126,4,66798.68,16.67
ITEM0006785,ORD002260,PROD00041,1,54637.3,26.37
ITEM0006786,ORD002261,PROD00051,5,21357.39,32.58
ITEM0006787,ORD002261,PROD00066,4,34390.52,27.57
ITEM0006788,ORD002262,PROD00023,2,31453.9,12.05
ITEM0006789,ORD002262,PROD00117,1,15477.44,23.82
ITEM0006790,ORD002262,PROD00111,4,66918.21,2.84
ITEM0006791,ORD002262,PROD00070,2,56441.5,30.44
ITEM0006792,ORD002262,PROD00138,1,32263.41,9.56
ITEM0006793,ORD002263,PROD00090,4,516.51,0.38
ITEM0006794,ORD002264,PROD00064,1,23858.8,13.13
ITEM0006795,ORD002264,PROD00166,2,496.15,15.42
ITEM0006796,ORD002265,PROD00146,5,63911.35,24.19
ITEM0006797,ORD002265,PROD00104,5,46470.1,1.72
ITEM0006798,ORD002265,PROD00177,5,83718.15,23.53
ITEM0006799,ORD002265,PROD00047,5,18617.13,22.21
ITEM0006800,ORD002266,PROD00067,3,48327.59,3.91
ITEM0006801,ORD002267,PROD00020,1,52811.16,0.14
ITEM0006802,ORD002267,PROD00102,3,35042.19,7.75
ITEM0006803,ORD002267,PROD00104,1,61689.35,30.09
ITEM0006804,ORD002267,PROD00163,1,22419.57,20.6
ITEM0006805,ORD002268,PROD00132,1,8292.13,26.1
ITEM0006806,ORD002269,PROD00175,4,20255.64,28.34
ITEM0006807,ORD002269,PROD00150,1,15895.57,30.53
ITEM0006808,ORD002269,PROD00134,4,20127.22,8.62
ITEM0006809,ORD002270,PROD00154,3,65955.91,30.25
ITEM0006810,ORD002270,PROD00195,3,5135.48,36.67
ITEM0006811,ORD002270,PROD00037,5,25790.41,34.38
ITEM0006812,ORD002270,PROD00118,2,54028.49,38.46
ITEM0006813,ORD002270,PROD00146,5,57120.97,15.83
ITEM0006814,ORD002271,PROD00180,5,36000.74,11.8
ITEM0006815,ORD002271,PROD00091,4,43721.87,17.38
ITEM0006816,ORD002271,PROD00174,1,35275.04,36.66
ITEM0006817,ORD002272,PROD00051,1,23870.23,9.69
ITEM0006818,ORD002272,PROD00113,2,50949.71,22.4
ITEM0006819,ORD002272,PROD00159,5,65587.38,15.78
ITEM0006820,ORD002272,PROD00150,3,18435.46,29.27
ITEM0006821,ORD002273,PROD00030,1,72197.2,9.7
ITEM0006822,ORD002274,PROD00031,2,28732.18,12.87
ITEM0006823,ORD002274,PROD00110,2,25573.98,7.77
ITEM0006824,ORD002275,PROD00115,1,75829.72,12.91
ITEM0006825,ORD002275,PROD00023,2,37722.87,8.77
ITEM0006826,ORD002275,PROD00199,1,6611.65,7.48
ITEM0006827,ORD002276,PROD00116,1,29182.59,10.09
ITEM0006828,ORD002276,PROD00197,3,8720.62,9.33
ITEM0006829,ORD002276,PROD00035,1,14246.8,25.57
ITEM0006830,ORD002276,PROD00171,4,49999.88,30.63
ITEM0006831,ORD002276,PROD00170,4,2237.19,22.96
ITEM0006832,ORD002277,PROD00079,5,39354.01,11.11
ITEM0006833,ORD002277,PROD00068,4,60092.96,16.26
ITEM0006834,ORD002277,PROD00059,3,78727.17,25.72
ITEM0006835,ORD002277,PROD00165,2,43356.01,16.31
ITEM0006836,ORD002278,PROD00005,1,80665.78,27.41
ITEM0006837,ORD002279,PROD00018,2,11653.65,19.88
ITEM0006838,ORD002279,PROD00047,3,19152.57,39.93
ITEM0006839,ORD002280,PROD00139,5,57841.84,7.91
ITEM0006840,ORD002281,PROD00054,3,28403.33,1.76
ITEM0006841,ORD002282,PROD00130,5,37107.94,10.98
ITEM0006842,ORD002282,PROD00185,5,16920.03,38.91
ITEM0006843,ORD002283,PROD00161,4,14395.62,22.33
ITEM0006844,ORD002284,PROD00150,1,22359.16,31.59
ITEM0006845,ORD002284,PROD00041,4,46039.37,21.12
ITEM0006846,ORD002285,PROD00050,3,66755.38,37.47
ITEM0006847,ORD002285,PROD00191,4,31475.69,15.97
ITEM0006848,ORD002286,PROD00158,1,26909.87,8.35
ITEM0006849,ORD002286,PROD00054,-3,28266.34,31.8
ITEM0006850,ORD002287,PROD00111,3,50994.34,20.73
ITEM0006851,ORD002287,PROD00069,4,53205.88,10.63
ITEM0006852,ORD002287,PROD00060,3,14745.11,10.15
ITEM0006853,ORD002288,PROD00063,3,40443.87,1.88
ITEM0006854,ORD002288,PROD00095,5,21059.01,31.05
ITEM0006855,ORD002288,PROD00163,4,29055.82,23.62
ITEM0006856,ORD002288,PROD00132,5,9503.83,9.3
ITEM0006857,ORD002288,PROD00139,5,52899.08,17.02
ITEM0006858,ORD002289,PROD00138,-3,36720.75,31.63
ITEM0006859,ORD002290,PROD00147,5,38525.35,14.43
ITEM0006860,ORD002290,PROD00059,4,75668.75,38.27
ITEM0006861,ORD002291,PROD00047,2,20685.71,16.45
ITEM0006862,ORD002291,PROD00123,3,78702.67,34.22
ITEM0006863,ORD002291,PROD00011,5,35429.77,11.99
ITEM0006864,ORD002292,PROD00175,5,23245.59,0.33
ITEM0006865,ORD002292,PROD00193,2,414.31,16.44
ITEM0006866,ORD002293,PROD00114,4,40767.4,1.63
ITEM0006867,ORD002293,PROD00162,4,32238.25,32.14
ITEM0006868,ORD002293,PROD00021,3,21068.23,32.1
ITEM0006869,ORD002294,PROD00065,3,70146.97,37.77
ITEM0006870,ORD002294,PROD00090,3,430.51,22.34
ITEM0006871,ORD002294,PROD00034,5,56020.55,26.03
ITEM0006872,ORD002295,PROD00052,4,67422.62,20.82
ITEM0006873,ORD002295,PROD00026,3,57063.62,2.62
ITEM0006874,ORD002295,PROD00199,1,6626.15,29.33
ITEM0006875,ORD002295,PROD00183,1,77751.82,36.01
ITEM0006876,ORD002295,PROD00011,3,36503.48,30.84
ITEM0006877,ORD002296,PROD00008,4,48501.98,5.19
ITEM0006878,ORD002297,PROD00071,1,19592.91,30.71
ITEM0006879,ORD002297,PROD00109,4,53845.43,16.58
ITEM0006880,ORD002298,PROD00086,4,7078.67,36.06
ITEM0006881,ORD002298,PROD00124,1,26188.98,5.81
ITEM0006882,ORD002299,PROD00029,2,19427.16,22.47
ITEM0006883,ORD002300,PROD00092,4,15931.19,38.27
ITEM0006884,ORD002301,PROD00068,3,39501.41,23.77
ITEM0006885,ORD002301,PROD00177,2,71505.41,16.76
ITEM0006886,ORD002301,PROD00182,5,19450.15,2.33
ITEM0006887,ORD002302,PROD00057,3,37216.64,0.45
ITEM0006888,ORD002302,PROD00125,2,72318.41,20.38
ITEM0006889,ORD002303,PROD00115,4,72659.5,7.34
ITEM0006890,ORD002303,PROD00182,4,22461.85,38.4
ITEM0006891,ORD002303,PROD00063,1,38835.46,5.36
ITEM0006892,ORD002304,PROD00100,1,3719.24,26.79
ITEM0006893,ORD002304,PROD00191,4,25611.32,4.77
ITEM0006894,ORD002304,PROD00158,3,25461.75,7.93
ITEM0006895,ORD002304,PROD00115,4,52806.22,29.43
ITEM0006896,ORD002304,PROD00017,4,32073.84,4.45
ITEM0006897,ORD002305,PROD00192,3,45048.87,37.63
ITEM0006898,ORD002305,PROD00147,1,43692.86,17.35
ITEM0006899,ORD002305,PROD00017,1,29296.25,35.48
ITEM0006900,ORD002305,PROD00145,5,41718.89,21.69
ITEM0006901,ORD002305,PROD00043,3,29662.46,8.49
ITEM0006902,ORD002306,PROD00016,5,60037.1,33.89
ITEM0006903,ORD002306,PROD00198,3,27834.54,36.94
ITEM0006904,ORD002306,PROD00131,4,56518.55,18.71
ITEM0006905,ORD002307,PROD00111,5,63595.14,22.42
ITEM0006906,ORD002307,PROD00116,3,43781.56,8.5
ITEM0006907,ORD002307,PROD00081,2,20623.88,32.65
ITEM0006908,ORD002308,PROD00191,2,29851.48,38.55
ITEM0006909,ORD002308,PROD00052,1,71949.08,24.03
ITEM0006910,ORD002309,PROD00080,1,6186.84,5.83
ITEM0006911,ORD002309,PROD00074,2,73384.17,9.35
ITEM0006912,ORD002309,PROD00144,1,44599.84,5.11
ITEM0006913,ORD002310,PROD00122,3,68394.46,28.46
ITEM0006914,ORD002310,PROD00172,2,456.99,17.33
ITEM0006915,ORD002310,PROD00130,1,37809.87,12.53
ITEM0006916,ORD002311,PROD00115,2,78907.07,17.07
ITEM0006917,ORD002311,PROD00008,2,68015.34,2.63
ITEM0006918,ORD002311,PROD00010,2,46810.41,14.11
ITEM0006919,ORD002311,PROD00031,3,29019.7,16.59
ITEM0006920,ORD002311,PROD00148,5,70914.71,28.93
ITEM0006921,ORD002312,PROD00109,3,46652.37,36.69
ITEM0006922,ORD002313,PROD00127,4,3822.73,33.01
ITEM0006923,ORD002313,PROD00014,3,87507.86,35.17
ITEM0006924,ORD002313,PROD00049,3,29866.58,20.31
ITEM0006925,ORD002313,PROD00113,2,50740.56,31.01
ITEM0006926,ORD002314,PROD00143,1,7458.78,30.82
ITEM0006927,ORD002314,PROD00066,5,37860.69,37.32
ITEM0006928,ORD002314,PROD00177,5,58476.03,2.5
ITEM0006929,ORD002314,PROD00053,5,57342.62,22.41
ITEM0006930,ORD002315,PROD00130,5,37789.94,21.14
ITEM0006931,ORD002315,PROD00195,2,4864.17,8.22
ITEM0006932,ORD002315,PROD00023,1,32727.92,18.52
ITEM0006933,ORD002316,PROD00094,2,54032.58,0.38
ITEM0006934,ORD002316,PROD00123,1,62394.81,19.49
ITEM0006935,ORD002316,PROD00021,5,22262.45,1.78
ITEM0006936,ORD002316,PROD00089,4,40222.41,32.14
ITEM0006937,ORD002316,PROD00103,1,44164.49,17.77
ITEM0006938,ORD002317,PROD00139,1,56653.95,12.1
ITEM0006939,ORD002318,PROD00151,4,2874.41,6.93
ITEM0006940,ORD002318,PROD00022,5,47618.36,39.42
ITEM0006941,ORD002319,PROD00036,3,60610.3,39.98
ITEM0006942,ORD002319,PROD00061,4,46401.17,29.9
ITEM0006943,ORD002319,PROD00029,2,27002.75,5.15
ITEM0006944,ORD002319,PROD00186,2,54468.52,15.51
ITEM0006945,ORD002320,PROD00025,2,17352.69,34.74
ITEM0006946,ORD002321,PROD00184,1,7071.49,23.69
ITEM0006947,ORD002321,PROD00131,2,73992.29,4.38
ITEM0006948,ORD002321,PROD00128,2,50404.67,15.63
ITEM0006949,ORD002322,PROD00140,3,53247.27,7.47
ITEM0006950,ORD002322,PROD00085,4,56793.8,29.35
ITEM0006951,ORD002322,PROD00050,5,82946.72,21.18
ITEM0006952,ORD002322,PROD00094,3,52271.68,35.75
ITEM0006953,ORD002322,PROD00152,4,52604.95,28.95
ITEM0006954,ORD002323,PROD00146,2,53359.9,5.21
ITEM0006955,ORD002323,PROD00031,2,35501.35,28.14
ITEM0006956,ORD002324,PROD00082,5,63529.37,14.9
ITEM0006957,ORD002324,PROD00079,3,26881.3,37.06
ITEM0006958,ORD002324,PROD00024,4,23840.85,7.69
ITEM0006959,ORD002324,PROD00199,1,8444.97,16.84
ITEM0006960,ORD002325,PROD00011,5,31454.76,4.69
ITEM0006961,ORD002325,PROD00123,1,77115.55,34.6
ITEM0006962,ORD002325,PROD00009,5,42109.11,22.6
ITEM0006963,ORD002325,PROD00041,3,50145.3,27.54
ITEM0006964,ORD002325,PROD00186,1,40802.74,31.03
ITEM0006965,ORD002326,PROD00193,3,283.43,34.46
ITEM0006966,ORD002326,PROD00078,2,26944.95,6.65
ITEM0006967,ORD002326,PROD00088,5,25573.8,8.04
ITEM0006968,ORD002327,PROD00066,4,45212.3,4.82
ITEM0006969,ORD002327,PROD00080,4,6556.86,12.58
ITEM0006970,ORD002328,PROD00075,2,18553.57,6.49
ITEM0006971,ORD002329,PROD00016,2,82646.74,28.74
ITEM0006972,ORD002330,PROD00096,4,4042.9,20.32
ITEM0006973,ORD002330,PROD00061,2,42745.11,31.38
ITEM0006974,ORD002330,PROD00080,1,6639.12,26.54
ITEM0006975,ORD002330,PROD00191,2,32203.3,19.76
ITEM0006976,ORD002330,PROD00014,4,82747.56,22.27
ITEM0006977,ORD002331,PROD00110,4,30410.51,10.52
ITEM0006978,ORD002331,PROD00057,3,39417.34,22.86
ITEM0006979,ORD002332,PROD00166,3,550.99,24.36
ITEM0006980,ORD002332,PROD00063,3,37338.11,29.59
ITEM0006981,ORD002332,PROD00029,1,20017.36,10.93
ITEM0006982,ORD002332,PROD00140,-1,38672.54,13.2
ITEM0006983,ORD002332,PROD00006,2,55065.26,0.43
ITEM0006984,ORD002333,PROD00020,5,49767.85,32.25
ITEM0006985,ORD002333,PROD00005,5,73476.57,9.79
ITEM0006986,ORD002333,PROD00169,1,30630.65,39.82
ITEM0006987,ORD002333,PROD00093,5,8975.52,20.98
ITEM0006988,ORD002334,PROD00148,1,54337.86,34.34
ITEM0006989,ORD002334,PROD00114,1,39300.92,8.58
ITEM0006990,ORD002334,PROD00094,5,48639.73,20.78
ITEM0006991,ORD002334,PROD00169,4,38249.06,1.62
ITEM0006992,ORD002335,PROD00065,2,78711.13,27.49
ITEM0006993,ORD002335,PROD00027,4,69028.96,19.58
ITEM0006994,ORD002335,PROD00142,5,34679.69,32.92
ITEM0006995,ORD002335,PROD00141,2,21461.98,17.57
ITEM0006996,ORD002336,PROD00122,1,58623.16,34.39
ITEM0006997,ORD002336,PROD00141,2,31822.57,1.48
ITEM0006998,ORD002336,PROD00105,2,66383.13,6.56
ITEM0006999,ORD002337,PROD00075,4,19223.49,24.64
ITEM0007000,ORD002337,PROD00103,4,58840.52,23.69
ITEM0007001,ORD002337,PROD00046,1,39014.58,1.16
ITEM0007002,ORD002337,PROD00006,2,58733.51,8.05
ITEM0007003,ORD002338,PROD00176,2,50261.82,30.64
ITEM0007004,ORD002338,PROD00002,1,16766.09,25.13
ITEM0007005,ORD002338,PROD00046,4,32076.09,31.33
ITEM0007006,ORD002338,PROD00112,4,55683.9,23.26
ITEM0007007,ORD002338,PROD00080,2,5068.19,21.25
ITEM0007008,ORD002339,PROD00060,1,11890.52,8.81
ITEM0007009,ORD002339,PROD00107,2,69078.92,1.63
ITEM0007010,ORD002339,PROD00136,5,12731.05,35.54
ITEM0007011,ORD002339,PROD00028,2,84359.74,19.21
ITEM0007012,ORD002340,PROD00135,2,40027.84,10.56
ITEM0007013,ORD002340,PROD00144,4,39989.35,5.11
ITEM0007014,ORD002340,PROD00169,1,24847.17,17.72
ITEM0007015,ORD002340,PROD00016,3,56434.57,34.54
ITEM0007016,ORD002340,PROD00020,1,47842.47,36.74
ITEM0007017,ORD002341,PROD00018,4,7991.22,20.18
ITEM0007018,ORD002342,PROD00096,3,2596.88,28.01
ITEM0007019,ORD002342,PROD00161,2,15768.7,13.74
ITEM0007020,ORD002342,PROD00032,1,74075.63,36.22
ITEM0007021,ORD002342,PROD00022,3,44000.83,20.85
ITEM0007022,ORD002342,PROD00178,1,11750.57,2.2
ITEM0007023,ORD002343,PROD00064,1,21040.66,38.18
ITEM0007024,ORD002343,PROD00143,1,7913.32,1.26
ITEM0007025,ORD002343,PROD00003,3,33931.05,15.26
ITEM0007026,ORD002343,PROD00113,1,46854.2,12.72
ITEM0007027,ORD002344,PROD00017,3,27612.67,9.58
ITEM0007028,ORD002344,PROD00011,1,34369.06,18.7
ITEM0007029,ORD002344,PROD00145,4,39141.73,12.05
ITEM0007030,ORD002344,PROD00090,5,518.77,29.73
ITEM0007031,ORD002345,PROD00047,3,19488.49,0.54
ITEM0007032,ORD002345,PROD00196,5,38811.43,35.75
ITEM0007033,ORD002345,PROD00059,3,73987.97,7.66
ITEM0007034,ORD002346,PROD00070,3,56080.26,2.92
ITEM0007035,ORD002346,PROD00009,3,41924.19,3.39
ITEM0007036,ORD002346,PROD00162,4,35017.87,14.43
ITEM0007037,ORD002346,PROD00172,4,531.01,39.46
ITEM0007038,ORD002347,PROD00019,1,4168.81,31.12
ITEM0007039,ORD002347,PROD00015,1,69587.58,36.84
ITEM0007040,ORD002347,PROD00182,2,19209.48,21.16
ITEM0007041,ORD002347,PROD00100,1,4165.59,33.18
ITEM0007042,ORD002348,PROD00138,5,35197.98,4.66
ITEM0007043,ORD002348,PROD00006,5,42587.15,32.86
ITEM0007044,ORD002348,PROD00003,3,45788.35,13.09
ITEM0007045,ORD002348,PROD00185,4,16630.47,21.0
ITEM0007046,ORD002349,PROD00077,3,47524.3,29.81
ITEM0007047,ORD002349,PROD00079,4,29364.87,30.86
ITEM0007048,ORD002349,PROD00061,3,34278.12,38.58
ITEM0007049,ORD002350,PROD00028,5,75123.42,37.97
ITEM0007050,ORD002350,PROD00183,3,86102.39,22.95
ITEM0007051,ORD002350,PROD00059,5,55608.52,18.45
ITEM0007052,ORD002350,PROD00137,4,37663.76,14.78
ITEM0007053,ORD002350,PROD00060,4,10586.58,32.38
ITEM0007054,ORD002351,PROD00015,1,57461.53,32.88
ITEM0007055,ORD002352,PROD00129,5,72213.17,26.64
ITEM0007056,ORD002352,PROD00114,5,34263.24,34.15
ITEM0007057,ORD002352,PROD00018,1,11806.05,18.03
ITEM0007058,ORD002352,PROD00139,3,48215.39,1.95
ITEM0007059,ORD002353,PROD00156,4,16262.52,25.34
ITEM0007060,ORD002354,PROD00150,3,18078.44,15.37
ITEM0007061,ORD002355,PROD00001,2,71629.76,29.64
ITEM0007062,ORD002355,PROD00086,5,7546.83,30.02
ITEM0007063,ORD002355,PROD00107,4,76432.67,10.53
ITEM0007064,ORD002355,PROD00133,1,38194.55,4.6
ITEM0007065,ORD002356,PROD00045,1,68627.37,27.16
ITEM0007066,ORD002357,PROD00127,2,4162.49,19.94
ITEM0007067,ORD002358,PROD00195,3,6653.39,32.39
ITEM0007068,ORD002358,PROD00059,1,54217.23,23.64
ITEM0007069,ORD002358,PROD00009,5,52966.34,11.29
ITEM0007070,ORD002358,PROD00146,-3,58639.02,31.06
ITEM0007071,ORD002359,PROD00044,2,65649.75,38.81
ITEM0007072,ORD002360,PROD00182,3,22370.81,14.33
ITEM0007073,ORD002360,PROD00070,4,45095.81,38.65
ITEM0007074,ORD002360,PROD00126,1,48033.93,10.27
ITEM0007075,ORD002361,PROD00057,1,28438.53,1.38
ITEM0007076,ORD002361,PROD00131,1,71561.91,32.28
ITEM0007077,ORD002361,PROD00039,2,24248.43,26.37
ITEM0007078,ORD002361,PROD00112,4,61774.98,22.9
ITEM0007079,ORD002361,PROD00138,4,33918.32,18.5
ITEM0007080,ORD002362,PROD00111,-1,64458.65,23.81
ITEM0007081,ORD002362,PROD00154,3,73866.33,20.59
ITEM0007082,ORD002362,PROD00115,5,56461.9,27.85
ITEM0007083,ORD002362,PROD00037,2,27345.73,13.87
ITEM0007084,ORD002362,PROD00095,5,21497.16,19.74
ITEM0007085,ORD002363,PROD00021,4,15716.46,24.75
ITEM0007086,ORD002363,PROD00059,2,72743.13,16.39
ITEM0007087,ORD002364,PROD00124,3,30404.43,20.29
ITEM0007088,ORD002365,PROD00131,4,47543.26,38.08
ITEM0007089,ORD002365,PROD00062,1,74232.59,13.77
ITEM0007090,ORD002365,PROD00120,2,70299.38,32.11
ITEM0007091,ORD002365,PROD00097,5,50734.02,33.48
ITEM0007092,ORD002365,PROD00006,1,63810.01,38.26
ITEM0007093,ORD002366,PROD00170,1,2434.82,20.7
ITEM0007094,ORD002366,PROD00070,3,58444.73,38.4
ITEM0007095,ORD002366,PROD00079,4,34040.24,19.54
ITEM0007096,ORD002367,PROD00097,5,46086.55,7.79
ITEM0007097,ORD002367,PROD00187,1,48983.39,30.43
ITEM0007098,ORD002367,PROD00175,1,16578.36,38.47
ITEM0007099,ORD002367,PROD00064,4,21547.34,11.59
ITEM0007100,ORD002368,PROD00001,5,64743.59,21.0
ITEM0007101,ORD002368,PROD00028,2,57787.83,22.88
ITEM0007102,ORD002368,PROD00032,1,73402.93,31.18
ITEM0007103,ORD002368,PROD00034,5,66346.92,25.74
ITEM0007104,ORD002369,PROD00012,-3,61869.4,17.11
ITEM0007105,ORD002369,PROD00025,2,15396.24,4.93
ITEM0007106,ORD002369,PROD00057,4,28857.13,37.79
ITEM0007107,ORD002369,PROD00027,3,51159.59,34.65
ITEM0007108,ORD002370,PROD00178,-3,12181.44,16.93
ITEM0007109,ORD002371,PROD00092,3,12809.86,28.56
ITEM0007110,ORD002371,PROD00107,1,76651.6,8.6
ITEM0007111,ORD002371,PROD00094,5,58196.57,7.74
ITEM0007112,ORD002371,PROD00139,4,46888.52,2.95
ITEM0007113,ORD002372,PROD00180,5,43892.7,34.02
ITEM0007114,ORD002373,PROD00164,2,51106.47,9.92
ITEM0007115,ORD002373,PROD00078,1,30146.3,24.85
ITEM0007116,ORD002373,PROD00020,4,62471.71,9.67
ITEM0007117,ORD002373,PROD00083,1,54716.01,31.97
ITEM0007118,ORD002374,PROD00148,2,49172.85,0.65
ITEM0007119,ORD002374,PROD00116,1,39879.9,25.72
ITEM0007120,ORD002375,PROD00094,2,40769.68,16.51
ITEM0007121,ORD002375,PROD00008,5,51066.6,24.33
ITEM0007122,ORD002376,PROD00037,3,30207.16,7.5
ITEM0007123,ORD002376,PROD00127,3,4778.28,38.03
ITEM0007124,ORD002376,PROD00144,3,52518.55,14.62
ITEM0007125,ORD002376,PROD00053,4,73278.34,19.02
ITEM0007126,ORD002376,PROD00110,4,22513.37,2.76
ITEM0007127,ORD002377,PROD00140,1,43864.16,15.41
ITEM0007128,ORD002377,PROD00024,3,23195.58,7.41
ITEM0007129,ORD002378,PROD00049,1,40941.81,12.41
ITEM0007130,ORD002378,PROD00150,3,23195.28,37.58
ITEM0007131,ORD002378,PROD00097,3,75109.6,18.78
ITEM0007132,ORD002378,PROD00055,1,39457.53,9.28
ITEM0007133,ORD002378,PROD00045,4,73657.9,21.47
ITEM0007134,ORD002379,PROD00144,5,42566.12,17.51
ITEM0007135,ORD002379,PROD00047,3,16838.79,37.61
ITEM0007136,ORD002379,PROD00070,5,48414.43,4.05
ITEM0007137,ORD002379,PROD00037,3,35234.54,2.05
ITEM0007138,ORD002380,PROD00136,3,12005.52,11.03
ITEM0007139,ORD002380,PROD00077,1,42034.05,21.16
ITEM0007140,ORD002380,PROD00030,-1,68723.82,16.05
ITEM0007141,ORD002380,PROD00150,1,18209.46,30.05
ITEM0007142,ORD002380,PROD00195,5,6365.06,19.62
ITEM0007143,ORD002381,PROD00019,1,5617.7,17.57
ITEM0007144,ORD002381,PROD00008,3,44177.63,5.11
ITEM0007145,ORD002381,PROD00195,4,4897.32,1.84
ITEM0007146,ORD002381,PROD00177,3,76064.07,38.93
ITEM0007147,ORD002381,PROD00102,5,26590.88,4.48
ITEM0007148,ORD002382,PROD00044,1,45882.91,14.64
ITEM0007149,ORD002382,PROD00080,-3,5915.25,13.02
ITEM0007150,ORD002382,PROD00016,3,53697.99,38.28
ITEM0007151,ORD002383,PROD00007,5,33111.07,37.06
ITEM0007152,ORD002383,PROD00020,2,71863.98,6.74
ITEM0007153,ORD002383,PROD00188,2,11642.31,20.09
ITEM0007154,ORD002383,PROD00093,1,9142.62,38.33
ITEM0007155,ORD002384,PROD00168,3,49012.44,5.74
ITEM0007156,ORD002384,PROD00012,3,52425.39,38.36
ITEM0007157,ORD002384,PROD00015,4,54905.63,29.07
ITEM0007158,ORD002385,PROD00082,2,67276.79,10.94
ITEM0007159,ORD002385,PROD00097,4,51105.35,5.54
ITEM0007160,ORD002386,PROD00074,2,55501.9,29.87
ITEM0007161,ORD002386,PROD00123,4,55085.21,35.44
ITEM0007162,ORD002386,PROD00039,2,26228.15,6.0
ITEM0007163,ORD002386,PROD00129,4,51221.93,26.02
ITEM0007164,ORD002387,PROD00136,1,13774.77,8.76
ITEM0007165,ORD002387,PROD00055,5,58239.99,27.82
ITEM0007166,ORD002387,PROD00079,5,39069.15,28.73
ITEM0007167,ORD002388,PROD00182,1,21466.55,6.82
ITEM0007168,ORD002388,PROD00037,2,31174.71,24.1
ITEM0007169,ORD002388,PROD00074,2,64597.58,20.33
ITEM0007170,ORD002388,PROD00188,5,8710.17,19.6
ITEM0007171,ORD002388,PROD00169,5,24224.09,1.06
ITEM0007172,ORD002389,PROD00046,3,40830.75,11.02
ITEM0007173,ORD002389,PROD00157,3,18429.71,23.76
ITEM0007174,ORD002389,PROD00060,3,10733.98,39.83
ITEM0007175,ORD002389,PROD00105,4,66106.75,19.57
ITEM0007176,ORD002389,PROD00114,2,34222.23,9.25
ITEM0007177,ORD002390,PROD00137,3,44080.84,27.59
ITEM0007178,ORD002390,PROD00055,2,50652.06,13.61
ITEM0007179,ORD002390,PROD00052,5,60786.25,36.05
ITEM0007180,ORD002391,PROD00100,1,3776.61,36.7
ITEM0007181,ORD002392,PROD00089,4,38852.4,14.08
ITEM0007182,ORD002392,PROD00098,3,49993.76,32.84
ITEM0007183,ORD002392,PROD00178,3,14590.6,3.47
ITEM0007184,ORD002393,PROD00058,3,14717.9,4.9
ITEM0007185,ORD002393,PROD00059,5,60296.34,30.43
ITEM0007186,ORD002393,PROD00060,2,14418.78,3.33
ITEM0007187,ORD002393,PROD00094,4,40854.25,26.48
ITEM0007188,ORD002393,PROD00102,-3,36860.79,5.12
ITEM0007189,ORD002394,PROD00022,4,48546.62,32.76
ITEM0007190,ORD002395,PROD00033,1,35621.79,15.87
ITEM0007191,ORD002395,PROD00162,5,32873.25,25.71
ITEM0007192,ORD002396,PROD00059,-3,81714.89,32.27
ITEM0007193,ORD002396,PROD00001,5,59412.72,9.13
ITEM0007194,ORD002396,PROD00193,5,344.71,18.12
ITEM0007195,ORD002396,PROD00124,5,36836.54,23.05
ITEM0007196,ORD002397,PROD00146,1,51279.35,37.43
ITEM0007197,ORD002397,PROD00195,2,5645.15,7.6
ITEM0007198,ORD002397,PROD00085,-3,41594.8,37.35
ITEM0007199,ORD002397,PROD00147,2,39708.59,15.54
ITEM0007200,ORD002397,PROD00021,5,22160.26,7.64
ITEM0007201,ORD002398,PROD00015,2,78198.86,30.23
ITEM0007202,ORD002398,PROD00179,3,59900.55,8.06
ITEM0007203,ORD002399,PROD00154,5,48335.98,3.91
ITEM0007204,ORD002399,PROD00177,4,65521.31,27.3
ITEM0007205,ORD002400,PROD00019,4,4187.61,28.07
ITEM0007206,ORD002401,PROD00106,2,62090.1,31.08
ITEM0007207,ORD002401,PROD00086,5,7371.96,6.05
ITEM0007208,ORD002401,PROD00155,1,34655.0,0.14
ITEM0007209,ORD002402,PROD00001,1,72010.42,20.16
ITEM0007210,ORD002402,PROD00051,3,22795.29,26.4
ITEM0007211,ORD002402,PROD00048,1,1938.5,39.42
ITEM0007212,ORD002402,PROD00042,2,52203.18,35.42
ITEM0007213,ORD002403,PROD00094,5,48645.4,26.39
ITEM0007214,ORD002404,PROD00026,1,45242.8,35.14
ITEM0007215,ORD002404,PROD00196,5,39237.84,32.74
ITEM0007216,ORD002405,PROD00189,1,9768.13,0.83
ITEM0007217,ORD002405,PROD00108,4,37797.52,39.53
ITEM0007218,ORD002406,PROD00160,2,49450.98,32.7
ITEM0007219,ORD002406,PROD00162,1,36804.73,30.28
ITEM0007220,ORD002406,PROD00053,-2,88289.03,34.05
ITEM0007221,ORD002406,PROD00183,5,65238.63,19.29
ITEM0007222,ORD002406,PROD00137,-3,50163.51,27.99
ITEM0007223,ORD002407,PROD00113,2,33247.26,1.33
ITEM0007224,ORD002407,PROD00173,3,23053.03,3.07
ITEM0007225,ORD002407,PROD00118,3,41577.54,36.59
ITEM0007226,ORD002407,PROD00104,2,48655.75,3.18
ITEM0007227,ORD002407,PROD00110,4,32739.64,7.15
ITEM0007228,ORD002408,PROD00004,2,3436.97,5.1
ITEM0007229,ORD002408,PROD00124,3,23564.89,26.49
ITEM0007230,ORD002408,PROD00097,3,61139.5,3.33
ITEM0007231,ORD002409,PROD00192,1,45542.91,2.94
ITEM0007232,ORD002409,PROD00149,5,48791.05,29.82
ITEM0007233,ORD002409,PROD00055,4,44048.43,1.24
ITEM0007234,ORD002410,PROD00052,3,70593.91,21.81
ITEM0007235,ORD002410,PROD00120,4,57376.89,4.76
ITEM0007236,ORD002410,PROD00042,1,73981.57,31.51
ITEM0007237,ORD002410,PROD00039,5,25054.98,5.74
ITEM0007238,ORD002411,PROD00114,2,49385.98,9.28
ITEM0007239,ORD002411,PROD00143,3,7656.29,5.45
ITEM0007240,ORD002411,PROD00134,2,27375.69,9.11
ITEM0007241,ORD002412,PROD00195,1,4274.24,10.34
ITEM0007242,ORD002412,PROD00034,2,56643.62,0.22
ITEM0007243,ORD002412,PROD00037,4,38094.85,30.2
ITEM0007244,ORD002413,PROD00108,2,42388.54,4.97
ITEM0007245,ORD002413,PROD00004,3,3330.58,1.12
ITEM0007246,ORD002413,PROD00187,5,48926.99,20.48
ITEM0007247,ORD002413,PROD00196,2,36367.3,22.68
ITEM0007248,ORD002414,PROD00181,4,41773.73,17.28
ITEM0007249,ORD002414,PROD00026,2,57617.95,15.7
ITEM0007250,ORD002415,PROD00122,1,60602.13,35.33
ITEM0007251,ORD002415,PROD00075,4,15736.53,11.21
ITEM0007252,ORD002415,PROD00191,4,31336.39,39.4
ITEM0007253,ORD002415,PROD00144,5,42194.78,17.03
ITEM0007254,ORD002415,PROD00089,5,33317.94,17.32
ITEM0007255,ORD002416,PROD00174,4,49787.88,18.2
ITEM0007256,ORD002416,PROD00164,5,76891.78,11.11
ITEM0007257,ORD002416,PROD00011,2,27395.95,11.64
ITEM0007258,ORD002416,PROD00047,4,17268.76,11.8
ITEM0007259,ORD002416,PROD00141,5,33960.12,1.63
ITEM0007260,ORD002417,PROD00050,4,71016.67,14.48
ITEM0007261,ORD002418,PROD00187,1,41917.3,5.16
ITEM0007262,ORD002418,PROD00190,1,53781.58,16.78
ITEM0007263,ORD002419,PROD00059,4,70936.94,39.22
ITEM0007264,ORD002419,PROD00081,4,15679.52,31.81
ITEM0007265,ORD002419,PROD00041,5,38282.11,1.75
ITEM0007266,ORD002420,PROD00038,1,44753.87,10.74
ITEM0007267,ORD002421,PROD00013,1,52823.29,25.47
ITEM0007268,ORD002421,PROD00125,1,77112.98,35.26
ITEM0007269,ORD002422,PROD00064,1,27521.46,24.48
ITEM0007270,ORD002422,PROD00129,1,76607.7,17.17
ITEM0007271,ORD002423,PROD00125,1,62534.13,2.83
ITEM0007272,ORD002423,PROD00032,3,53705.13,21.73
ITEM0007273,ORD002424,PROD00100,4,3765.83,24.48
ITEM0007274,ORD002424,PROD00116,1,38093.72,39.05
ITEM0007275,ORD002424,PROD00187,3,37931.43,13.92
ITEM0007276,ORD002424,PROD00098,4,46127.42,34.73
ITEM0007277,ORD002425,PROD00051,1,22112.03,4.77
ITEM0007278,ORD002425,PROD00124,5,29567.03,37.69
ITEM0007279,ORD002425,PROD00010,4,45394.45,30.69
ITEM0007280,ORD002425,PROD00070,-3,51628.89,36.49
ITEM0007281,ORD002426,PROD00105,2,63037.34,25.02
ITEM0007282,ORD002427,PROD00062,1,52962.59,35.5
ITEM0007283,ORD002427,PROD00172,2,543.88,26.11
ITEM0007284,ORD002427,PROD00053,4,59900.11,8.26
ITEM0007285,ORD002427,PROD00132,1,7478.54,32.12
ITEM0007286,ORD002428,PROD00009,4,41282.7,21.48
ITEM0007287,ORD002428,PROD00115,4,74133.64,25.71
ITEM0007288,ORD002428,PROD00064,4,25920.68,0.56
ITEM0007289,ORD002428,PROD00121,4,44279.6,13.47
ITEM0007290,ORD002429,PROD00195,5,6868.14,39.17
ITEM0007291,ORD002429,PROD00061,5,33697.22,26.03
ITEM0007292,ORD002429,PROD00190,5,34469.65,31.61
ITEM0007293,ORD002429,PROD00017,5,32088.57,16.66
ITEM0007294,ORD002429,PROD00150,3,17421.14,13.33
ITEM0007295,ORD002430,PROD00200,3,59697.97,38.29
ITEM0007296,ORD002430,PROD00028,5,54560.04,15.35
ITEM0007297,ORD002430,PROD00159,2,54750.1,23.28
ITEM0007298,ORD002431,PROD00182,1,22351.34,22.63
ITEM0007299,ORD002432,PROD00063,2,42217.76,8.03
ITEM0007300,ORD002433,PROD00045,2,60958.68,29.63
ITEM0007301,ORD002433,PROD00137,3,41698.13,14.98
ITEM0007302,ORD002433,PROD00008,4,51467.84,38.94
ITEM0007303,ORD002434,PROD00025,5,15713.93,39.05
ITEM0007304,ORD002434,PROD00085,3,45439.06,12.07
ITEM0007305,ORD002434,PROD00041,4,49090.2,23.5
ITEM0007306,ORD002434,PROD00163,4,26790.85,35.41
ITEM0007307,ORD002435,PROD00109,-3,65302.37,39.1
ITEM0007308,ORD002436,PROD00036,1,58272.86,6.21
ITEM0007309,ORD002437,PROD00136,5,14191.35,17.52
ITEM0007310,ORD002437,PROD00185,1,22804.06,19.53
ITEM0007311,ORD002437,PROD00043,3,21576.44,31.3
ITEM0007312,ORD002437,PROD00038,-3,56586.02,7.3
ITEM0007313,ORD002437,PROD00068,5,55867.83,24.82
ITEM0007314,ORD002438,PROD00078,5,26345.07,1.15
ITEM0007315,ORD002438,PROD00166,4,384.99,12.42
ITEM0007316,ORD002438,PROD00114,3,39126.59,23.28
ITEM0007317,ORD002438,PROD00002,3,14318.14,31.68
ITEM0007318,ORD002439,PROD00129,2,59853.02,4.37
ITEM0007319,ORD002439,PROD00186,3,38662.34,6.09
ITEM0007320,ORD002440,PROD00170,5,2657.87,4.89
ITEM0007321,ORD002440,PROD00075,5,15355.14,10.96
ITEM0007322,ORD002440,PROD00128,1,65953.95,10.66
ITEM0007323,ORD002440,PROD00074,3,69959.93,38.45
ITEM0007324,ORD002440,PROD00099,2,70858.58,18.01
ITEM0007325,ORD002441,PROD00157,3,13347.45,5.36
ITEM0007326,ORD002441,PROD00024,5,20288.26,39.02
ITEM0007327,ORD002442,PROD00129,4,67550.89,28.85
ITEM0007328,ORD002442,PROD00187,2,38581.51,8.86
ITEM0007329,ORD002442,PROD00075,5,17049.85,1.1
ITEM0007330,ORD002442,PROD00018,5,8196.46,13.5
ITEM0007331,ORD002442,PROD00150,2,15340.47,23.58
ITEM0007332,ORD002443,PROD00140,2,53204.53,8.73
ITEM0007333,ORD002443,PROD00088,3,26212.63,33.94
ITEM0007334,ORD002444,PROD00021,3,19660.96,35.67
ITEM0007335,ORD002445,PROD00162,5,33924.76,26.5
ITEM0007336,ORD002445,PROD00187,2,38287.83,34.48
ITEM0007337,ORD002445,PROD00003,1,39069.61,1.43
ITEM0007338,ORD002445,PROD00066,5,37695.59,31.74
ITEM0007339,ORD002446,PROD00194,5,43322.29,33.67
ITEM0007340,ORD002446,PROD00182,2,21659.42,26.58
ITEM0007341,ORD002447,PROD00054,3,19821.73,0.13
ITEM0007342,ORD002447,PROD00138,1,33013.41,39.66
ITEM0007343,ORD002447,PROD00118,3,42524.76,8.68
ITEM0007344,ORD002447,PROD00179,5,44274.26,33.33
ITEM0007345,ORD002447,PROD00134,5,30095.06,2.43
ITEM0007346,ORD002448,PROD00164,2,70114.23,5.91
ITEM0007347,ORD002448,PROD00154,1,49639.9,6.91
ITEM0007348,ORD002448,PROD00191,1,20860.24,16.62
ITEM0007349,ORD002448,PROD00161,4,12449.3,6.87
ITEM0007350,ORD002449,PROD00027,1,60761.51,6.01
ITEM0007351,ORD002449,PROD00148,5,61597.49,0.74
ITEM0007352,ORD002449,PROD00119,3,25796.25,26.56
ITEM0007353,ORD002449,PROD00094,3,41798.65,39.01
ITEM0007354,ORD002449,PROD00161,1,16267.43,17.42
ITEM0007355,ORD002450,PROD00022,4,54385.21,9.36
ITEM0007356,ORD002450,PROD00106,5,70792.93,10.36
ITEM0007357,ORD002450,PROD00018,1,10745.49,25.19
ITEM0007358,ORD002450,PROD00117,1,20458.99,23.62
ITEM0007359,ORD002451,PROD00072,2,8241.33,4.62
ITEM0007360,ORD002452,PROD00148,1,70417.86,35.16
ITEM0007361,ORD002452,PROD00047,3,20723.55,6.27
ITEM0007362,ORD002452,PROD00146,4,71444.71,22.06
ITEM0007363,ORD002453,PROD00103,1,42232.82,14.89
ITEM0007364,ORD002453,PROD00162,1,24141.76,0.81
ITEM0007365,ORD002453,PROD00027,1,75032.65,31.9
ITEM0007366,ORD002453,PROD00105,5,65914.32,17.47
ITEM0007367,ORD002454,PROD00092,5,13921.81,38.1
ITEM0007368,ORD002454,PROD00172,5,345.53,10.61
ITEM0007369,ORD002454,PROD00122,5,59785.98,12.54
ITEM0007370,ORD002455,PROD00099,2,62828.28,5.95
ITEM0007371,ORD002455,PROD00128,3,71776.0,31.94
ITEM0007372,ORD002455,PROD00174,-1,39525.41,27.76
ITEM0007373,ORD002455,PROD00169,1,34196.36,2.97
ITEM0007374,ORD002456,PROD00008,5,46145.53,24.99
ITEM0007375,ORD002457,PROD00135,4,40188.56,27.36
ITEM0007376,ORD002457,PROD00047,2,23354.64,36.33
ITEM0007377,ORD002457,PROD00187,-2,56615.21,3.42
ITEM0007378,ORD002457,PROD00070,1,46904.31,37.49
ITEM0007379,ORD002457,PROD00134,3,29646.49,23.21
ITEM0007380,ORD002458,PROD00122,3,56900.73,13.03
ITEM0007381,ORD002458,PROD00156,4,13693.7,4.54
ITEM0007382,ORD002458,PROD00093,2,9845.5,35.66
ITEM0007383,ORD002458,PROD00097,1,46322.54,34.69
ITEM0007384,ORD002458,PROD00058,2,15711.23,34.8
ITEM0007385,ORD002459,PROD00123,3,55758.42,21.52
ITEM0007386,ORD002459,PROD00193,1,416.08,31.55
ITEM0007387,ORD002459,PROD00010,5,34447.75,30.84
ITEM0007388,ORD002460,PROD00048,3,2152.09,36.06
ITEM0007389,ORD002460,PROD00106,3,57175.31,35.69
ITEM0007390,ORD002460,PROD00017,1,32769.27,39.66
ITEM0007391,ORD002460,PROD00075,5,20352.6,17.74
ITEM0007392,ORD002460,PROD00178,2,13608.27,17.78
ITEM0007393,ORD002461,PROD00070,1,47170.07,14.92
ITEM0007394,ORD002462,PROD00159,3,52875.47,24.36
ITEM0007395,ORD002462,PROD00026,3,44391.13,10.06
ITEM0007396,ORD002463,PROD00171,3,66288.63,16.51
ITEM0007397,ORD002464,PROD00135,2,46625.2,13.24
ITEM0007398,ORD002464,PROD00073,5,4908.51,32.5
ITEM0007399,ORD002464,PROD00148,2,51860.94,32.53
ITEM0007400,ORD002464,PROD00044,1,71117.17,29.38
ITEM0007401,ORD002465,PROD00035,5,12932.7,24.61
ITEM0007402,ORD002466,PROD00192,1,32254.56,5.94
ITEM0007403,ORD002467,PROD00147,2,40707.73,23.57
ITEM0007404,ORD002467,PROD00077,5,48087.22,4.86
ITEM0007405,ORD002468,PROD00187,5,40533.96,20.38
ITEM0007406,ORD002468,PROD00067,5,40076.94,3.87
ITEM0007407,ORD002468,PROD00160,-3,40870.87,28.01
ITEM0007408,ORD002468,PROD00163,1,27141.94,7.09
ITEM0007409,ORD002469,PROD00160,5,49791.76,8.93
ITEM0007410,ORD002469,PROD00017,4,28974.93,30.7
ITEM0007411,ORD002469,PROD00019,2,4894.11,18.88
ITEM0007412,ORD002470,PROD00113,4,34127.94,37.39
ITEM0007413,ORD002470,PROD00156,4,15609.63,7.02
ITEM0007414,ORD002470,PROD00054,2,22972.69,31.42
ITEM0007415,ORD002470,PROD00001,1,59317.53,20.52
ITEM0007416,ORD002471,PROD00101,2,35156.59,26.45
ITEM0007417,ORD002471,PROD00075,2,20976.41,14.61
ITEM0007418,ORD002471,PROD00046,4,29993.11,3.49
ITEM0007419,ORD002472,PROD00094,2,43655.3,15.31
ITEM0007420,ORD002472,PROD00074,4,73294.26,36.67
ITEM0007421,ORD002473,PROD00058,5,12972.23,29.82
ITEM0007422,ORD002473,PROD00031,1,28760.69,20.0
ITEM0007423,ORD002473,PROD00053,2,88477.98,28.99
ITEM0007424,ORD002474,PROD00182,3,17627.63,36.93
ITEM0007425,ORD002474,PROD00009,3,33283.57,5.33
ITEM0007426,ORD002474,PROD00075,5,23345.57,32.89
ITEM0007427,ORD002474,PROD00111,1,66947.91,24.96
ITEM0007428,ORD002474,PROD00001,1,70633.16,19.53
ITEM0007429,ORD002475,PROD00006,2,55848.95,27.86
ITEM0007430,ORD002475,PROD00139,2,46835.9,28.09
ITEM0007431,ORD002475,PROD00066,2,50039.41,17.03
ITEM0007432,ORD002475,PROD00143,2,6408.54,12.15
ITEM0007433,ORD002475,PROD00021,4,23087.8,30.99
ITEM0007434,ORD002476,PROD00050,5,87030.61,25.69
ITEM0007435,ORD002476,PROD00100,5,5231.96,18.26
ITEM0007436,ORD002477,PROD00021,4,18746.19,31.92
ITEM0007437,ORD002477,PROD00027,4,60849.71,4.39
ITEM0007438,ORD002477,PROD00022,4,63608.91,23.76
ITEM0007439,ORD002477,PROD00055,4,42813.44,15.19
ITEM0007440,ORD002477,PROD00007,3,26208.15,31.8
ITEM0007441,ORD002478,PROD00105,5,54745.39,2.17
ITEM0007442,ORD002478,PROD00170,2,3553.95,36.43
ITEM0007443,ORD002479,PROD00116,2,28214.76,14.17
ITEM0007444,ORD002479,PROD00019,4,5526.34,38.32
ITEM0007445,ORD002480,PROD00104,4,57356.76,33.26
ITEM0007446,ORD002480,PROD00194,5,40342.6,33.55
ITEM0007447,ORD002480,PROD00040,4,20230.86,29.4
ITEM0007448,ORD002480,PROD00118,5,58697.35,0.37
ITEM0007449,ORD002480,PROD00057,3,42939.08,26.01
ITEM0007450,ORD002481,PROD00005,4,69590.71,19.05
ITEM0007451,ORD002481,PROD00105,1,44493.39,10.65
ITEM0007452,ORD002482,PROD00117,5,22449.14,5.02
ITEM0007453,ORD002482,PROD00124,4,31101.74,3.92
ITEM0007454,ORD002482,PROD00026,3,52089.73,9.35
ITEM0007455,ORD002482,PROD00180,5,46632.25,3.07
ITEM0007456,ORD002482,PROD00177,5,62205.07,20.06
ITEM0007457,ORD002483,PROD00041,2,49438.51,15.63
ITEM0007458,ORD002483,PROD00031,5,37338.89,28.95
ITEM0007459,ORD002483,PROD00081,2,18847.8,12.61
ITEM0007460,ORD002484,PROD00049,2,42158.53,17.11
ITEM0007461,ORD002484,PROD00156,4,11634.43,32.05
ITEM0007462,ORD002484,PROD00146,3,77419.86,6.48
ITEM0007463,ORD002485,PROD00198,-2,31578.19,32.8
ITEM0007464,ORD002485,PROD00116,2,35037.6,24.54
ITEM0007465,ORD002485,PROD00114,3,31733.69,37.03
ITEM0007466,ORD002485,PROD00055,4,42043.55,29.03
ITEM0007467,ORD002486,PROD00112,3,57298.86,1.13
ITEM0007468,ORD002486,PROD00067,3,52866.04,4.71
ITEM0007469,ORD002486,PROD00124,1,28850.06,15.73
ITEM0007470,ORD002486,PROD00136,2,12582.63,34.43
ITEM0007471,ORD002487,PROD00158,2,29725.26,14.19
ITEM0007472,ORD002487,PROD00078,5,28770.71,3.05
ITEM0007473,ORD002488,PROD00134,1,30170.6,25.07
ITEM0007474,ORD002488,PROD00004,3,4312.48,38.45
ITEM0007475,ORD002488,PROD00103,2,56386.75,5.89
ITEM0007476,ORD002489,PROD00059,3,82533.12,33.56
ITEM0007477,ORD002489,PROD00122,2,75907.16,28.8
ITEM0007478,ORD002490,PROD00041,3,53578.42,37.77
ITEM0007479,ORD002491,PROD00073,5,4951.31,18.08
ITEM0007480,ORD002491,PROD00015,3,77896.21,21.01
ITEM0007481,ORD002492,PROD00037,1,33032.22,31.7
ITEM0007482,ORD002493,PROD00192,3,30994.69,0.9
ITEM0007483,ORD002494,PROD00079,5,31781.06,5.24
ITEM0007484,ORD002494,PROD00028,5,70058.74,10.93
ITEM0007485,ORD002494,PROD00096,3,4169.43,0.68
ITEM0007486,ORD002494,PROD00135,4,44163.89,23.12
ITEM0007487,ORD002495,PROD00199,3,7204.73,4.8
ITEM0007488,ORD002495,PROD00147,2,43887.85,28.63
ITEM0007489,ORD002496,PROD00073,4,5400.7,29.78
ITEM0007490,ORD002497,PROD00152,4,40523.89,25.62
ITEM0007491,ORD002498,PROD00039,3,37139.27,16.88
ITEM0007492,ORD002498,PROD00110,5,24108.86,15.02
ITEM0007493,ORD002499,PROD00059,1,79091.19,31.51
ITEM0007494,ORD002499,PROD00072,1,8972.03,20.92
ITEM0007495,ORD002499,PROD00184,5,8976.98,37.87
ITEM0007496,ORD002500,PROD00187,3,45928.93,6.08
ITEM0007497,ORD002500,PROD00167,1,13488.73,33.91
ITEM0007498,ORD002500,PROD00143,4,7687.35,30.02
ITEM0007499,ORD002501,PROD00071,4,22371.65,0.47
ITEM0007500,ORD002501,PROD00024,3,31441.26,32.12
ITEM0007501,ORD002501,PROD00044,5,52147.36,2.54
ITEM0007502,ORD002501,PROD00045,1,63212.65,21.59
ITEM0007503,ORD002502,PROD00105,2,50089.49,28.02
ITEM0007504,ORD002502,PROD00036,1,54973.43,18.68
ITEM0007505,ORD002502,PROD00183,1,75442.86,29.08
ITEM0007506,ORD002502,PROD00188,1,8371.02,31.43
ITEM0007507,ORD002502,PROD00134,3,22124.12,13.4
ITEM0007508,ORD002503,PROD00185,4,17671.05,27.87
ITEM0007509,ORD002503,PROD00074,1,61900.32,35.72
ITEM0007510,ORD002504,PROD00106,2,59066.52,13.25
ITEM0007511,ORD002504,PROD00195,1,6473.85,28.61
ITEM0007512,ORD002504,PROD00012,1,48835.96,1.35
ITEM0007513,ORD002504,PROD00193,1,402.98,13.41
ITEM0007514,ORD002505,PROD00185,4,19950.08,3.65
ITEM0007515,ORD002505,PROD00039,1,28195.21,14.31
ITEM0007516,ORD002505,PROD00119,5,23800.8,11.61
ITEM0007517,ORD002506,PROD00130,-3,29203.7,24.96
ITEM0007518,ORD002506,PROD00131,4,46110.38,28.14
ITEM0007519,ORD002506,PROD00006,5,68537.32,33.25
ITEM0007520,ORD002506,PROD00159,4,55074.75,3.75
ITEM0007521,ORD002507,PROD00125,5,53681.14,5.1
ITEM0007522,ORD002507,PROD00038,3,46525.46,21.33
ITEM0007523,ORD002508,PROD00107,2,75399.27,14.7
ITEM0007524,ORD002508,PROD00109,3,59258.16,38.5
ITEM0007525,ORD002509,PROD00115,4,49592.45,2.27
ITEM0007526,ORD002509,PROD00085,5,52012.34,11.35
ITEM0007527,ORD002509,PROD00048,2,2398.36,1.3
ITEM0007528,ORD002509,PROD00106,5,46979.92,3.73
ITEM0007529,ORD002509,PROD00089,5,48934.71,7.12
ITEM0007530,ORD002510,PROD00145,4,28097.92,15.28
ITEM0007531,ORD002510,PROD00186,1,34894.11,30.74
ITEM0007532,ORD002511,PROD00127,5,5332.09,4.96
ITEM0007533,ORD002511,PROD00067,1,45226.25,37.14
ITEM0007534,ORD002512,PROD00200,4,56137.78,13.12
ITEM0007535,ORD002512,PROD00099,3,54718.66,35.71
ITEM0007536,ORD002512,PROD00010,2,41132.54,11.36
ITEM0007537,ORD002512,PROD00013,4,55706.26,28.16
ITEM0007538,ORD002512,PROD00178,3,16005.19,18.26
ITEM0007539,ORD002513,PROD00159,5,56855.13,24.09
ITEM0007540,ORD002513,PROD00179,1,54960.81,23.86
ITEM0007541,ORD002513,PROD00170,1,2677.92,0.71
ITEM0007542,ORD002514,PROD00033,4,32844.35,5.36
ITEM0007543,ORD002514,PROD00100,1,3577.85,3.88
ITEM0007544,ORD002515,PROD00007,1,29007.27,0.03
ITEM0007545,ORD002515,PROD00131,3,57142.89,36.99
ITEM0007546,ORD002516,PROD00171,5,77833.38,17.83
ITEM0007547,ORD002516,PROD00160,-2,33978.62,20.32
ITEM0007548,ORD002516,PROD00191,5,28067.76,2.66
ITEM0007549,ORD002516,PROD00108,2,54251.27,24.56
ITEM0007550,ORD002517,PROD00127,5,4511.83,4.62
ITEM0007551,ORD002517,PROD00044,4,44870.18,8.11
ITEM0007552,ORD002517,PROD00046,3,40194.52,3.71
ITEM0007553,ORD002517,PROD00073,1,6231.86,2.11
ITEM0007554,ORD002518,PROD00127,5,4247.77,8.77
ITEM0007555,ORD002518,PROD00161,3,16538.75,39.07
ITEM0007556,ORD002518,PROD00011,4,26709.75,15.0
ITEM0007557,ORD002519,PROD00054,5,27171.36,27.55
ITEM0007558,ORD002519,PROD00103,4,57373.78,15.03
ITEM0007559,ORD002519,PROD00143,2,6643.34,26.97
ITEM0007560,ORD002519,PROD00087,3,33184.97,16.74
ITEM0007561,ORD002520,PROD00167,1,11936.13,33.68
ITEM0007562,ORD002521,PROD00181,1,43687.86,2.44
ITEM0007563,ORD002521,PROD00059,5,64173.06,4.0
ITEM0007564,ORD002522,PROD00037,4,37745.32,39.47
ITEM0007565,ORD002522,PROD00099,5,51481.31,2.5
ITEM0007566,ORD002522,PROD00143,2,8974.68,6.21
ITEM0007567,ORD002522,PROD00046,1,28267.08,18.95
ITEM0007568,ORD002522,PROD00117,2,19384.92,19.63
ITEM0007569,ORD002523,PROD00182,3,22667.5,31.42
ITEM0007570,ORD002524,PROD00088,5,26075.49,6.36
ITEM0007571,ORD002525,PROD00191,-3,25983.22,18.8
ITEM0007572,ORD002525,PROD00154,5,57168.44,4.01
ITEM0007573,ORD002525,PROD00061,2,45264.3,22.74
ITEM0007574,ORD002525,PROD00108,5,45975.81,30.79
ITEM0007575,ORD002526,PROD00086,2,6480.44,26.86
ITEM0007576,ORD002526,PROD00153,3,45905.76,17.97
ITEM0007577,ORD002527,PROD00064,5,22300.88,39.82
ITEM0007578,ORD002527,PROD00120,4,57372.2,31.03
ITEM0007579,ORD002527,PROD00185,1,22467.33,4.38
ITEM0007580,ORD002528,PROD00199,1,6340.63,5.29
ITEM0007581,ORD002529,PROD00139,3,36930.5,5.52
ITEM0007582,ORD002529,PROD00021,1,18316.26,17.33
ITEM0007583,ORD002530,PROD00040,2,23636.39,19.97
ITEM0007584,ORD002530,PROD00094,2,58972.56,0.38
ITEM0007585,ORD002531,PROD00071,5,21881.94,24.33
ITEM0007586,ORD002531,PROD00021,4,19901.29,7.57
ITEM0007587,ORD002531,PROD00172,5,526.15,12.93
ITEM0007588,ORD002532,PROD00030,4,60001.82,2.29
ITEM0007589,ORD002532,PROD00194,1,57864.13,34.73
ITEM0007590,ORD002532,PROD00043,1,31059.09,22.29
ITEM0007591,ORD002532,PROD00196,4,33866.3,17.96
ITEM0007592,ORD002532,PROD00147,2,29885.69,14.7
ITEM0007593,ORD002533,PROD00137,4,57484.24,11.32
ITEM0007594,ORD002534,PROD00016,3,72840.04,9.99
ITEM0007595,ORD002535,PROD00172,2,488.9,16.7
ITEM0007596,ORD002536,PROD00048,3,2569.67,25.33
ITEM0007597,ORD002536,PROD00057,1,42152.02,8.87
ITEM0007598,ORD002536,PROD00040,2,18150.98,16.98
ITEM0007599,ORD002536,PROD00114,5,42527.9,7.33
ITEM0007600,ORD002536,PROD00043,2,32544.66,7.97
ITEM0007601,ORD002537,PROD00122,4,70017.68,2.53
ITEM0007602,ORD002537,PROD00166,3,425.34,13.76
ITEM0007603,ORD002537,PROD00076,3,63320.41,16.18
ITEM0007604,ORD002537,PROD00199,3,6485.96,20.13
ITEM0007605,ORD002538,PROD00091,5,47335.24,29.37
ITEM0007606,ORD002538,PROD00090,5,434.54,36.53
ITEM0007607,ORD002538,PROD00139,3,46344.51,27.36
ITEM0007608,ORD002539,PROD00071,5,21316.98,28.17
ITEM0007609,ORD002539,PROD00191,1,21311.18,34.55
ITEM0007610,ORD002539,PROD00158,2,28501.84,32.2
ITEM0007611,ORD002540,PROD00038,1,62693.6,4.19
ITEM0007612,ORD002540,PROD00189,4,6995.71,36.74
ITEM0007613,ORD002541,PROD00108,5,44551.86,33.6
ITEM0007614,ORD002541,PROD00036,1,51007.54,25.51
ITEM0007615,ORD002541,PROD00092,2,13064.36,3.77
ITEM0007616,ORD002541,PROD00024,2,27994.57,3.82
ITEM0007617,ORD002542,PROD00114,5,41775.17,26.44
ITEM0007618,ORD002543,PROD00123,1,62927.24,9.84
ITEM0007619,ORD002543,PROD00020,5,73008.89,2.29
ITEM0007620,ORD002543,PROD00003,4,39707.04,20.76
ITEM0007621,ORD002543,PROD00092,3,17661.35,24.89
ITEM0007622,ORD002543,PROD00066,4,34023.34,35.04
ITEM0007623,ORD002544,PROD00198,2,24752.98,30.95
ITEM0007624,ORD002544,PROD00062,3,64449.41,12.44
ITEM0007625,ORD002545,PROD00179,-2,53345.36,20.96
ITEM0007626,ORD002545,PROD00145,2,29091.83,18.53
ITEM0007627,ORD002545,PROD00037,2,36107.2,24.77
ITEM0007628,ORD002546,PROD00124,2,29061.31,5.15
ITEM0007629,ORD002547,PROD00054,5,24840.67,16.72
ITEM0007630,ORD002547,PROD00034,2,61388.7,1.34
ITEM0007631,ORD002548,PROD00018,1,7497.75,21.99
ITEM0007632,ORD002549,PROD00122,5,62596.74,5.21
ITEM0007633,ORD002550,PROD00033,5,25245.52,2.53
ITEM0007634,ORD002550,PROD00174,3,42842.72,20.2
ITEM0007635,ORD002550,PROD00080,4,4698.72,2.12
ITEM0007636,ORD002550,PROD00132,5,8650.27,19.17
ITEM0007637,ORD002551,PROD00113,4,48874.11,32.72
ITEM0007638,ORD002551,PROD00117,4,24308.66,32.89
ITEM0007639,ORD002551,PROD00004,1,3388.67,17.73
ITEM0007640,ORD002551,PROD00174,5,51509.8,23.06
ITEM0007641,ORD002552,PROD00190,3,43849.3,5.83
ITEM0007642,ORD002552,PROD00095,5,24016.84,35.86
ITEM0007643,ORD002552,PROD00009,1,51764.5,8.81
ITEM0007644,ORD002552,PROD00023,2,30718.33,24.98
ITEM0007645,ORD002553,PROD00102,3,35253.07,18.95
ITEM0007646,ORD002553,PROD00080,3,5051.81,29.3
ITEM0007647,ORD002554,PROD00032,5,67713.07,0.21
ITEM0007648,ORD002554,PROD00129,5,76383.57,20.96
ITEM0007649,ORD002554,PROD00138,1,38833.73,7.72
ITEM0007650,ORD002555,PROD00113,3,37017.31,21.07
ITEM0007651,ORD002556,PROD00122,3,76083.63,32.59
ITEM0007652,ORD002557,PROD00154,3,55716.6,36.62
ITEM0007653,ORD002557,PROD00017,-1,30486.67,7.7
ITEM0007654,ORD002558,PROD00148,4,45576.46,6.98
ITEM0007655,ORD002558,PROD00177,4,56706.27,7.96
ITEM0007656,ORD002558,PROD00120,2,79129.33,4.55
ITEM0007657,ORD002558,PROD00052,5,80639.21,25.18
ITEM0007658,ORD002558,PROD00188,2,11073.03,24.96
ITEM0007659,ORD002559,PROD00089,2,48774.52,15.38
ITEM0007660,ORD002559,PROD00135,5,50732.07,9.39
ITEM0007661,ORD002559,PROD00189,5,9441.71,4.57
ITEM0007662,ORD002559,PROD00110,3,22010.32,37.46
ITEM0007663,ORD002559,PROD00120,5,60116.66,38.81
ITEM0007664,ORD002560,PROD00137,5,35933.56,26.74
ITEM0007665,ORD002561,PROD00165,1,54335.42,11.02
ITEM0007666,ORD002561,PROD00177,4,89506.71,31.15
ITEM0007667,ORD002561,PROD00089,4,45701.81,21.93
ITEM0007668,ORD002561,PROD00019,2,4738.12,15.1
ITEM0007669,ORD002561,PROD00060,1,10231.99,38.81
ITEM0007670,ORD002562,PROD00141,4,32008.4,10.28
ITEM0007671,ORD002562,PROD00177,4,66089.28,34.7
ITEM0007672,ORD002562,PROD00194,5,49786.05,5.22
ITEM0007673,ORD002562,PROD00026,1,47605.03,5.8
ITEM0007674,ORD002563,PROD00076,3,69638.78,4.76
ITEM0007675,ORD002564,PROD00107,2,72754.94,35.97
ITEM0007676,ORD002564,PROD00033,4,29111.7,23.23
ITEM0007677,ORD002564,PROD00061,4,35198.2,32.8
ITEM0007678,ORD002565,PROD00165,5,49407.21,4.76
ITEM0007679,ORD002565,PROD00126,3,77266.67,7.82
ITEM0007680,ORD002565,PROD00016,3,62518.81,37.53
ITEM0007681,ORD002566,PROD00163,-2,26311.89,6.76
ITEM0007682,ORD002567,PROD00094,1,56161.68,7.86
ITEM0007683,ORD002568,PROD00169,1,37846.13,8.23
ITEM0007684,ORD002568,PROD00040,2,21265.74,2.65
ITEM0007685,ORD002569,PROD00067,4,34522.17,25.23
ITEM0007686,ORD002569,PROD00038,4,55352.01,21.42
ITEM0007687,ORD002569,PROD00187,2,40856.21,31.27
ITEM0007688,ORD002569,PROD00156,4,16489.21,33.04
ITEM0007689,ORD002570,PROD00139,5,39840.31,30.17
ITEM0007690,ORD002571,PROD00104,1,52228.79,0.86
ITEM0007691,ORD002571,PROD00062,1,57890.15,39.73
ITEM0007692,ORD002571,PROD00174,1,49097.52,2.21
ITEM0007693,ORD002572,PROD00106,1,49262.92,27.64
ITEM0007694,ORD002572,PROD00019,2,4079.73,8.77
ITEM0007695,ORD002572,PROD00120,3,55088.02,5.84
ITEM0007696,ORD002572,PROD00126,1,70413.33,27.22
ITEM0007697,ORD002573,PROD00029,4,20876.0,26.06
ITEM0007698,ORD002573,PROD00100,1,4508.53,6.03
ITEM0007699,ORD002573,PROD00046,1,33661.23,34.6
ITEM0007700,ORD002573,PROD00187,2,37963.03,7.49
ITEM0007701,ORD002573,PROD00071,4,24859.61,4.88
ITEM0007702,ORD002574,PROD00018,3,8960.97,38.0
ITEM0007703,ORD002574,PROD00012,1,66269.16,10.19
ITEM0007704,ORD002574,PROD00192,2,45313.77,10.14
ITEM0007705,ORD002575,PROD00097,5,55062.81,16.3
ITEM0007706,ORD002576,PROD00119,2,26990.26,26.74
ITEM0007707,ORD002576,PROD00001,5,71855.67,32.16
ITEM0007708,ORD002577,PROD00161,2,15675.3,38.99
ITEM0007709,ORD002577,PROD00058,1,16729.31,22.73
ITEM0007710,ORD002578,PROD00053,1,71757.88,4.87
ITEM0007711,ORD002578,PROD00077,3,53166.39,34.15
ITEM0007712,ORD002578,PROD00038,1,49348.76,36.87
ITEM0007713,ORD002579,PROD00035,2,16972.17,35.0
ITEM0007714,ORD002579,PROD00068,1,42823.71,30.38
ITEM0007715,ORD002579,PROD00144,5,43581.51,1.07
ITEM0007716,ORD002580,PROD00027,2,73731.42,2.62
ITEM0007717,ORD002581,PROD00099,1,56501.64,4.74
ITEM0007718,ORD002581,PROD00032,2,66783.03,31.1
ITEM0007719,ORD002582,PROD00121,4,57882.34,7.75
ITEM0007720,ORD002582,PROD00069,2,55669.01,31.96
ITEM0007721,ORD002582,PROD00108,2,49824.85,12.16
ITEM0007722,ORD002582,PROD00181,3,45885.91,23.05
ITEM0007723,ORD002583,PROD00088,1,19778.53,16.4
ITEM0007724,ORD002583,PROD00113,4,36229.58,6.1
ITEM0007725,ORD002583,PROD00077,4,55389.67,9.31
ITEM0007726,ORD002583,PROD00125,1,60649.85,21.32
ITEM0007727,ORD002583,PROD00022,1,58200.18,7.87
ITEM0007728,ORD002584,PROD00100,1,4775.5,17.23
ITEM0007729,ORD002584,PROD00052,-2,71672.42,10.07
ITEM0007730,ORD002585,PROD00089,4,45063.61,21.59
ITEM0007731,ORD002586,PROD00018,5,12055.71,9.54
ITEM0007732,ORD002587,PROD00178,4,11107.92,26.4
ITEM0007733,ORD002587,PROD00161,5,15015.5,36.65
ITEM0007734,ORD002588,PROD00197,1,8274.12,22.76
ITEM0007735,ORD002588,PROD00122,5,50289.7,21.58
ITEM0007736,ORD002588,PROD00060,3,13890.21,21.37
ITEM0007737,ORD002588,PROD00158,2,27528.07,11.56
ITEM0007738,ORD002589,PROD00147,-3,38462.08,25.11
ITEM0007739,ORD002590,PROD00071,5,27406.58,17.41
ITEM0007740,ORD002590,PROD00101,5,44822.67,18.95
ITEM0007741,ORD002591,PROD00085,3,57146.29,35.58
ITEM0007742,ORD002592,PROD00170,5,3513.16,28.89
ITEM0007743,ORD002592,PROD00161,4,13914.01,26.06
ITEM0007744,ORD002593,PROD00009,2,41194.36,21.95
ITEM0007745,ORD002593,PROD00013,5,37391.39,23.05
ITEM0007746,ORD002594,PROD00057,2,41511.57,7.05
ITEM0007747,ORD002594,PROD00081,4,18938.41,18.07
ITEM0007748,ORD002594,PROD00183,5,64068.14,26.08
ITEM0007749,ORD002595,PROD00187,1,58920.19,4.31
ITEM0007750,ORD002595,PROD00020,1,70797.48,7.73
ITEM0007751,ORD002595,PROD00018,2,7683.1,38.64
ITEM0007752,ORD002596,PROD00128,3,60376.84,0.47
ITEM0007753,ORD002596,PROD00033,4,28715.38,14.59
ITEM0007754,ORD002597,PROD00017,3,22297.01,27.04
ITEM0007755,ORD002597,PROD00111,3,61129.18,25.3
ITEM0007756,ORD002597,PROD00038,4,50220.64,26.58
ITEM0007757,ORD002597,PROD00060,2,15105.1,33.46
ITEM0007758,ORD002598,PROD00092,3,16479.53,13.84
ITEM0007759,ORD002599,PROD00013,1,47293.64,28.78
ITEM0007760,ORD002599,PROD00192,5,34116.75,18.35
ITEM0007761,ORD002600,PROD00003,2,36033.87,24.77
ITEM0007762,ORD002600,PROD00122,3,52243.26,22.34
ITEM0007763,ORD002600,PROD00168,2,49652.82,6.02
ITEM0007764,ORD002600,PROD00093,1,9503.78,2.5
ITEM0007765,ORD002601,PROD00052,1,72810.78,20.89
ITEM0007766,ORD002601,PROD00125,2,67629.4,23.37
ITEM0007767,ORD002601,PROD00135,3,56483.13,7.64
ITEM0007768,ORD002601,PROD00020,4,67528.6,3.11
ITEM0007769,ORD002602,PROD00073,1,6802.34,22.11
ITEM0007770,ORD002602,PROD00015,1,62060.71,24.53
ITEM0007771,ORD002602,PROD00056,1,71001.52,32.44
ITEM0007772,ORD002602,PROD00195,4,4819.27,9.33
ITEM0007773,ORD002602,PROD00130,1,34244.05,13.14
ITEM0007774,ORD002603,PROD00107,3,87818.13,29.93
ITEM0007775,ORD002603,PROD00036,2,74615.73,22.12
ITEM0007776,ORD002603,PROD00049,2,30022.39,7.86
ITEM0007777,ORD002603,PROD00064,5,23335.64,26.74
ITEM0007778,ORD002603,PROD00079,5,27421.4,33.31
ITEM0007779,ORD002604,PROD00042,3,66135.13,20.15
ITEM0007780,ORD002604,PROD00157,5,16589.22,12.94
ITEM0007781,ORD002604,PROD00162,1,27860.28,16.42
ITEM0007782,ORD002604,PROD00150,3,15567.61,39.74
ITEM0007783,ORD002604,PROD00136,2,9353.34,16.6
ITEM0007784,ORD002605,PROD00076,4,44960.31,33.39
ITEM0007785,ORD002605,PROD00119,1,29588.06,37.08
ITEM0007786,ORD002605,PROD00010,5,32194.53,5.64
ITEM0007787,ORD002605,PROD00072,3,7466.31,8.58
ITEM0007788,ORD002606,PROD00126,5,48284.97,10.17
ITEM0007789,ORD002606,PROD00198,1,21317.85,33.6
ITEM0007790,ORD002606,PROD00155,4,33049.8,0.44
ITEM0007791,ORD002606,PROD00147,1,39138.53,3.92
ITEM0007792,ORD002607,PROD00153,4,50630.97,33.81
ITEM0007793,ORD002607,PROD00145,1,26898.27,2.09
ITEM0007794,ORD002607,PROD00120,1,82179.88,38.05
ITEM0007795,ORD002607,PROD00006,2,67126.75,14.7
ITEM0007796,ORD002608,PROD00073,2,4587.46,8.82
ITEM0007797,ORD002608,PROD00019,5,4486.57,25.63
ITEM0007798,ORD002608,PROD00145,5,33392.89,34.61
ITEM0007799,ORD002608,PROD00003,1,43817.29,12.34
ITEM0007800,ORD002608,PROD00064,5,21466.93,39.45
ITEM0007801,ORD002609,PROD00197,4,7570.91,29.68
ITEM0007802,ORD002609,PROD00065,3,64621.27,31.81
ITEM0007803,ORD002610,PROD00146,3,53418.56,34.89
ITEM0007804,ORD002610,PROD00131,-1,53786.95,33.67
ITEM0007805,ORD002610,PROD00170,2,2238.47,21.59
ITEM0007806,ORD002610,PROD00019,4,5157.07,23.32
ITEM0007807,ORD002611,PROD00070,1,65876.61,23.59
ITEM0007808,ORD002611,PROD00091,-2,55541.16,6.74
ITEM0007809,ORD002612,PROD00077,5,49954.71,12.68
ITEM0007810,ORD002612,PROD00170,5,2289.25,34.85
ITEM0007811,ORD002612,PROD00083,2,64527.15,12.69
ITEM0007812,ORD002612,PROD00064,4,20479.26,34.22
ITEM0007813,ORD002613,PROD00188,2,12021.88,37.71
ITEM0007814,ORD002613,PROD00036,1,74352.23,18.71
ITEM0007815,ORD002614,PROD00144,2,39761.48,4.15
ITEM0007816,ORD002614,PROD00017,1,20937.7,14.36
ITEM0007817,ORD002614,PROD00050,3,53995.93,12.56
ITEM0007818,ORD002614,PROD00194,5,41792.59,12.43
ITEM0007819,ORD002615,PROD00193,2,406.2,26.06
ITEM0007820,ORD002616,PROD00122,3,56135.53,2.42
ITEM0007821,ORD002616,PROD00159,5,61366.3,21.94
ITEM0007822,ORD002616,PROD00102,3,29115.45,19.41
ITEM0007823,ORD002617,PROD00022,3,51580.32,1.62
ITEM0007824,ORD002617,PROD00029,2,16615.33,26.17
ITEM0007825,ORD002617,PROD00004,1,3810.05,29.96
ITEM0007826,ORD002617,PROD00174,2,36315.51,2.02
ITEM0007827,ORD002617,PROD00120,1,71342.36,6.39
ITEM0007828,ORD002618,PROD00120,3,66806.54,12.65
ITEM0007829,ORD002618,PROD00003,2,39564.71,5.51
ITEM0007830,ORD002618,PROD00067,5,45140.4,5.63
ITEM0007831,ORD002619,PROD00006,5,60981.85,35.49
ITEM0007832,ORD002620,PROD00038,4,55249.9,11.07
ITEM0007833,ORD002620,PROD00017,2,21851.37,5.04
ITEM0007834,ORD002620,PROD00146,2,48210.55,19.58
ITEM0007835,ORD002621,PROD00134,1,27220.33,36.65
ITEM0007836,ORD002621,PROD00055,5,57290.4,5.44
ITEM0007837,ORD002621,PROD00162,5,25279.32,23.15
ITEM0007838,ORD002622,PROD00158,5,21232.93,0.66
ITEM0007839,ORD002622,PROD00050,4,70712.45,0.35
ITEM0007840,ORD002622,PROD00065,1,56045.84,19.11
ITEM0007841,ORD002622,PROD00143,3,5843.89,25.79
ITEM0007842,ORD002623,PROD00162,4,25558.97,17.14
ITEM0007843,ORD002623,PROD00178,5,15361.11,22.4
ITEM0007844,ORD002623,PROD00193,1,263.43,22.65
ITEM0007845,ORD002623,PROD00132,5,9771.2,4.88
ITEM0007846,ORD002624,PROD00118,3,61557.9,13.29
ITEM0007847,ORD002624,PROD00187,3,57257.45,22.35
ITEM0007848,ORD002624,PROD00015,3,83577.93,7.89
ITEM0007849,ORD002624,PROD00172,1,532.59,22.93
ITEM0007850,ORD002624,PROD00079,-1,35768.52,0.68
ITEM0007851,ORD002625,PROD00143,1,8324.44,11.4
ITEM0007852,ORD002625,PROD00034,5,66504.11,34.09
ITEM0007853,ORD002625,PROD00151,2,2267.62,14.65
ITEM0007854,ORD002626,PROD00060,4,12487.86,20.15
ITEM0007855,ORD002626,PROD00076,2,65982.16,20.28
ITEM0007856,ORD002626,PROD00051,3,19179.03,36.6
ITEM0007857,ORD002626,PROD00155,5,35850.19,38.32
ITEM0007858,ORD002627,PROD00091,1,43962.38,13.78
ITEM0007859,ORD002627,PROD00081,1,16178.91,22.99
ITEM0007860,ORD002627,PROD00061,4,45467.32,10.97
ITEM0007861,ORD002627,PROD00136,2,12341.75,22.75
ITEM0007862,ORD002628,PROD00048,2,2741.84,4.94
ITEM0007863,ORD002629,PROD00061,1,45823.4,6.24
ITEM0007864,ORD002629,PROD00174,2,43260.23,38.95
ITEM0007865,ORD002630,PROD00186,4,35377.8,25.4
ITEM0007866,ORD002630,PROD00122,4,72657.45,4.59
ITEM0007867,ORD002630,PROD00016,5,59942.35,35.16
ITEM0007868,ORD002630,PROD00174,4,48123.84,36.39
ITEM0007869,ORD002630,PROD00047,4,21491.8,18.48
ITEM0007870,ORD002631,PROD00036,2,66332.2,19.37
ITEM0007871,ORD002631,PROD00063,4,53416.89,5.82
ITEM0007872,ORD002632,PROD00140,2,44477.59,26.59
ITEM0007873,ORD002632,PROD00086,-3,6630.77,27.84
ITEM0007874,ORD002632,PROD00183,1,69991.61,29.65
ITEM0007875,ORD002632,PROD00170,2,3204.88,22.17
ITEM0007876,ORD002633,PROD00195,5,5402.36,35.32
ITEM0007877,ORD002634,PROD00022,4,50458.8,13.16
ITEM0007878,ORD002634,PROD00134,4,28795.13,25.52
ITEM0007879,ORD002634,PROD00014,1,84667.45,10.05
ITEM0007880,ORD002634,PROD00147,1,31647.47,8.02
ITEM0007881,ORD002634,PROD00138,2,38390.29,11.46
ITEM0007882,ORD002635,PROD00018,5,8034.55,18.86
ITEM0007883,ORD002636,PROD00063,5,41857.07,28.84
ITEM0007884,ORD002637,PROD00179,4,56729.87,23.28
ITEM0007885,ORD002637,PROD00170,4,3168.71,18.02
ITEM0007886,ORD002638,PROD00136,2,9467.16,1.2
ITEM0007887,ORD002638,PROD00133,1,44005.56,38.4
ITEM0007888,ORD002638,PROD00153,3,54823.35,30.14
ITEM0007889,ORD002638,PROD00126,4,74139.36,35.23
ITEM0007890,ORD002639,PROD00022,4,50228.63,35.31
ITEM0007891,ORD002639,PROD00178,-2,14526.82,9.75
ITEM0007892,ORD002639,PROD00128,2,53833.32,19.34
ITEM0007893,ORD002639,PROD00025,2,14886.7,13.23
ITEM0007894,ORD002639,PROD00124,2,36541.25,31.9
ITEM0007895,ORD002640,PROD00180,2,40453.43,16.25
ITEM0007896,ORD002641,PROD00063,3,40472.84,28.13
ITEM0007897,ORD002641,PROD00032,5,58348.21,14.78
ITEM0007898,ORD002641,PROD00137,4,40492.66,10.55
ITEM0007899,ORD002641,PROD00184,4,7625.8,5.35
ITEM0007900,ORD002641,PROD00094,3,49954.92,23.6
ITEM0007901,ORD002642,PROD00066,5,46226.07,16.37
ITEM0007902,ORD002642,PROD00037,3,29532.76,22.44
ITEM0007903,ORD002643,PROD00065,1,81320.43,39.85
ITEM0007904,ORD002644,PROD00168,1,59174.44,25.48
ITEM0007905,ORD002644,PROD00136,2,12227.43,39.54
ITEM0007906,ORD002644,PROD00157,4,15549.59,21.49
ITEM0007907,ORD002645,PROD00126,3,68863.08,29.8
ITEM0007908,ORD002646,PROD00032,1,57559.06,14.06
ITEM0007909,ORD002646,PROD00006,2,54146.96,19.05
ITEM0007910,ORD002646,PROD00119,1,21351.19,16.49
ITEM0007911,ORD002646,PROD00027,2,48510.6,0.51
ITEM0007912,ORD002647,PROD00102,4,38880.22,13.96
ITEM0007913,ORD002647,PROD00092,2,13655.15,30.64
ITEM0007914,ORD002647,PROD00125,4,80238.96,17.67
ITEM0007915,ORD002647,PROD00147,2,32710.46,28.24
ITEM0007916,ORD002648,PROD00099,4,47858.21,38.58
ITEM0007917,ORD002648,PROD00105,-2,67097.29,39.4
ITEM0007918,ORD002648,PROD00173,4,24841.72,28.86
ITEM0007919,ORD002648,PROD00064,3,18464.23,24.78
ITEM0007920,ORD002648,PROD00115,1,60619.21,37.73
ITEM0007921,ORD002649,PROD00043,1,22301.74,26.41
ITEM0007922,ORD002649,PROD00090,2,444.74,5.63
ITEM0007923,ORD002649,PROD00022,1,59381.26,16.21
ITEM0007924,ORD002649,PROD00192,5,30404.22,28.29
ITEM0007925,ORD002649,PROD00155,4,41132.52,8.75
ITEM0007926,ORD002650,PROD00143,1,6275.99,37.96
ITEM0007927,ORD002650,PROD00061,2,46194.9,15.41
ITEM0007928,ORD002651,PROD00068,2,45545.05,38.76
ITEM0007929,ORD002652,PROD00177,3,57586.95,32.72
ITEM0007930,ORD002652,PROD00156,1,10637.05,23.27
ITEM0007931,ORD002653,PROD00127,2,5310.21,18.19
ITEM0007932,ORD002653,PROD00125,3,79904.67,18.57
ITEM0007933,ORD002653,PROD00059,3,61490.96,29.37
ITEM0007934,ORD002653,PROD00107,4,80930.4,20.29
ITEM0007935,ORD002654,PROD00003,1,38623.11,5.65
ITEM0007936,ORD002654,PROD00001,1,67196.47,19.14
ITEM0007937,ORD002654,PROD00133,4,43602.71,28.06
ITEM0007938,ORD002655,PROD00158,4,21668.33,8.07
ITEM0007939,ORD002656,PROD00052,4,82345.6,33.09
ITEM0007940,ORD002656,PROD00117,1,24777.53,3.45
ITEM0007941,ORD002656,PROD00059,4,56618.57,14.7
ITEM0007942,ORD002656,PROD00053,4,63688.97,10.8
ITEM0007943,ORD002656,PROD00032,2,59669.58,30.49
ITEM0007944,ORD002657,PROD00146,2,49119.88,24.37
ITEM0007945,ORD002657,PROD00138,3,31234.81,14.57
ITEM0007946,ORD002657,PROD00142,5,34412.44,39.48
ITEM0007947,ORD002657,PROD00004,3,4783.5,16.01
ITEM0007948,ORD002658,PROD00003,3,45174.97,18.38
ITEM0007949,ORD002659,PROD00034,5,51088.25,22.47
ITEM0007950,ORD002660,PROD00050,1,66931.64,21.55
ITEM0007951,ORD002661,PROD00010,5,33943.87,4.13
ITEM0007952,ORD002662,PROD00088,2,25480.65,17.96
ITEM0007953,ORD002662,PROD00193,1,393.89,13.07
ITEM0007954,ORD002663,PROD00131,2,67986.82,38.1
ITEM0007955,ORD002664,PROD00022,5,50793.31,4.24
ITEM0007956,ORD002664,PROD00154,3,59160.99,15.56
ITEM0007957,ORD002664,PROD00099,-2,58495.68,6.65
ITEM0007958,ORD002665,PROD00170,5,2455.18,12.9
ITEM0007959,ORD002665,PROD00188,5,11956.77,13.77
ITEM0007960,ORD002666,PROD00156,3,10886.22,13.87
ITEM0007961,ORD002666,PROD00060,5,12368.83,3.97
ITEM0007962,ORD002666,PROD00049,2,33659.78,15.2
ITEM0007963,ORD002666,PROD00084,3,42661.2,18.75
ITEM0007964,ORD002666,PROD00097,4,72044.46,18.17
ITEM0007965,ORD002667,PROD00120,5,62338.98,21.38
ITEM0007966,ORD002667,PROD00177,5,65983.1,27.52
ITEM0007967,ORD002668,PROD00112,2,70011.7,25.6
ITEM0007968,ORD002668,PROD00090,4,431.75,32.71
ITEM0007969,ORD002668,PROD00037,5,25799.06,2.06
ITEM0007970,ORD002668,PROD00031,1,33667.93,32.0
ITEM0007971,ORD002669,PROD00170,3,2352.36,0.19
ITEM0007972,ORD002669,PROD00191,1,24354.18,9.57
ITEM0007973,ORD002670,PROD00083,5,56430.84,5.36
ITEM0007974,ORD002670,PROD00163,4,21860.4,36.8
ITEM0007975,ORD002670,PROD00122,2,60496.56,38.85
ITEM0007976,ORD002670,PROD00198,-3,28668.98,1.44
ITEM0007977,ORD002670,PROD00142,1,40952.82,3.22
ITEM0007978,ORD002671,PROD00187,1,38659.12,38.09
ITEM0007979,ORD002671,PROD00168,1,59541.57,13.04
ITEM0007980,ORD002671,PROD00158,1,27460.49,25.92
ITEM0007981,ORD002671,PROD00043,2,24429.84,29.41
ITEM0007982,ORD002672,PROD00126,3,69612.38,38.52
ITEM0007983,ORD002672,PROD00178,5,17046.79,19.06
ITEM0007984,ORD002672,PROD00062,1,70549.89,0.9
ITEM0007985,ORD002672,PROD00103,4,43550.36,4.54
ITEM0007986,ORD002673,PROD00018,1,10365.69,34.06
ITEM0007987,ORD002673,PROD00126,5,51602.67,18.01
ITEM0007988,ORD002674,PROD00072,3,7822.62,9.78
ITEM0007989,ORD002674,PROD00005,5,58664.02,31.28
ITEM0007990,ORD002675,PROD00200,5,59538.59,29.7
ITEM0007991,ORD002675,PROD00110,4,33352.19,23.64
ITEM0007992,ORD002675,PROD00036,4,54840.87,26.48
ITEM0007993,ORD002675,PROD00066,2,40842.06,25.12
ITEM0007994,ORD002676,PROD00045,1,54740.28,32.97
ITEM0007995,ORD002677,PROD00015,4,54220.43,32.21
ITEM0007996,ORD002677,PROD00162,2,23819.67,2.65
ITEM0007997,ORD002677,PROD00199,2,6644.41,6.4
ITEM0007998,ORD002677,PROD00193,2,350.97,21.92
ITEM0007999,ORD002678,PROD00088,5,26159.33,14.05
ITEM0008000,ORD002678,PROD00162,3,25073.05,30.91
ITEM0008001,ORD002678,PROD00072,5,7955.65,6.04
ITEM0008002,ORD002679,PROD00198,4,28883.83,8.99
ITEM0008003,ORD002680,PROD00175,1,22553.64,35.36
ITEM0008004,ORD002680,PROD00195,3,6729.57,12.49
ITEM0008005,ORD002681,PROD00155,3,37114.0,9.07
ITEM0008006,ORD002681,PROD00003,3,42710.61,33.57
ITEM0008007,ORD002682,PROD00178,4,12852.75,32.94
ITEM0008008,ORD002682,PROD00035,-1,17939.49,2.82
ITEM0008009,ORD002683,PROD00167,4,11150.56,24.03
ITEM0008010,ORD002683,PROD00137,2,55461.26,27.02
ITEM0008011,ORD002683,PROD00157,4,16034.29,36.53
ITEM0008012,ORD002684,PROD00152,1,48803.84,31.97
ITEM0008013,ORD002684,PROD00018,4,7744.27,4.49
ITEM0008014,ORD002684,PROD00168,3,55797.81,39.92
ITEM0008015,ORD002684,PROD00052,2,64496.35,1.55
ITEM0008016,ORD002684,PROD00073,5,6941.59,17.59
ITEM0008017,ORD002685,PROD00124,2,31003.59,15.58
ITEM0008018,ORD002685,PROD00199,4,7721.72,39.46
ITEM0008019,ORD002686,PROD00187,2,38846.11,36.09
ITEM0008020,ORD002686,PROD00077,-3,56063.47,35.31
ITEM0008021,ORD002687,PROD00102,5,34689.9,35.35
ITEM0008022,ORD002688,PROD00185,5,20591.59,9.78
ITEM0008023,ORD002688,PROD00128,2,67101.75,36.87
ITEM0008024,ORD002689,PROD00106,-2,50833.57,14.34
ITEM0008025,ORD002689,PROD00104,4,56672.86,38.45
ITEM0008026,ORD002689,PROD00129,2,67184.8,37.66
ITEM0008027,ORD002690,PROD00002,4,14772.73,32.53
ITEM0008028,ORD002690,PROD00096,4,4088.49,37.27
ITEM0008029,ORD002690,PROD00063,3,38983.68,37.62
ITEM0008030,ORD002690,PROD00167,5,13646.76,13.66
ITEM0008031,ORD002690,PROD00010,5,44405.24,6.78
ITEM0008032,ORD002691,PROD00108,4,42253.26,5.2
ITEM0008033,ORD002691,PROD00037,-3,29370.33,30.51
ITEM0008034,ORD002691,PROD00116,3,41006.92,3.13
ITEM0008035,ORD002692,PROD00188,2,8862.83,18.53
ITEM0008036,ORD002692,PROD00041,3,45831.4,3.84
ITEM0008037,ORD002692,PROD00061,3,44944.15,35.27
ITEM0008038,ORD002692,PROD00149,4,61123.82,3.58
ITEM0008039,ORD002693,PROD00076,1,64987.49,1.18
ITEM0008040,ORD002693,PROD00109,5,56871.16,20.46
ITEM0008041,ORD002693,PROD00175,5,26535.62,19.34
ITEM0008042,ORD002693,PROD00096,5,3052.36,27.76
ITEM0008043,ORD002693,PROD00097,2,58676.3,9.06
ITEM0008044,ORD002694,PROD00035,5,11037.15,27.42
ITEM0008045,ORD002694,PROD00133,2,34745.06,7.7
ITEM0008046,ORD002694,PROD00142,1,36580.25,6.08
ITEM0008047,ORD002695,PROD00011,5,33469.84,33.92
ITEM0008048,ORD002695,PROD00003,3,34721.14,16.58
ITEM0008049,ORD002696,PROD00012,2,53880.48,19.81
ITEM0008050,ORD002696,PROD00139,-3,57299.41,35.24
ITEM0008051,ORD002696,PROD00123,3,75758.42,30.17
ITEM0008052,ORD002696,PROD00140,1,38815.05,26.02
ITEM0008053,ORD002696,PROD00045,4,86478.73,21.36
ITEM0008054,ORD002697,PROD00184,2,8079.93,37.49
ITEM0008055,ORD002697,PROD00134,4,22607.9,35.51
ITEM0008056,ORD002697,PROD00173,2,29622.86,34.23
ITEM0008057,ORD002697,PROD00161,5,17136.13,38.93
ITEM0008058,ORD002697,PROD00023,3,31092.15,3.65
ITEM0008059,ORD002698,PROD00187,4,55427.94,27.22
ITEM0008060,ORD002698,PROD00195,4,6328.14,11.78
ITEM0008061,ORD002698,PROD00082,3,69056.54,2.84
ITEM0008062,ORD002698,PROD00078,4,34167.97,10.31
ITEM0008063,ORD002698,PROD00153,5,57732.23,8.74
ITEM0008064,ORD002699,PROD00039,5,25173.17,15.08
ITEM0008065,ORD002699,PROD00025,1,17470.41,23.33
ITEM0008066,ORD002700,PROD00101,4,31906.02,2.48
ITEM0008067,ORD002700,PROD00028,5,76391.71,14.07
ITEM0008068,ORD002700,PROD00003,3,51431.71,35.44
ITEM0008069,ORD002701,PROD00165,3,35484.23,35.12
ITEM0008070,ORD002702,PROD00142,3,41382.03,13.88
ITEM0008071,ORD002702,PROD00196,2,33235.29,6.85
ITEM0008072,ORD002702,PROD00191,2,27577.04,31.73
ITEM0008073,ORD002703,PROD00159,4,70900.01,11.35
ITEM0008074,ORD002703,PROD00140,4,36961.87,10.79
ITEM0008075,ORD002703,PROD00020,2,56219.2,24.04
ITEM0008076,ORD002703,PROD00029,5,20357.09,4.34
ITEM0008077,ORD002703,PROD00109,2,45270.05,19.97
ITEM0008078,ORD002704,PROD00149,5,41937.11,38.93
ITEM0008079,ORD002704,PROD00198,1,26235.11,4.47
ITEM0008080,ORD002704,PROD00051,4,21731.15,30.64
ITEM0008081,ORD002704,PROD00058,5,17271.7,5.44
ITEM0008082,ORD002704,PROD00066,2,37062.81,31.95
ITEM0008083,ORD002705,PROD00133,5,41930.1,33.68
ITEM0008084,ORD002705,PROD00009,1,39301.7,11.14
ITEM0008085,ORD002705,PROD00121,4,61887.5,38.21
ITEM0008086,ORD002705,PROD00035,4,16662.06,17.33
ITEM0008087,ORD002706,PROD00073,2,6577.67,5.41
ITEM0008088,ORD002706,PROD00182,4,17660.26,23.49
ITEM0008089,ORD002706,PROD00152,4,47076.72,4.19
ITEM0008090,ORD002706,PROD00071,5,27186.85,26.98
ITEM0008091,ORD002706,PROD00069,4,77171.43,34.73
ITEM0008092,ORD002707,PROD00145,4,28466.88,38.13
ITEM0008093,ORD002707,PROD00111,5,72499.32,19.83
ITEM0008094,ORD002707,PROD00008,5,50274.76,25.17
ITEM0008095,ORD002707,PROD00018,3,12156.22,24.68
ITEM0008096,ORD002707,PROD00080,1,6474.67,35.72
ITEM0008097,ORD002708,PROD00117,2,24131.2,10.08
ITEM0008098,ORD002708,PROD00080,-1,6704.33,5.41
ITEM0008099,ORD002708,PROD00022,2,46021.38,18.5
ITEM0008100,ORD002708,PROD00131,4,50804.73,26.29
ITEM0008101,ORD002709,PROD00117,3,18496.02,38.11
ITEM0008102,ORD002709,PROD00047,2,21210.22,3.69
ITEM0008103,ORD002709,PROD00031,1,33068.68,32.45
ITEM0008104,ORD002710,PROD00145,2,29359.36,28.38
ITEM0008105,ORD002710,PROD00057,1,35927.54,0.43
ITEM0008106,ORD002710,PROD00164,3,73360.67,2.03
ITEM0008107,ORD002710,PROD00182,4,22491.96,33.68
ITEM0008108,ORD002710,PROD00157,4,19941.54,32.1
ITEM0008109,ORD002711,PROD00161,5,13653.83,5.17
ITEM0008110,ORD002712,PROD00189,4,10157.2,1.92
ITEM0008111,ORD002712,PROD00105,4,45560.4,21.75
ITEM0008112,ORD002712,PROD00166,1,586.04,6.37
ITEM0008113,ORD002713,PROD00141,1,30452.3,16.24
ITEM0008114,ORD002713,PROD00046,2,33069.42,39.79
ITEM0008115,ORD002713,PROD00194,4,54878.07,10.09
ITEM0008116,ORD002713,PROD00200,5,53315.33,33.79
ITEM0008117,ORD002713,PROD00106,4,68944.58,6.07
ITEM0008118,ORD002714,PROD00072,5,6164.37,39.97
ITEM0008119,ORD002715,PROD00056,3,74703.84,32.75
ITEM0008120,ORD002715,PROD00029,4,22146.69,39.06
ITEM0008121,ORD002715,PROD00194,2,48040.88,27.23
ITEM0008122,ORD002715,PROD00117,3,16570.23,13.97
ITEM0008123,ORD002716,PROD00070,-2,51266.51,2.29
ITEM0008124,ORD002717,PROD00140,3,38072.45,17.1
ITEM0008125,ORD002717,PROD00003,1,38970.31,35.89
ITEM0008126,ORD002717,PROD00185,5,21647.6,18.65
ITEM0008127,ORD002718,PROD00180,2,36199.54,25.43
ITEM0008128,ORD002718,PROD00070,5,56229.42,22.96
ITEM0008129,ORD002719,PROD00036,4,49201.43,39.66
ITEM0008130,ORD002719,PROD00135,2,41372.43,33.18
ITEM0008131,ORD002720,PROD00031,5,36790.11,18.3
ITEM0008132,ORD002720,PROD00145,5,39943.43,9.91
ITEM0008133,ORD002720,PROD00069,5,59878.08,20.56
ITEM0008134,ORD002720,PROD00015,3,62817.9,1.29
ITEM0008135,ORD002720,PROD00055,4,54111.76,21.0
ITEM0008136,ORD002721,PROD00129,2,71147.61,27.61
ITEM0008137,ORD002721,PROD00173,1,26416.78,32.37
ITEM0008138,ORD002722,PROD00199,3,7582.53,29.63
ITEM0008139,ORD002722,PROD00183,2,67105.58,15.17
ITEM0008140,ORD002722,PROD00102,2,41375.05,6.62
ITEM0008141,ORD002722,PROD00172,4,535.87,35.38
ITEM0008142,ORD002723,PROD00121,3,70844.58,23.16
ITEM0008143,ORD002723,PROD00128,1,60264.35,17.51
ITEM0008144,ORD002723,PROD00117,2,19418.1,3.57
ITEM0008145,ORD002723,PROD00125,3,78058.8,31.37
ITEM0008146,ORD002723,PROD00061,2,35217.48,0.76
ITEM0008147,ORD002724,PROD00077,3,59086.75,33.86
ITEM0008148,ORD002724,PROD00097,2,64811.12,21.46
ITEM0008149,ORD002724,PROD00019,4,5048.42,7.57
ITEM0008150,ORD002725,PROD00067,3,49251.99,38.32
ITEM0008151,ORD002725,PROD00187,3,52239.19,4.72
ITEM0008152,ORD002725,PROD00031,5,26371.86,7.08
ITEM0008153,ORD002725,PROD00164,2,50229.11,25.23
ITEM0008154,ORD002725,PROD00168,1,61129.39,29.68
ITEM0008155,ORD002726,PROD00004,5,3295.96,38.11
ITEM0008156,ORD002726,PROD00146,3,69816.42,12.98
ITEM0008157,ORD002726,PROD00106,4,66678.85,0.48
ITEM0008158,ORD002726,PROD00018,1,9378.59,18.83
ITEM0008159,ORD002726,PROD00040,2,20231.84,4.14
ITEM0008160,ORD002727,PROD00142,2,36909.59,33.36
ITEM0008161,ORD002727,PROD00079,1,38839.17,9.05
ITEM0008162,ORD002727,PROD00093,-2,8182.71,4.01
ITEM0008163,ORD002728,PROD00067,5,52473.11,14.58
ITEM0008164,ORD002728,PROD00161,4,15616.73,7.28
ITEM0008165,ORD002728,PROD00003,4,34088.39,5.96
ITEM0008166,ORD002729,PROD00059,4,65937.37,21.57
ITEM0008167,ORD002729,PROD00185,1,19834.88,7.58
ITEM0008168,ORD002730,PROD00077,4,51768.86,26.15
ITEM0008169,ORD002730,PROD00063,1,38763.78,20.76
ITEM0008170,ORD002730,PROD00007,3,32619.44,26.75
ITEM0008171,ORD002730,PROD00169,4,32508.42,32.9
ITEM0008172,ORD002731,PROD00049,4,41897.39,5.83
ITEM0008173,ORD002731,PROD00089,1,40879.58,10.05
ITEM0008174,ORD002731,PROD00147,3,41213.25,35.14
ITEM0008175,ORD002732,PROD00098,4,41388.66,2.37
ITEM0008176,ORD002732,PROD00045,5,72697.68,2.81
ITEM0008177,ORD002732,PROD00048,3,2409.34,9.57
ITEM0008178,ORD002733,PROD00016,3,71410.24,7.48
ITEM0008179,ORD002734,PROD00152,1,61138.49,1.05
ITEM0008180,ORD002735,PROD00081,4,17532.39,34.8
ITEM0008181,ORD002735,PROD00015,1,69006.37,0.36
ITEM0008182,ORD002735,PROD00118,4,58296.51,34.04
ITEM0008183,ORD002735,PROD00178,5,16968.65,0.45
ITEM0008184,ORD002736,PROD00103,4,51886.28,38.1
ITEM0008185,ORD002737,PROD00109,4,42109.82,34.26
ITEM0008186,ORD002737,PROD00062,2,56895.35,35.86
ITEM0008187,ORD002738,PROD00094,4,55576.24,4.5
ITEM0008188,ORD002738,PROD00118,3,54564.79,28.95
ITEM0008189,ORD002738,PROD00042,4,54280.21,31.47
ITEM0008190,ORD002738,PROD00120,1,55741.66,32.54
ITEM0008191,ORD002739,PROD00015,4,69229.04,19.36
ITEM0008192,ORD002739,PROD00153,4,57726.66,11.14
ITEM0008193,ORD002739,PROD00075,3,23253.82,2.08
ITEM0008194,ORD002739,PROD00105,5,57016.4,6.05
ITEM0008195,ORD002740,PROD00110,2,29156.42,35.93
ITEM0008196,ORD002740,PROD00052,5,69454.68,32.24
ITEM0008197,ORD002741,PROD00019,3,4619.53,29.9
ITEM0008198,ORD002742,PROD00145,2,35647.04,36.95
ITEM0008199,ORD002743,PROD00124,2,29475.77,15.52
ITEM0008200,ORD002743,PROD00089,1,34950.57,24.96
ITEM0008201,ORD002743,PROD00018,2,9715.32,24.83
ITEM0008202,ORD002743,PROD00160,3,36882.04,21.78
ITEM0008203,ORD002744,PROD00114,1,41852.61,25.0
ITEM0008204,ORD002744,PROD00173,4,28225.57,34.96
ITEM0008205,ORD002744,PROD00082,1,57956.93,39.32
ITEM0008206,ORD002744,PROD00001,1,57698.59,3.31
ITEM0008207,ORD002744,PROD00088,5,21833.05,35.72
ITEM0008208,ORD002745,PROD00125,2,59734.48,20.23
ITEM0008209,ORD002745,PROD00014,4,55415.02,35.51
ITEM0008210,ORD002746,PROD00069,4,77987.44,36.84
ITEM0008211,ORD002746,PROD00089,3,30624.34,3.4
ITEM0008212,ORD002746,PROD00095,4,24795.27,20.28
ITEM0008213,ORD002746,PROD00115,5,76637.55,19.55
ITEM0008214,ORD002747,PROD00152,2,50868.4,35.37
ITEM0008215,ORD002747,PROD00078,5,22903.4,26.12
ITEM0008216,ORD002747,PROD00116,5,32122.94,33.4
ITEM0008217,ORD002748,PROD00053,1,75381.04,12.77
ITEM0008218,ORD002748,PROD00063,1,59460.78,18.23
ITEM0008219,ORD002748,PROD00122,3,48806.96,32.26
ITEM0008220,ORD002748,PROD00031,1,28775.71,27.22
ITEM0008221,ORD002749,PROD00102,2,35457.97,4.12
ITEM0008222,ORD002749,PROD00018,3,8998.33,32.12
ITEM0008223,ORD002749,PROD00056,3,62611.37,11.9
ITEM0008224,ORD002749,PROD00084,4,36664.42,10.89
ITEM0008225,ORD002750,PROD00089,5,38908.06,25.91
ITEM0008226,ORD002750,PROD00195,2,6008.03,3.59
ITEM0008227,ORD002750,PROD00052,5,59144.36,35.86
ITEM0008228,ORD002750,PROD00159,4,65023.7,33.21
ITEM0008229,ORD002751,PROD00094,5,45221.8,16.42
ITEM0008230,ORD002751,PROD00174,1,40252.26,1.02
ITEM0008231,ORD002752,PROD00103,5,62705.12,15.95
ITEM0008232,ORD002753,PROD00021,1,17313.74,14.57
ITEM0008233,ORD002754,PROD00027,1,59603.21,26.17
ITEM0008234,ORD002754,PROD00140,4,43736.46,31.89
ITEM0008235,ORD002754,PROD00174,2,52304.1,0.71
ITEM0008236,ORD002754,PROD00015,3,78459.64,34.27
ITEM0008237,ORD002754,PROD00173,1,29952.59,17.0
ITEM0008238,ORD002755,PROD00185,2,18378.87,5.52
ITEM0008239,ORD002755,PROD00156,2,12885.98,28.07
ITEM0008240,ORD002756,PROD00004,5,4386.49,19.98
ITEM0008241,ORD002757,PROD00116,2,38171.92,27.52
ITEM0008242,ORD002757,PROD00044,1,55929.18,3.65
ITEM0008243,ORD002757,PROD00017,1,24085.4,19.26
ITEM0008244,ORD002757,PROD00148,2,53436.6,35.59
ITEM0008245,ORD002757,PROD00026,5,42760.18,20.34
ITEM0008246,ORD002758,PROD00125,2,50564.67,26.41
ITEM0008247,ORD002759,PROD00084,-1,49913.44,18.04
ITEM0008248,ORD002759,PROD00170,1,3440.17,2.28
ITEM0008249,ORD002759,PROD00094,2,50045.16,30.64
ITEM0008250,ORD002760,PROD00058,3,18905.78,8.08
ITEM0008251,ORD002760,PROD00034,5,55963.37,30.95
ITEM0008252,ORD002761,PROD00166,3,415.44,0.29
ITEM0008253,ORD002761,PROD00022,2,49022.31,0.66
ITEM0008254,ORD002762,PROD00162,4,35743.85,29.36
ITEM0008255,ORD002762,PROD00019,-2,5374.98,26.95
ITEM0008256,ORD002762,PROD00062,3,56334.94,36.02
ITEM0008257,ORD002762,PROD00035,1,15186.42,28.84
ITEM0008258,ORD002763,PROD00031,4,40212.08,28.85
ITEM0008259,ORD002764,PROD00187,4,46203.7,15.23
ITEM0008260,ORD002765,PROD00079,2,38692.01,14.03
ITEM0008261,ORD002765,PROD00087,5,36297.85,18.22
ITEM0008262,ORD002765,PROD00053,1,72146.37,37.96
ITEM0008263,ORD002765,PROD00051,2,21695.09,15.95
ITEM0008264,ORD002765,PROD00075,4,16651.54,28.22
ITEM0008265,ORD002766,PROD00007,2,29079.94,28.86
ITEM0008266,ORD002766,PROD00108,1,43222.15,31.98
ITEM0008267,ORD002766,PROD00006,4,57640.76,35.94
ITEM0008268,ORD002767,PROD00091,2,43456.92,34.8
ITEM0008269,ORD002767,PROD00175,2,16612.82,10.7
ITEM0008270,ORD002767,PROD00116,4,40122.81,0.15
ITEM0008271,ORD002768,PROD00061,5,34994.14,35.02
ITEM0008272,ORD002768,PROD00048,5,2225.87,5.2
ITEM0008273,ORD002768,PROD00033,1,22326.52,28.63
ITEM0008274,ORD002768,PROD00103,1,39410.53,7.46
ITEM0008275,ORD002769,PROD00155,3,42198.45,22.99
ITEM0008276,ORD002769,PROD00162,4,27889.0,18.71
ITEM0008277,ORD002770,PROD00146,3,65686.4,26.97
ITEM0008278,ORD002770,PROD00092,1,17006.83,17.67
ITEM0008279,ORD002770,PROD00162,1,26007.43,35.71
ITEM0008280,ORD002770,PROD00098,5,45459.21,6.95
ITEM0008281,ORD002770,PROD00071,2,23670.92,29.46
ITEM0008282,ORD002771,PROD00033,2,32858.16,35.36
ITEM0008283,ORD002771,PROD00024,3,28988.45,6.62
ITEM0008284,ORD002772,PROD00097,-1,63532.35,27.3
ITEM0008285,ORD002772,PROD00001,5,61899.18,7.3
ITEM0008286,ORD002772,PROD00049,4,31883.64,2.01
ITEM0008287,ORD002773,PROD00084,2,35595.19,39.5
ITEM0008288,ORD002773,PROD00092,-3,12652.86,32.64
ITEM0008289,ORD002774,PROD00069,4,61537.66,9.24
ITEM0008290,ORD002775,PROD00002,3,19120.88,5.28
ITEM0008291,ORD002775,PROD00090,2,322.35,29.43
ITEM0008292,ORD002776,PROD00098,3,41686.06,26.27
ITEM0008293,ORD002776,PROD00196,4,32965.39,30.82
ITEM0008294,ORD002776,PROD00059,1,57932.46,23.13
ITEM0008295,ORD002776,PROD00198,1,22804.83,19.96
ITEM0008296,ORD002777,PROD00158,3,18633.88,9.38
ITEM0008297,ORD002777,PROD00080,4,6004.18,12.35
ITEM0008298,ORD002777,PROD00017,3,23708.11,31.24
ITEM0008299,ORD002777,PROD00064,4,18989.04,37.09
ITEM0008300,ORD002778,PROD00193,1,391.5,27.92
ITEM0008301,ORD002778,PROD00048,5,2119.61,26.92
ITEM0008302,ORD002778,PROD00138,2,40140.42,31.12
ITEM0008303,ORD002779,PROD00018,1,11341.58,25.67
ITEM0008304,ORD002779,PROD00039,5,36847.83,28.0
ITEM0008305,ORD002780,PROD00095,4,23884.88,36.73
ITEM0008306,ORD002781,PROD00049,2,41410.45,20.71
ITEM0008307,ORD002782,PROD00062,1,69236.99,21.92
ITEM0008308,ORD002783,PROD00141,3,28940.78,0.35
ITEM0008309,ORD002783,PROD00133,1,41291.22,21.63
ITEM0008310,ORD002783,PROD00072,4,7869.88,9.1
ITEM0008311,ORD002783,PROD00043,2,30342.58,38.85
ITEM0008312,ORD002783,PROD00060,2,11545.34,11.49
ITEM0008313,ORD002784,PROD00110,1,27011.45,19.64
ITEM0008314,ORD002784,PROD00086,2,6887.22,13.77
ITEM0008315,ORD002785,PROD00123,3,86017.06,21.98
ITEM0008316,ORD002786,PROD00153,3,50619.14,10.62
ITEM0008317,ORD002786,PROD00175,3,20440.78,17.99
ITEM0008318,ORD002786,PROD00048,4,1779.77,28.25
ITEM0008319,ORD002786,PROD00120,3,66722.03,27.24
ITEM0008320,ORD002787,PROD00186,-3,36108.74,6.28
ITEM0008321,ORD002787,PROD00179,-3,52944.02,36.67
ITEM0008322,ORD002787,PROD00126,4,70687.81,4.3
ITEM0008323,ORD002787,PROD00079,3,34984.35,35.63
ITEM0008324,ORD002788,PROD00199,3,7605.55,20.33
ITEM0008325,ORD002788,PROD00050,5,85515.33,2.48
ITEM0008326,ORD002789,PROD00138,5,33878.66,27.46
ITEM0008327,ORD002789,PROD00026,3,39538.92,2.72
ITEM0008328,ORD002789,PROD00073,2,7067.99,23.94
ITEM0008329,ORD002789,PROD00135,1,48164.69,24.81
ITEM0008330,ORD002789,PROD00077,5,44970.96,29.24
ITEM0008331,ORD002790,PROD00183,2,78644.69,22.34
ITEM0008332,ORD002790,PROD00041,5,52540.7,8.48
ITEM0008333,ORD002790,PROD00190,5,42215.23,12.92
ITEM0008334,ORD002790,PROD00198,4,28841.88,23.39
ITEM0008335,ORD002791,PROD00102,5,32092.49,23.59
ITEM0008336,ORD002791,PROD00058,1,19003.43,36.34
ITEM0008337,ORD002791,PROD00116,5,42188.41,27.81
ITEM0008338,ORD002791,PROD00143,5,8997.03,21.21
ITEM0008339,ORD002791,PROD00121,4,49204.7,19.13
ITEM0008340,ORD002792,PROD00117,4,22217.55,6.56
ITEM0008341,ORD002792,PROD00067,5,34696.83,16.68
ITEM0008342,ORD002792,PROD00114,5,35378.45,12.34
ITEM0008343,ORD002792,PROD00040,4,16494.34,27.96
ITEM0008344,ORD002792,PROD00182,2,22682.09,21.54
ITEM0008345,ORD002793,PROD00124,5,37437.94,12.88
ITEM0008346,ORD002794,PROD00105,2,49089.34,24.0
ITEM0008347,ORD002794,PROD00047,2,17239.44,32.75
ITEM0008348,ORD002794,PROD00190,1,39291.49,3.27
ITEM0008349,ORD002794,PROD00072,2,7094.69,34.19
ITEM0008350,ORD002794,PROD00023,3,36394.71,27.41
ITEM0008351,ORD002795,PROD00065,2,71061.62,5.93
ITEM0008352,ORD002796,PROD00015,4,85728.82,24.17
ITEM0008353,ORD002797,PROD00033,1,27157.86,12.14
ITEM0008354,ORD002797,PROD00010,2,43869.14,21.74
ITEM0008355,ORD002797,PROD00090,3,350.41,9.88
ITEM0008356,ORD002797,PROD00018,2,9533.32,16.77
ITEM0008357,ORD002797,PROD00016,1,59548.79,33.29
ITEM0008358,ORD002798,PROD00075,1,19266.19,33.45
ITEM0008359,ORD002798,PROD00037,2,30467.64,7.29
ITEM0008360,ORD002798,PROD00060,4,15816.62,18.28
ITEM0008361,ORD002798,PROD00102,2,38997.25,29.9
ITEM0008362,ORD002799,PROD00118,3,42136.3,12.57
ITEM0008363,ORD002800,PROD00101,4,45468.59,19.26
ITEM0008364,ORD002800,PROD00004,5,4284.97,11.54
ITEM0008365,ORD002800,PROD00160,-2,47998.01,25.72
ITEM0008366,ORD002800,PROD00007,2,41082.12,14.05
ITEM0008367,ORD002800,PROD00025,5,22262.09,24.72
ITEM0008368,ORD002801,PROD00032,3,71672.38,38.88
ITEM0008369,ORD002801,PROD00121,1,53904.8,9.63
ITEM0008370,ORD002801,PROD00134,4,22658.77,26.77
ITEM0008371,ORD002801,PROD00107,3,76744.51,11.38
ITEM0008372,ORD002802,PROD00097,-3,58210.89,38.06
ITEM0008373,ORD002802,PROD00148,2,55001.75,32.73
ITEM0008374,ORD002802,PROD00100,4,5261.77,24.19
ITEM0008375,ORD002803,PROD00162,1,34607.5,8.07
ITEM0008376,ORD002803,PROD00018,2,9098.85,11.56
ITEM0008377,ORD002803,PROD00136,2,10455.39,4.7
ITEM0008378,ORD002803,PROD00121,4,64392.33,17.47
ITEM0008379,ORD002803,PROD00020,3,56039.52,35.35
ITEM0008380,ORD002804,PROD00053,3,83982.71,18.96
ITEM0008381,ORD002804,PROD00147,1,32840.52,29.26
ITEM0008382,ORD002804,PROD00191,4,27147.29,4.63
ITEM0008383,ORD002804,PROD00168,5,52055.56,0.06
ITEM0008384,ORD002804,PROD00146,4,60640.95,31.22
ITEM0008385,ORD002805,PROD00073,1,6337.73,12.81
ITEM0008386,ORD002805,PROD00002,1,16280.95,0.49
ITEM0008387,ORD002805,PROD00153,2,46211.06,1.74
ITEM0008388,ORD002806,PROD00040,4,17920.44,32.67
ITEM0008389,ORD002806,PROD00143,3,6115.33,12.29
ITEM0008390,ORD002806,PROD00107,1,62779.59,30.48
ITEM0008391,ORD002807,PROD00034,3,61493.89,15.7
ITEM0008392,ORD002807,PROD00081,2,19363.82,2.36
ITEM0008393,ORD002807,PROD00139,1,46879.02,24.71
ITEM0008394,ORD002807,PROD00167,1,11047.92,30.42
ITEM0008395,ORD002807,PROD00047,1,23646.23,0.41
ITEM0008396,ORD002808,PROD00028,5,74698.59,32.59
ITEM0008397,ORD002808,PROD00001,4,70657.64,4.98
ITEM0008398,ORD002809,PROD00172,4,444.68,4.51
ITEM0008399,ORD002810,PROD00153,2,50084.8,32.0
ITEM0008400,ORD002810,PROD00016,2,52399.11,24.85
ITEM0008401,ORD002810,PROD00124,5,33535.74,24.07
ITEM0008402,ORD002810,PROD00062,4,64069.23,35.21
ITEM0008403,ORD002811,PROD00131,5,69449.86,8.79
ITEM0008404,ORD002811,PROD00155,3,40881.83,24.08
ITEM0008405,ORD002811,PROD00072,4,8175.84,0.56
ITEM0008406,ORD002811,PROD00119,2,28743.72,20.79
ITEM0008407,ORD002811,PROD00160,2,46122.29,8.38
ITEM0008408,ORD002812,PROD00047,4,17969.12,27.17
ITEM0008409,ORD002812,PROD00062,4,68204.19,13.33
ITEM0008410,ORD002813,PROD00194,1,59084.83,34.14
ITEM0008411,ORD002813,PROD00164,5,60861.18,1.85
ITEM0008412,ORD002814,PROD00103,4,52998.8,31.26
ITEM0008413,ORD002814,PROD00093,2,9954.14,20.5
ITEM0008414,ORD002814,PROD00198,5,22550.64,19.86
ITEM0008415,ORD002814,PROD00113,-1,38992.27,17.01
ITEM0008416,ORD002814,PROD00128,3,59574.77,22.53
ITEM0008417,ORD002815,PROD00091,5,51103.23,38.96
ITEM0008418,ORD002815,PROD00113,1,39781.14,2.62
ITEM0008419,ORD002815,PROD00080,4,6583.61,0.33
ITEM0008420,ORD002815,PROD00129,1,73022.77,35.26
ITEM0008421,ORD002816,PROD00066,5,41612.19,3.53
ITEM0008422,ORD002817,PROD00018,1,7487.83,14.42
ITEM0008423,ORD002817,PROD00091,3,49103.87,12.1
ITEM0008424,ORD002818,PROD00083,4,51570.59,36.62
ITEM0008425,ORD002818,PROD00168,4,68756.09,12.06
ITEM0008426,ORD002818,PROD00143,4,7146.92,3.92
ITEM0008427,ORD002818,PROD00076,2,48461.08,14.36
ITEM0008428,ORD002818,PROD00048,5,2778.69,38.62
ITEM0008429,ORD002819,PROD00153,3,40506.52,26.97
ITEM0008430,ORD002819,PROD00091,5,38586.26,27.49
ITEM0008431,ORD002819,PROD00179,2,48380.06,37.32
ITEM0008432,ORD002819,PROD00171,-3,74137.7,27.01
ITEM0008433,ORD002820,PROD00018,2,11799.14,31.8
ITEM0008434,ORD002821,PROD00148,3,50778.18,7.46
ITEM0008435,ORD002821,PROD00131,3,70968.35,14.48
ITEM0008436,ORD002821,PROD00021,2,18023.1,7.32
ITEM0008437,ORD002821,PROD00181,1,39412.26,6.24
ITEM0008438,ORD002821,PROD00191,5,23953.02,23.37
ITEM0008439,ORD002822,PROD00189,5,7243.54,38.96
ITEM0008440,ORD002822,PROD00186,5,43141.1,31.69
ITEM0008441,ORD002823,PROD00026,4,43152.43,23.86
ITEM0008442,ORD002823,PROD00175,2,24161.53,25.58
ITEM0008443,ORD002824,PROD00006,1,64103.87,20.39
ITEM0008444,ORD002824,PROD00166,2,555.3,0.73
ITEM0008445,ORD002824,PROD00196,5,30377.25,20.89
ITEM0008446,ORD002824,PROD00078,3,32879.18,8.36
ITEM0008447,ORD002825,PROD00156,4,10207.01,14.36
ITEM0008448,ORD002825,PROD00126,4,52490.13,33.29
ITEM0008449,ORD002826,PROD00157,2,19000.14,12.68
ITEM0008450,ORD002826,PROD00029,3,26465.86,32.11
ITEM0008451,ORD002826,PROD00069,1,67629.35,6.47
ITEM0008452,ORD002826,PROD00195,-1,4894.95,28.09
ITEM0008453,ORD002826,PROD00174,5,44800.39,8.14
ITEM0008454,ORD002827,PROD00100,1,3669.05,35.77
ITEM0008455,ORD002827,PROD00057,4,43833.65,18.73
ITEM0008456,ORD002828,PROD00024,5,27073.48,0.67
ITEM0008457,ORD002828,PROD00032,1,61467.61,11.37
ITEM0008458,ORD002828,PROD00137,1,37029.2,38.52
ITEM0008459,ORD002828,PROD00078,3,33250.84,18.28
ITEM0008460,ORD002828,PROD00071,4,19803.48,4.38
ITEM0008461,ORD002829,PROD00006,1,68480.68,18.11
ITEM0008462,ORD002829,PROD00046,3,31839.21,34.3
ITEM0008463,ORD002830,PROD00164,3,70930.98,0.01
ITEM0008464,ORD002830,PROD00060,4,11592.46,31.82
ITEM0008465,ORD002830,PROD00052,4,72728.16,14.45
ITEM0008466,ORD002831,PROD00182,1,19772.62,28.82
ITEM0008467,ORD002832,PROD00128,4,57361.26,36.83
ITEM0008468,ORD002832,PROD00018,2,10799.61,27.82
ITEM0008469,ORD002833,PROD00188,3,8903.62,35.73
ITEM0008470,ORD002834,PROD00197,1,8399.76,15.66
ITEM0008471,ORD002834,PROD00171,3,54399.5,12.66
ITEM0008472,ORD002834,PROD00053,-3,82669.52,17.51
ITEM0008473,ORD002834,PROD00045,5,79082.6,22.56
ITEM0008474,ORD002834,PROD00043,-2,27401.87,28.04
ITEM0008475,ORD002835,PROD00103,3,59690.43,36.68
ITEM0008476,ORD002836,PROD00116,3,37174.93,18.59
ITEM0008477,ORD002837,PROD00140,5,53299.58,7.97
ITEM0008478,ORD002837,PROD00166,2,464.63,0.68
ITEM0008479,ORD002837,PROD00152,3,51381.13,18.56
ITEM0008480,ORD002838,PROD00108,3,45374.75,15.21
ITEM0008481,ORD002839,PROD00033,5,25562.01,2.82
ITEM0008482,ORD002839,PROD00121,3,60143.44,34.51
ITEM0008483,ORD002839,PROD00053,1,72422.56,23.91
ITEM0008484,ORD002840,PROD00003,3,36863.15,2.82
ITEM0008485,ORD002840,PROD00029,4,17378.97,19.54
ITEM0008486,ORD002840,PROD00111,1,76953.78,26.77
ITEM0008487,ORD002840,PROD00040,5,18330.9,4.87
ITEM0008488,ORD002841,PROD00036,4,65487.61,9.68
ITEM0008489,ORD002842,PROD00156,5,10813.0,29.62
ITEM0008490,ORD002842,PROD00183,3,75306.22,36.72
ITEM0008491,ORD002843,PROD00106,5,63496.32,31.95
ITEM0008492,ORD002844,PROD00158,1,23526.21,14.15
ITEM0008493,ORD002844,PROD00086,5,6353.44,25.46
ITEM0008494,ORD002844,PROD00129,2,72302.46,0.86
ITEM0008495,ORD002844,PROD00163,4,28194.61,7.43
ITEM0008496,ORD002845,PROD00004,5,3540.82,31.58
ITEM0008497,ORD002845,PROD00083,2,57276.77,18.74
ITEM0008498,ORD002846,PROD00115,2,52882.76,15.06
ITEM0008499,ORD002846,PROD00082,2,65944.47,4.52
ITEM0008500,ORD002846,PROD00039,2,23641.15,12.78
ITEM0008501,ORD002847,PROD00173,3,19807.68,1.88
ITEM0008502,ORD002848,PROD00194,5,43797.32,31.32
ITEM0008503,ORD002848,PROD00162,4,27001.29,24.51
ITEM0008504,ORD002848,PROD00151,1,2667.83,8.75
ITEM0008505,ORD002848,PROD00159,2,48986.54,14.37
ITEM0008506,ORD002848,PROD00101,3,32381.05,34.11
ITEM0008507,ORD002849,PROD00146,3,72057.5,31.41
ITEM0008508,ORD002849,PROD00027,5,69007.29,10.04
ITEM0008509,ORD002849,PROD00150,5,14798.21,12.89
ITEM0008510,ORD002849,PROD00092,4,15309.74,33.25
ITEM0008511,ORD002850,PROD00038,4,60154.87,16.13
ITEM0008512,ORD002850,PROD00077,1,62548.83,34.74
ITEM0008513,ORD002850,PROD00015,1,82248.44,17.53
ITEM0008514,ORD002850,PROD00168,5,59491.49,0.51
ITEM0008515,ORD002850,PROD00158,5,18755.23,34.93
ITEM0008516,ORD002851,PROD00030,4,60838.82,31.99
ITEM0008517,ORD002851,PROD00096,4,2877.21,24.78
ITEM0008518,ORD002852,PROD00161,3,17447.36,14.21
ITEM0008519,ORD002852,PROD00066,4,39515.81,12.93
ITEM0008520,ORD002853,PROD00136,3,12643.56,24.91
ITEM0008521,ORD002853,PROD00132,4,11060.79,37.7
ITEM0008522,ORD002853,PROD00148,1,68383.57,5.33
ITEM0008523,ORD002853,PROD00025,5,14852.61,29.75
ITEM0008524,ORD002854,PROD00041,2,55565.33,31.22
ITEM0008525,ORD002854,PROD00030,4,47383.15,4.25
ITEM0008526,ORD002855,PROD00048,5,1837.84,11.53
ITEM0008527,ORD002855,PROD00062,1,55310.02,4.02
ITEM0008528,ORD002855,PROD00046,5,32290.5,20.44
ITEM0008529,ORD002856,PROD00004,5,3581.38,17.24
ITEM0008530,ORD002856,PROD00124,2,33455.6,4.4
ITEM0008531,ORD002857,PROD00153,2,60062.55,9.88
ITEM0008532,ORD002857,PROD00014,4,79515.3,36.3
ITEM0008533,ORD002857,PROD00168,4,46959.01,30.41
ITEM0008534,ORD002858,PROD00052,4,70888.79,38.72
ITEM0008535,ORD002858,PROD00023,2,32718.07,17.1
ITEM0008536,ORD002858,PROD00019,4,4054.79,1.05
ITEM0008537,ORD002858,PROD00093,4,9990.84,20.15
ITEM0008538,ORD002859,PROD00009,4,49406.83,30.46
ITEM0008539,ORD002859,PROD00172,4,381.56,37.01
ITEM0008540,ORD002860,PROD00188,4,9377.93,2.91
ITEM0008541,ORD002861,PROD00160,5,33620.25,32.37
ITEM0008542,ORD002861,PROD00134,2,25536.62,25.13
ITEM0008543,ORD002861,PROD00058,1,18357.71,22.54
ITEM0008544,ORD002861,PROD00041,4,49234.65,3.2
ITEM0008545,ORD002862,PROD00048,3,2160.68,20.75
ITEM0008546,ORD002862,PROD00125,5,64241.91,15.87
ITEM0008547,ORD002862,PROD00119,1,26591.01,19.57
ITEM0008548,ORD002862,PROD00166,3,601.85,10.33
ITEM0008549,ORD002862,PROD00030,4,57789.37,11.44
ITEM0008550,ORD002863,PROD00086,5,5937.39,5.82
ITEM0008551,ORD002863,PROD00154,1,61138.35,0.57
ITEM0008552,ORD002863,PROD00136,2,12600.0,14.64
ITEM0008553,ORD002863,PROD00048,3,2064.98,37.14
ITEM0008554,ORD002864,PROD00043,4,22587.52,28.79
ITEM0008555,ORD002864,PROD00100,5,3641.78,4.3
ITEM0008556,ORD002864,PROD00068,3,41353.19,12.44
ITEM0008557,ORD002865,PROD00092,2,11960.21,7.11
ITEM0008558,ORD002865,PROD00111,5,76576.89,16.89
ITEM0008559,ORD002865,PROD00065,5,61424.25,7.42
ITEM0008560,ORD002866,PROD00034,1,69706.8,4.85
ITEM0008561,ORD002866,PROD00104,5,68268.92,36.75
ITEM0008562,ORD002866,PROD00198,2,30493.32,6.24
ITEM0008563,ORD002866,PROD00058,4,12882.79,22.12
ITEM0008564,ORD002866,PROD00050,3,77368.98,3.48
ITEM0008565,ORD002867,PROD00193,1,353.11,20.29
ITEM0008566,ORD002867,PROD00122,2,52366.42,19.3
ITEM0008567,ORD002867,PROD00178,2,12390.66,35.53
ITEM0008568,ORD002867,PROD00076,1,63409.95,34.49
ITEM0008569,ORD002867,PROD00047,5,18469.98,9.16
ITEM0008570,ORD002868,PROD00038,3,53082.05,38.23
ITEM0008571,ORD002868,PROD00164,4,53169.78,19.15
ITEM0008572,ORD002868,PROD00199,3,5781.32,19.16
ITEM0008573,ORD002868,PROD00113,5,36238.2,34.45
ITEM0008574,ORD002869,PROD00141,1,27219.02,37.15
ITEM0008575,ORD002869,PROD00082,5,74136.11,15.95
ITEM0008576,ORD002869,PROD00032,4,66094.96,11.33
ITEM0008577,ORD002869,PROD00152,1,59990.13,2.12
ITEM0008578,ORD002870,PROD00031,1,40063.18,37.82
ITEM0008579,ORD002870,PROD00101,3,29888.13,28.45
ITEM0008580,ORD002870,PROD00032,4,52381.37,11.97
ITEM0008581,ORD002870,PROD00011,2,24315.46,27.48
ITEM0008582,ORD002870,PROD00036,2,47996.18,36.68
ITEM0008583,ORD002871,PROD00124,2,37116.2,16.92
ITEM0008584,ORD002871,PROD00197,5,8950.34,36.75
ITEM0008585,ORD002871,PROD00015,4,69789.52,23.27
ITEM0008586,ORD002871,PROD00161,4,13769.97,34.75
ITEM0008587,ORD002871,PROD00021,1,21603.24,15.39
ITEM0008588,ORD002872,PROD00104,3,68541.77,39.18
ITEM0008589,ORD002873,PROD00139,2,42151.31,2.33
ITEM0008590,ORD002873,PROD00168,5,63300.06,20.45
ITEM0008591,ORD002873,PROD00074,3,55590.48,16.91
ITEM0008592,ORD002873,PROD00162,3,27369.93,6.89
ITEM0008593,ORD002873,PROD00080,2,5460.96,16.62
ITEM0008594,ORD002874,PROD00061,3,34196.95,18.65
ITEM0008595,ORD002874,PROD00028,2,84101.49,3.54
ITEM0008596,ORD002874,PROD00088,5,26395.58,22.11
ITEM0008597,ORD002874,PROD00095,1,31517.38,15.63
ITEM0008598,ORD002875,PROD00084,5,44364.4,19.39
ITEM0008599,ORD002875,PROD00135,-2,53673.07,15.06
ITEM0008600,ORD002875,PROD00173,5,21232.43,36.68
ITEM0008601,ORD002876,PROD00078,2,23637.05,24.65
ITEM0008602,ORD002876,PROD00046,5,37571.11,0.46
ITEM0008603,ORD002877,PROD00085,1,54226.58,15.77
ITEM0008604,ORD002878,PROD00046,2,28389.09,25.08
ITEM0008605,ORD002878,PROD00084,-3,39669.03,37.74
ITEM0008606,ORD002878,PROD00137,3,39159.56,4.55
ITEM0008607,ORD002878,PROD00104,3,57155.22,32.07
ITEM0008608,ORD002879,PROD00197,2,7267.82,18.19
ITEM0008609,ORD002880,PROD00062,1,48091.29,3.81
ITEM0008610,ORD002880,PROD00182,5,21253.45,17.39
ITEM0008611,ORD002881,PROD00089,3,49182.26,31.16
ITEM0008612,ORD002881,PROD00040,-3,17082.45,25.4
ITEM0008613,ORD002881,PROD00158,2,22010.5,20.66
ITEM0008614,ORD002881,PROD00178,3,14426.95,9.42
ITEM0008615,ORD002881,PROD00171,5,58690.93,2.49
ITEM0008616,ORD002882,PROD00150,5,19118.69,4.96
ITEM0008617,ORD002882,PROD00019,4,3757.58,31.67
ITEM0008618,ORD002882,PROD00101,1,44414.75,12.43
ITEM0008619,ORD002883,PROD00196,-1,29487.69,5.48
ITEM0008620,ORD002883,PROD00030,3,58789.76,20.72
ITEM0008621,ORD002883,PROD00163,2,21329.36,31.68
ITEM0008622,ORD002884,PROD00123,5,80278.21,14.41
ITEM0008623,ORD002884,PROD00024,3,27205.24,31.77
ITEM0008624,ORD002884,PROD00115,-3,74986.97,29.65
ITEM0008625,ORD002885,PROD00038,1,55628.48,5.55
ITEM0008626,ORD002885,PROD00121,1,51927.71,39.64
ITEM0008627,ORD002885,PROD00158,3,27540.18,36.92
ITEM0008628,ORD002885,PROD00116,4,37008.48,4.01
ITEM0008629,ORD002886,PROD00061,5,39239.63,29.91
ITEM0008630,ORD002886,PROD00111,3,55632.59,4.58
ITEM0008631,ORD002886,PROD00029,2,23329.79,27.71
ITEM0008632,ORD002886,PROD00131,1,66510.21,2.02
ITEM0008633,ORD002887,PROD00199,5,6429.05,25.22
ITEM0008634,ORD002887,PROD00176,3,35637.39,29.28
ITEM0008635,ORD002888,PROD00167,3,12800.63,12.45
ITEM0008636,ORD002889,PROD00063,4,58917.79,26.81
ITEM0008637,ORD002889,PROD00049,4,42159.4,36.31
ITEM0008638,ORD002889,PROD00064,1,23112.15,1.04
ITEM0008639,ORD002889,PROD00144,1,47070.64,13.19
ITEM0008640,ORD002890,PROD00051,1,20362.16,9.45
ITEM0008641,ORD002890,PROD00120,5,67507.61,31.54
ITEM0008642,ORD002891,PROD00189,2,8278.8,17.19
ITEM0008643,ORD002891,PROD00087,5,31604.8,12.48
ITEM0008644,ORD002891,PROD00017,1,28261.65,31.29
ITEM0008645,ORD002891,PROD00067,4,35003.27,38.57
ITEM0008646,ORD002892,PROD00071,5,28450.75,9.9
ITEM0008647,ORD002892,PROD00003,4,36428.32,36.12
ITEM0008648,ORD002892,PROD00076,1,63808.37,23.25
ITEM0008649,ORD002892,PROD00127,1,5210.13,36.74
ITEM0008650,ORD002892,PROD00107,4,72208.24,30.33
ITEM0008651,ORD002893,PROD00067,3,48834.98,38.72
ITEM0008652,ORD002893,PROD00194,3,49311.86,20.15
ITEM0008653,ORD002893,PROD00153,3,46558.12,2.41
ITEM0008654,ORD002894,PROD00046,4,33886.74,15.61
ITEM0008655,ORD002894,PROD00004,4,4717.66,14.95
ITEM0008656,ORD002895,PROD00087,4,35656.84,32.98
ITEM0008657,ORD002895,PROD00145,1,41660.71,6.11
ITEM0008658,ORD002895,PROD00108,3,52593.81,9.53
ITEM0008659,ORD002895,PROD00035,1,12647.2,13.63
ITEM0008660,ORD002895,PROD00176,5,49764.16,20.51
ITEM0008661,ORD002896,PROD00092,5,12226.66,24.86
ITEM0008662,ORD002896,PROD00059,5,57904.94,5.1
ITEM0008663,ORD002896,PROD00153,1,45846.43,8.71
ITEM0008664,ORD002896,PROD00017,5,21917.62,4.82
ITEM0008665,ORD002897,PROD00198,1,22089.46,13.0
ITEM0008666,ORD002897,PROD00200,1,56531.38,31.34
ITEM0008667,ORD002898,PROD00079,4,40820.14,24.21
ITEM0008668,ORD002898,PROD00111,5,50633.62,13.23
ITEM0008669,ORD002899,PROD00045,5,76131.64,28.56
ITEM0008670,ORD002899,PROD00009,4,33691.19,28.22
ITEM0008671,ORD002899,PROD00199,3,7278.41,30.42
ITEM0008672,ORD002900,PROD00197,4,7200.01,37.59
ITEM0008673,ORD002900,PROD00002,2,14014.19,14.06
ITEM0008674,ORD002900,PROD00103,3,53317.12,17.22
ITEM0008675,ORD002901,PROD00152,2,43924.23,5.49
ITEM0008676,ORD002901,PROD00108,1,45237.67,27.16
ITEM0008677,ORD002901,PROD00181,3,49785.39,34.99
ITEM0008678,ORD002901,PROD00143,3,6487.59,2.58
ITEM0008679,ORD002902,PROD00163,1,29295.26,11.54
ITEM0008680,ORD002902,PROD00105,2,53566.75,4.04
ITEM0008681,ORD002902,PROD00126,1,65435.85,21.15
ITEM0008682,ORD002903,PROD00108,4,49877.71,39.27
ITEM0008683,ORD002903,PROD00013,3,58711.35,36.05
ITEM0008684,ORD002904,PROD00052,3,69967.71,9.32
ITEM0008685,ORD002905,PROD00053,1,72156.83,9.07
ITEM0008686,ORD002905,PROD00048,4,2250.2,16.74
ITEM0008687,ORD002905,PROD00116,5,33834.53,37.89
ITEM0008688,ORD002906,PROD00017,1,24312.82,32.69
ITEM0008689,ORD002906,PROD00169,2,26989.23,32.55
ITEM0008690,ORD002906,PROD00120,1,60813.66,1.96
ITEM0008691,ORD002906,PROD00199,2,6344.14,32.35
ITEM0008692,ORD002906,PROD00086,4,6774.01,15.86
ITEM0008693,ORD002907,PROD00123,3,78706.28,9.2
ITEM0008694,ORD002907,PROD00146,3,68826.44,29.46
ITEM0008695,ORD002907,PROD00034,5,65149.3,33.39
ITEM0008696,ORD002907,PROD00127,1,5031.68,20.25
ITEM0008697,ORD002907,PROD00022,1,54734.82,39.45
ITEM0008698,ORD002908,PROD00159,2,59808.43,8.81
ITEM0008699,ORD002908,PROD00167,5,12859.03,13.17
ITEM0008700,ORD002908,PROD00058,1,13132.34,8.24
ITEM0008701,ORD002908,PROD00158,1,19015.56,21.61
ITEM0008702,ORD002909,PROD00031,3,40576.73,21.16
ITEM0008703,ORD002910,PROD00063,5,53308.74,9.09
ITEM0008704,ORD002911,PROD00055,2,55384.8,26.4
ITEM0008705,ORD002912,PROD00148,2,65064.34,24.29
ITEM0008706,ORD002912,PROD00035,1,11274.31,11.15
ITEM0008707,ORD002912,PROD00056,2,78913.56,22.23
ITEM0008708,ORD002913,PROD00180,1,51846.6,35.16
ITEM0008709,ORD002913,PROD00027,3,72291.34,29.56
ITEM0008710,ORD002913,PROD00002,-3,19847.66,30.14
ITEM0008711,ORD002914,PROD00034,1,64493.82,1.48
ITEM0008712,ORD002914,PROD00030,5,64614.5,4.31
ITEM0008713,ORD002914,PROD00029,2,17248.23,36.12
ITEM0008714,ORD002914,PROD00136,2,9052.45,5.87
ITEM0008715,ORD002915,PROD00074,1,50849.07,36.16
ITEM0008716,ORD002915,PROD00017,3,33336.15,3.16
ITEM0008717,ORD002915,PROD00136,1,12538.41,14.72
ITEM0008718,ORD002916,PROD00190,1,47356.43,10.11
ITEM0008719,ORD002916,PROD00085,2,55073.13,24.04
ITEM0008720,ORD002916,PROD00099,3,61022.34,24.18
ITEM0008721,ORD002916,PROD00135,5,53514.54,31.16
ITEM0008722,ORD002917,PROD00094,4,42003.95,35.65
ITEM0008723,ORD002917,PROD00181,2,53429.18,17.17
ITEM0008724,ORD002918,PROD00114,2,42273.36,16.82
ITEM0008725,ORD002918,PROD00027,2,60437.88,35.79
ITEM0008726,ORD002918,PROD00153,2,37117.48,19.02
ITEM0008727,ORD002919,PROD00173,2,23802.23,21.0
ITEM0008728,ORD002919,PROD00065,1,82599.37,6.61
ITEM0008729,ORD002920,PROD00170,3,3432.62,29.72
ITEM0008730,ORD002920,PROD00074,4,69448.94,18.13
ITEM0008731,ORD002920,PROD00003,1,41337.89,19.37
ITEM0008732,ORD002921,PROD00182,1,23031.03,8.13
ITEM0008733,ORD002921,PROD00081,3,18445.21,10.34
ITEM0008734,ORD002921,PROD00194,2,36936.02,2.89
ITEM0008735,ORD002921,PROD00057,5,27049.94,37.12
ITEM0008736,ORD002922,PROD00066,5,34191.05,38.43
ITEM0008737,ORD002922,PROD00004,3,3385.74,10.87
ITEM0008738,ORD002923,PROD00095,5,30816.34,34.61
ITEM0008739,ORD002923,PROD00099,4,60626.38,21.98
ITEM0008740,ORD002923,PROD00109,3,59715.34,10.83
ITEM0008741,ORD002924,PROD00105,4,44165.38,26.52
ITEM0008742,ORD002924,PROD00078,2,33963.18,0.51
ITEM0008743,ORD002924,PROD00080,5,4691.88,31.62
ITEM0008744,ORD002924,PROD00095,2,32356.52,10.67
ITEM0008745,ORD002925,PROD00085,1,46873.36,33.65
ITEM0008746,ORD002925,PROD00084,5,48376.4,5.66
ITEM0008747,ORD002925,PROD00194,2,53517.61,38.72
ITEM0008748,ORD002926,PROD00069,-1,81549.75,13.16
ITEM0008749,ORD002926,PROD00008,5,68792.06,18.96
ITEM0008750,ORD002926,PROD00014,4,82668.49,36.16
ITEM0008751,ORD002927,PROD00097,1,70191.05,23.29
ITEM0008752,ORD002927,PROD00078,5,28968.55,6.79
ITEM0008753,ORD002927,PROD00035,5,14359.96,32.39
ITEM0008754,ORD002927,PROD00172,5,386.43,11.74
ITEM0008755,ORD002927,PROD00040,3,21199.55,38.7
ITEM0008756,ORD002928,PROD00093,2,9425.24,12.63
ITEM0008757,ORD002928,PROD00122,4,48220.09,27.53
ITEM0008758,ORD002929,PROD00152,3,52512.18,39.81
ITEM0008759,ORD002929,PROD00074,3,58213.07,18.38
ITEM0008760,ORD002929,PROD00141,3,33796.67,19.61
ITEM0008761,ORD002929,PROD00018,5,10739.03,10.73
ITEM0008762,ORD002930,PROD00181,1,54239.81,8.91
ITEM0008763,ORD002931,PROD00127,5,5737.19,28.58
ITEM0008764,ORD002931,PROD00165,2,52376.15,26.52
ITEM0008765,ORD002931,PROD00195,3,6020.26,23.93
ITEM0008766,ORD002931,PROD00014,3,78854.92,14.43
ITEM0008767,ORD002931,PROD00114,2,49567.04,7.37
ITEM0008768,ORD002932,PROD00103,3,46477.93,15.73
ITEM0008769,ORD002932,PROD00010,5,40086.21,38.2
ITEM0008770,ORD002933,PROD00016,1,55066.23,5.96
ITEM0008771,ORD002933,PROD00158,2,25911.55,25.93
ITEM0008772,ORD002934,PROD00185,5,16391.51,13.27
ITEM0008773,ORD002935,PROD00037,1,27577.89,37.46
ITEM0008774,ORD002935,PROD00113,5,47637.6,22.3
ITEM0008775,ORD002935,PROD00131,4,47604.81,15.76
ITEM0008776,ORD002935,PROD00090,5,467.05,1.94
ITEM0008777,ORD002936,PROD00032,1,48961.31,8.5
ITEM0008778,ORD002936,PROD00063,3,36713.08,37.24
ITEM0008779,ORD002937,PROD00030,4,70905.71,9.67
ITEM0008780,ORD002937,PROD00112,5,46037.48,30.46
ITEM0008781,ORD002938,PROD00162,3,36923.26,14.95
ITEM0008782,ORD002938,PROD00115,1,64185.35,37.82
ITEM0008783,ORD002938,PROD00167,5,12703.06,3.44
ITEM0008784,ORD002939,PROD00030,2,62327.94,3.54
ITEM0008785,ORD002939,PROD00094,1,49101.48,12.04
ITEM0008786,ORD002939,PROD00022,-1,66289.59,7.79
ITEM0008787,ORD002940,PROD00057,5,39481.14,7.84
ITEM0008788,ORD002940,PROD00095,1,30499.15,39.31
ITEM0008789,ORD002940,PROD00083,3,75068.5,0.63
ITEM0008790,ORD002941,PROD00182,-1,21825.55,33.92
ITEM0008791,ORD002941,PROD00193,2,362.68,16.58
ITEM0008792,ORD002941,PROD00076,4,65445.58,34.33
ITEM0008793,ORD002941,PROD00036,4,67565.37,0.88
ITEM0008794,ORD002942,PROD00191,2,27690.82,0.17
ITEM0008795,ORD002943,PROD00042,2,56284.61,28.39
ITEM0008796,ORD002943,PROD00055,4,56251.46,10.38
ITEM0008797,ORD002944,PROD00111,4,51660.79,5.5
ITEM0008798,ORD002944,PROD00180,3,50712.78,34.16
ITEM0008799,ORD002945,PROD00102,5,29013.4,12.57
ITEM0008800,ORD002946,PROD00048,2,2022.87,37.88
ITEM0008801,ORD002946,PROD00043,2,28828.35,28.94
ITEM0008802,ORD002946,PROD00059,1,69685.34,23.54
ITEM0008803,ORD002946,PROD00159,4,64189.69,23.22
ITEM0008804,ORD002947,PROD00002,1,16824.76,1.23
ITEM0008805,ORD002948,PROD00018,4,11024.2,32.95
ITEM0008806,ORD002948,PROD00161,3,14736.23,26.43
ITEM0008807,ORD002948,PROD00016,1,75631.26,25.73
ITEM0008808,ORD002948,PROD00136,2,9408.94,24.68
ITEM0008809,ORD002949,PROD00059,3,71040.5,13.26
ITEM0008810,ORD002949,PROD00168,3,68964.3,6.82
ITEM0008811,ORD002949,PROD00096,5,4124.71,2.11
ITEM0008812,ORD002949,PROD00061,3,49509.18,36.86
ITEM0008813,ORD002949,PROD00070,3,54484.21,18.27
ITEM0008814,ORD002950,PROD00149,5,53030.45,27.52
ITEM0008815,ORD002950,PROD00055,2,61860.05,36.79
ITEM0008816,ORD002950,PROD00174,5,45171.25,22.5
ITEM0008817,ORD002950,PROD00048,1,1831.45,28.42
ITEM0008818,ORD002950,PROD00069,5,58587.3,2.17
ITEM0008819,ORD002951,PROD00080,2,6111.45,24.72
ITEM0008820,ORD002951,PROD00115,5,53915.24,21.61
ITEM0008821,ORD002951,PROD00104,2,48379.54,14.54
ITEM0008822,ORD002952,PROD00097,5,47979.77,25.93
ITEM0008823,ORD002952,PROD00102,4,28878.55,18.34
ITEM0008824,ORD002953,PROD00029,1,22365.44,17.12
ITEM0008825,ORD002953,PROD00062,2,65014.09,9.15
ITEM0008826,ORD002954,PROD00092,1,13628.96,26.59
ITEM0008827,ORD002954,PROD00013,2,43376.95,35.95
ITEM0008828,ORD002954,PROD00030,4,47139.9,26.92
ITEM0008829,ORD002954,PROD00183,2,86642.34,19.09
ITEM0008830,ORD002955,PROD00056,1,61185.96,37.01
ITEM0008831,ORD002955,PROD00134,5,30921.55,16.95
ITEM0008832,ORD002955,PROD00097,3,60524.75,21.25
ITEM0008833,ORD002955,PROD00077,5,57926.95,9.97
ITEM0008834,ORD002955,PROD00006,1,64122.0,5.18
ITEM0008835,ORD002956,PROD00078,2,22516.18,18.84
ITEM0008836,ORD002956,PROD00031,3,37669.04,24.84
ITEM0008837,ORD002956,PROD00084,2,35196.74,16.27
ITEM0008838,ORD002956,PROD00063,3,57543.85,34.64
ITEM0008839,ORD002956,PROD00169,2,27820.55,28.26
ITEM0008840,ORD002957,PROD00076,2,57938.4,10.6
ITEM0008841,ORD002957,PROD00163,2,29516.95,33.9
ITEM0008842,ORD002957,PROD00005,2,69506.93,11.05
ITEM0008843,ORD002957,PROD00167,1,10200.37,4.49
ITEM0008844,ORD002957,PROD00128,2,51363.54,16.92
ITEM0008845,ORD002958,PROD00053,2,82150.25,22.51
ITEM0008846,ORD002959,PROD00084,2,53275.59,20.48
ITEM0008847,ORD002959,PROD00129,1,52402.33,23.27
ITEM0008848,ORD002959,PROD00193,2,401.88,20.67
ITEM0008849,ORD002959,PROD00010,5,48826.08,32.06
ITEM0008850,ORD002960,PROD00158,5,18632.99,26.35
ITEM0008851,ORD002961,PROD00052,1,72880.97,21.45
ITEM0008852,ORD002961,PROD00081,2,22352.31,18.38
ITEM0008853,ORD002961,PROD00006,3,58688.68,27.76
ITEM0008854,ORD002961,PROD00128,5,76061.5,32.29
ITEM0008855,ORD002962,PROD00050,2,87159.82,7.88
ITEM0008856,ORD002962,PROD00044,1,54845.67,30.03
ITEM0008857,ORD002963,PROD00078,5,21164.21,12.96
ITEM0008858,ORD002963,PROD00063,1,51857.01,7.04
ITEM0008859,ORD002963,PROD00056,1,79633.25,15.75
ITEM0008860,ORD002964,PROD00193,4,394.56,31.68
ITEM0008861,ORD002964,PROD00080,4,5518.37,6.83
ITEM0008862,ORD002964,PROD00142,5,31566.93,12.64
ITEM0008863,ORD002965,PROD00123,1,57102.42,28.63
ITEM0008864,ORD002965,PROD00197,4,9101.39,38.58
ITEM0008865,ORD002966,PROD00004,3,3683.44,28.43
ITEM0008866,ORD002966,PROD00179,3,55943.16,33.48
ITEM0008867,ORD002966,PROD00168,2,61980.32,21.52
ITEM0008868,ORD002966,PROD00187,3,43786.11,24.31
ITEM0008869,ORD002967,PROD00058,5,13432.64,32.03
ITEM0008870,ORD002968,PROD00017,1,29337.45,23.08
ITEM0008871,ORD002968,PROD00069,3,76341.15,29.33
ITEM0008872,ORD002968,PROD00183,1,69318.15,38.14
ITEM0008873,ORD002968,PROD00009,1,46042.55,21.11
ITEM0008874,ORD002968,PROD00022,4,61270.36,36.37
ITEM0008875,ORD002969,PROD00026,4,42343.32,28.36
ITEM0008876,ORD002969,PROD00149,4,46347.27,22.07
ITEM0008877,ORD002969,PROD00126,4,64627.3,27.61
ITEM0008878,ORD002970,PROD00137,2,39024.96,14.82
ITEM0008879,ORD002970,PROD00065,1,65735.02,0.9
ITEM0008880,ORD002970,PROD00092,5,13672.11,23.4
ITEM0008881,ORD002971,PROD00118,2,39342.65,23.16
ITEM0008882,ORD002971,PROD00127,2,4749.88,13.66
ITEM0008883,ORD002971,PROD00111,4,70449.55,11.89
ITEM0008884,ORD002971,PROD00190,5,37581.2,15.32
ITEM0008885,ORD002972,PROD00114,2,37609.1,5.41
ITEM0008886,ORD002972,PROD00024,2,32012.1,22.35
ITEM0008887,ORD002972,PROD00103,5,55590.83,21.45
ITEM0008888,ORD002972,PROD00043,2,33013.33,29.68
ITEM0008889,ORD002973,PROD00088,4,23072.58,19.13
ITEM0008890,ORD002973,PROD00156,2,10661.47,34.69
ITEM0008891,ORD002973,PROD00198,4,21687.42,0.93
ITEM0008892,ORD002973,PROD00064,2,27499.52,22.87
ITEM0008893,ORD002974,PROD00122,5,57316.24,25.46
ITEM0008894,ORD002974,PROD00171,5,57195.93,13.83
ITEM0008895,ORD002974,PROD00120,3,53386.49,7.39
ITEM0008896,ORD002975,PROD00105,2,58823.97,21.73
ITEM0008897,ORD002975,PROD00077,5,50561.32,27.56
ITEM0008898,ORD002976,PROD00102,3,33946.41,0.22
ITEM0008899,ORD002977,PROD00095,3,20636.88,35.93
ITEM0008900,ORD002977,PROD00182,1,17057.96,19.57
ITEM0008901,ORD002977,PROD00005,4,69456.03,17.83
ITEM0008902,ORD002978,PROD00034,2,68320.57,28.3
ITEM0008903,ORD002979,PROD00126,3,52310.88,16.53
ITEM0008904,ORD002979,PROD00103,5,60708.91,26.19
ITEM0008905,ORD002979,PROD00133,3,38627.96,3.26
ITEM0008906,ORD002980,PROD00065,4,62347.85,11.11
ITEM0008907,ORD002980,PROD00187,4,39235.57,37.19
ITEM0008908,ORD002980,PROD00025,1,20786.39,17.29
ITEM0008909,ORD002980,PROD00109,-1,46507.47,37.94
ITEM0008910,ORD002981,PROD00189,1,6580.33,16.67
ITEM0008911,ORD002981,PROD00138,1,42508.76,28.88
ITEM0008912,ORD002981,PROD00059,1,58408.73,28.73
ITEM0008913,ORD002982,PROD00195,-3,6406.76,18.32
ITEM0008914,ORD002982,PROD00094,1,44723.88,19.2
ITEM0008915,ORD002982,PROD00057,2,39765.73,39.56
ITEM0008916,ORD002983,PROD00032,2,68649.3,21.03
ITEM0008917,ORD002983,PROD00063,5,56541.99,21.61
ITEM0008918,ORD002983,PROD00052,3,80555.6,18.16
ITEM0008919,ORD002983,PROD00016,2,74063.23,0.71
ITEM0008920,ORD002983,PROD00156,4,14247.95,29.34
ITEM0008921,ORD002984,PROD00088,1,25045.18,22.79
ITEM0008922,ORD002984,PROD00176,3,35576.82,1.18
ITEM0008923,ORD002984,PROD00193,3,349.08,18.28
ITEM0008924,ORD002985,PROD00171,5,53543.74,39.03
ITEM0008925,ORD002985,PROD00008,4,52724.6,12.72
ITEM0008926,ORD002986,PROD00006,5,50346.26,20.95
ITEM0008927,ORD002986,PROD00081,2,23209.93,4.1
ITEM0008928,ORD002987,PROD00199,3,6714.06,6.06
ITEM0008929,ORD002987,PROD00030,3,75659.57,4.25
ITEM0008930,ORD002987,PROD00101,1,37844.76,33.15
ITEM0008931,ORD002987,PROD00017,5,33270.97,33.56
ITEM0008932,ORD002988,PROD00018,3,12162.09,15.99
ITEM0008933,ORD002988,PROD00067,5,46771.52,29.43
ITEM0008934,ORD002988,PROD00112,3,67291.17,30.83
ITEM0008935,ORD002989,PROD00105,2,60420.65,36.83
ITEM0008936,ORD002989,PROD00046,4,42599.6,8.48
ITEM0008937,ORD002989,PROD00001,-3,52732.22,28.28
ITEM0008938,ORD002989,PROD00109,1,52207.31,10.39
ITEM0008939,ORD002990,PROD00108,1,45102.69,32.01
ITEM0008940,ORD002990,PROD00078,3,22492.5,13.98
ITEM0008941,ORD002991,PROD00085,5,58733.26,24.46
ITEM0008942,ORD002991,PROD00006,-1,44087.54,15.14
ITEM0008943,ORD002991,PROD00032,5,65474.58,0.52
ITEM0008944,ORD002991,PROD00139,1,49297.0,1.21
ITEM0008945,ORD002991,PROD00047,5,23990.66,22.44
ITEM0008946,ORD002992,PROD00064,1,22949.78,19.0
ITEM0008947,ORD002992,PROD00079,1,41642.59,37.47
ITEM0008948,ORD002992,PROD00001,5,61775.33,7.58
ITEM0008949,ORD002992,PROD00055,3,51945.39,33.75
ITEM0008950,ORD002992,PROD00154,2,65833.1,6.86
ITEM0008951,ORD002993,PROD00103,2,54664.61,30.4
ITEM0008952,ORD002993,PROD00172,3,375.03,12.98
ITEM0008953,ORD002993,PROD00197,5,6375.22,12.37
ITEM0008954,ORD002994,PROD00027,5,51932.41,32.12
ITEM0008955,ORD002994,PROD00071,1,19994.05,35.37
ITEM0008956,ORD002995,PROD00152,4,61544.72,25.46
ITEM0008957,ORD002996,PROD00035,2,12687.32,16.8
ITEM0008958,ORD002996,PROD00102,3,29459.78,3.93
ITEM0008959,ORD002997,PROD00084,5,37013.56,14.29
ITEM0008960,ORD002997,PROD00100,2,5575.31,37.03
ITEM0008961,ORD002997,PROD00036,3,55294.71,12.32
ITEM0008962,ORD002997,PROD00151,5,2103.83,20.58
ITEM0008963,ORD002998,PROD00086,3,7430.63,32.54
ITEM0008964,ORD002998,PROD00101,5,30601.59,34.34
ITEM0008965,ORD002999,PROD00118,5,47720.68,10.41
ITEM0008966,ORD002999,PROD00023,1,25603.04,7.89
ITEM0008967,ORD002999,PROD00015,3,80066.75,11.95
ITEM0008968,ORD002999,PROD00140,4,35846.6,10.09
ITEM0008969,ORD003000,PROD00021,3,17980.03,13.24
ITEM0008970,ORD003000,PROD00182,1,15872.6,4.01
ITEM0008971,ORD003001,PROD00182,5,19817.92,28.01
ITEM0008972,ORD003001,PROD00067,2,45053.6,2.34
ITEM0008973,ORD003002,PROD00011,5,36267.36,39.97
ITEM0008974,ORD003002,PROD00113,5,32911.58,24.67
ITEM0008975,ORD003002,PROD00115,2,52049.49,34.4
ITEM0008976,ORD003002,PROD00139,5,54773.7,31.92
ITEM0008977,ORD003002,PROD00096,2,4139.27,34.8
ITEM0008978,ORD003003,PROD00126,3,60522.57,3.36
ITEM0008979,ORD003003,PROD00135,3,53650.93,2.09
ITEM0008980,ORD003003,PROD00111,1,61289.4,9.48
ITEM0008981,ORD003004,PROD00188,1,12287.86,19.95
ITEM0008982,ORD003005,PROD00018,-2,9477.93,0.81
ITEM0008983,ORD003005,PROD00025,4,14847.81,20.24
ITEM0008984,ORD003005,PROD00179,2,52333.59,12.01
ITEM0008985,ORD003005,PROD00066,3,38347.16,5.43
ITEM0008986,ORD003006,PROD00012,4,51128.34,22.54
ITEM0008987,ORD003006,PROD00165,2,55585.83,21.73
ITEM0008988,ORD003006,PROD00115,3,65997.88,0.54
ITEM0008989,ORD003007,PROD00130,1,34612.38,5.13
ITEM0008990,ORD003007,PROD00066,1,32993.09,3.1
ITEM0008991,ORD003007,PROD00145,1,41310.23,11.42
ITEM0008992,ORD003007,PROD00114,4,37291.82,25.28
ITEM0008993,ORD003008,PROD00052,1,58344.84,15.37
ITEM0008994,ORD003008,PROD00178,-1,13379.95,3.67
ITEM0008995,ORD003008,PROD00029,4,17308.19,11.08
ITEM0008996,ORD003008,PROD00188,5,12090.97,26.32
ITEM0008997,ORD003009,PROD00155,2,30876.85,4.88
ITEM0008998,ORD003009,PROD00022,2,50801.4,13.61
ITEM0008999,ORD003009,PROD00002,2,14704.51,19.03
ITEM0009000,ORD003009,PROD00059,2,53481.72,14.48
ITEM0009001,ORD003010,PROD00129,4,71934.74,30.22
ITEM0009002,ORD003010,PROD00025,2,18265.84,26.99
ITEM0009003,ORD003010,PROD00022,5,60013.59,13.66
ITEM0009004,ORD003010,PROD00093,4,8941.27,39.36
ITEM0009005,ORD003010,PROD00189,2,9157.59,15.29
ITEM0009006,ORD003011,PROD00035,2,15242.62,4.15
ITEM0009007,ORD003011,PROD00067,3,47782.79,32.53
ITEM0009008,ORD003011,PROD00134,5,22891.0,8.51
ITEM0009009,ORD003011,PROD00020,1,72488.96,4.69
ITEM0009010,ORD003011,PROD00127,5,5746.69,29.26
ITEM0009011,ORD003012,PROD00135,3,59165.27,18.73
ITEM0009012,ORD003012,PROD00192,3,47901.42,11.29
ITEM0009013,ORD003012,PROD00044,2,46474.88,12.83
ITEM0009014,ORD003012,PROD00151,3,2299.35,36.47
ITEM0009015,ORD003012,PROD00025,2,21555.33,7.34
ITEM0009016,ORD003013,PROD00120,1,76991.63,13.21
ITEM0009017,ORD003014,PROD00141,5,30166.19,29.24
ITEM0009018,ORD003015,PROD00191,1,24852.22,39.98
ITEM0009019,ORD003016,PROD00063,4,50022.6,14.89
ITEM0009020,ORD003016,PROD00196,1,32617.26,20.52
ITEM0009021,ORD003017,PROD00082,2,57821.56,8.5
ITEM0009022,ORD003018,PROD00123,1,83917.35,12.07
ITEM0009023,ORD003018,PROD00152,3,48444.28,16.4
ITEM0009024,ORD003018,PROD00074,5,72347.15,4.82
ITEM0009025,ORD003018,PROD00019,1,5142.07,3.58
ITEM0009026,ORD003019,PROD00002,3,14046.87,16.73
ITEM0009027,ORD003020,PROD00045,5,87228.34,6.57
ITEM0009028,ORD003021,PROD00176,4,35146.77,30.74
ITEM0009029,ORD003021,PROD00059,5,65490.89,16.26
ITEM0009030,ORD003022,PROD00034,5,60627.12,18.12
ITEM0009031,ORD003022,PROD00052,1,76093.64,37.04
ITEM0009032,ORD003022,PROD00120,3,55701.18,30.24
ITEM0009033,ORD003023,PROD00200,2,52610.34,12.51
ITEM0009034,ORD003024,PROD00027,2,64194.5,33.02
ITEM0009035,ORD003025,PROD00193,2,393.93,24.58
ITEM0009036,ORD003026,PROD00028,2,57979.06,34.63
ITEM0009037,ORD003026,PROD00162,3,23887.9,1.75
ITEM0009038,ORD003026,PROD00091,1,49770.75,21.69
ITEM0009039,ORD003027,PROD00013,5,54331.78,33.72
ITEM0009040,ORD003027,PROD00100,1,5021.39,34.69
ITEM0009041,ORD003027,PROD00105,-3,44262.96,27.02
ITEM0009042,ORD003028,PROD00165,4,46594.5,6.25
ITEM0009043,ORD003028,PROD00142,3,30018.0,28.93
ITEM0009044,ORD003029,PROD00065,2,62815.31,37.31
ITEM0009045,ORD003029,PROD00154,5,65305.21,23.18
ITEM0009046,ORD003029,PROD00172,2,458.17,15.13
ITEM0009047,ORD003029,PROD00187,4,49676.91,3.3
ITEM0009048,ORD003030,PROD00084,-1,41282.62,37.04
ITEM0009049,ORD003030,PROD00174,4,37473.03,34.52
ITEM0009050,ORD003030,PROD00143,4,7342.14,39.42
ITEM0009051,ORD003030,PROD00119,1,21529.4,12.56
ITEM0009052,ORD003031,PROD00200,1,49417.21,25.12
ITEM0009053,ORD003031,PROD00089,2,42612.36,30.29
ITEM0009054,ORD003031,PROD00166,2,443.49,38.39
ITEM0009055,ORD003031,PROD00149,3,39618.35,4.61
ITEM0009056,ORD003032,PROD00067,2,41116.2,31.28
ITEM0009057,ORD003032,PROD00132,2,10922.97,0.99
ITEM0009058,ORD003032,PROD00167,4,9405.88,27.76
ITEM0009059,ORD003032,PROD00183,2,59800.66,39.96
ITEM0009060,ORD003033,PROD00148,3,55429.68,39.08
ITEM0009061,ORD003034,PROD00162,4,31471.96,6.3
ITEM0009062,ORD003034,PROD00136,4,9580.77,27.96
ITEM0009063,ORD003035,PROD00183,5,89521.43,34.88
ITEM0009064,ORD003035,PROD00106,2,62803.4,21.79
ITEM0009065,ORD003035,PROD00138,1,31437.53,21.31
ITEM0009066,ORD003035,PROD00024,4,23964.86,28.97
ITEM0009067,ORD003036,PROD00189,2,6841.49,0.84
ITEM0009068,ORD003037,PROD00117,3,23616.37,7.37
ITEM0009069,ORD003037,PROD00143,4,7021.55,32.23
ITEM0009070,ORD003037,PROD00041,3,52221.25,38.95
ITEM0009071,ORD003038,PROD00047,4,23460.78,19.0
ITEM0009072,ORD003039,PROD00024,5,20444.73,24.32
ITEM0009073,ORD003039,PROD00023,4,28619.95,26.24
ITEM0009074,ORD003039,PROD00177,4,81051.87,23.58
ITEM0009075,ORD003039,PROD00170,5,3473.04,29.85
ITEM0009076,ORD003039,PROD00162,-2,25176.11,32.87
ITEM0009077,ORD003040,PROD00107,4,81398.29,33.18
ITEM0009078,ORD003040,PROD00023,4,31626.79,6.37
ITEM0009079,ORD003040,PROD00154,5,68794.05,18.82
ITEM0009080,ORD003040,PROD00136,3,9654.34,39.85
ITEM0009081,ORD003040,PROD00033,5,28580.86,29.15
ITEM0009082,ORD003041,PROD00130,4,33349.72,23.84
ITEM0009083,ORD003041,PROD00012,5,61625.67,35.52
ITEM0009084,ORD003041,PROD00068,3,40838.46,24.23
ITEM0009085,ORD003041,PROD00044,1,61317.2,18.91
ITEM0009086,ORD003042,PROD00112,2,65098.13,39.71
ITEM0009087,ORD003042,PROD00044,4,55817.71,30.61
ITEM0009088,ORD003042,PROD00104,3,69442.93,10.53
ITEM0009089,ORD003042,PROD00146,5,65122.92,9.18
ITEM0009090,ORD003043,PROD00052,3,61918.48,4.11
ITEM0009091,ORD003043,PROD00015,2,57100.13,25.87
ITEM0009092,ORD003043,PROD00153,2,38088.66,26.59
ITEM0009093,ORD003044,PROD00197,2,7966.41,22.47
ITEM0009094,ORD003044,PROD00095,1,28344.49,19.71
ITEM0009095,ORD003044,PROD00068,1,50283.98,26.36
ITEM0009096,ORD003044,PROD00140,3,47712.04,15.12
ITEM0009097,ORD003045,PROD00026,2,44982.94,32.63
ITEM0009098,ORD003045,PROD00199,4,7694.62,20.68
ITEM0009099,ORD003045,PROD00116,2,37913.31,31.23
ITEM0009100,ORD003045,PROD00168,2,50380.65,18.82
ITEM0009101,ORD003046,PROD00094,5,55970.25,25.29
ITEM0009102,ORD003046,PROD00011,-2,23139.44,0.32
ITEM0009103,ORD003046,PROD00013,5,48149.31,9.54
ITEM0009104,ORD003046,PROD00077,3,53823.73,3.3
ITEM0009105,ORD003046,PROD00079,3,35601.05,38.51
ITEM0009106,ORD003047,PROD00050,5,85109.58,9.92
ITEM0009107,ORD003047,PROD00075,1,16532.56,39.8
ITEM0009108,ORD003047,PROD00008,-3,56101.14,9.16
ITEM0009109,ORD003047,PROD00161,1,16044.28,3.5
ITEM0009110,ORD003047,PROD00066,5,33909.27,15.5
ITEM0009111,ORD003048,PROD00111,4,67385.05,37.15
ITEM0009112,ORD003049,PROD00122,4,55431.87,37.46
ITEM0009113,ORD003050,PROD00128,3,73669.19,0.01
ITEM0009114,ORD003050,PROD00006,1,57009.48,35.28
ITEM0009115,ORD003050,PROD00199,1,7114.69,6.08
ITEM0009116,ORD003050,PROD00088,4,18369.94,38.15
ITEM0009117,ORD003051,PROD00158,4,27992.27,22.32
ITEM0009118,ORD003052,PROD00192,1,41390.08,31.88
ITEM0009119,ORD003053,PROD00063,4,41637.13,11.23
ITEM0009120,ORD003053,PROD00039,3,24064.88,25.01
ITEM0009121,ORD003054,PROD00181,3,54150.21,25.77
ITEM0009122,ORD003055,PROD00037,5,35812.25,13.07
ITEM0009123,ORD003055,PROD00033,4,33639.2,36.06
ITEM0009124,ORD003055,PROD00004,2,3657.48,8.65
ITEM0009125,ORD003055,PROD00043,1,33555.75,20.39
ITEM0009126,ORD003055,PROD00017,2,29564.01,18.79
ITEM0009127,ORD003056,PROD00088,4,19634.87,3.41
ITEM0009128,ORD003057,PROD00109,5,53125.95,27.17
ITEM0009129,ORD003057,PROD00039,3,30714.53,3.17
ITEM0009130,ORD003057,PROD00030,5,67734.41,16.85
ITEM0009131,ORD003057,PROD00074,4,69672.77,15.02
ITEM0009132,ORD003058,PROD00173,1,29643.33,10.33
ITEM0009133,ORD003058,PROD00163,3,22872.95,1.18
ITEM0009134,ORD003059,PROD00163,4,19086.2,11.28
ITEM0009135,ORD003060,PROD00025,2,20633.74,18.31
ITEM0009136,ORD003061,PROD00024,1,22653.85,30.47
ITEM0009137,ORD003061,PROD00027,2,65444.42,13.17
ITEM0009138,ORD003061,PROD00164,4,48311.35,17.09
ITEM0009139,ORD003061,PROD00044,5,64657.5,28.94
ITEM0009140,ORD003061,PROD00135,3,60747.21,13.9
ITEM0009141,ORD003062,PROD00084,3,38889.57,0.55
ITEM0009142,ORD003062,PROD00193,1,398.17,15.52
ITEM0009143,ORD003063,PROD00150,3,14383.19,39.68
ITEM0009144,ORD003063,PROD00151,5,2461.92,24.26
ITEM0009145,ORD003063,PROD00083,5,53813.58,4.61
ITEM0009146,ORD003063,PROD00167,3,14474.39,23.17
ITEM0009147,ORD003063,PROD00169,4,26529.41,0.46
ITEM0009148,ORD003064,PROD00156,4,11042.47,32.89
ITEM0009149,ORD003064,PROD00179,5,63223.61,9.15
ITEM0009150,ORD003065,PROD00162,1,37136.71,7.13
ITEM0009151,ORD003065,PROD00152,5,52899.14,16.7
ITEM0009152,ORD003065,PROD00086,3,6730.64,23.73
ITEM0009153,ORD003065,PROD00063,1,46834.88,34.53
ITEM0009154,ORD003065,PROD00078,2,27990.33,34.48
ITEM0009155,ORD003066,PROD00062,1,64387.75,17.84
ITEM0009156,ORD003066,PROD00166,5,443.96,36.51
ITEM0009157,ORD003067,PROD00055,5,42242.2,6.36
ITEM0009158,ORD003067,PROD00135,5,60360.05,15.05
ITEM0009159,ORD003067,PROD00037,4,34715.39,30.51
ITEM0009160,ORD003068,PROD00092,2,12265.0,17.48
ITEM0009161,ORD003069,PROD00149,5,46461.12,26.96
ITEM0009162,ORD003069,PROD00160,5,42071.57,8.97
ITEM0009163,ORD003070,PROD00168,3,63369.21,20.1
ITEM0009164,ORD003070,PROD00097,5,62025.57,4.23
ITEM0009165,ORD003071,PROD00096,4,2922.84,21.27
ITEM0009166,ORD003071,PROD00125,5,67065.97,14.68
ITEM0009167,ORD003071,PROD00093,3,7735.34,4.93
ITEM0009168,ORD003072,PROD00076,5,63723.78,29.91
ITEM0009169,ORD003072,PROD00119,1,25919.86,0.97
ITEM0009170,ORD003073,PROD00001,2,72922.31,18.99
ITEM0009171,ORD003073,PROD00014,4,75931.63,21.2
ITEM0009172,ORD003074,PROD00033,5,29021.26,31.15
ITEM0009173,ORD003074,PROD00072,2,7396.77,30.31
ITEM0009174,ORD003075,PROD00184,2,8966.04,12.11
ITEM0009175,ORD003076,PROD00166,5,385.31,30.09
ITEM0009176,ORD003076,PROD00092,4,17848.59,29.41
ITEM0009177,ORD003076,PROD00188,4,7789.88,22.22
ITEM0009178,ORD003077,PROD00054,4,26287.48,5.01
ITEM0009179,ORD003078,PROD00173,1,24257.49,15.2
ITEM0009180,ORD003078,PROD00034,5,74598.28,10.93
ITEM0009181,ORD003078,PROD00176,4,45089.93,24.39
ITEM0009182,ORD003078,PROD00139,2,40128.68,5.35
ITEM0009183,ORD003079,PROD00105,3,67655.73,22.15
ITEM0009184,ORD003080,PROD00042,5,69541.32,15.38
ITEM0009185,ORD003080,PROD00117,2,20098.58,19.57
ITEM0009186,ORD003080,PROD00073,3,7044.99,9.83
ITEM0009187,ORD003080,PROD00056,3,56708.94,39.96
ITEM0009188,ORD003081,PROD00005,5,80239.99,14.12
ITEM0009189,ORD003081,PROD00042,2,70532.33,38.06
ITEM0009190,ORD003081,PROD00074,1,54779.41,33.35
ITEM0009191,ORD003082,PROD00096,4,4042.14,22.73
ITEM0009192,ORD003082,PROD00004,2,3814.55,18.87
ITEM0009193,ORD003083,PROD00094,1,48510.52,21.76
ITEM0009194,ORD003084,PROD00182,5,18216.37,2.2
ITEM0009195,ORD003084,PROD00046,2,34011.75,26.05
ITEM0009196,ORD003085,PROD00155,2,29392.19,37.25
ITEM0009197,ORD003085,PROD00149,5,54511.34,33.24
ITEM0009198,ORD003086,PROD00174,2,35443.91,16.82
ITEM0009199,ORD003086,PROD00165,1,56084.06,33.51
ITEM0009200,ORD003086,PROD00075,4,18674.5,37.81
ITEM0009201,ORD003087,PROD00075,1,23189.49,1.5
ITEM0009202,ORD003087,PROD00074,2,77786.09,14.82
ITEM0009203,ORD003087,PROD00167,2,13656.15,36.33
ITEM0009204,ORD003087,PROD00172,5,469.19,20.01
ITEM0009205,ORD003088,PROD00023,4,36378.61,38.85
ITEM0009206,ORD003089,PROD00089,2,49485.43,35.11
ITEM0009207,ORD003090,PROD00097,4,53988.76,20.52
ITEM0009208,ORD003090,PROD00036,3,58346.92,28.22
ITEM0009209,ORD003091,PROD00099,3,57245.3,26.27
ITEM0009210,ORD003091,PROD00184,2,7512.92,13.45
ITEM0009211,ORD003091,PROD00084,3,48103.68,37.86
ITEM0009212,ORD003092,PROD00190,3,50471.79,36.72
ITEM0009213,ORD003092,PROD00193,3,402.89,35.86
ITEM0009214,ORD003092,PROD00017,4,32553.66,34.25
ITEM0009215,ORD003093,PROD00066,2,50320.06,30.41
ITEM0009216,ORD003093,PROD00044,2,63574.61,16.85
ITEM0009217,ORD003094,PROD00146,3,70766.64,0.97
ITEM0009218,ORD003094,PROD00123,5,68046.52,32.95
ITEM0009219,ORD003095,PROD00116,1,28463.54,22.03
ITEM0009220,ORD003095,PROD00172,1,354.58,27.37
ITEM0009221,ORD003095,PROD00051,4,23865.03,39.67
ITEM0009222,ORD003095,PROD00054,5,27571.87,16.91
ITEM0009223,ORD003095,PROD00195,3,4885.37,39.68
ITEM0009224,ORD003096,PROD00020,1,66414.61,6.33
ITEM0009225,ORD003096,PROD00141,4,28137.28,6.58
ITEM0009226,ORD003096,PROD00149,3,45701.11,26.78
ITEM0009227,ORD003096,PROD00091,5,39789.42,10.09
ITEM0009228,ORD003096,PROD00119,2,18874.94,32.53
ITEM0009229,ORD003097,PROD00067,1,43351.58,6.9
ITEM0009230,ORD003098,PROD00198,1,20401.18,30.18
ITEM0009231,ORD003098,PROD00033,4,35073.32,33.67
ITEM0009232,ORD003098,PROD00127,1,6013.27,31.89
ITEM0009233,ORD003098,PROD00179,-3,46838.51,14.81
ITEM0009234,ORD003099,PROD00180,2,49703.86,20.71
ITEM0009235,ORD003099,PROD00156,3,10283.36,31.86
ITEM0009236,ORD003099,PROD00166,4,505.42,15.93
ITEM0009237,ORD003099,PROD00050,4,56539.8,13.27
ITEM0009238,ORD003100,PROD00007,3,27879.81,22.96
ITEM0009239,ORD003101,PROD00168,1,50381.51,26.94
ITEM0009240,ORD003101,PROD00027,1,52822.72,34.21
ITEM0009241,ORD003101,PROD00117,1,24021.94,7.64
ITEM0009242,ORD003101,PROD00170,4,3172.32,35.82
ITEM0009243,ORD003102,PROD00058,5,16878.89,4.91
ITEM0009244,ORD003102,PROD00088,4,18071.44,4.54
ITEM0009245,ORD003102,PROD00180,3,33699.31,31.72
ITEM0009246,ORD003102,PROD00089,2,36455.71,13.69
ITEM0009247,ORD003103,PROD00093,4,7021.78,36.1
ITEM0009248,ORD003103,PROD00069,5,80006.32,30.25
ITEM0009249,ORD003103,PROD00117,2,18336.03,13.91
ITEM0009250,ORD003104,PROD00028,5,60078.48,19.85
ITEM0009251,ORD003104,PROD00101,1,35247.17,37.05
ITEM0009252,ORD003104,PROD00185,1,22111.09,6.76
ITEM0009253,ORD003104,PROD00137,-3,41064.79,34.95
ITEM0009254,ORD003105,PROD00091,1,42308.1,5.6
ITEM0009255,ORD003105,PROD00180,2,46598.89,19.96
ITEM0009256,ORD003105,PROD00122,2,74346.13,12.24
ITEM0009257,ORD003105,PROD00102,1,28240.25,6.88
ITEM0009258,ORD003106,PROD00126,4,64896.56,24.84
ITEM0009259,ORD003107,PROD00132,5,10231.39,17.9
ITEM0009260,ORD003107,PROD00134,4,30364.21,38.29
ITEM0009261,ORD003107,PROD00049,1,30688.72,10.35
ITEM0009262,ORD003108,PROD00058,2,13072.87,10.52
ITEM0009263,ORD003109,PROD00165,2,45550.17,5.13
ITEM0009264,ORD003109,PROD00187,5,49571.28,14.39
ITEM0009265,ORD003109,PROD00145,3,31618.35,35.63
ITEM0009266,ORD003109,PROD00029,4,26431.18,18.35
ITEM0009267,ORD003109,PROD00196,3,27014.31,20.3
ITEM0009268,ORD003110,PROD00052,5,84116.65,37.32
ITEM0009269,ORD003110,PROD00156,5,15760.0,0.46
ITEM0009270,ORD003110,PROD00178,-2,10539.6,21.02
ITEM0009271,ORD003110,PROD00069,4,84711.86,10.72
ITEM0009272,ORD003110,PROD00043,2,28659.04,37.75
ITEM0009273,ORD003111,PROD00162,5,25434.62,8.74
ITEM0009274,ORD003111,PROD00014,2,73280.9,24.04
ITEM0009275,ORD003112,PROD00082,-1,71018.24,16.01
ITEM0009276,ORD003112,PROD00127,1,4990.77,14.1
ITEM0009277,ORD003113,PROD00093,2,9419.62,38.14
ITEM0009278,ORD003114,PROD00062,5,70565.56,26.22
ITEM0009279,ORD003114,PROD00104,4,47310.95,34.24
ITEM0009280,ORD003114,PROD00059,2,70215.35,16.36
ITEM0009281,ORD003115,PROD00041,2,55106.7,16.47
ITEM0009282,ORD003115,PROD00150,3,18379.92,19.04
ITEM0009283,ORD003116,PROD00003,1,44083.27,15.16
ITEM0009284,ORD003116,PROD00014,3,73110.46,16.17
ITEM0009285,ORD003117,PROD00176,5,42321.63,36.21
ITEM0009286,ORD003117,PROD00125,2,79518.92,27.33
ITEM0009287,ORD003117,PROD00079,1,43217.51,35.47
ITEM0009288,ORD003117,PROD00134,5,19531.52,29.98
ITEM0009289,ORD003117,PROD00039,1,28420.45,19.68
ITEM0009290,ORD003118,PROD00002,4,21756.87,34.18
ITEM0009291,ORD003118,PROD00137,2,38866.56,18.77
ITEM0009292,ORD003119,PROD00121,1,60166.68,32.98
ITEM0009293,ORD003119,PROD00060,3,13114.64,4.47
ITEM0009294,ORD003119,PROD00023,2,28727.77,39.55
ITEM0009295,ORD003120,PROD00141,1,22138.17,21.75
ITEM0009296,ORD003120,PROD00176,4,42719.04,22.77
ITEM0009297,ORD003120,PROD00189,4,9304.49,34.09
ITEM0009298,ORD003120,PROD00095,-3,31363.04,35.98
ITEM0009299,ORD003120,PROD00123,5,55166.43,8.16
ITEM0009300,ORD003121,PROD00185,5,20731.96,17.38
ITEM0009301,ORD003121,PROD00054,1,24018.66,8.13
ITEM0009302,ORD003121,PROD00145,1,40698.17,21.81
ITEM0009303,ORD003121,PROD00191,5,31379.99,2.86
ITEM0009304,ORD003122,PROD00089,3,31171.38,21.33
ITEM0009305,ORD003122,PROD00171,1,75376.3,10.97
ITEM0009306,ORD003122,PROD00097,2,46704.32,23.71
ITEM0009307,ORD003122,PROD00125,1,77375.89,11.19
ITEM0009308,ORD003123,PROD00136,2,11082.77,18.69
ITEM0009309,ORD003123,PROD00046,1,40402.15,23.53
ITEM0009310,ORD003123,PROD00072,4,6652.03,11.07
ITEM0009311,ORD003123,PROD00026,4,41925.61,35.15
ITEM0009312,ORD003123,PROD00141,5,31491.52,21.51
ITEM0009313,ORD003124,PROD00158,-1,22496.35,36.33
ITEM0009314,ORD003125,PROD00073,2,4735.54,39.8
ITEM0009315,ORD003125,PROD00170,4,2847.69,16.4
ITEM0009316,ORD003125,PROD00139,5,49172.83,2.55
ITEM0009317,ORD003125,PROD00152,2,48207.7,20.83
ITEM0009318,ORD003126,PROD00166,5,517.21,2.8
ITEM0009319,ORD003126,PROD00016,4,62558.83,4.22
ITEM0009320,ORD003127,PROD00119,4,29570.09,30.23
ITEM0009321,ORD003128,PROD00063,4,45571.76,16.75
ITEM0009322,ORD003128,PROD00172,5,477.01,26.29
ITEM0009323,ORD003129,PROD00086,1,6628.48,20.21
ITEM0009324,ORD003129,PROD00167,1,11276.24,5.37
ITEM0009325,ORD003129,PROD00002,4,16790.87,24.97
ITEM0009326,ORD003129,PROD00056,2,53392.31,33.02
ITEM0009327,ORD003130,PROD00178,2,15968.93,30.04
ITEM0009328,ORD003130,PROD00129,4,75735.69,35.49
ITEM0009329,ORD003130,PROD00088,2,22585.17,38.52
ITEM0009330,ORD003131,PROD00067,4,37301.76,38.75
ITEM0009331,ORD003131,PROD00185,2,19305.85,30.94
ITEM0009332,ORD003131,PROD00163,2,23902.7,39.77
ITEM0009333,ORD003131,PROD00087,5,34869.13,32.58
ITEM0009334,ORD003131,PROD00178,4,14745.64,2.47
ITEM0009335,ORD003132,PROD00158,4,28423.41,29.11
ITEM0009336,ORD003133,PROD00141,1,26214.48,15.38
ITEM0009337,ORD003134,PROD00146,3,58914.75,30.58
ITEM0009338,ORD003134,PROD00052,2,87452.3,32.42
ITEM0009339,ORD003134,PROD00069,4,81341.64,36.96
ITEM0009340,ORD003134,PROD00167,3,10427.39,18.49
ITEM0009341,ORD003134,PROD00023,1,27817.34,33.76
ITEM0009342,ORD003135,PROD00079,1,30863.38,8.86
ITEM0009343,ORD003135,PROD00143,5,7818.72,9.25
ITEM0009344,ORD003135,PROD00108,4,41457.33,36.87
ITEM0009345,ORD003135,PROD00113,5,41398.28,38.96
ITEM0009346,ORD003136,PROD00016,3,54153.21,21.12
ITEM0009347,ORD003137,PROD00143,4,5890.9,30.07
ITEM0009348,ORD003137,PROD00029,2,19267.54,2.76
ITEM0009349,ORD003138,PROD00001,1,49384.25,22.51
ITEM0009350,ORD003139,PROD00106,-3,70827.44,5.95
ITEM0009351,ORD003140,PROD00157,5,19229.45,37.07
ITEM0009352,ORD003140,PROD00049,2,29987.59,22.59
ITEM0009353,ORD003140,PROD00118,2,54344.11,2.08
ITEM0009354,ORD003140,PROD00001,2,71500.19,6.81
ITEM0009355,ORD003140,PROD00190,2,36097.68,10.71
ITEM0009356,ORD003141,PROD00100,2,4052.69,19.33
ITEM0009357,ORD003142,PROD00191,4,23136.39,34.19
ITEM0009358,ORD003142,PROD00136,5,13305.62,10.03
ITEM0009359,ORD003142,PROD00104,5,44752.97,34.56
ITEM0009360,ORD003143,PROD00152,2,50851.36,23.44
ITEM0009361,ORD003143,PROD00004,1,4581.37,32.83
ITEM0009362,ORD003144,PROD00012,2,68939.66,30.65
ITEM0009363,ORD003144,PROD00173,5,20613.36,22.04
ITEM0009364,ORD003144,PROD00143,5,7515.24,34.61
ITEM0009365,ORD003145,PROD00055,4,45670.24,9.03
ITEM0009366,ORD003145,PROD00148,1,65137.66,15.38
ITEM0009367,ORD003145,PROD00135,5,38791.91,37.16
ITEM0009368,ORD003146,PROD00089,4,45496.61,13.27
ITEM0009369,ORD003146,PROD00107,2,58426.97,39.52
ITEM0009370,ORD003146,PROD00075,5,22968.43,7.08
ITEM0009371,ORD003146,PROD00051,1,18401.4,37.59
ITEM0009372,ORD003146,PROD00037,3,30866.29,9.51
ITEM0009373,ORD003147,PROD00190,2,38517.89,15.25
ITEM0009374,ORD003147,PROD00085,4,40186.66,14.71
ITEM0009375,ORD003147,PROD00070,5,44245.97,26.76
ITEM0009376,ORD003147,PROD00031,2,41252.41,25.44
ITEM0009377,ORD003147,PROD00056,3,56973.37,0.6
ITEM0009378,ORD003148,PROD00200,1,44751.84,16.54
ITEM0009379,ORD003148,PROD00038,5,56326.86,20.42
ITEM0009380,ORD003148,PROD00072,4,8671.23,28.97
ITEM0009381,ORD003149,PROD00031,4,36842.58,9.14
ITEM0009382,ORD003149,PROD00162,5,27689.41,28.7
ITEM0009383,ORD003150,PROD00044,1,63592.94,35.11
ITEM0009384,ORD003151,PROD00198,5,24434.47,6.29
ITEM0009385,ORD003151,PROD00117,1,23406.21,19.56
ITEM0009386,ORD003151,PROD00144,4,36668.47,0.83
ITEM0009387,ORD003151,PROD00143,2,7618.61,7.34
ITEM0009388,ORD003152,PROD00014,-1,61571.21,0.47
ITEM0009389,ORD003153,PROD00029,1,17044.56,38.01
ITEM0009390,ORD003154,PROD00044,5,67416.53,21.19
ITEM0009391,ORD003154,PROD00029,3,17717.07,11.61
ITEM0009392,ORD003154,PROD00198,5,30543.25,17.02
ITEM0009393,ORD003154,PROD00001,1,71158.44,34.91
ITEM0009394,ORD003154,PROD00051,2,21644.25,34.61
ITEM0009395,ORD003155,PROD00091,1,46917.32,38.04
ITEM0009396,ORD003155,PROD00174,3,35701.16,37.78
ITEM0009397,ORD003155,PROD00094,1,44721.88,26.48
ITEM0009398,ORD003155,PROD00095,5,23430.31,2.51
ITEM0009399,ORD003155,PROD00057,5,42770.34,13.17
ITEM0009400,ORD003156,PROD00157,2,20220.29,36.94
ITEM0009401,ORD003156,PROD00104,1,52793.77,7.25
ITEM0009402,ORD003156,PROD00055,3,42337.9,35.86
ITEM0009403,ORD003157,PROD00006,1,68417.93,38.53
ITEM0009404,ORD003157,PROD00004,1,4153.76,29.09
ITEM0009405,ORD003157,PROD00028,4,75276.83,10.18
ITEM0009406,ORD003157,PROD00191,2,23189.07,37.95
ITEM0009407,ORD003157,PROD00075,5,16677.87,13.93
ITEM0009408,ORD003158,PROD00181,3,47211.69,2.99
ITEM0009409,ORD003158,PROD00004,5,4449.89,39.0
ITEM0009410,ORD003158,PROD00095,2,32688.14,10.01
ITEM0009411,ORD003158,PROD00069,5,73408.66,4.49
ITEM0009412,ORD003158,PROD00045,3,69710.93,34.85
ITEM0009413,ORD003159,PROD00189,5,8953.46,28.73
ITEM0009414,ORD003159,PROD00148,3,67305.47,5.98
ITEM0009415,ORD003159,PROD00003,4,42502.74,25.94
ITEM0009416,ORD003159,PROD00084,1,42906.44,28.96
ITEM0009417,ORD003159,PROD00058,1,18356.51,7.95
ITEM0009418,ORD003160,PROD00037,1,34717.16,18.53
ITEM0009419,ORD003160,PROD00067,2,46936.68,22.96
ITEM0009420,ORD003160,PROD00060,2,13566.66,35.08
ITEM0009421,ORD003160,PROD00163,1,22952.83,12.79
ITEM0009422,ORD003161,PROD00061,4,32734.5,34.43
ITEM0009423,ORD003161,PROD00176,4,49058.92,39.05
ITEM0009424,ORD003161,PROD00036,2,59351.58,33.53
ITEM0009425,ORD003161,PROD00023,1,33591.75,31.14
ITEM0009426,ORD003162,PROD00077,4,65194.56,24.05
ITEM0009427,ORD003162,PROD00121,5,59316.21,27.37
ITEM0009428,ORD003162,PROD00108,4,45491.08,11.66
ITEM0009429,ORD003163,PROD00051,5,21704.44,35.98
ITEM0009430,ORD003163,PROD00183,3,83254.87,30.95
ITEM0009431,ORD003164,PROD00195,5,5994.87,27.66
ITEM0009432,ORD003164,PROD00143,3,9365.51,12.87
ITEM0009433,ORD003164,PROD00132,2,10004.46,31.38
ITEM0009434,ORD003165,PROD00155,2,27020.63,29.14
ITEM0009435,ORD003165,PROD00192,3,46474.64,2.67
ITEM0009436,ORD003166,PROD00086,2,8445.23,37.87
ITEM0009437,ORD003166,PROD00170,2,3471.05,25.21
ITEM0009438,ORD003166,PROD00124,5,36755.43,30.96
ITEM0009439,ORD003166,PROD00087,1,36324.43,18.07
ITEM0009440,ORD003166,PROD00020,3,55802.13,12.94
ITEM0009441,ORD003167,PROD00169,5,34020.82,39.38
ITEM0009442,ORD003167,PROD00109,4,62884.22,4.11
ITEM0009443,ORD003167,PROD00189,5,7051.7,0.74
ITEM0009444,ORD003167,PROD00101,3,46524.11,14.18
ITEM0009445,ORD003167,PROD00001,5,75332.76,16.17
ITEM0009446,ORD003168,PROD00011,1,23322.07,25.32
ITEM0009447,ORD003168,PROD00136,1,14020.67,7.79
ITEM0009448,ORD003168,PROD00093,1,7873.48,19.14
ITEM0009449,ORD003169,PROD00082,4,78779.83,2.43
ITEM0009450,ORD003170,PROD00027,5,56391.83,5.35
ITEM0009451,ORD003170,PROD00053,4,57209.98,2.44
ITEM0009452,ORD003170,PROD00193,4,422.66,36.7
ITEM0009453,ORD003170,PROD00029,-1,18109.97,28.12
ITEM0009454,ORD003171,PROD00159,5,54966.43,35.75
ITEM0009455,ORD003171,PROD00135,1,47436.01,25.4
ITEM0009456,ORD003171,PROD00143,3,8093.06,28.69
ITEM0009457,ORD003171,PROD00017,1,24877.64,30.12
ITEM0009458,ORD003172,PROD00047,1,20738.24,4.07
ITEM0009459,ORD003172,PROD00122,1,57335.47,35.64
ITEM0009460,ORD003172,PROD00178,4,12157.58,30.95
ITEM0009461,ORD003173,PROD00098,1,62388.8,33.56
ITEM0009462,ORD003174,PROD00008,3,64491.24,6.82
ITEM0009463,ORD003175,PROD00135,2,45463.27,34.59
ITEM0009464,ORD003176,PROD00097,2,48012.0,11.58
ITEM0009465,ORD003176,PROD00132,5,8719.58,16.31
ITEM0009466,ORD003176,PROD00137,3,41867.35,26.32
ITEM0009467,ORD003176,PROD00192,1,46958.15,31.68
ITEM0009468,ORD003176,PROD00176,1,40830.74,34.83
ITEM0009469,ORD003177,PROD00128,5,56016.25,36.21
ITEM0009470,ORD003178,PROD00188,-3,11972.13,26.5
ITEM0009471,ORD003178,PROD00001,-3,73379.45,13.38
ITEM0009472,ORD003178,PROD00051,5,17660.31,6.1
ITEM0009473,ORD003178,PROD00039,5,33984.85,4.07
ITEM0009474,ORD003179,PROD00030,4,73165.21,36.02
ITEM0009475,ORD003179,PROD00009,3,46580.96,35.8
ITEM0009476,ORD003180,PROD00102,3,33187.89,9.41
ITEM0009477,ORD003180,PROD00002,2,18952.95,18.06
ITEM0009478,ORD003181,PROD00064,5,29074.85,38.37
ITEM0009479,ORD003181,PROD00187,3,36515.89,7.81
ITEM0009480,ORD003182,PROD00097,5,75132.61,22.91
ITEM0009481,ORD003182,PROD00184,1,7350.0,15.69
ITEM0009482,ORD003183,PROD00096,1,3738.66,24.33
ITEM0009483,ORD003183,PROD00102,4,31596.35,13.25
ITEM0009484,ORD003183,PROD00176,4,40880.34,3.21
ITEM0009485,ORD003183,PROD00148,5,47821.36,7.72
ITEM0009486,ORD003184,PROD00070,4,44853.65,6.88
ITEM0009487,ORD003184,PROD00061,1,39439.55,29.43
ITEM0009488,ORD003184,PROD00006,3,50292.52,3.92
ITEM0009489,ORD003185,PROD00029,1,18086.67,10.21
ITEM0009490,ORD003185,PROD00194,4,51875.3,38.54
ITEM0009491,ORD003185,PROD00109,2,62749.26,30.65
ITEM0009492,ORD003185,PROD00031,5,32252.04,14.7
ITEM0009493,ORD003185,PROD00165,4,45292.3,18.96
ITEM0009494,ORD003186,PROD00002,-3,16200.95,20.7
ITEM0009495,ORD003186,PROD00091,2,53181.08,12.39
ITEM0009496,ORD003186,PROD00093,2,6686.07,18.03
ITEM0009497,ORD003186,PROD00092,5,17573.37,27.54
ITEM0009498,ORD003186,PROD00154,4,69042.93,25.84
ITEM0009499,ORD003187,PROD00020,5,71710.57,0.01
ITEM0009500,ORD003187,PROD00038,2,43603.2,35.25
ITEM0009501,ORD003187,PROD00120,1,81102.54,24.32
ITEM0009502,ORD003187,PROD00132,4,7656.34,30.28
ITEM0009503,ORD003187,PROD00129,1,59493.65,35.88
ITEM0009504,ORD003188,PROD00010,4,47153.65,4.09
ITEM0009505,ORD003188,PROD00109,4,49043.42,8.3
ITEM0009506,ORD003189,PROD00130,5,37527.12,2.97
ITEM0009507,ORD003189,PROD00006,1,64759.82,12.34
ITEM0009508,ORD003189,PROD00167,4,10906.74,31.38
ITEM0009509,ORD003190,PROD00031,3,37452.7,32.75
ITEM0009510,ORD003190,PROD00071,4,18686.25,31.27
ITEM0009511,ORD003191,PROD00008,2,58693.65,6.25
ITEM0009512,ORD003191,PROD00076,3,64300.82,37.4
ITEM0009513,ORD003191,PROD00082,4,70157.46,4.63
ITEM0009514,ORD003191,PROD00118,5,60880.71,27.01
ITEM0009515,ORD003191,PROD00101,5,36331.48,2.25
ITEM0009516,ORD003192,PROD00012,2,68817.0,3.46
ITEM0009517,ORD003192,PROD00068,4,45145.1,2.25
ITEM0009518,ORD003193,PROD00166,1,481.26,0.06
ITEM0009519,ORD003193,PROD00159,4,74625.46,2.47
ITEM0009520,ORD003194,PROD00062,2,57192.33,4.59
ITEM0009521,ORD003194,PROD00146,-3,47617.8,33.69
ITEM0009522,ORD003195,PROD00171,5,62105.68,20.54
ITEM0009523,ORD003195,PROD00054,5,23417.82,12.92
ITEM0009524,ORD003196,PROD00066,5,35752.8,15.7
ITEM0009525,ORD003197,PROD00060,1,10115.03,4.7
ITEM0009526,ORD003197,PROD00150,4,16489.42,6.41
ITEM0009527,ORD003197,PROD00018,5,12019.36,25.01
ITEM0009528,ORD003197,PROD00174,1,45084.33,27.67
ITEM0009529,ORD003198,PROD00135,1,48893.74,29.37
ITEM0009530,ORD003198,PROD00101,3,44035.51,0.73
ITEM0009531,ORD003198,PROD00009,3,51914.61,15.82
ITEM0009532,ORD003199,PROD00141,5,21479.82,28.56
ITEM0009533,ORD003199,PROD00007,2,34155.17,27.79
ITEM0009534,ORD003199,PROD00076,4,61829.81,18.43
ITEM0009535,ORD003199,PROD00200,1,42330.78,7.49
ITEM0009536,ORD003200,PROD00125,3,68823.97,11.74
ITEM0009537,ORD003201,PROD00151,4,2803.55,18.24
ITEM0009538,ORD003201,PROD00100,5,4735.35,15.65
ITEM0009539,ORD003201,PROD00028,1,60926.48,9.89
ITEM0009540,ORD003201,PROD00067,2,44608.39,14.21
ITEM0009541,ORD003202,PROD00162,-3,26996.78,9.28
ITEM0009542,ORD003202,PROD00015,1,63201.91,36.77
ITEM0009543,ORD003202,PROD00170,1,3136.26,16.74
ITEM0009544,ORD003203,PROD00090,5,371.16,7.93
ITEM0009545,ORD003203,PROD00030,3,48365.86,23.14
ITEM0009546,ORD003203,PROD00143,4,7570.03,36.39
ITEM0009547,ORD003203,PROD00152,2,44569.7,15.19
ITEM0009548,ORD003204,PROD00005,-3,81137.37,13.48
ITEM0009549,ORD003205,PROD00069,3,55528.72,26.59
ITEM0009550,ORD003205,PROD00122,5,70043.1,16.32
ITEM0009551,ORD003205,PROD00034,1,67673.68,30.68
ITEM0009552,ORD003205,PROD00145,4,26847.98,37.67
ITEM0009553,ORD003205,PROD00031,2,29948.73,39.5
ITEM0009554,ORD003206,PROD00067,2,49894.26,25.94
ITEM0009555,ORD003206,PROD00020,4,51418.18,27.17
ITEM0009556,ORD003206,PROD00086,5,7959.27,11.75
ITEM0009557,ORD003207,PROD00072,5,8861.29,23.1
ITEM0009558,ORD003207,PROD00162,4,25419.05,36.6
ITEM0009559,ORD003207,PROD00015,5,61267.23,30.23
ITEM0009560,ORD003207,PROD00194,4,47376.36,2.25
ITEM0009561,ORD003207,PROD00031,3,32113.38,29.33
ITEM0009562,ORD003208,PROD00043,2,28969.16,30.22
ITEM0009563,ORD003209,PROD00007,2,30735.33,15.0
ITEM0009564,ORD003209,PROD00058,4,15119.47,19.22
ITEM0009565,ORD003209,PROD00077,5,52935.26,19.02
ITEM0009566,ORD003209,PROD00152,4,57426.0,30.67
ITEM0009567,ORD003210,PROD00154,1,63500.13,21.18
ITEM0009568,ORD003211,PROD00179,3,42696.38,34.11
ITEM0009569,ORD003211,PROD00063,4,56750.44,25.02
ITEM0009570,ORD003211,PROD00073,3,6982.68,4.92
ITEM0009571,ORD003211,PROD00126,2,64516.13,39.65
ITEM0009572,ORD003212,PROD00017,2,30596.47,35.82
ITEM0009573,ORD003212,PROD00078,1,21805.45,14.39
ITEM0009574,ORD003212,PROD00052,1,65987.58,12.58
ITEM0009575,ORD003212,PROD00148,1,61140.08,29.95
ITEM0009576,ORD003212,PROD00067,1,42016.45,39.15
ITEM0009577,ORD003213,PROD00147,4,28581.27,9.44
ITEM0009578,ORD003214,PROD00134,5,19421.75,22.52
ITEM0009579,ORD003214,PROD00136,2,13513.29,7.93
ITEM0009580,ORD003215,PROD00130,5,35376.91,24.84
ITEM0009581,ORD003215,PROD00124,4,25193.74,37.65
ITEM0009582,ORD003216,PROD00047,3,23447.75,3.83
ITEM0009583,ORD003216,PROD00143,5,6343.55,19.95
ITEM0009584,ORD003216,PROD00191,1,20051.88,8.41
ITEM0009585,ORD003217,PROD00121,3,53538.4,30.97
ITEM0009586,ORD003217,PROD00116,4,30270.67,20.51
ITEM0009587,ORD003217,PROD00005,2,58436.73,24.41
ITEM0009588,ORD003217,PROD00069,1,53535.27,18.54
ITEM0009589,ORD003217,PROD00057,5,36416.52,3.11
ITEM0009590,ORD003218,PROD00194,5,49925.79,16.38
ITEM0009591,ORD003219,PROD00186,5,46868.27,35.03
ITEM0009592,ORD003220,PROD00028,4,56605.5,9.51
ITEM0009593,ORD003220,PROD00184,1,6907.29,39.23
ITEM0009594,ORD003220,PROD00031,3,25943.86,27.44
ITEM0009595,ORD003220,PROD00040,2,17108.35,13.61
ITEM0009596,ORD003220,PROD00131,5,46893.12,35.18
ITEM0009597,ORD003221,PROD00011,-2,35219.12,29.21
ITEM0009598,ORD003221,PROD00085,1,48646.38,23.4
ITEM0009599,ORD003221,PROD00081,2,14990.23,17.78
ITEM0009600,ORD003221,PROD00053,4,56386.57,26.92
ITEM0009601,ORD003222,PROD00038,4,55093.36,30.19
ITEM0009602,ORD003222,PROD00184,4,8728.6,15.85
ITEM0009603,ORD003222,PROD00123,1,77753.82,24.15
ITEM0009604,ORD003222,PROD00174,1,38754.31,17.99
ITEM0009605,ORD003222,PROD00079,5,35449.81,29.13
ITEM0009606,ORD003223,PROD00011,1,23009.26,8.6
ITEM0009607,ORD003223,PROD00061,1,33003.18,33.06
ITEM0009608,ORD003224,PROD00084,3,48383.71,31.11
ITEM0009609,ORD003224,PROD00016,4,67323.94,33.13
ITEM0009610,ORD003224,PROD00054,4,19727.47,2.98
ITEM0009611,ORD003225,PROD00064,1,18477.32,26.93
ITEM0009612,ORD003225,PROD00111,5,59743.27,14.13
ITEM0009613,ORD003225,PROD00115,4,59358.44,4.16
ITEM0009614,ORD003225,PROD00039,2,23680.07,19.96
ITEM0009615,ORD003226,PROD00140,2,54151.99,20.03
ITEM0009616,ORD003227,PROD00006,1,46212.97,18.5
ITEM0009617,ORD003228,PROD00085,4,58066.77,6.9
ITEM0009618,ORD003228,PROD00166,5,443.39,28.45
ITEM0009619,ORD003229,PROD00100,4,3875.72,14.02
ITEM0009620,ORD003229,PROD00029,5,23417.74,11.6
ITEM0009621,ORD003230,PROD00135,1,58615.45,20.38
ITEM0009622,ORD003230,PROD00040,2,21605.56,8.45
ITEM0009623,ORD003230,PROD00037,5,26747.01,28.64
ITEM0009624,ORD003231,PROD00191,2,23659.55,34.49
ITEM0009625,ORD003231,PROD00087,3,48837.46,35.6
ITEM0009626,ORD003232,PROD00087,4,48771.26,31.98
ITEM0009627,ORD003232,PROD00101,5,30260.55,27.84
ITEM0009628,ORD003233,PROD00090,5,421.8,25.1
ITEM0009629,ORD003233,PROD00123,1,80679.22,12.21
ITEM0009630,ORD003234,PROD00120,5,56390.67,3.86
ITEM0009631,ORD003234,PROD00189,4,10452.03,9.28
ITEM0009632,ORD003235,PROD00159,1,70187.32,20.9
ITEM0009633,ORD003235,PROD00086,1,8571.34,17.09
ITEM0009634,ORD003235,PROD00165,1,53811.21,29.76
ITEM0009635,ORD003235,PROD00141,2,32264.72,30.25
ITEM0009636,ORD003236,PROD00139,2,47520.95,32.49
ITEM0009637,ORD003236,PROD00079,3,34945.21,36.0
ITEM0009638,ORD003236,PROD00126,4,65027.18,20.24
ITEM0009639,ORD003237,PROD00043,5,22550.2,14.94
ITEM0009640,ORD003237,PROD00087,4,44244.99,22.48
ITEM0009641,ORD003238,PROD00056,3,58195.61,33.01
ITEM0009642,ORD003239,PROD00021,5,20822.15,5.3
ITEM0009643,ORD003239,PROD00082,3,61391.7,0.19
ITEM0009644,ORD003239,PROD00193,5,354.05,16.17
ITEM0009645,ORD003240,PROD00007,3,36861.66,19.43
ITEM0009646,ORD003241,PROD00172,3,379.08,0.52
ITEM0009647,ORD003241,PROD00180,2,49320.26,30.84
ITEM0009648,ORD003241,PROD00028,5,56686.83,24.13
ITEM0009649,ORD003241,PROD00074,3,62790.95,12.59
ITEM0009650,ORD003242,PROD00180,3,40128.75,20.5
ITEM0009651,ORD003242,PROD00179,5,60610.86,14.6
ITEM0009652,ORD003242,PROD00093,3,10503.16,11.21
ITEM0009653,ORD003243,PROD00001,1,56916.31,0.42
ITEM0009654,ORD003244,PROD00145,3,33467.56,6.72
ITEM0009655,ORD003244,PROD00044,3,63955.37,11.78
ITEM0009656,ORD003244,PROD00045,3,81932.47,28.65
ITEM0009657,ORD003244,PROD00159,4,52404.42,8.28
ITEM0009658,ORD003244,PROD00176,3,49817.05,33.1
ITEM0009659,ORD003245,PROD00013,1,50208.52,26.08
ITEM0009660,ORD003246,PROD00153,5,57621.01,21.67
ITEM0009661,ORD003246,PROD00097,5,60920.75,35.2
ITEM0009662,ORD003247,PROD00160,2,33230.93,25.55
ITEM0009663,ORD003247,PROD00007,2,37972.76,4.61
ITEM0009664,ORD003247,PROD00069,2,76038.91,30.57
ITEM0009665,ORD003248,PROD00028,2,54993.86,4.41
ITEM0009666,ORD003249,PROD00063,2,42186.5,21.54
ITEM0009667,ORD003250,PROD00132,5,8688.21,8.04
ITEM0009668,ORD003250,PROD00077,5,43527.3,14.22
ITEM0009669,ORD003250,PROD00152,5,64157.0,32.49
ITEM0009670,ORD003250,PROD00105,1,57576.4,10.16
ITEM0009671,ORD003251,PROD00009,2,41152.83,35.72
ITEM0009672,ORD003251,PROD00082,3,56845.86,30.05
ITEM0009673,ORD003251,PROD00108,4,51085.59,10.41
ITEM0009674,ORD003251,PROD00147,1,41484.61,0.56
ITEM0009675,ORD003252,PROD00004,3,3399.89,34.56
ITEM0009676,ORD003252,PROD00158,4,27312.48,31.6
ITEM0009677,ORD003252,PROD00157,3,13107.53,38.29
ITEM0009678,ORD003252,PROD00164,1,55214.36,27.06
ITEM0009679,ORD003253,PROD00071,4,20136.7,23.08
ITEM0009680,ORD003253,PROD00110,2,29137.64,1.54
ITEM0009681,ORD003253,PROD00067,3,47468.01,29.52
ITEM0009682,ORD003254,PROD00125,3,70523.04,38.24
ITEM0009683,ORD003254,PROD00147,5,29626.63,37.98
ITEM0009684,ORD003254,PROD00012,1,58869.89,4.18
ITEM0009685,ORD003254,PROD00179,2,63091.08,17.74
ITEM0009686,ORD003254,PROD00166,1,465.71,26.98
ITEM0009687,ORD003255,PROD00027,1,67597.3,0.59
ITEM0009688,ORD003255,PROD00086,1,8219.23,38.59
ITEM0009689,ORD003256,PROD00183,1,81669.72,32.54
ITEM0009690,ORD003256,PROD00182,5,20535.87,2.2
ITEM0009691,ORD003256,PROD00074,2,77606.96,35.17
ITEM0009692,ORD003256,PROD00197,2,7304.87,31.11
ITEM0009693,ORD003257,PROD00027,2,49817.54,0.92
ITEM0009694,ORD003257,PROD00199,3,6284.46,12.93
ITEM0009695,ORD003257,PROD00056,5,54336.38,10.19
ITEM0009696,ORD003257,PROD00180,5,33038.96,4.69
ITEM0009697,ORD003257,PROD00001,1,72053.19,21.74
ITEM0009698,ORD003258,PROD00055,4,39258.37,39.17
ITEM0009699,ORD003258,PROD00107,4,70994.81,0.25
ITEM0009700,ORD003258,PROD00020,5,65347.28,33.9
ITEM0009701,ORD003259,PROD00027,2,59060.03,26.17
ITEM0009702,ORD003259,PROD00121,4,58524.79,34.69
ITEM0009703,ORD003259,PROD00124,3,33744.25,20.1
ITEM0009704,ORD003259,PROD00063,4,55351.15,27.6
ITEM0009705,ORD003260,PROD00060,3,12452.97,15.15
ITEM0009706,ORD003260,PROD00019,4,4899.13,37.7
ITEM0009707,ORD003260,PROD00129,3,76410.44,4.91
ITEM0009708,ORD003260,PROD00092,4,15820.98,3.75
ITEM0009709,ORD003261,PROD00054,3,19181.35,12.16
ITEM0009710,ORD003261,PROD00074,5,72524.75,16.46
ITEM0009711,ORD003261,PROD00006,4,58014.38,35.96
ITEM0009712,ORD003262,PROD00133,1,53253.61,22.31
ITEM0009713,ORD003262,PROD00110,1,27504.33,38.9
ITEM0009714,ORD003262,PROD00158,2,24071.88,34.62
ITEM0009715,ORD003262,PROD00147,3,40664.92,11.6
ITEM0009716,ORD003263,PROD00124,1,26473.7,35.03
ITEM0009717,ORD003263,PROD00011,3,29592.99,25.51
ITEM0009718,ORD003263,PROD00054,1,23586.32,0.49
ITEM0009719,ORD003263,PROD00142,4,34039.85,24.5
ITEM0009720,ORD003263,PROD00061,-1,47734.06,39.69
ITEM0009721,ORD003264,PROD00004,2,4759.68,0.98
ITEM0009722,ORD003264,PROD00176,1,36001.85,32.95
ITEM0009723,ORD003264,PROD00181,2,48812.06,25.56
ITEM0009724,ORD003264,PROD00159,3,48366.22,14.94
ITEM0009725,ORD003265,PROD00060,5,11483.32,36.3
ITEM0009726,ORD003266,PROD00042,1,66979.32,36.4
ITEM0009727,ORD003266,PROD00161,3,17551.62,33.24
ITEM0009728,ORD003266,PROD00120,2,77188.39,36.57
ITEM0009729,ORD003266,PROD00142,3,41796.03,15.2
ITEM0009730,ORD003267,PROD00111,4,59002.98,3.61
ITEM0009731,ORD003267,PROD00016,3,74250.62,16.2
ITEM0009732,ORD003267,PROD00115,5,55218.31,21.08
ITEM0009733,ORD003267,PROD00181,4,43589.09,27.44
ITEM0009734,ORD003268,PROD00153,5,42449.87,16.89
ITEM0009735,ORD003268,PROD00134,2,24285.55,17.37
ITEM0009736,ORD003268,PROD00011,1,23630.61,33.47
ITEM0009737,ORD003268,PROD00007,2,38305.12,3.62
ITEM0009738,ORD003269,PROD00158,2,24110.73,38.64
ITEM0009739,ORD003270,PROD00046,4,40724.42,9.19
ITEM0009740,ORD003270,PROD00137,1,37358.56,33.81
ITEM0009741,ORD003271,PROD00179,4,48833.54,12.54
ITEM0009742,ORD003272,PROD00056,2,57638.22,6.15
ITEM0009743,ORD003273,PROD00098,5,43937.08,10.98
ITEM0009744,ORD003273,PROD00196,5,31375.55,1.9
ITEM0009745,ORD003274,PROD00009,5,43888.26,35.52
ITEM0009746,ORD003274,PROD00185,4,20047.27,3.05
ITEM0009747,ORD003275,PROD00130,3,33218.43,23.07
ITEM0009748,ORD003275,PROD00129,5,57298.11,20.59
ITEM0009749,ORD003276,PROD00020,4,62717.91,35.95
ITEM0009750,ORD003276,PROD00136,4,11467.51,37.08
ITEM0009751,ORD003276,PROD00036,5,68487.16,39.41
ITEM0009752,ORD003276,PROD00153,4,39468.75,20.82
ITEM0009753,ORD003277,PROD00007,2,31804.48,2.74
ITEM0009754,ORD003278,PROD00003,3,40408.62,24.12
ITEM0009755,ORD003278,PROD00017,3,29000.82,7.3
ITEM0009756,ORD003279,PROD00152,3,43685.47,4.04
ITEM0009757,ORD003279,PROD00141,5,32682.64,24.07
ITEM0009758,ORD003279,PROD00092,3,17425.59,32.73
ITEM0009759,ORD003280,PROD00063,5,42264.96,15.84
ITEM0009760,ORD003280,PROD00010,2,37765.81,35.84
ITEM0009761,ORD003280,PROD00025,1,17961.14,3.65
ITEM0009762,ORD003281,PROD00166,3,443.92,3.58
ITEM0009763,ORD003281,PROD00058,2,14620.08,1.81
ITEM0009764,ORD003281,PROD00006,3,61540.27,19.22
ITEM0009765,ORD003282,PROD00023,1,34918.06,20.3
ITEM0009766,ORD003282,PROD00120,4,77243.9,27.78
ITEM0009767,ORD003282,PROD00028,5,63477.29,32.93
ITEM0009768,ORD003282,PROD00057,1,37515.74,24.06
ITEM0009769,ORD003282,PROD00089,3,31936.8,33.02
ITEM0009770,ORD003283,PROD00138,4,34835.59,38.6
ITEM0009771,ORD003283,PROD00052,4,80568.19,2.78
ITEM0009772,ORD003283,PROD00062,2,68641.14,0.18
ITEM0009773,ORD003283,PROD00060,2,15619.17,17.75
ITEM0009774,ORD003284,PROD00026,1,38582.77,32.52
ITEM0009775,ORD003284,PROD00169,5,28869.74,29.03
ITEM0009776,ORD003284,PROD00126,1,61458.1,26.01
ITEM0009777,ORD003284,PROD00117,5,22121.61,22.01
ITEM0009778,ORD003285,PROD00181,5,47458.1,17.31
ITEM0009779,ORD003285,PROD00179,3,40882.62,5.53
ITEM0009780,ORD003286,PROD00165,-2,35279.5,13.66
ITEM0009781,ORD003286,PROD00102,2,41475.71,35.11
ITEM0009782,ORD003286,PROD00066,-3,41782.27,13.47
ITEM0009783,ORD003287,PROD00148,4,63367.44,19.96
ITEM0009784,ORD003288,PROD00001,2,74361.1,16.52
ITEM0009785,ORD003288,PROD00196,5,39627.63,34.61
ITEM0009786,ORD003288,PROD00198,1,24255.57,20.36
ITEM0009787,ORD003289,PROD00049,5,30397.73,27.68
ITEM0009788,ORD003289,PROD00024,1,26971.06,3.73
ITEM0009789,ORD003289,PROD00034,3,81889.33,28.47
ITEM0009790,ORD003290,PROD00199,2,6367.12,39.89
ITEM0009791,ORD003290,PROD00012,5,59960.95,17.92
ITEM0009792,ORD003291,PROD00063,5,58448.41,33.04
ITEM0009793,ORD003292,PROD00028,1,70552.8,34.64
ITEM0009794,ORD003293,PROD00171,5,50199.14,11.0
ITEM0009795,ORD003293,PROD00152,3,58407.04,25.81
ITEM0009796,ORD003294,PROD00156,2,16585.64,26.35
ITEM0009797,ORD003294,PROD00012,1,74031.61,12.69
ITEM0009798,ORD003295,PROD00110,2,28042.63,2.92
ITEM0009799,ORD003295,PROD00164,2,71341.81,18.71
ITEM0009800,ORD003295,PROD00117,4,22283.9,25.21
ITEM0009801,ORD003296,PROD00126,-3,62178.07,36.65
ITEM0009802,ORD003296,PROD00061,1,50532.25,27.7
ITEM0009803,ORD003296,PROD00039,2,28485.42,28.79
ITEM0009804,ORD003296,PROD00075,2,18367.21,20.86
ITEM0009805,ORD003296,PROD00108,1,44616.77,1.93
ITEM0009806,ORD003297,PROD00072,3,8255.78,38.72
ITEM0009807,ORD003297,PROD00167,2,11601.44,18.16
ITEM0009808,ORD003298,PROD00112,2,69340.09,39.68
ITEM0009809,ORD003298,PROD00146,2,77344.49,22.03
ITEM0009810,ORD003298,PROD00175,2,25160.9,37.17
ITEM0009811,ORD003299,PROD00048,2,1922.43,31.3
ITEM0009812,ORD003300,PROD00078,-1,21057.84,14.21
ITEM0009813,ORD003300,PROD00141,3,25973.22,37.2
ITEM0009814,ORD003300,PROD00074,4,78534.11,36.15
ITEM0009815,ORD003301,PROD00035,3,16359.54,7.9
ITEM0009816,ORD003301,PROD00129,2,69076.95,10.62
ITEM0009817,ORD003301,PROD00019,3,4172.79,38.13
ITEM0009818,ORD003301,PROD00127,4,5860.51,5.83
ITEM0009819,ORD003301,PROD00040,2,18459.19,14.7
ITEM0009820,ORD003302,PROD00079,4,32304.75,15.48
ITEM0009821,ORD003302,PROD00143,5,7519.92,30.94
ITEM0009822,ORD003302,PROD00074,5,56462.22,4.25
ITEM0009823,ORD003302,PROD00144,1,32766.53,32.02
ITEM0009824,ORD003302,PROD00042,4,51448.26,16.88
ITEM0009825,ORD003303,PROD00086,1,7090.13,8.52
ITEM0009826,ORD003303,PROD00197,2,7976.46,10.56
ITEM0009827,ORD003304,PROD00196,3,38703.49,15.97
ITEM0009828,ORD003304,PROD00099,3,55846.57,16.59
ITEM0009829,ORD003304,PROD00173,1,24988.58,25.88
ITEM0009830,ORD003305,PROD00188,2,11188.78,23.27
ITEM0009831,ORD003305,PROD00081,2,18674.41,9.03
ITEM0009832,ORD003305,PROD00021,3,22929.39,32.21
ITEM0009833,ORD003306,PROD00160,3,46221.92,6.63
ITEM0009834,ORD003306,PROD00077,3,55237.18,12.79
ITEM0009835,ORD003306,PROD00020,1,57784.68,35.1
ITEM0009836,ORD003307,PROD00070,5,54880.97,10.86
ITEM0009837,ORD003307,PROD00159,1,51992.47,6.28
ITEM0009838,ORD003307,PROD00076,1,63712.15,29.55
ITEM0009839,ORD003308,PROD00153,3,45265.11,33.17
ITEM0009840,ORD003308,PROD00113,5,33454.16,23.82
ITEM0009841,ORD003308,PROD00097,4,58426.46,22.57
ITEM0009842,ORD003308,PROD00132,4,8134.8,30.2
ITEM0009843,ORD003308,PROD00022,-2,62082.27,26.87
ITEM0009844,ORD003309,PROD00198,2,24650.62,19.91
ITEM0009845,ORD003309,PROD00148,2,51315.24,0.62
ITEM0009846,ORD003309,PROD00012,2,55312.94,31.1
ITEM0009847,ORD003309,PROD00135,5,48772.18,20.16
ITEM0009848,ORD003310,PROD00083,3,60019.24,12.65
ITEM0009849,ORD003310,PROD00044,3,61014.17,9.36
ITEM0009850,ORD003310,PROD00043,5,29220.01,32.13
ITEM0009851,ORD003310,PROD00130,2,25717.22,8.26
ITEM0009852,ORD003311,PROD00104,2,67381.61,34.3
ITEM0009853,ORD003312,PROD00095,4,29477.68,7.32
ITEM0009854,ORD003312,PROD00160,5,38400.96,25.11
ITEM0009855,ORD003312,PROD00154,5,70027.94,13.67
ITEM0009856,ORD003312,PROD00164,1,58648.35,26.33
ITEM0009857,ORD003313,PROD00121,5,56777.95,28.45
ITEM0009858,ORD003313,PROD00094,2,55313.8,26.99
ITEM0009859,ORD003313,PROD00153,5,55127.39,37.8
ITEM0009860,ORD003314,PROD00160,3,37877.8,39.55
ITEM0009861,ORD003315,PROD00106,5,70695.98,28.1
ITEM0009862,ORD003315,PROD00186,2,42677.94,2.07
ITEM0009863,ORD003315,PROD00092,2,11837.9,15.42
ITEM0009864,ORD003316,PROD00036,4,47318.07,30.04
ITEM0009865,ORD003316,PROD00174,1,34343.19,28.71
ITEM0009866,ORD003316,PROD00001,5,55630.67,15.41
ITEM0009867,ORD003316,PROD00082,3,56598.05,32.03
ITEM0009868,ORD003316,PROD00065,3,71054.62,1.36
ITEM0009869,ORD003317,PROD00018,3,8096.8,6.98
ITEM0009870,ORD003318,PROD00186,-2,56585.02,29.66
ITEM0009871,ORD003318,PROD00082,1,78672.29,32.97
ITEM0009872,ORD003318,PROD00191,4,21380.18,20.39
ITEM0009873,ORD003319,PROD00040,-3,16197.31,2.05
ITEM0009874,ORD003320,PROD00037,5,40662.23,20.24
ITEM0009875,ORD003321,PROD00177,1,59503.41,6.46
ITEM0009876,ORD003321,PROD00012,2,74121.18,1.25
ITEM0009877,ORD003321,PROD00075,5,19352.99,13.44
ITEM0009878,ORD003321,PROD00153,4,40277.16,31.08
ITEM0009879,ORD003322,PROD00126,4,76343.04,5.17
ITEM0009880,ORD003322,PROD00011,4,30972.26,35.54
ITEM0009881,ORD003323,PROD00065,4,56529.92,34.63
ITEM0009882,ORD003324,PROD00200,1,37675.39,26.77
ITEM0009883,ORD003324,PROD00004,5,4592.97,5.86
ITEM0009884,ORD003325,PROD00010,3,42926.42,38.95
ITEM0009885,ORD003325,PROD00003,5,41693.03,31.21
ITEM0009886,ORD003325,PROD00191,3,29150.6,19.71
ITEM0009887,ORD003326,PROD00145,5,42074.15,24.84
ITEM0009888,ORD003326,PROD00077,5,56557.97,3.33
ITEM0009889,ORD003326,PROD00114,1,39093.55,26.66
ITEM0009890,ORD003327,PROD00098,4,48838.48,26.67
ITEM0009891,ORD003327,PROD00101,5,39697.33,23.86
ITEM0009892,ORD003327,PROD00172,4,418.15,27.92
ITEM0009893,ORD003327,PROD00161,3,14356.2,12.12
ITEM0009894,ORD003328,PROD00023,4,28303.1,17.59
ITEM0009895,ORD003328,PROD00101,5,43750.15,13.2
ITEM0009896,ORD003328,PROD00111,3,82164.58,31.42
ITEM0009897,ORD003329,PROD00138,3,31483.68,26.78
ITEM0009898,ORD003329,PROD00051,4,16410.94,9.49
ITEM0009899,ORD003329,PROD00198,2,21871.65,1.98
ITEM0009900,ORD003329,PROD00052,3,63633.79,6.76
ITEM0009901,ORD003330,PROD00024,2,32285.67,38.33
ITEM0009902,ORD003330,PROD00196,5,34677.21,6.37
ITEM0009903,ORD003330,PROD00045,4,75527.21,0.61
ITEM0009904,ORD003331,PROD00167,4,9940.37,29.63
ITEM0009905,ORD003331,PROD00039,4,29757.22,7.75
ITEM0009906,ORD003331,PROD00099,5,54717.22,35.41
ITEM0009907,ORD003332,PROD00176,5,32994.21,27.86
ITEM0009908,ORD003332,PROD00038,2,40525.37,9.08
ITEM0009909,ORD003332,PROD00156,4,14917.81,15.9
ITEM0009910,ORD003333,PROD00095,3,28701.9,3.09
ITEM0009911,ORD003333,PROD00198,4,30935.49,22.05
ITEM0009912,ORD003333,PROD00146,-1,62494.07,34.61
ITEM0009913,ORD003334,PROD00145,-1,27474.2,12.47
ITEM0009914,ORD003334,PROD00055,4,50819.68,32.21
ITEM0009915,ORD003334,PROD00155,1,30930.41,7.44
ITEM0009916,ORD003335,PROD00015,-1,69214.83,26.78
ITEM0009917,ORD003335,PROD00120,1,54870.66,32.36
ITEM0009918,ORD003335,PROD00132,3,9476.27,2.26
ITEM0009919,ORD003335,PROD00049,1,40285.05,10.9
ITEM0009920,ORD003335,PROD00071,2,26855.41,3.63
ITEM0009921,ORD003336,PROD00049,1,37323.52,36.22
ITEM0009922,ORD003336,PROD00152,4,42835.59,10.86
ITEM0009923,ORD003336,PROD00200,5,41024.78,31.88
ITEM0009924,ORD003337,PROD00089,2,46764.48,4.56
ITEM0009925,ORD003337,PROD00111,4,71246.79,32.0
ITEM0009926,ORD003337,PROD00018,3,11727.45,27.33
ITEM0009927,ORD003337,PROD00049,4,35102.63,37.96
ITEM0009928,ORD003338,PROD00088,4,18357.83,8.91
ITEM0009929,ORD003338,PROD00127,3,3779.51,6.91
ITEM0009930,ORD003338,PROD00101,2,40278.88,38.4
ITEM0009931,ORD003338,PROD00061,3,39874.18,36.84
ITEM0009932,ORD003338,PROD00068,3,40241.78,5.04
ITEM0009933,ORD003339,PROD00110,4,34253.27,30.24
ITEM0009934,ORD003339,PROD00006,3,46795.93,31.31
ITEM0009935,ORD003339,PROD00188,4,10730.66,38.13
ITEM0009936,ORD003339,PROD00170,4,3545.02,3.93
ITEM0009937,ORD003339,PROD00181,4,51018.68,22.5
ITEM0009938,ORD003340,PROD00186,2,51651.26,13.61
ITEM0009939,ORD003340,PROD00040,2,15965.64,6.84
ITEM0009940,ORD003340,PROD00139,3,47282.94,29.89
ITEM0009941,ORD003340,PROD00200,4,40160.53,9.09
ITEM0009942,ORD003341,PROD00126,2,65573.52,7.9
ITEM0009943,ORD003341,PROD00029,3,20050.62,13.94
ITEM0009944,ORD003341,PROD00141,5,32237.81,33.65
ITEM0009945,ORD003341,PROD00054,3,24244.38,38.68
ITEM0009946,ORD003342,PROD00009,1,43878.07,39.24
ITEM0009947,ORD003343,PROD00168,5,56083.81,5.0
ITEM0009948,ORD003344,PROD00026,5,48441.68,35.54
ITEM0009949,ORD003344,PROD00013,3,37307.95,36.68
ITEM0009950,ORD003344,PROD00188,5,11699.24,24.48
ITEM0009951,ORD003344,PROD00143,2,6194.28,1.26
ITEM0009952,ORD003344,PROD00149,5,46905.21,7.65
ITEM0009953,ORD003345,PROD00071,4,24083.94,0.07
ITEM0009954,ORD003345,PROD00145,5,27571.78,18.81
ITEM0009955,ORD003345,PROD00103,3,60279.05,31.69
ITEM0009956,ORD003345,PROD00019,4,4891.79,25.55
ITEM0009957,ORD003346,PROD00013,1,49491.16,9.65
ITEM0009958,ORD003347,PROD00188,1,8954.32,34.29
ITEM0009959,ORD003347,PROD00164,-2,77175.62,35.66
ITEM0009960,ORD003347,PROD00192,3,41463.58,8.63
ITEM0009961,ORD003347,PROD00187,2,37868.85,19.43
ITEM0009962,ORD003347,PROD00173,1,28568.9,34.14
ITEM0009963,ORD003348,PROD00193,1,277.94,36.95
ITEM0009964,ORD003348,PROD00146,1,50364.6,35.94
ITEM0009965,ORD003348,PROD00126,4,62484.4,31.55
ITEM0009966,ORD003348,PROD00136,2,13003.54,2.29
ITEM0009967,ORD003348,PROD00009,3,36683.88,30.42
ITEM0009968,ORD003349,PROD00175,3,23498.07,37.13
ITEM0009969,ORD003349,PROD00043,3,28294.43,24.29
ITEM0009970,ORD003349,PROD00191,5,22010.42,31.71
ITEM0009971,ORD003350,PROD00047,5,18134.07,24.81
ITEM0009972,ORD003350,PROD00079,5,31382.03,16.21
ITEM0009973,ORD003350,PROD00146,5,57601.37,29.3
ITEM0009974,ORD003351,PROD00159,2,66166.73,3.35
ITEM0009975,ORD003351,PROD00142,2,41351.89,37.31
ITEM0009976,ORD003352,PROD00077,5,62154.23,2.64
ITEM0009977,ORD003352,PROD00047,1,19228.97,16.8
ITEM0009978,ORD003353,PROD00033,4,23669.98,11.16
ITEM0009979,ORD003353,PROD00053,3,61801.77,1.31
ITEM0009980,ORD003353,PROD00038,4,41312.25,14.21
ITEM0009981,ORD003353,PROD00199,1,6257.24,32.94
ITEM0009982,ORD003353,PROD00195,2,6291.91,33.36
ITEM0009983,ORD003354,PROD00116,1,38192.08,5.08
ITEM0009984,ORD003354,PROD00168,3,43129.75,38.6
ITEM0009985,ORD003354,PROD00159,5,53541.74,10.14
ITEM0009986,ORD003354,PROD00169,1,32802.52,10.64
ITEM0009987,ORD003355,PROD00131,3,48955.72,39.41
ITEM0009988,ORD003356,PROD00156,2,12815.01,28.89
ITEM0009989,ORD003356,PROD00177,1,61802.82,14.27
ITEM0009990,ORD003356,PROD00105,1,65027.05,25.28
ITEM0009991,ORD003356,PROD00122,3,47626.24,13.3
ITEM0009992,ORD003357,PROD00112,2,63453.48,18.73
ITEM0009993,ORD003358,PROD00157,4,16999.4,37.19
ITEM0009994,ORD003358,PROD00018,4,7851.52,35.1
ITEM0009995,ORD003359,PROD00065,5,59115.33,18.9
ITEM0009996,ORD003359,PROD00141,3,30395.52,34.05
ITEM0009997,ORD003359,PROD00116,4,32526.97,0.75
ITEM0009998,ORD003359,PROD00161,4,12676.68,27.08
ITEM0009999,ORD003360,PROD00021,4,19035.66,27.18
ITEM0010000,ORD003360,PROD00082,3,73992.1,4.19
ITEM0010001,ORD003360,PROD00054,4,22689.79,9.03
ITEM0010002,ORD003360,PROD00195,2,4555.41,21.65
ITEM0010003,ORD003361,PROD00039,3,33484.18,12.69
ITEM0010004,ORD003361,PROD00090,1,416.83,22.48
ITEM0010005,ORD003361,PROD00145,1,42999.61,17.0
ITEM0010006,ORD003361,PROD00108,4,54080.65,13.54
ITEM0010007,ORD003362,PROD00006,3,50059.76,4.18
ITEM0010008,ORD003362,PROD00156,4,10934.8,10.44
ITEM0010009,ORD003362,PROD00028,2,61093.47,5.5
ITEM0010010,ORD003362,PROD00085,1,50198.79,21.07
ITEM0010011,ORD003363,PROD00033,2,34124.71,29.04
ITEM0010012,ORD003363,PROD00040,2,23924.72,6.24
ITEM0010013,ORD003363,PROD00064,5,23412.09,23.43
ITEM0010014,ORD003363,PROD00173,2,20996.61,22.72
ITEM0010015,ORD003364,PROD00163,2,29378.67,23.91
ITEM0010016,ORD003364,PROD00151,5,2535.24,20.27
ITEM0010017,ORD003364,PROD00100,3,4029.98,6.09
ITEM0010018,ORD003364,PROD00014,1,74576.35,26.97
ITEM0010019,ORD003364,PROD00157,3,12948.51,18.15
ITEM0010020,ORD003365,PROD00180,1,39651.87,11.33
ITEM0010021,ORD003366,PROD00150,2,20596.41,33.57
ITEM0010022,ORD003366,PROD00068,2,48301.55,0.55
ITEM0010023,ORD003366,PROD00145,5,29295.73,17.31
ITEM0010024,ORD003366,PROD00188,1,9494.61,33.62
ITEM0010025,ORD003366,PROD00082,5,62433.04,16.54
ITEM0010026,ORD003367,PROD00018,2,8804.34,24.46
ITEM0010027,ORD003367,PROD00085,4,43437.41,11.24
ITEM0010028,ORD003368,PROD00055,5,52927.27,27.45
ITEM0010029,ORD003368,PROD00153,4,58764.4,34.89
ITEM0010030,ORD003368,PROD00131,4,57343.02,28.76
ITEM0010031,ORD003369,PROD00175,4,24180.25,33.26
ITEM0010032,ORD003369,PROD00042,3,63559.56,7.82
ITEM0010033,ORD003369,PROD00035,3,12087.43,15.8
ITEM0010034,ORD003370,PROD00185,1,19497.65,3.17
ITEM0010035,ORD003371,PROD00190,3,39872.24,20.4
ITEM0010036,ORD003371,PROD00004,1,4653.42,31.47
ITEM0010037,ORD003371,PROD00102,1,30682.21,1.14
ITEM0010038,ORD003371,PROD00111,3,60502.26,21.36
ITEM0010039,ORD003372,PROD00126,5,75084.69,0.08
ITEM0010040,ORD003372,PROD00050,5,81603.11,7.79
ITEM0010041,ORD003372,PROD00134,2,21573.34,18.82
ITEM0010042,ORD003372,PROD00056,1,78658.4,23.39
ITEM0010043,ORD003373,PROD00130,3,39283.05,12.68
ITEM0010044,ORD003373,PROD00165,5,52778.57,13.91
ITEM0010045,ORD003374,PROD00104,5,63098.02,36.85
ITEM0010046,ORD003374,PROD00069,5,68518.9,13.48
ITEM0010047,ORD003375,PROD00078,1,31064.12,24.15
ITEM0010048,ORD003375,PROD00034,1,63810.7,10.67
ITEM0010049,ORD003375,PROD00026,3,51438.1,36.89
ITEM0010050,ORD003376,PROD00056,3,79252.62,38.0
ITEM0010051,ORD003376,PROD00200,2,56664.66,14.6
ITEM0010052,ORD003376,PROD00080,3,5644.51,2.2
ITEM0010053,ORD003376,PROD00178,3,15137.17,30.49
ITEM0010054,ORD003377,PROD00029,-3,24222.0,37.0
ITEM0010055,ORD003377,PROD00003,2,39012.79,27.32
ITEM0010056,ORD003377,PROD00021,5,22554.46,17.98
ITEM0010057,ORD003378,PROD00127,4,5660.38,15.3
ITEM0010058,ORD003378,PROD00050,3,79715.68,27.42
ITEM0010059,ORD003379,PROD00131,1,50811.11,10.71
ITEM0010060,ORD003379,PROD00019,1,5268.75,7.41
ITEM0010061,ORD003379,PROD00167,3,14291.38,24.89
ITEM0010062,ORD003379,PROD00136,4,11072.1,11.78
ITEM0010063,ORD003379,PROD00052,4,68474.65,12.39
ITEM0010064,ORD003380,PROD00040,4,17623.06,3.82
ITEM0010065,ORD003381,PROD00117,1,20885.19,34.83
ITEM0010066,ORD003382,PROD00012,2,71199.03,14.5
ITEM0010067,ORD003382,PROD00070,1,47416.63,21.62
ITEM0010068,ORD003382,PROD00122,3,48695.76,20.82
ITEM0010069,ORD003383,PROD00172,3,525.4,1.51
ITEM0010070,ORD003383,PROD00116,1,35835.49,17.82
ITEM0010071,ORD003383,PROD00188,3,10421.91,25.82
ITEM0010072,ORD003383,PROD00194,4,53282.08,38.06
ITEM0010073,ORD003383,PROD00034,4,72829.64,14.51
ITEM0010074,ORD003384,PROD00128,3,48221.19,38.51
ITEM0010075,ORD003384,PROD00151,5,3080.25,10.67
ITEM0010076,ORD003384,PROD00066,3,42727.74,29.77
ITEM0010077,ORD003384,PROD00049,4,31581.97,31.4
ITEM0010078,ORD003384,PROD00037,3,36970.36,7.47
ITEM0010079,ORD003385,PROD00055,-3,53103.07,7.7
ITEM0010080,ORD003385,PROD00112,2,59026.53,17.08
ITEM0010081,ORD003386,PROD00041,2,46552.93,23.14
ITEM0010082,ORD003386,PROD00027,4,49495.77,32.04
ITEM0010083,ORD003387,PROD00131,3,60981.39,28.44
ITEM0010084,ORD003388,PROD00131,1,71942.37,23.59
ITEM0010085,ORD003388,PROD00036,2,57624.33,12.29
ITEM0010086,ORD003388,PROD00111,4,57004.65,1.34
ITEM0010087,ORD003388,PROD00069,3,70071.82,29.15
ITEM0010088,ORD003388,PROD00155,5,36815.17,37.13
ITEM0010089,ORD003389,PROD00011,3,26170.24,29.93
ITEM0010090,ORD003389,PROD00130,4,36532.36,19.72
ITEM0010091,ORD003390,PROD00086,4,6019.0,38.08
ITEM0010092,ORD003391,PROD00103,1,50243.71,14.43
ITEM0010093,ORD003391,PROD00031,4,27477.36,0.76
ITEM0010094,ORD003391,PROD00058,2,17202.95,20.34
ITEM0010095,ORD003391,PROD00193,2,341.99,5.34
ITEM0010096,ORD003391,PROD00177,1,84015.83,22.56
ITEM0010097,ORD003392,PROD00095,1,26536.48,34.65
ITEM0010098,ORD003392,PROD00182,2,15437.82,37.4
ITEM0010099,ORD003393,PROD00114,4,45249.92,8.17
ITEM0010100,ORD003394,PROD00010,5,46957.97,11.96
ITEM0010101,ORD003394,PROD00006,-3,61291.41,18.95
ITEM0010102,ORD003394,PROD00012,1,52598.87,10.17
ITEM0010103,ORD003394,PROD00196,3,32531.68,17.95
ITEM0010104,ORD003394,PROD00027,3,50505.72,11.32
ITEM0010105,ORD003395,PROD00047,4,22623.32,7.03
ITEM0010106,ORD003395,PROD00100,-2,5655.75,33.45
ITEM0010107,ORD003396,PROD00021,5,19921.34,31.97
ITEM0010108,ORD003396,PROD00197,5,8305.62,7.73
ITEM0010109,ORD003396,PROD00187,2,58756.81,2.94
ITEM0010110,ORD003396,PROD00143,1,7747.75,27.74
ITEM0010111,ORD003397,PROD00180,2,33167.25,38.63
ITEM0010112,ORD003398,PROD00043,4,31745.04,32.55
ITEM0010113,ORD003398,PROD00176,2,33961.92,11.25
ITEM0010114,ORD003398,PROD00005,5,77060.31,5.55
ITEM0010115,ORD003398,PROD00067,4,49966.34,23.46
ITEM0010116,ORD003399,PROD00046,3,38653.45,27.85
ITEM0010117,ORD003399,PROD00017,4,31715.38,38.53
ITEM0010118,ORD003400,PROD00165,5,53571.66,39.89
ITEM0010119,ORD003400,PROD00196,-3,39157.49,3.13
ITEM0010120,ORD003400,PROD00109,1,50695.4,16.76
ITEM0010121,ORD003400,PROD00056,2,72412.38,30.76
ITEM0010122,ORD003400,PROD00022,1,60703.14,38.64
ITEM0010123,ORD003401,PROD00065,5,82080.73,23.99
ITEM0010124,ORD003401,PROD00169,1,35647.13,19.7
ITEM0010125,ORD003401,PROD00134,-3,30805.0,24.75
ITEM0010126,ORD003401,PROD00143,2,6382.52,5.82
ITEM0010127,ORD003402,PROD00036,3,74192.59,7.84
ITEM0010128,ORD003403,PROD00079,5,30397.93,35.25
ITEM0010129,ORD003403,PROD00032,4,74667.08,17.57
ITEM0010130,ORD003403,PROD00118,5,46809.89,15.99
ITEM0010131,ORD003403,PROD00182,4,20416.49,9.01
ITEM0010132,ORD003403,PROD00181,-2,36106.84,19.18
ITEM0010133,ORD003404,PROD00075,5,18903.9,33.3
ITEM0010134,ORD003405,PROD00136,4,12719.4,36.79
ITEM0010135,ORD003405,PROD00184,4,10406.73,17.35
ITEM0010136,ORD003405,PROD00068,3,40804.05,8.34
ITEM0010137,ORD003405,PROD00199,5,8518.09,24.69
ITEM0010138,ORD003406,PROD00048,5,2046.28,19.69
ITEM0010139,ORD003406,PROD00046,1,40717.57,1.64
ITEM0010140,ORD003407,PROD00008,3,66006.74,26.33
ITEM0010141,ORD003407,PROD00197,5,8066.82,17.21
ITEM0010142,ORD003407,PROD00110,1,32987.17,1.42
ITEM0010143,ORD003408,PROD00154,2,64483.31,39.12
ITEM0010144,ORD003408,PROD00126,3,62653.34,5.11
ITEM0010145,ORD003408,PROD00199,4,5997.04,14.34
ITEM0010146,ORD003408,PROD00053,3,80552.24,17.71
ITEM0010147,ORD003408,PROD00068,2,49408.09,23.2
ITEM0010148,ORD003409,PROD00069,5,69322.73,38.96
ITEM0010149,ORD003410,PROD00055,-3,48082.54,35.81
ITEM0010150,ORD003410,PROD00024,1,27632.62,7.51
ITEM0010151,ORD003410,PROD00176,-2,42508.24,35.04
ITEM0010152,ORD003410,PROD00196,5,27534.88,18.27
ITEM0010153,ORD003410,PROD00110,3,26914.51,31.85
ITEM0010154,ORD003411,PROD00178,3,16455.72,14.84
ITEM0010155,ORD003411,PROD00136,5,14348.59,5.58
ITEM0010156,ORD003412,PROD00118,5,47290.45,23.41
ITEM0010157,ORD003412,PROD00104,4,48386.82,4.1
ITEM0010158,ORD003412,PROD00160,-3,40752.77,11.89
ITEM0010159,ORD003413,PROD00044,3,69120.25,37.27
ITEM0010160,ORD003413,PROD00140,3,47433.13,9.21
ITEM0010161,ORD003413,PROD00179,3,48846.42,11.07
ITEM0010162,ORD003413,PROD00141,5,30565.2,6.77
ITEM0010163,ORD003414,PROD00106,1,46128.52,28.85
ITEM0010164,ORD003414,PROD00032,4,67094.88,29.81
ITEM0010165,ORD003414,PROD00020,2,74050.13,30.0
ITEM0010166,ORD003415,PROD00027,4,67852.34,6.57
ITEM0010167,ORD003415,PROD00063,5,50441.14,8.49
ITEM0010168,ORD003415,PROD00038,5,48734.9,12.91
ITEM0010169,ORD003416,PROD00092,1,13119.2,16.16
ITEM0010170,ORD003416,PROD00178,4,11737.34,29.17
ITEM0010171,ORD003416,PROD00194,3,38340.41,37.49
ITEM0010172,ORD003417,PROD00169,1,30968.21,38.56
ITEM0010173,ORD003417,PROD00161,5,11450.03,0.1
ITEM0010174,ORD003417,PROD00188,3,11958.59,26.13
ITEM0010175,ORD003417,PROD00171,4,50042.61,3.18
ITEM0010176,ORD003418,PROD00184,2,10533.57,28.21
ITEM0010177,ORD003418,PROD00133,4,35000.92,37.62
ITEM0010178,ORD003418,PROD00122,2,53676.86,18.85
ITEM0010179,ORD003418,PROD00008,2,67136.58,0.96
ITEM0010180,ORD003418,PROD00145,2,37248.32,19.3
ITEM0010181,ORD003419,PROD00023,1,26245.92,19.56
ITEM0010182,ORD003419,PROD00056,4,60317.78,15.0
ITEM0010183,ORD003419,PROD00038,3,43952.48,21.59
ITEM0010184,ORD003420,PROD00013,2,51907.75,32.98
ITEM0010185,ORD003420,PROD00010,3,49080.53,39.14
ITEM0010186,ORD003420,PROD00046,4,41424.19,21.5
ITEM0010187,ORD003420,PROD00027,5,54351.25,7.87
ITEM0010188,ORD003421,PROD00115,3,74196.18,28.25
ITEM0010189,ORD003422,PROD00121,1,65319.33,3.85
ITEM0010190,ORD003422,PROD00185,3,22650.09,27.11
ITEM0010191,ORD003422,PROD00068,5,38495.66,15.17
ITEM0010192,ORD003422,PROD00029,4,19711.91,9.82
ITEM0010193,ORD003422,PROD00096,4,3835.73,24.98
ITEM0010194,ORD003423,PROD00029,5,22078.23,15.3
ITEM0010195,ORD003423,PROD00132,2,8468.55,9.85
ITEM0010196,ORD003423,PROD00054,4,21097.1,28.73
ITEM0010197,ORD003423,PROD00073,3,5256.23,0.22
ITEM0010198,ORD003424,PROD00151,5,3338.31,29.45
ITEM0010199,ORD003424,PROD00194,4,58025.09,23.38
ITEM0010200,ORD003424,PROD00046,1,33789.78,39.13
ITEM0010201,ORD003425,PROD00027,2,64951.28,36.42
ITEM0010202,ORD003425,PROD00184,2,7517.16,3.43
ITEM0010203,ORD003426,PROD00158,4,23709.24,14.26
ITEM0010204,ORD003426,PROD00010,3,45313.94,28.14
ITEM0010205,ORD003426,PROD00128,4,52257.3,34.72
ITEM0010206,ORD003427,PROD00004,5,3130.36,29.51
ITEM0010207,ORD003428,PROD00150,2,23143.98,31.64
ITEM0010208,ORD003428,PROD00021,3,15624.1,25.89
ITEM0010209,ORD003428,PROD00025,4,16840.6,30.44
ITEM0010210,ORD003428,PROD00029,5,20553.44,28.36
ITEM0010211,ORD003428,PROD00200,5,53876.6,33.64
ITEM0010212,ORD003429,PROD00046,2,31272.67,37.57
ITEM0010213,ORD003429,PROD00173,1,30067.04,25.05
ITEM0010214,ORD003429,PROD00015,2,81675.97,19.36
ITEM0010215,ORD003429,PROD00141,2,23518.22,23.76
ITEM0010216,ORD003429,PROD00092,3,14784.47,25.03
ITEM0010217,ORD003430,PROD00019,3,5379.03,19.77
ITEM0010218,ORD003430,PROD00034,5,60423.0,5.72
ITEM0010219,ORD003430,PROD00184,2,9230.56,34.36
ITEM0010220,ORD003431,PROD00179,2,40443.44,17.88
ITEM0010221,ORD003432,PROD00023,3,31394.27,8.87
ITEM0010222,ORD003433,PROD00134,4,23584.59,25.04
ITEM0010223,ORD003434,PROD00165,2,37978.71,23.06
ITEM0010224,ORD003434,PROD00072,1,8291.22,19.98
ITEM0010225,ORD003434,PROD00074,2,53322.25,24.19
ITEM0010226,ORD003434,PROD00159,1,56089.74,30.53
ITEM0010227,ORD003435,PROD00139,4,57425.67,35.11
ITEM0010228,ORD003435,PROD00014,2,68946.46,30.5
ITEM0010229,ORD003435,PROD00108,1,50763.69,24.23
ITEM0010230,ORD003435,PROD00145,2,29613.51,23.55
ITEM0010231,ORD003435,PROD00077,2,49733.09,15.1
ITEM0010232,ORD003436,PROD00025,3,18083.05,11.66
ITEM0010233,ORD003436,PROD00107,2,55461.28,4.33
ITEM0010234,ORD003436,PROD00154,1,65342.09,1.23
ITEM0010235,ORD003436,PROD00156,3,13726.27,23.49
ITEM0010236,ORD003437,PROD00190,3,49684.51,25.61
ITEM0010237,ORD003437,PROD00029,3,22561.59,10.86
ITEM0010238,ORD003437,PROD00028,4,57448.6,35.76
ITEM0010239,ORD003437,PROD00065,4,65510.68,22.5
ITEM0010240,ORD003437,PROD00066,5,40019.54,17.42
ITEM0010241,ORD003438,PROD00031,5,30246.46,25.25
ITEM0010242,ORD003438,PROD00145,3,39197.85,2.87
ITEM0010243,ORD003438,PROD00019,3,5067.84,24.54
ITEM0010244,ORD003438,PROD00024,4,24220.82,6.07
ITEM0010245,ORD003439,PROD00173,3,23239.84,24.67
ITEM0010246,ORD003439,PROD00118,3,48229.64,38.19
ITEM0010247,ORD003439,PROD00051,4,23847.81,26.64
ITEM0010248,ORD003439,PROD00063,2,40352.45,25.53
ITEM0010249,ORD003439,PROD00142,4,33140.72,8.15
ITEM0010250,ORD003440,PROD00038,2,51334.42,34.53
ITEM0010251,ORD003440,PROD00098,3,39924.77,15.75
ITEM0010252,ORD003440,PROD00081,5,15031.77,2.77
ITEM0010253,ORD003440,PROD00111,5,74973.09,5.83
ITEM0010254,ORD003441,PROD00057,3,27948.13,4.55
ITEM0010255,ORD003441,PROD00177,4,59435.76,24.67
ITEM0010256,ORD003442,PROD00154,2,50724.95,5.29
ITEM0010257,ORD003442,PROD00134,3,22465.47,32.2
ITEM0010258,ORD003442,PROD00034,1,79598.86,4.83
ITEM0010259,ORD003442,PROD00057,2,27558.78,31.22
ITEM0010260,ORD003442,PROD00179,1,63816.74,32.06
ITEM0010261,ORD003443,PROD00040,3,17807.39,10.31
ITEM0010262,ORD003443,PROD00058,3,12903.59,26.49
ITEM0010263,ORD003443,PROD00038,3,55926.05,21.55
ITEM0010264,ORD003443,PROD00073,3,5091.58,36.56
ITEM0010265,ORD003444,PROD00012,2,71656.98,30.62
ITEM0010266,ORD003445,PROD00167,5,13548.56,20.76
ITEM0010267,ORD003445,PROD00065,2,59462.26,38.87
ITEM0010268,ORD003445,PROD00079,1,32306.66,36.28
ITEM0010269,ORD003445,PROD00158,2,27324.65,8.63
ITEM0010270,ORD003445,PROD00059,1,53206.35,16.62
ITEM0010271,ORD003446,PROD00194,2,46107.87,11.47
ITEM0010272,ORD003447,PROD00014,4,58439.75,3.54
ITEM0010273,ORD003447,PROD00151,5,3313.01,19.45
ITEM0010274,ORD003447,PROD00132,3,7148.4,32.87
ITEM0010275,ORD003447,PROD00011,3,35422.85,7.88
ITEM0010276,ORD003448,PROD00192,5,42965.3,31.77
ITEM0010277,ORD003449,PROD00185,3,22463.04,31.92
ITEM0010278,ORD003449,PROD00095,2,26416.13,1.73
ITEM0010279,ORD003449,PROD00058,5,14733.9,17.66
ITEM0010280,ORD003449,PROD00098,4,38434.48,8.17
ITEM0010281,ORD003449,PROD00167,4,14486.58,1.08
ITEM0010282,ORD003450,PROD00089,5,41942.62,31.35
ITEM0010283,ORD003450,PROD00148,1,47990.28,29.97
ITEM0010284,ORD003451,PROD00197,3,6456.79,5.41
ITEM0010285,ORD003451,PROD00085,2,38923.38,23.06
ITEM0010286,ORD003451,PROD00012,2,49250.74,4.39
ITEM0010287,ORD003451,PROD00135,4,45460.43,10.86
ITEM0010288,ORD003452,PROD00050,3,56463.52,4.36
ITEM0010289,ORD003453,PROD00026,4,59245.4,39.85
ITEM0010290,ORD003453,PROD00180,2,53032.28,31.87
ITEM0010291,ORD003453,PROD00181,2,50936.86,3.83
ITEM0010292,ORD003453,PROD00097,3,61122.15,21.03
ITEM0010293,ORD003453,PROD00195,4,6487.23,18.59
ITEM0010294,ORD003454,PROD00008,1,61865.8,9.7
ITEM0010295,ORD003455,PROD00168,1,68753.79,18.12
ITEM0010296,ORD003455,PROD00192,2,37195.59,19.26
ITEM0010297,ORD003456,PROD00099,4,70906.06,6.02
ITEM0010298,ORD003457,PROD00145,4,43354.71,2.77
ITEM0010299,ORD003457,PROD00170,2,3275.7,24.82
ITEM0010300,ORD003457,PROD00179,-1,46021.07,37.83
ITEM0010301,ORD003458,PROD00120,2,80728.07,9.19
ITEM0010302,ORD003458,PROD00084,5,46923.06,31.56
ITEM0010303,ORD003458,PROD00138,5,42173.98,8.17
ITEM0010304,ORD003458,PROD00011,5,35156.83,28.84
ITEM0010305,ORD003459,PROD00084,5,42488.89,13.59
ITEM0010306,ORD003459,PROD00121,2,61875.65,14.61
ITEM0010307,ORD003459,PROD00073,3,5022.2,21.5
ITEM0010308,ORD003459,PROD00165,2,55967.38,7.59
ITEM0010309,ORD003460,PROD00195,5,4810.06,39.2
ITEM0010310,ORD003461,PROD00172,5,543.49,16.73
ITEM0010311,ORD003461,PROD00028,1,82466.88,9.53
ITEM0010312,ORD003461,PROD00021,4,17735.77,21.59
ITEM0010313,ORD003461,PROD00147,1,35345.42,24.27
ITEM0010314,ORD003461,PROD00183,2,61657.57,11.26
ITEM0010315,ORD003462,PROD00198,5,28065.27,26.91
ITEM0010316,ORD003462,PROD00021,1,15618.2,39.44
ITEM0010317,ORD003462,PROD00132,-1,10899.99,36.0
ITEM0010318,ORD003462,PROD00045,1,87596.65,22.53
ITEM0010319,ORD003462,PROD00102,3,32991.77,8.36
ITEM0010320,ORD003463,PROD00044,2,67047.16,31.77
ITEM0010321,ORD003464,PROD00151,4,3025.11,1.87
ITEM0010322,ORD003464,PROD00148,5,48620.77,2.89
ITEM0010323,ORD003464,PROD00161,2,16526.62,34.7
ITEM0010324,ORD003465,PROD00106,5,51882.89,1.57
ITEM0010325,ORD003466,PROD00193,3,324.08,22.84
ITEM0010326,ORD003467,PROD00032,5,54599.5,22.79
ITEM0010327,ORD003467,PROD00061,1,36204.26,30.78
ITEM0010328,ORD003467,PROD00001,2,71073.47,12.39
ITEM0010329,ORD003468,PROD00139,1,48195.42,29.87
ITEM0010330,ORD003468,PROD00147,2,30788.32,37.09
ITEM0010331,ORD003469,PROD00087,5,36235.85,28.0
ITEM0010332,ORD003469,PROD00004,3,3690.02,23.73
ITEM0010333,ORD003469,PROD00182,2,22273.21,15.95
ITEM0010334,ORD003469,PROD00148,3,51039.17,25.49
ITEM0010335,ORD003470,PROD00079,3,33475.74,25.43
ITEM0010336,ORD003470,PROD00063,2,41030.18,32.54
ITEM0010337,ORD003470,PROD00077,4,41726.93,34.33
ITEM0010338,ORD003470,PROD00120,4,54456.81,3.62
ITEM0010339,ORD003471,PROD00117,3,22612.98,18.95
ITEM0010340,ORD003472,PROD00196,2,37549.43,37.46
ITEM0010341,ORD003472,PROD00090,1,451.5,18.05
ITEM0010342,ORD003472,PROD00007,5,38557.17,17.65
ITEM0010343,ORD003472,PROD00143,4,7939.36,3.98
ITEM0010344,ORD003473,PROD00176,1,46528.02,29.73
ITEM0010345,ORD003473,PROD00029,2,26941.75,12.62
ITEM0010346,ORD003473,PROD00169,4,35847.59,19.0
ITEM0010347,ORD003473,PROD00108,3,55380.84,5.3
ITEM0010348,ORD003474,PROD00012,1,58915.58,26.03
ITEM0010349,ORD003475,PROD00124,4,26788.06,19.68
ITEM0010350,ORD003475,PROD00144,3,50098.29,35.31
ITEM0010351,ORD003475,PROD00114,4,43093.88,1.71
ITEM0010352,ORD003475,PROD00020,5,65167.98,28.96
ITEM0010353,ORD003475,PROD00018,3,11155.22,2.39
ITEM0010354,ORD003476,PROD00142,4,28178.54,18.15
ITEM0010355,ORD003476,PROD00159,4,74957.23,32.06
ITEM0010356,ORD003477,PROD00174,1,46721.59,32.47
ITEM0010357,ORD003477,PROD00003,3,48608.57,34.51
ITEM0010358,ORD003477,PROD00042,4,72292.72,12.72
ITEM0010359,ORD003477,PROD00143,5,6515.26,22.89
ITEM0010360,ORD003477,PROD00160,2,34052.11,13.95
ITEM0010361,ORD003478,PROD00152,4,46926.51,36.01
ITEM0010362,ORD003479,PROD00091,5,41598.02,11.03
ITEM0010363,ORD003479,PROD00104,2,64623.98,30.95
ITEM0010364,ORD003479,PROD00113,3,42792.61,19.09
ITEM0010365,ORD003479,PROD00048,4,2351.16,27.73
ITEM0010366,ORD003479,PROD00055,4,56804.3,37.25
ITEM0010367,ORD003480,PROD00139,3,54698.63,3.93
ITEM0010368,ORD003480,PROD00141,1,30592.66,17.5
ITEM0010369,ORD003480,PROD00200,2,57248.84,39.78
ITEM0010370,ORD003480,PROD00053,1,68349.95,9.99
ITEM0010371,ORD003481,PROD00087,1,46126.79,31.06
ITEM0010372,ORD003481,PROD00187,4,54688.43,18.73
ITEM0010373,ORD003482,PROD00144,4,49343.63,15.29
ITEM0010374,ORD003482,PROD00141,4,23074.98,25.17
ITEM0010375,ORD003482,PROD00014,-1,77837.04,34.8
ITEM0010376,ORD003482,PROD00148,5,45423.65,1.99
ITEM0010377,ORD003483,PROD00197,3,5699.92,32.95
ITEM0010378,ORD003484,PROD00035,-1,15271.46,9.12
ITEM0010379,ORD003484,PROD00073,2,5226.18,6.45
ITEM0010380,ORD003484,PROD00077,3,46081.31,14.08
ITEM0010381,ORD003484,PROD00079,4,42316.01,26.33
ITEM0010382,ORD003485,PROD00082,1,66302.51,32.4
ITEM0010383,ORD003486,PROD00008,5,59723.79,27.27
ITEM0010384,ORD003487,PROD00101,3,35916.6,10.13
ITEM0010385,ORD003487,PROD00052,4,54096.02,34.19
ITEM0010386,ORD003487,PROD00149,4,56753.95,39.28
ITEM0010387,ORD003488,PROD00180,5,32563.25,1.69
ITEM0010388,ORD003488,PROD00001,3,76267.84,24.0
ITEM0010389,ORD003488,PROD00030,5,69964.14,1.75
ITEM0010390,ORD003488,PROD00169,3,31520.78,20.68
ITEM0010391,ORD003489,PROD00130,1,37253.35,26.4
ITEM0010392,ORD003489,PROD00034,4,55726.36,32.27
ITEM0010393,ORD003489,PROD00096,1,3607.69,11.06
ITEM0010394,ORD003489,PROD00180,5,39504.73,30.68
ITEM0010395,ORD003489,PROD00018,4,12102.5,34.82
ITEM0010396,ORD003490,PROD00045,3,67397.58,22.57
ITEM0010397,ORD003490,PROD00138,2,37650.09,16.45
ITEM0010398,ORD003491,PROD00030,2,72369.26,28.21
ITEM0010399,ORD003491,PROD00165,5,52033.04,17.86
ITEM0010400,ORD003491,PROD00155,1,34987.64,37.91
ITEM0010401,ORD003491,PROD00012,4,46926.61,25.47
ITEM0010402,ORD003492,PROD00126,2,65730.49,29.31
ITEM0010403,ORD003492,PROD00041,1,45796.03,9.2
ITEM0010404,ORD003492,PROD00014,4,69801.03,15.93
ITEM0010405,ORD003493,PROD00065,1,73403.75,28.69
ITEM0010406,ORD003493,PROD00185,5,22825.25,34.31
ITEM0010407,ORD003493,PROD00049,1,36795.31,9.82
ITEM0010408,ORD003493,PROD00032,5,62074.16,19.75
ITEM0010409,ORD003493,PROD00028,1,70769.65,9.09
ITEM0010410,ORD003494,PROD00065,4,82219.45,10.27
ITEM0010411,ORD003494,PROD00033,1,30764.74,17.44
ITEM0010412,ORD003494,PROD00059,4,72414.62,3.16
ITEM0010413,ORD003494,PROD00019,-3,4752.48,17.87
ITEM0010414,ORD003495,PROD00134,4,30796.78,40.0
ITEM0010415,ORD003495,PROD00101,2,34822.03,12.81
ITEM0010416,ORD003495,PROD00007,5,40348.51,34.77
ITEM0010417,ORD003495,PROD00115,3,64096.77,18.9
ITEM0010418,ORD003495,PROD00138,4,29223.48,28.26
ITEM0010419,ORD003496,PROD00012,3,48601.63,27.33
ITEM0010420,ORD003496,PROD00169,1,23693.97,18.95
ITEM0010421,ORD003496,PROD00055,3,41821.05,20.81
ITEM0010422,ORD003497,PROD00139,3,44052.81,39.06
ITEM0010423,ORD003497,PROD00050,2,60833.96,28.18
ITEM0010424,ORD003497,PROD00169,5,34523.95,13.11
ITEM0010425,ORD003498,PROD00039,3,32513.3,37.29
ITEM0010426,ORD003498,PROD00071,3,22277.42,35.88
ITEM0010427,ORD003498,PROD00004,1,4341.5,29.44
ITEM0010428,ORD003498,PROD00027,2,75058.43,6.17
ITEM0010429,ORD003498,PROD00058,3,16085.81,11.72
ITEM0010430,ORD003499,PROD00037,2,40654.81,24.95
ITEM0010431,ORD003499,PROD00058,3,16718.52,13.24
ITEM0010432,ORD003500,PROD00022,1,52529.9,29.01
ITEM0010433,ORD003500,PROD00025,3,21671.56,2.1
ITEM0010434,ORD003500,PROD00195,1,5280.22,23.9
ITEM0010435,ORD003501,PROD00179,2,40919.38,26.55
ITEM0010436,ORD003501,PROD00025,1,22595.82,27.46
ITEM0010437,ORD003501,PROD00147,2,43540.05,7.48
ITEM0010438,ORD003501,PROD00157,3,15290.35,15.65
ITEM0010439,ORD003502,PROD00153,1,52331.45,29.48
ITEM0010440,ORD003503,PROD00168,5,55977.66,33.88
ITEM0010441,ORD003503,PROD00174,3,45041.24,6.94
ITEM0010442,ORD003503,PROD00117,-2,19227.02,26.25
ITEM0010443,ORD003503,PROD00003,5,43064.35,27.76
ITEM0010444,ORD003503,PROD00190,3,52054.73,19.38
ITEM0010445,ORD003504,PROD00113,2,38442.6,36.22
ITEM0010446,ORD003505,PROD00075,2,21180.42,4.84
ITEM0010447,ORD003505,PROD00070,5,69071.41,25.11
ITEM0010448,ORD003505,PROD00117,3,15280.11,22.77
ITEM0010449,ORD003505,PROD00033,1,30767.67,8.46
ITEM0010450,ORD003505,PROD00171,5,58536.59,3.36
ITEM0010451,ORD003506,PROD00072,1,8955.91,38.05
ITEM0010452,ORD003506,PROD00067,2,47337.1,12.3
ITEM0010453,ORD003507,PROD00052,1,58293.54,7.46
ITEM0010454,ORD003508,PROD00047,1,16519.5,37.23
ITEM0010455,ORD003508,PROD00118,1,41371.53,16.11
ITEM0010456,ORD003508,PROD00002,3,20462.81,21.96
ITEM0010457,ORD003508,PROD00154,5,73549.53,14.96
ITEM0010458,ORD003508,PROD00027,5,49957.04,2.28
ITEM0010459,ORD003509,PROD00035,4,14318.54,1.67
ITEM0010460,ORD003509,PROD00153,2,49768.79,22.14
ITEM0010461,ORD003509,PROD00018,3,7470.44,7.73
ITEM0010462,ORD003509,PROD00109,1,42183.39,18.76
ITEM0010463,ORD003510,PROD00115,2,74943.22,22.42
ITEM0010464,ORD003510,PROD00103,4,39972.51,5.66
ITEM0010465,ORD003510,PROD00074,2,56562.42,7.78
ITEM0010466,ORD003511,PROD00079,5,33690.63,20.24
ITEM0010467,ORD003511,PROD00146,2,76243.94,10.17
ITEM0010468,ORD003511,PROD00089,2,46802.95,11.26
ITEM0010469,ORD003511,PROD00108,3,48210.43,23.3
ITEM0010470,ORD003512,PROD00133,1,39731.33,26.44
ITEM0010471,ORD003512,PROD00145,4,28918.57,5.26
ITEM0010472,ORD003512,PROD00110,5,25215.11,13.49
ITEM0010473,ORD003512,PROD00135,2,52239.72,23.77
ITEM0010474,ORD003512,PROD00108,5,56222.49,16.72
ITEM0010475,ORD003513,PROD00182,2,19156.55,10.19
ITEM0010476,ORD003513,PROD00123,5,79770.93,32.04
ITEM0010477,ORD003513,PROD00200,2,49046.9,7.45
ITEM0010478,ORD003513,PROD00183,2,57466.56,27.0
ITEM0010479,ORD003514,PROD00118,1,48750.18,14.01
ITEM0010480,ORD003514,PROD00146,2,53355.65,4.21
ITEM0010481,ORD003514,PROD00157,3,16961.96,27.83
ITEM0010482,ORD003514,PROD00179,5,47899.91,17.19
ITEM0010483,ORD003514,PROD00025,5,17314.06,35.29
ITEM0010484,ORD003515,PROD00059,5,62453.8,26.38
ITEM0010485,ORD003515,PROD00169,1,33462.84,19.58
ITEM0010486,ORD003515,PROD00170,1,2619.25,23.08
ITEM0010487,ORD003516,PROD00116,2,30627.99,28.59
ITEM0010488,ORD003516,PROD00038,1,47069.72,8.65
ITEM0010489,ORD003516,PROD00164,4,74765.63,21.3
ITEM0010490,ORD003516,PROD00050,4,56182.71,38.37
ITEM0010491,ORD003517,PROD00049,2,37601.94,38.61
ITEM0010492,ORD003517,PROD00152,1,48782.47,12.13
ITEM0010493,ORD003517,PROD00096,2,3508.39,25.22
ITEM0010494,ORD003518,PROD00155,1,27213.06,11.12
ITEM0010495,ORD003519,PROD00081,4,16597.74,10.44
ITEM0010496,ORD003519,PROD00094,3,47927.49,1.16
ITEM0010497,ORD003519,PROD00165,2,43832.82,6.82
ITEM0010498,ORD003519,PROD00187,2,57623.6,25.12
ITEM0010499,ORD003520,PROD00180,5,41251.36,16.45
ITEM0010500,ORD003520,PROD00085,1,54982.67,23.47
ITEM0010501,ORD003520,PROD00119,1,21350.28,3.18
ITEM0010502,ORD003521,PROD00028,1,84212.28,31.81
ITEM0010503,ORD003521,PROD00123,1,56489.79,12.8
ITEM0010504,ORD003521,PROD00020,1,59309.27,37.93
ITEM0010505,ORD003521,PROD00056,4,73545.41,7.79
ITEM0010506,ORD003522,PROD00030,5,70706.58,18.31
ITEM0010507,ORD003522,PROD00033,4,34024.15,9.48
ITEM0010508,ORD003523,PROD00190,2,49057.56,33.95
ITEM0010509,ORD003524,PROD00110,2,27399.79,8.23
ITEM0010510,ORD003524,PROD00183,1,74943.94,39.2
ITEM0010511,ORD003524,PROD00030,3,76087.99,25.87
ITEM0010512,ORD003525,PROD00144,1,32835.84,32.03
ITEM0010513,ORD003525,PROD00059,3,79813.06,3.27
ITEM0010514,ORD003526,PROD00150,4,22848.72,3.49
ITEM0010515,ORD003526,PROD00092,5,16469.94,25.32
ITEM0010516,ORD003526,PROD00082,5,50160.7,21.96
ITEM0010517,ORD003526,PROD00149,2,38979.47,33.68
ITEM0010518,ORD003527,PROD00191,-3,21949.37,18.38
ITEM0010519,ORD003527,PROD00161,4,16398.18,8.01
ITEM0010520,ORD003528,PROD00087,5,37965.23,30.87
ITEM0010521,ORD003528,PROD00106,5,70840.1,13.08
ITEM0010522,ORD003528,PROD00121,2,48200.7,26.09
ITEM0010523,ORD003528,PROD00163,3,22378.5,38.6
ITEM0010524,ORD003529,PROD00116,2,38184.36,33.81
ITEM0010525,ORD003529,PROD00009,5,50994.69,20.13
ITEM0010526,ORD003529,PROD00029,3,25859.3,12.17
ITEM0010527,ORD003529,PROD00179,1,50350.36,31.81
ITEM0010528,ORD003530,PROD00077,5,61943.31,15.17
ITEM0010529,ORD003530,PROD00152,3,60324.08,8.81
ITEM0010530,ORD003530,PROD00017,5,27948.62,20.41
ITEM0010531,ORD003530,PROD00072,1,6623.49,20.76
ITEM0010532,ORD003530,PROD00075,2,17097.11,32.61
ITEM0010533,ORD003531,PROD00190,3,36872.99,3.27
ITEM0010534,ORD003531,PROD00016,3,57046.83,39.48
ITEM0010535,ORD003531,PROD00003,2,44974.89,38.15
ITEM0010536,ORD003531,PROD00154,5,59884.41,33.97
ITEM0010537,ORD003531,PROD00017,2,24049.56,26.52
ITEM0010538,ORD003532,PROD00032,4,64568.33,22.77
ITEM0010539,ORD003533,PROD00038,3,62855.13,7.61
ITEM0010540,ORD003534,PROD00149,1,44682.54,15.77
ITEM0010541,ORD003534,PROD00118,4,58074.45,24.21
ITEM0010542,ORD003534,PROD00161,3,11535.9,12.44
ITEM0010543,ORD003535,PROD00157,1,19390.66,28.0
ITEM0010544,ORD003535,PROD00131,2,68669.15,34.82
ITEM0010545,ORD003535,PROD00124,5,36481.55,27.38
ITEM0010546,ORD003535,PROD00066,5,48566.49,1.97
ITEM0010547,ORD003535,PROD00048,4,2109.07,5.88
ITEM0010548,ORD003536,PROD00144,5,50445.01,32.7
ITEM0010549,ORD003536,PROD00093,1,7489.69,35.58
ITEM0010550,ORD003536,PROD00058,1,12521.35,14.84
ITEM0010551,ORD003536,PROD00009,4,42334.44,19.94
ITEM0010552,ORD003536,PROD00064,2,22503.32,30.9
ITEM0010553,ORD003537,PROD00099,5,52094.76,4.38
ITEM0010554,ORD003537,PROD00019,2,4987.71,16.8
ITEM0010555,ORD003537,PROD00184,5,9974.03,24.1
ITEM0010556,ORD003537,PROD00036,5,61387.21,12.65
ITEM0010557,ORD003538,PROD00137,3,53432.5,11.65
ITEM0010558,ORD003538,PROD00125,3,55819.45,26.73
ITEM0010559,ORD003538,PROD00051,3,19160.42,31.25
ITEM0010560,ORD003538,PROD00096,1,4135.68,35.73
ITEM0010561,ORD003539,PROD00040,5,21486.27,12.94
ITEM0010562,ORD003539,PROD00126,5,63180.01,30.59
ITEM0010563,ORD003539,PROD00058,4,17579.56,23.27
ITEM0010564,ORD003540,PROD00101,1,35526.91,26.87
ITEM0010565,ORD003540,PROD00110,1,30762.46,17.54
ITEM0010566,ORD003540,PROD00162,5,24787.93,31.89
ITEM0010567,ORD003540,PROD00128,4,60791.34,36.76
ITEM0010568,ORD003541,PROD00144,1,36243.25,8.31
ITEM0010569,ORD003541,PROD00013,1,41696.29,5.52
ITEM0010570,ORD003541,PROD00199,3,8669.22,39.09
ITEM0010571,ORD003541,PROD00009,3,44221.07,18.77
ITEM0010572,ORD003542,PROD00036,1,51998.58,27.62
ITEM0010573,ORD003542,PROD00096,5,4070.89,2.42
ITEM0010574,ORD003542,PROD00034,4,70530.81,35.0
ITEM0010575,ORD003542,PROD00064,5,21047.73,33.71
ITEM0010576,ORD003542,PROD00068,4,44816.3,23.75
ITEM0010577,ORD003543,PROD00090,1,433.26,6.98
ITEM0010578,ORD003544,PROD00097,2,49162.62,29.6
ITEM0010579,ORD003544,PROD00149,4,54487.47,38.99
ITEM0010580,ORD003545,PROD00008,4,66319.5,30.36
ITEM0010581,ORD003546,PROD00115,1,52354.19,7.88
ITEM0010582,ORD003546,PROD00155,4,41816.77,21.74
ITEM0010583,ORD003546,PROD00064,5,24410.14,14.21
ITEM0010584,ORD003547,PROD00121,5,43679.12,7.83
ITEM0010585,ORD003547,PROD00194,3,44919.46,6.85
ITEM0010586,ORD003548,PROD00158,4,26893.21,18.34
ITEM0010587,ORD003548,PROD00173,2,24828.95,38.68
ITEM0010588,ORD003548,PROD00153,1,39286.87,28.23
ITEM0010589,ORD003548,PROD00027,3,57556.76,6.79
ITEM0010590,ORD003549,PROD00132,4,10126.68,2.53
ITEM0010591,ORD003549,PROD00066,2,44171.28,27.92
ITEM0010592,ORD003549,PROD00095,5,29304.87,17.84
ITEM0010593,ORD003549,PROD00182,5,20008.9,24.32
ITEM0010594,ORD003550,PROD00028,5,68299.99,28.78
ITEM0010595,ORD003550,PROD00089,5,38645.63,11.9
ITEM0010596,ORD003550,PROD00194,3,53151.88,23.05
ITEM0010597,ORD003551,PROD00116,3,43374.8,34.43
ITEM0010598,ORD003551,PROD00043,4,28013.95,3.9
ITEM0010599,ORD003551,PROD00193,1,269.52,27.16
ITEM0010600,ORD003551,PROD00199,2,6969.05,17.36
ITEM0010601,ORD003552,PROD00032,3,58852.93,18.83
ITEM0010602,ORD003553,PROD00145,5,30798.6,19.46
ITEM0010603,ORD003553,PROD00147,2,38602.36,10.8
ITEM0010604,ORD003553,PROD00052,4,57159.28,16.44
ITEM0010605,ORD003553,PROD00135,3,39527.04,37.63
ITEM0010606,ORD003554,PROD00042,4,55162.89,13.2
ITEM0010607,ORD003555,PROD00138,1,33300.34,7.66
ITEM0010608,ORD003555,PROD00023,1,36462.64,5.61
ITEM0010609,ORD003556,PROD00182,1,20256.58,8.47
ITEM0010610,ORD003557,PROD00088,5,19975.0,20.71
ITEM0010611,ORD003557,PROD00022,2,62896.06,20.08
ITEM0010612,ORD003557,PROD00174,5,43083.36,3.31
ITEM0010613,ORD003558,PROD00160,5,41281.66,32.33
ITEM0010614,ORD003558,PROD00026,2,44716.2,38.17
ITEM0010615,ORD003558,PROD00031,4,33094.47,11.87
ITEM0010616,ORD003558,PROD00180,4,34861.48,9.42
ITEM0010617,ORD003559,PROD00141,5,27369.28,15.62
ITEM0010618,ORD003559,PROD00157,5,17225.29,19.81
ITEM0010619,ORD003559,PROD00027,3,53018.91,19.7
ITEM0010620,ORD003559,PROD00055,2,49218.67,18.67
ITEM0010621,ORD003559,PROD00182,2,20739.36,14.69
ITEM0010622,ORD003560,PROD00062,5,67891.61,36.84
ITEM0010623,ORD003560,PROD00120,2,77173.66,29.54
ITEM0010624,ORD003560,PROD00026,2,53042.15,26.6
ITEM0010625,ORD003560,PROD00005,2,62213.32,3.08
ITEM0010626,ORD003561,PROD00059,4,64944.5,5.2
ITEM0010627,ORD003561,PROD00090,5,414.29,15.12
ITEM0010628,ORD003561,PROD00054,3,27257.48,33.51
ITEM0010629,ORD003562,PROD00132,4,8184.5,8.62
ITEM0010630,ORD003562,PROD00068,2,42459.77,36.44
ITEM0010631,ORD003562,PROD00060,5,10902.91,36.07
ITEM0010632,ORD003562,PROD00146,5,72545.69,9.04
ITEM0010633,ORD003563,PROD00019,4,5772.03,36.95
ITEM0010634,ORD003564,PROD00013,5,41758.6,33.11
ITEM0010635,ORD003565,PROD00022,4,66778.57,18.72
ITEM0010636,ORD003565,PROD00021,3,18286.96,19.42
ITEM0010637,ORD003566,PROD00171,3,53757.46,7.04
ITEM0010638,ORD003566,PROD00155,4,29567.23,20.45
ITEM0010639,ORD003566,PROD00106,1,50791.47,32.72
ITEM0010640,ORD003566,PROD00098,4,40843.38,25.32
ITEM0010641,ORD003567,PROD00137,2,40198.06,7.66
ITEM0010642,ORD003567,PROD00105,3,63811.27,14.25
ITEM0010643,ORD003567,PROD00142,5,28203.24,9.79
ITEM0010644,ORD003567,PROD00145,3,35836.45,26.76
ITEM0010645,ORD003568,PROD00107,3,73840.18,36.13
ITEM0010646,ORD003569,PROD00007,2,36850.83,17.33
ITEM0010647,ORD003570,PROD00159,3,64631.72,23.5
ITEM0010648,ORD003570,PROD00033,1,34606.02,34.07
ITEM0010649,ORD003571,PROD00097,3,50387.89,34.66
ITEM0010650,ORD003571,PROD00061,5,42877.76,25.91
ITEM0010651,ORD003571,PROD00037,1,40094.49,26.29
ITEM0010652,ORD003572,PROD00037,5,27269.37,0.89
ITEM0010653,ORD003573,PROD00159,4,53832.56,9.09
ITEM0010654,ORD003573,PROD00191,2,28185.06,13.42
ITEM0010655,ORD003573,PROD00013,5,36273.26,15.38
ITEM0010656,ORD003574,PROD00129,3,65798.36,11.69
ITEM0010657,ORD003574,PROD00155,3,40687.29,0.09
ITEM0010658,ORD003574,PROD00061,4,35722.1,20.39
ITEM0010659,ORD003575,PROD00055,5,56014.9,18.61
ITEM0010660,ORD003575,PROD00147,3,41085.68,19.91
ITEM0010661,ORD003575,PROD00188,4,8935.49,10.04
ITEM0010662,ORD003576,PROD00137,1,38269.44,35.58
ITEM0010663,ORD003576,PROD00104,1,62481.02,23.33
ITEM0010664,ORD003577,PROD00048,1,1748.87,22.72
ITEM0010665,ORD003578,PROD00097,2,46177.92,3.81
ITEM0010666,ORD003578,PROD00101,5,44200.5,7.84
ITEM0010667,ORD003579,PROD00042,3,59647.68,29.8
ITEM0010668,ORD003579,PROD00027,-1,70556.72,37.61
ITEM0010669,ORD003579,PROD00046,2,32413.43,5.31
ITEM0010670,ORD003579,PROD00181,2,47644.71,5.45
ITEM0010671,ORD003579,PROD00091,3,49209.04,31.28
ITEM0010672,ORD003580,PROD00144,2,47881.5,6.38
ITEM0010673,ORD003580,PROD00108,3,47225.34,36.66
ITEM0010674,ORD003580,PROD00123,4,53638.43,2.19
ITEM0010675,ORD003580,PROD00158,-3,22878.43,20.64
ITEM0010676,ORD003581,PROD00037,1,35831.28,2.19
ITEM0010677,ORD003581,PROD00182,2,20431.41,29.58
ITEM0010678,ORD003581,PROD00078,2,30745.61,12.66
ITEM0010679,ORD003582,PROD00185,1,17710.69,1.88
ITEM0010680,ORD003583,PROD00154,1,58139.81,27.82
ITEM0010681,ORD003583,PROD00134,1,23614.74,17.93
ITEM0010682,ORD003584,PROD00025,4,17230.82,29.11
ITEM0010683,ORD003585,PROD00153,4,60377.87,16.7
ITEM0010684,ORD003585,PROD00198,5,28920.28,12.67
ITEM0010685,ORD003586,PROD00106,2,67870.52,18.16
ITEM0010686,ORD003586,PROD00127,2,4102.87,29.26
ITEM0010687,ORD003586,PROD00022,2,51723.26,20.88
ITEM0010688,ORD003586,PROD00150,-2,18044.96,27.23
ITEM0010689,ORD003587,PROD00189,2,9272.28,37.19
ITEM0010690,ORD003587,PROD00034,1,54164.89,5.48
ITEM0010691,ORD003587,PROD00123,5,58788.24,32.93
ITEM0010692,ORD003587,PROD00001,5,48605.79,6.57
ITEM0010693,ORD003587,PROD00110,5,24667.07,29.62
ITEM0010694,ORD003588,PROD00119,2,28097.54,0.63
ITEM0010695,ORD003588,PROD00068,3,42409.46,37.79
ITEM0010696,ORD003588,PROD00117,5,17500.87,33.17
ITEM0010697,ORD003588,PROD00077,1,42400.7,21.71
ITEM0010698,ORD003588,PROD00195,4,6231.74,6.28
ITEM0010699,ORD003589,PROD00043,2,24090.61,11.32
ITEM0010700,ORD003589,PROD00134,2,21416.38,3.0
ITEM0010701,ORD003589,PROD00095,3,26747.31,2.7
ITEM0010702,ORD003590,PROD00127,2,5829.04,15.28
ITEM0010703,ORD003591,PROD00183,1,86242.61,26.72
ITEM0010704,ORD003592,PROD00118,2,43884.72,35.86
ITEM0010705,ORD003593,PROD00089,2,42839.49,25.37
ITEM0010706,ORD003593,PROD00110,4,35482.41,37.39
ITEM0010707,ORD003593,PROD00119,1,20091.28,4.16
ITEM0010708,ORD003594,PROD00008,2,63508.01,18.08
ITEM0010709,ORD003594,PROD00112,3,69173.62,38.84
ITEM0010710,ORD003595,PROD00074,3,70110.33,16.47
ITEM0010711,ORD003595,PROD00132,4,8762.55,1.12
ITEM0010712,ORD003595,PROD00063,5,51391.33,31.06
ITEM0010713,ORD003595,PROD00040,5,16670.15,8.8
ITEM0010714,ORD003595,PROD00134,4,29934.23,17.28
ITEM0010715,ORD003596,PROD00193,2,295.11,28.11
ITEM0010716,ORD003596,PROD00152,5,41436.43,25.71
ITEM0010717,ORD003596,PROD00165,3,45252.53,24.89
ITEM0010718,ORD003597,PROD00128,4,58105.95,2.13
ITEM0010719,ORD003597,PROD00167,5,13705.02,35.41
ITEM0010720,ORD003597,PROD00141,-2,25915.29,35.34
ITEM0010721,ORD003597,PROD00013,4,52891.39,9.05
ITEM0010722,ORD003597,PROD00098,3,40195.69,34.54
ITEM0010723,ORD003598,PROD00170,4,2973.28,13.92
ITEM0010724,ORD003599,PROD00178,3,13214.8,16.74
ITEM0010725,ORD003600,PROD00081,2,20689.67,1.0
ITEM0010726,ORD003600,PROD00110,3,27107.15,38.14
ITEM0010727,ORD003601,PROD00124,4,25811.61,26.65
ITEM0010728,ORD003602,PROD00030,3,60630.85,2.19
ITEM0010729,ORD003602,PROD00072,2,7553.17,37.98
ITEM0010730,ORD003602,PROD00170,1,3041.19,1.62
ITEM0010731,ORD003603,PROD00048,4,1856.57,39.41
ITEM0010732,ORD003603,PROD00072,1,7403.16,28.55
ITEM0010733,ORD003603,PROD00067,5,41973.76,21.21
ITEM0010734,ORD003604,PROD00159,3,73047.13,8.08
ITEM0010735,ORD003604,PROD00092,1,15215.29,36.26
ITEM0010736,ORD003604,PROD00141,1,27993.53,4.88
ITEM0010737,ORD003604,PROD00059,3,51515.1,16.93
ITEM0010738,ORD003604,PROD00145,4,36333.94,17.05
ITEM0010739,ORD003605,PROD00169,1,34755.52,32.85
ITEM0010740,ORD003605,PROD00072,2,6974.83,26.66
ITEM0010741,ORD003605,PROD00006,2,60266.91,6.57
ITEM0010742,ORD003606,PROD00137,5,57556.59,3.33
ITEM0010743,ORD003606,PROD00053,2,78135.17,28.66
ITEM0010744,ORD003606,PROD00198,2,29083.47,30.09
ITEM0010745,ORD003606,PROD00006,5,58706.46,28.5
ITEM0010746,ORD003607,PROD00191,3,29673.49,13.87
ITEM0010747,ORD003608,PROD00042,4,63206.75,14.27
ITEM0010748,ORD003608,PROD00123,1,84790.68,36.92
ITEM0010749,ORD003609,PROD00024,5,24583.7,12.31
ITEM0010750,ORD003609,PROD00138,4,35628.21,12.64
ITEM0010751,ORD003609,PROD00020,3,72746.4,34.05
ITEM0010752,ORD003609,PROD00199,5,7529.55,14.22
ITEM0010753,ORD003610,PROD00065,3,71994.65,10.06
ITEM0010754,ORD003610,PROD00075,3,17788.24,33.68
ITEM0010755,ORD003610,PROD00084,2,51666.32,18.22
ITEM0010756,ORD003610,PROD00020,1,49904.4,20.78
ITEM0010757,ORD003611,PROD00066,1,38961.8,19.93
ITEM0010758,ORD003611,PROD00049,5,42167.44,30.78
ITEM0010759,ORD003611,PROD00184,2,6692.71,39.56
ITEM0010760,ORD003611,PROD00089,3,37201.33,13.61
ITEM0010761,ORD003612,PROD00112,4,45421.44,5.7
ITEM0010762,ORD003612,PROD00148,2,70246.3,10.21
ITEM0010763,ORD003612,PROD00192,3,47359.9,6.42
ITEM0010764,ORD003613,PROD00143,1,8212.99,39.64
ITEM0010765,ORD003614,PROD00151,3,2169.5,29.83
ITEM0010766,ORD003614,PROD00073,2,5173.11,26.98
ITEM0010767,ORD003614,PROD00071,2,19839.14,24.47
ITEM0010768,ORD003614,PROD00099,3,60124.38,17.27
ITEM0010769,ORD003615,PROD00124,5,34515.07,21.1
ITEM0010770,ORD003615,PROD00181,2,50413.94,12.59
ITEM0010771,ORD003616,PROD00072,1,9358.09,21.28
ITEM0010772,ORD003616,PROD00051,5,24096.48,35.09
ITEM0010773,ORD003616,PROD00123,5,76962.72,32.19
ITEM0010774,ORD003616,PROD00063,3,47844.78,25.15
ITEM0010775,ORD003616,PROD00191,4,22588.75,18.62
ITEM0010776,ORD003617,PROD00141,5,22727.88,4.48
ITEM0010777,ORD003617,PROD00139,5,58044.41,9.08
ITEM0010778,ORD003617,PROD00105,2,52443.92,3.29
ITEM0010779,ORD003618,PROD00044,5,54222.33,18.77
ITEM0010780,ORD003618,PROD00101,5,45897.19,27.4
ITEM0010781,ORD003619,PROD00014,5,82972.9,10.63
ITEM0010782,ORD003619,PROD00157,2,19135.32,23.29
ITEM0010783,ORD003619,PROD00190,4,33976.1,10.27
ITEM0010784,ORD003620,PROD00155,2,32559.66,12.35
ITEM0010785,ORD003620,PROD00156,2,13734.62,22.92
ITEM0010786,ORD003620,PROD00183,5,60311.87,3.56
ITEM0010787,ORD003620,PROD00050,3,74682.66,14.32
ITEM0010788,ORD003620,PROD00023,4,32402.77,34.01
ITEM0010789,ORD003621,PROD00190,1,45766.69,2.68
ITEM0010790,ORD003621,PROD00025,1,15213.62,0.54
ITEM0010791,ORD003622,PROD00048,5,2769.07,23.21
ITEM0010792,ORD003622,PROD00120,4,74773.23,13.77
ITEM0010793,ORD003622,PROD00029,3,16814.28,34.32
ITEM0010794,ORD003622,PROD00138,4,43156.52,28.39
ITEM0010795,ORD003622,PROD00036,2,54104.64,4.35
ITEM0010796,ORD003623,PROD00020,2,70749.04,24.5
ITEM0010797,ORD003624,PROD00183,4,57505.52,12.29
ITEM0010798,ORD003624,PROD00079,1,42994.83,18.18
ITEM0010799,ORD003624,PROD00088,5,20394.99,8.43
ITEM0010800,ORD003624,PROD00012,1,64144.91,30.92
ITEM0010801,ORD003625,PROD00178,4,16238.8,7.66
ITEM0010802,ORD003625,PROD00140,4,38141.34,16.39
ITEM0010803,ORD003625,PROD00051,2,15168.63,10.81
ITEM0010804,ORD003625,PROD00177,3,70604.24,29.65
ITEM0010805,ORD003625,PROD00161,3,12092.77,9.11
ITEM0010806,ORD003626,PROD00062,4,51048.0,26.37
ITEM0010807,ORD003626,PROD00150,3,21413.92,27.15
ITEM0010808,ORD003626,PROD00001,1,76083.73,4.19
ITEM0010809,ORD003626,PROD00187,3,42497.73,39.11
ITEM0010810,ORD003627,PROD00181,-3,49569.66,26.36
ITEM0010811,ORD003627,PROD00067,2,50700.54,14.36
ITEM0010812,ORD003627,PROD00072,1,6014.62,6.61
ITEM0010813,ORD003627,PROD00120,3,65311.2,0.3
ITEM0010814,ORD003627,PROD00029,5,22848.89,27.5
ITEM0010815,ORD003628,PROD00038,5,55636.7,20.82
ITEM0010816,ORD003628,PROD00029,2,23741.27,6.96
ITEM0010817,ORD003628,PROD00079,-1,37287.95,1.75
ITEM0010818,ORD003628,PROD00117,5,18020.04,17.06
ITEM0010819,ORD003628,PROD00098,3,52300.57,7.12
ITEM0010820,ORD003629,PROD00146,4,66713.45,20.47
ITEM0010821,ORD003629,PROD00151,5,3224.67,22.41
ITEM0010822,ORD003629,PROD00056,2,70315.09,20.72
ITEM0010823,ORD003630,PROD00101,3,44723.07,26.61
ITEM0010824,ORD003630,PROD00099,1,53271.4,9.97
ITEM0010825,ORD003630,PROD00117,5,15763.41,33.79
ITEM0010826,ORD003630,PROD00039,4,32383.59,17.42
ITEM0010827,ORD003630,PROD00113,5,49994.98,25.66
ITEM0010828,ORD003631,PROD00043,2,24735.26,8.36
ITEM0010829,ORD003631,PROD00157,-1,13099.93,20.23
ITEM0010830,ORD003631,PROD00135,2,55331.65,26.52
ITEM0010831,ORD003631,PROD00024,2,30645.4,15.51
ITEM0010832,ORD003631,PROD00019,4,4437.01,13.45
ITEM0010833,ORD003632,PROD00128,3,67874.64,5.3
ITEM0010834,ORD003632,PROD00087,1,36484.39,0.92
ITEM0010835,ORD003632,PROD00026,4,43584.89,30.15
ITEM0010836,ORD003633,PROD00034,4,50620.34,37.27
ITEM0010837,ORD003633,PROD00094,2,56355.58,28.43
ITEM0010838,ORD003634,PROD00161,3,16971.86,33.27
ITEM0010839,ORD003634,PROD00149,2,54297.09,5.25
ITEM0010840,ORD003634,PROD00068,5,51190.6,26.81
ITEM0010841,ORD003634,PROD00091,5,48663.38,6.4
ITEM0010842,ORD003634,PROD00015,-3,70692.63,39.81
ITEM0010843,ORD003635,PROD00126,3,74564.38,32.88
ITEM0010844,ORD003635,PROD00121,5,62136.82,26.99
ITEM0010845,ORD003636,PROD00039,2,32000.22,3.55
ITEM0010846,ORD003636,PROD00145,1,39690.56,26.71
ITEM0010847,ORD003637,PROD00130,4,37170.44,30.98
ITEM0010848,ORD003637,PROD00009,3,39429.75,0.69
ITEM0010849,ORD003637,PROD00139,4,56734.48,17.01
ITEM0010850,ORD003637,PROD00031,3,30062.19,32.47
ITEM0010851,ORD003638,PROD00151,4,3287.81,1.06
ITEM0010852,ORD003638,PROD00030,1,50624.62,39.83
ITEM0010853,ORD003638,PROD00062,2,73354.1,26.04
ITEM0010854,ORD003638,PROD00198,2,23913.56,16.95
ITEM0010855,ORD003639,PROD00043,2,31059.1,30.4
ITEM0010856,ORD003639,PROD00162,5,26943.62,13.96
ITEM0010857,ORD003639,PROD00084,3,40780.79,2.09
ITEM0010858,ORD003639,PROD00118,2,42347.27,14.62
ITEM0010859,ORD003640,PROD00120,5,77366.32,1.62
ITEM0010860,ORD003640,PROD00028,4,57050.76,19.22
ITEM0010861,ORD003641,PROD00128,4,54391.34,15.61
ITEM0010862,ORD003641,PROD00030,5,51178.1,33.09
ITEM0010863,ORD003641,PROD00160,5,35583.14,5.58
ITEM0010864,ORD003641,PROD00023,4,30085.32,30.19
ITEM0010865,ORD003642,PROD00045,2,71363.19,19.76
ITEM0010866,ORD003642,PROD00157,1,13658.4,7.03
ITEM0010867,ORD003642,PROD00064,1,24066.66,37.53
ITEM0010868,ORD003643,PROD00194,1,46273.3,38.76
ITEM0010869,ORD003643,PROD00024,4,27904.12,5.16
ITEM0010870,ORD003643,PROD00175,4,19524.26,11.06
ITEM0010871,ORD003644,PROD00005,5,54845.65,27.6
ITEM0010872,ORD003644,PROD00037,2,30463.72,21.45
ITEM0010873,ORD003645,PROD00053,4,73725.62,38.18
ITEM0010874,ORD003645,PROD00027,3,66474.91,35.86
ITEM0010875,ORD003645,PROD00128,4,61385.25,26.2
ITEM0010876,ORD003646,PROD00035,3,16912.61,4.56
ITEM0010877,ORD003646,PROD00003,3,37228.12,36.47
ITEM0010878,ORD003646,PROD00020,2,72266.2,15.09
ITEM0010879,ORD003646,PROD00047,1,19608.68,21.81
ITEM0010880,ORD003646,PROD00067,2,37357.72,22.57
ITEM0010881,ORD003647,PROD00176,4,47877.29,16.49
ITEM0010882,ORD003647,PROD00166,1,603.19,23.09
ITEM0010883,ORD003648,PROD00050,1,64925.65,12.97
ITEM0010884,ORD003649,PROD00068,5,42218.75,25.15
ITEM0010885,ORD003649,PROD00136,3,9901.19,7.82
ITEM0010886,ORD003649,PROD00094,5,41150.65,0.16
ITEM0010887,ORD003649,PROD00132,3,10090.84,7.16
ITEM0010888,ORD003650,PROD00144,5,34337.63,14.59
ITEM0010889,ORD003651,PROD00128,1,48194.46,16.22
ITEM0010890,ORD003651,PROD00163,2,21459.52,20.54
ITEM0010891,ORD003652,PROD00108,2,42403.07,29.58
ITEM0010892,ORD003653,PROD00088,3,26387.26,11.78
ITEM0010893,ORD003654,PROD00063,2,54019.08,19.35
ITEM0010894,ORD003654,PROD00093,3,9426.37,13.42
ITEM0010895,ORD003654,PROD00103,3,39491.82,35.96
ITEM0010896,ORD003655,PROD00159,5,70303.44,19.27
ITEM0010897,ORD003655,PROD00041,4,55461.24,27.31
ITEM0010898,ORD003655,PROD00124,5,23542.45,39.42
ITEM0010899,ORD003655,PROD00022,5,53445.26,17.13
ITEM0010900,ORD003655,PROD00018,3,11438.21,33.71
ITEM0010901,ORD003656,PROD00171,1,80008.15,26.69
ITEM0010902,ORD003656,PROD00134,2,26828.22,38.17
ITEM0010903,ORD003656,PROD00141,2,23245.14,34.6
ITEM0010904,ORD003657,PROD00092,5,17308.68,7.82
ITEM0010905,ORD003658,PROD00008,3,69323.12,28.42
ITEM0010906,ORD003658,PROD00075,4,23088.48,23.7
ITEM0010907,ORD003658,PROD00001,3,75700.66,12.72
ITEM0010908,ORD003658,PROD00178,2,15431.77,3.12
ITEM0010909,ORD003659,PROD00062,1,50500.86,26.79
ITEM0010910,ORD003659,PROD00129,5,51986.84,17.58
ITEM0010911,ORD003660,PROD00052,3,82388.17,26.77
ITEM0010912,ORD003660,PROD00071,4,27275.23,28.6
ITEM0010913,ORD003660,PROD00145,3,37342.97,16.12
ITEM0010914,ORD003661,PROD00041,1,38967.58,27.63
ITEM0010915,ORD003661,PROD00047,4,19260.43,20.5
ITEM0010916,ORD003662,PROD00128,2,67902.74,5.03
ITEM0010917,ORD003663,PROD00095,4,23187.28,11.83
ITEM0010918,ORD003663,PROD00123,4,87201.83,18.64
ITEM0010919,ORD003663,PROD00021,4,18047.88,18.46
ITEM0010920,ORD003663,PROD00076,3,49566.57,30.99
ITEM0010921,ORD003664,PROD00018,1,10623.91,4.51
ITEM0010922,ORD003665,PROD00048,5,1794.34,9.16
ITEM0010923,ORD003665,PROD00064,4,19466.53,35.5
ITEM0010924,ORD003665,PROD00015,4,55546.34,26.23
ITEM0010925,ORD003666,PROD00185,2,22321.73,37.26
ITEM0010926,ORD003666,PROD00078,4,27745.49,0.11
ITEM0010927,ORD003667,PROD00104,5,67275.63,16.97
ITEM0010928,ORD003667,PROD00126,5,65303.45,24.32
ITEM0010929,ORD003668,PROD00142,-2,37696.92,13.31
ITEM0010930,ORD003668,PROD00116,5,30907.06,6.07
ITEM0010931,ORD003668,PROD00191,4,30542.79,0.01
ITEM0010932,ORD003668,PROD00010,2,34786.33,16.12
ITEM0010933,ORD003669,PROD00064,5,18487.94,22.01
ITEM0010934,ORD003669,PROD00008,1,47542.42,4.98
ITEM0010935,ORD003669,PROD00057,1,44151.93,12.82
ITEM0010936,ORD003670,PROD00143,1,8801.12,11.43
ITEM0010937,ORD003670,PROD00018,4,11276.3,24.1
ITEM0010938,ORD003671,PROD00159,4,56846.8,35.43
ITEM0010939,ORD003671,PROD00064,2,26641.02,33.5
ITEM0010940,ORD003671,PROD00178,1,14090.49,35.35
ITEM0010941,ORD003672,PROD00087,5,39918.83,20.5
ITEM0010942,ORD003672,PROD00076,3,70862.27,1.4
ITEM0010943,ORD003672,PROD00068,5,54855.48,35.36
ITEM0010944,ORD003672,PROD00134,5,26488.6,12.45
ITEM0010945,ORD003672,PROD00112,3,47834.72,39.9
ITEM0010946,ORD003673,PROD00107,5,78839.48,21.45
ITEM0010947,ORD003673,PROD00023,2,39241.56,10.67
ITEM0010948,ORD003673,PROD00155,5,40153.27,5.05
ITEM0010949,ORD003673,PROD00190,3,48936.47,31.72
ITEM0010950,ORD003674,PROD00029,5,23697.49,35.29
ITEM0010951,ORD003674,PROD00200,5,45018.25,6.77
ITEM0010952,ORD003674,PROD00199,2,6270.24,8.91
ITEM0010953,ORD003674,PROD00075,2,17649.21,37.76
ITEM0010954,ORD003674,PROD00140,1,42828.29,22.04
ITEM0010955,ORD003675,PROD00163,5,29293.61,21.59
ITEM0010956,ORD003675,PROD00183,3,60312.86,13.7
ITEM0010957,ORD003675,PROD00098,5,49778.76,6.49
ITEM0010958,ORD003676,PROD00088,4,18058.35,22.7
ITEM0010959,ORD003676,PROD00165,5,38340.24,11.17
ITEM0010960,ORD003677,PROD00024,3,22635.35,33.13
ITEM0010961,ORD003677,PROD00141,2,24490.13,6.16
ITEM0010962,ORD003677,PROD00036,5,51486.78,27.38
ITEM0010963,ORD003677,PROD00077,4,56547.58,26.34
ITEM0010964,ORD003677,PROD00083,5,49593.5,38.03
ITEM0010965,ORD003678,PROD00187,1,44381.35,12.61
ITEM0010966,ORD003678,PROD00170,2,2385.75,18.39
ITEM0010967,ORD003678,PROD00118,3,47861.16,38.69
ITEM0010968,ORD003678,PROD00018,1,9432.79,39.28
ITEM0010969,ORD003679,PROD00068,4,49055.18,2.31
ITEM0010970,ORD003679,PROD00157,4,14172.63,24.3
ITEM0010971,ORD003680,PROD00025,1,15624.66,4.4
ITEM0010972,ORD003680,PROD00172,1,386.38,37.04
ITEM0010973,ORD003680,PROD00024,1,24332.75,5.69
ITEM0010974,ORD003680,PROD00196,3,33119.05,26.4
ITEM0010975,ORD003680,PROD00039,3,27555.44,10.12
ITEM0010976,ORD003681,PROD00145,4,29530.95,18.29
ITEM0010977,ORD003681,PROD00008,4,46756.09,26.24
ITEM0010978,ORD003681,PROD00046,4,34109.61,10.34
ITEM0010979,ORD003681,PROD00023,1,32238.02,6.65
ITEM0010980,ORD003681,PROD00116,4,32317.86,23.16
ITEM0010981,ORD003682,PROD00179,5,59428.12,0.32
ITEM0010982,ORD003682,PROD00181,5,43291.23,13.89
ITEM0010983,ORD003682,PROD00180,5,42771.12,39.9
ITEM0010984,ORD003682,PROD00035,4,11697.18,33.99
ITEM0010985,ORD003682,PROD00164,5,75393.74,29.66
ITEM0010986,ORD003683,PROD00185,4,20235.91,35.08
ITEM0010987,ORD003684,PROD00187,4,45673.27,23.7
ITEM0010988,ORD003684,PROD00031,5,39045.13,24.99
ITEM0010989,ORD003684,PROD00022,1,53340.21,4.68
ITEM0010990,ORD003685,PROD00198,2,28737.21,17.53
ITEM0010991,ORD003686,PROD00195,1,4529.04,31.18
ITEM0010992,ORD003686,PROD00004,3,3932.43,29.22
ITEM0010993,ORD003687,PROD00092,5,12199.54,10.25
ITEM0010994,ORD003687,PROD00038,4,47830.42,37.77
ITEM0010995,ORD003687,PROD00049,4,40012.89,33.2
ITEM0010996,ORD003688,PROD00082,5,61262.12,15.67
ITEM0010997,ORD003688,PROD00077,1,51597.27,19.79
ITEM0010998,ORD003688,PROD00038,5,64786.47,12.26
ITEM0010999,ORD003688,PROD00016,2,52988.24,6.36
ITEM0011000,ORD003689,PROD00151,1,2565.3,11.5
ITEM0011001,ORD003690,PROD00054,2,21199.31,20.9
ITEM0011002,ORD003690,PROD00098,2,45555.92,17.23
ITEM0011003,ORD003690,PROD00179,5,54751.56,8.34
ITEM0011004,ORD003691,PROD00188,2,11573.29,10.14
ITEM0011005,ORD003691,PROD00023,3,31718.71,35.97
ITEM0011006,ORD003691,PROD00175,4,25072.83,17.94
ITEM0011007,ORD003691,PROD00052,2,72797.27,31.49
ITEM0011008,ORD003691,PROD00086,4,8631.26,28.97
ITEM0011009,ORD003692,PROD00128,1,64657.89,37.35
ITEM0011010,ORD003692,PROD00199,2,8207.67,0.36
ITEM0011011,ORD003692,PROD00116,5,32970.12,31.77
ITEM0011012,ORD003692,PROD00152,3,40836.35,28.16
ITEM0011013,ORD003692,PROD00026,3,46653.77,39.38
ITEM0011014,ORD003693,PROD00092,4,11538.83,21.65
ITEM0011015,ORD003693,PROD00049,1,27564.04,23.64
ITEM0011016,ORD003694,PROD00057,2,35479.12,17.56
ITEM0011017,ORD003694,PROD00186,2,40393.53,33.36
ITEM0011018,ORD003695,PROD00038,2,57968.86,21.35
ITEM0011019,ORD003696,PROD00109,3,60777.32,31.66
ITEM0011020,ORD003696,PROD00176,2,44901.18,5.68
ITEM0011021,ORD003696,PROD00069,4,68068.09,21.1
ITEM0011022,ORD003696,PROD00051,3,22624.2,11.04
ITEM0011023,ORD003696,PROD00050,3,56894.06,1.16
ITEM0011024,ORD003697,PROD00080,3,6653.41,7.57
ITEM0011025,ORD003697,PROD00192,5,38575.14,29.39
ITEM0011026,ORD003697,PROD00024,3,20878.55,21.43
ITEM0011027,ORD003697,PROD00163,5,22192.82,19.46
ITEM0011028,ORD003697,PROD00065,2,76482.59,22.79
ITEM0011029,ORD003698,PROD00147,2,34042.02,7.76
ITEM0011030,ORD003698,PROD00004,1,4744.26,0.07
ITEM0011031,ORD003698,PROD00115,2,50341.95,37.9
ITEM0011032,ORD003699,PROD00142,4,38668.93,37.27
ITEM0011033,ORD003699,PROD00061,3,33469.39,37.72
ITEM0011034,ORD003699,PROD00100,5,4844.51,33.1
ITEM0011035,ORD003700,PROD00109,5,61352.13,9.09
ITEM0011036,ORD003700,PROD00017,4,26586.32,20.92
ITEM0011037,ORD003700,PROD00028,5,68551.21,16.42
ITEM0011038,ORD003700,PROD00126,2,50388.95,6.64
ITEM0011039,ORD003701,PROD00126,5,48413.92,18.14
ITEM0011040,ORD003701,PROD00173,4,23801.33,7.24
ITEM0011041,ORD003701,PROD00096,1,3565.4,28.72
ITEM0011042,ORD003702,PROD00199,3,5382.06,31.29
ITEM0011043,ORD003703,PROD00049,2,31394.55,38.24
ITEM0011044,ORD003703,PROD00113,1,39784.96,28.92
ITEM0011045,ORD003703,PROD00055,2,55008.75,31.25
ITEM0011046,ORD003704,PROD00136,4,11225.36,3.2
ITEM0011047,ORD003704,PROD00027,2,63668.35,12.29
ITEM0011048,ORD003704,PROD00066,4,41215.15,32.93
ITEM0011049,ORD003704,PROD00107,4,78787.03,31.02
ITEM0011050,ORD003705,PROD00130,5,29434.58,14.71
ITEM0011051,ORD003705,PROD00017,4,32690.7,1.37
ITEM0011052,ORD003706,PROD00070,2,66598.54,16.34
ITEM0011053,ORD003706,PROD00152,2,48423.9,26.46
ITEM0011054,ORD003707,PROD00023,3,33425.86,2.3
ITEM0011055,ORD003707,PROD00112,1,46172.5,8.76
ITEM0011056,ORD003707,PROD00109,5,52351.44,35.24
ITEM0011057,ORD003707,PROD00078,2,23037.78,2.45
ITEM0011058,ORD003707,PROD00003,4,45585.99,3.47
ITEM0011059,ORD003708,PROD00196,2,37427.34,5.31
ITEM0011060,ORD003708,PROD00177,5,82703.55,27.47
ITEM0011061,ORD003708,PROD00123,1,63126.35,19.8
ITEM0011062,ORD003708,PROD00161,2,17631.35,7.26
ITEM0011063,ORD003709,PROD00078,2,32323.52,5.71
ITEM0011064,ORD003709,PROD00058,1,19581.31,39.12
ITEM0011065,ORD003709,PROD00184,1,8284.8,13.33
ITEM0011066,ORD003709,PROD00138,1,33088.42,32.92
ITEM0011067,ORD003709,PROD00110,5,25702.88,6.35
ITEM0011068,ORD003710,PROD00069,4,53903.09,29.55
ITEM0011069,ORD003710,PROD00033,4,32999.03,30.83
ITEM0011070,ORD003710,PROD00143,4,7901.73,4.4
ITEM0011071,ORD003710,PROD00134,4,27797.49,21.75
ITEM0011072,ORD003711,PROD00120,1,59040.08,35.46
ITEM0011073,ORD003711,PROD00098,1,40852.62,35.78
ITEM0011074,ORD003711,PROD00036,4,70002.71,13.92
ITEM0011075,ORD003712,PROD00007,4,37537.13,24.78
ITEM0011076,ORD003712,PROD00101,3,34326.13,29.78
ITEM0011077,ORD003713,PROD00109,3,61708.03,10.38
ITEM0011078,ORD003713,PROD00133,4,50792.61,4.98
ITEM0011079,ORD003713,PROD00172,3,475.7,3.11
ITEM0011080,ORD003714,PROD00172,5,394.84,11.23
ITEM0011081,ORD003714,PROD00120,5,72991.85,8.95
ITEM0011082,ORD003714,PROD00125,4,53946.29,13.83
ITEM0011083,ORD003714,PROD00011,1,27177.52,19.69
ITEM0011084,ORD003714,PROD00005,2,75664.0,14.37
ITEM0011085,ORD003715,PROD00138,1,45872.59,21.2
ITEM0011086,ORD003715,PROD00101,2,31789.37,36.15
ITEM0011087,ORD003716,PROD00159,1,68540.76,2.01
ITEM0011088,ORD003717,PROD00131,1,49048.58,20.75
ITEM0011089,ORD003717,PROD00020,1,66764.63,30.53
ITEM0011090,ORD003717,PROD00142,5,37930.87,27.65
ITEM0011091,ORD003717,PROD00056,1,77275.22,31.44
ITEM0011092,ORD003718,PROD00077,1,62787.27,1.46
ITEM0011093,ORD003718,PROD00062,5,49955.42,9.98
ITEM0011094,ORD003719,PROD00013,2,58821.46,38.26
ITEM0011095,ORD003719,PROD00192,2,48259.72,38.51
ITEM0011096,ORD003719,PROD00139,1,56039.38,10.18
ITEM0011097,ORD003719,PROD00019,4,5672.91,35.16
ITEM0011098,ORD003719,PROD00165,5,42342.64,34.03
ITEM0011099,ORD003720,PROD00001,1,69750.51,30.03
ITEM0011100,ORD003721,PROD00172,1,432.76,2.53
ITEM0011101,ORD003721,PROD00052,4,77200.69,37.9
ITEM0011102,ORD003722,PROD00045,2,85255.7,10.58
ITEM0011103,ORD003722,PROD00126,3,68390.65,38.2
ITEM0011104,ORD003723,PROD00159,5,64261.09,9.73
ITEM0011105,ORD003723,PROD00127,5,5696.22,17.06
ITEM0011106,ORD003723,PROD00139,5,57612.59,26.5
ITEM0011107,ORD003724,PROD00162,4,36896.48,8.28
ITEM0011108,ORD003724,PROD00040,5,21939.45,39.36
ITEM0011109,ORD003724,PROD00072,4,7166.5,16.51
ITEM0011110,ORD003725,PROD00031,-2,29165.85,13.41
ITEM0011111,ORD003725,PROD00193,1,333.31,27.73
ITEM0011112,ORD003726,PROD00039,3,29654.0,33.83
ITEM0011113,ORD003727,PROD00180,4,33228.84,31.1
ITEM0011114,ORD003728,PROD00124,3,35317.08,36.23
ITEM0011115,ORD003728,PROD00067,5,45536.26,5.61
ITEM0011116,ORD003728,PROD00194,4,54749.48,22.56
ITEM0011117,ORD003729,PROD00137,3,50749.37,17.64
ITEM0011118,ORD003730,PROD00049,4,34195.68,22.23
ITEM0011119,ORD003730,PROD00023,4,38194.63,17.02
ITEM0011120,ORD003730,PROD00115,-2,66041.27,20.8
ITEM0011121,ORD003731,PROD00148,5,54882.66,28.51
ITEM0011122,ORD003731,PROD00158,3,27376.75,36.22
ITEM0011123,ORD003731,PROD00185,5,21037.31,1.41
ITEM0011124,ORD003731,PROD00193,2,270.8,32.79
ITEM0011125,ORD003732,PROD00177,5,59732.46,34.69
ITEM0011126,ORD003732,PROD00002,4,21123.76,17.39
ITEM0011127,ORD003732,PROD00069,4,60582.08,38.08
ITEM0011128,ORD003732,PROD00013,2,46918.13,22.18
ITEM0011129,ORD003733,PROD00105,-1,44426.96,34.11
ITEM0011130,ORD003733,PROD00052,3,72320.31,18.28
ITEM0011131,ORD003733,PROD00133,4,40781.02,17.62
ITEM0011132,ORD003733,PROD00003,2,51052.27,8.19
ITEM0011133,ORD003734,PROD00037,5,31262.16,13.43
ITEM0011134,ORD003735,PROD00110,5,29586.96,31.83
ITEM0011135,ORD003735,PROD00068,4,61769.65,34.99
ITEM0011136,ORD003735,PROD00135,2,52134.93,12.91
ITEM0011137,ORD003735,PROD00171,1,59214.62,35.29
ITEM0011138,ORD003735,PROD00158,4,27913.87,26.39
ITEM0011139,ORD003736,PROD00093,5,9989.72,2.87
ITEM0011140,ORD003736,PROD00182,5,17759.18,19.42
ITEM0011141,ORD003736,PROD00142,2,38094.39,21.34
ITEM0011142,ORD003737,PROD00197,1,5595.02,8.02
ITEM0011143,ORD003737,PROD00058,3,16456.51,9.42
ITEM0011144,ORD003737,PROD00111,5,60968.15,12.93
ITEM0011145,ORD003737,PROD00008,1,68339.68,34.51
ITEM0011146,ORD003738,PROD00050,1,73098.26,28.94
ITEM0011147,ORD003738,PROD00022,2,62047.92,36.92
ITEM0011148,ORD003738,PROD00135,3,52871.31,39.0
ITEM0011149,ORD003738,PROD00011,3,23342.54,1.31
ITEM0011150,ORD003739,PROD00133,-1,47101.53,13.4
ITEM0011151,ORD003739,PROD00011,4,25484.27,4.99
ITEM0011152,ORD003740,PROD00077,1,65057.61,22.34
ITEM0011153,ORD003740,PROD00169,3,31709.07,6.08
ITEM0011154,ORD003741,PROD00119,3,26466.83,12.75
ITEM0011155,ORD003741,PROD00022,2,68726.06,34.75
ITEM0011156,ORD003741,PROD00090,5,518.85,24.68
ITEM0011157,ORD003742,PROD00187,4,51177.73,24.35
ITEM0011158,ORD003742,PROD00024,2,21251.91,8.75
ITEM0011159,ORD003742,PROD00023,4,37480.77,2.8
ITEM0011160,ORD003742,PROD00160,1,51967.55,28.99
ITEM0011161,ORD003743,PROD00060,3,10762.42,19.61
ITEM0011162,ORD003743,PROD00145,2,36369.76,38.44
ITEM0011163,ORD003743,PROD00079,3,29086.87,0.67
ITEM0011164,ORD003743,PROD00186,4,40995.8,4.21
ITEM0011165,ORD003743,PROD00160,4,48954.98,11.9
ITEM0011166,ORD003744,PROD00164,5,48959.26,23.63
ITEM0011167,ORD003744,PROD00122,5,65231.81,29.01
ITEM0011168,ORD003745,PROD00188,1,8899.57,0.53
ITEM0011169,ORD003746,PROD00014,3,70121.62,15.78
ITEM0011170,ORD003746,PROD00100,1,5043.36,4.15
ITEM0011171,ORD003746,PROD00060,4,10318.25,24.67
ITEM0011172,ORD003747,PROD00081,3,16389.57,1.56
ITEM0011173,ORD003748,PROD00108,5,40947.06,30.85
ITEM0011174,ORD003748,PROD00120,2,74069.48,5.13
ITEM0011175,ORD003748,PROD00065,1,59245.38,16.39
ITEM0011176,ORD003748,PROD00101,3,34548.91,20.33
ITEM0011177,ORD003748,PROD00063,2,46557.06,6.5
ITEM0011178,ORD003749,PROD00047,4,24361.78,10.77
ITEM0011179,ORD003749,PROD00060,4,14994.66,33.55
ITEM0011180,ORD003749,PROD00123,3,82623.16,28.36
ITEM0011181,ORD003749,PROD00161,2,13072.43,5.01
ITEM0011182,ORD003750,PROD00118,5,59054.73,19.39
ITEM0011183,ORD003750,PROD00180,1,51641.29,30.77
ITEM0011184,ORD003751,PROD00193,5,287.79,35.12
ITEM0011185,ORD003751,PROD00105,3,56951.19,29.53
ITEM0011186,ORD003751,PROD00082,4,58080.87,37.59
ITEM0011187,ORD003751,PROD00079,2,29501.99,9.59
ITEM0011188,ORD003751,PROD00091,5,52070.39,16.77
ITEM0011189,ORD003752,PROD00015,3,74700.17,33.47
ITEM0011190,ORD003753,PROD00122,5,76034.89,35.14
ITEM0011191,ORD003753,PROD00011,1,36416.93,3.59
ITEM0011192,ORD003754,PROD00119,2,27877.14,0.04
ITEM0011193,ORD003754,PROD00040,4,18031.95,37.07
ITEM0011194,ORD003754,PROD00131,2,60515.1,20.74
ITEM0011195,ORD003754,PROD00089,4,40253.36,19.38
ITEM0011196,ORD003754,PROD00132,1,8432.78,30.19
ITEM0011197,ORD003755,PROD00066,2,45750.96,31.1
ITEM0011198,ORD003756,PROD00141,5,26295.28,13.36
ITEM0011199,ORD003756,PROD00175,-2,20897.89,10.79
ITEM0011200,ORD003756,PROD00022,1,55698.31,7.28
ITEM0011201,ORD003756,PROD00168,4,60996.59,1.9
ITEM0011202,ORD003756,PROD00131,5,72743.68,27.86
ITEM0011203,ORD003757,PROD00146,5,74650.87,21.4
ITEM0011204,ORD003757,PROD00137,5,53001.75,37.7
ITEM0011205,ORD003758,PROD00058,4,16933.85,1.02
ITEM0011206,ORD003758,PROD00123,3,81519.83,1.47
ITEM0011207,ORD003758,PROD00118,2,50014.51,34.22
ITEM0011208,ORD003759,PROD00132,3,7523.23,2.85
ITEM0011209,ORD003759,PROD00110,5,30452.86,32.24
ITEM0011210,ORD003759,PROD00011,1,29693.38,20.4
ITEM0011211,ORD003759,PROD00016,5,69133.66,32.95
ITEM0011212,ORD003759,PROD00096,1,4162.46,30.15
ITEM0011213,ORD003760,PROD00026,5,59228.49,8.56
ITEM0011214,ORD003760,PROD00137,2,45269.52,14.14
ITEM0011215,ORD003760,PROD00021,4,20513.75,39.47
ITEM0011216,ORD003760,PROD00075,5,18853.05,0.19
ITEM0011217,ORD003760,PROD00157,4,18264.76,19.51
ITEM0011218,ORD003761,PROD00029,1,20416.66,13.62
ITEM0011219,ORD003761,PROD00013,1,36647.37,8.07
ITEM0011220,ORD003761,PROD00137,5,49381.51,15.59
ITEM0011221,ORD003761,PROD00191,2,26965.49,7.87
ITEM0011222,ORD003761,PROD00141,4,25555.77,10.37
ITEM0011223,ORD003762,PROD00162,5,26773.94,36.84
ITEM0011224,ORD003762,PROD00065,5,57976.9,27.63
ITEM0011225,ORD003763,PROD00003,2,42415.99,39.6
ITEM0011226,ORD003763,PROD00109,3,51462.14,38.5
ITEM0011227,ORD003763,PROD00076,3,46255.29,18.57
ITEM0011228,ORD003764,PROD00115,2,76448.64,14.84
ITEM0011229,ORD003764,PROD00028,2,60116.28,31.54
ITEM0011230,ORD003764,PROD00138,5,34543.75,6.31
ITEM0011231,ORD003765,PROD00069,5,74002.77,19.45
ITEM0011232,ORD003765,PROD00163,3,28292.25,15.41
ITEM0011233,ORD003765,PROD00136,1,13916.9,0.38
ITEM0011234,ORD003766,PROD00028,4,76180.33,9.91
ITEM0011235,ORD003766,PROD00069,1,70035.72,9.43
ITEM0011236,ORD003766,PROD00056,1,55798.77,35.24
ITEM0011237,ORD003766,PROD00082,-1,72767.57,35.44
ITEM0011238,ORD003767,PROD00175,1,23142.96,11.88
ITEM0011239,ORD003767,PROD00166,3,447.34,32.9
ITEM0011240,ORD003767,PROD00131,3,59273.71,20.98
ITEM0011241,ORD003768,PROD00073,4,5179.08,9.68
ITEM0011242,ORD003769,PROD00144,3,43079.34,19.17
ITEM0011243,ORD003769,PROD00117,2,18166.9,33.63
ITEM0011244,ORD003769,PROD00136,5,12241.71,9.4
ITEM0011245,ORD003770,PROD00197,5,7153.67,13.81
ITEM0011246,ORD003771,PROD00095,3,23082.81,33.22
ITEM0011247,ORD003771,PROD00064,3,28100.24,38.4
ITEM0011248,ORD003771,PROD00016,4,78852.18,8.5
ITEM0011249,ORD003771,PROD00167,2,14917.92,16.47
ITEM0011250,ORD003772,PROD00106,2,59387.48,30.8
ITEM0011251,ORD003772,PROD00022,4,59485.03,35.28
ITEM0011252,ORD003773,PROD00010,1,35118.48,13.34
ITEM0011253,ORD003773,PROD00114,5,43602.45,12.2
ITEM0011254,ORD003774,PROD00068,4,45329.39,12.98
ITEM0011255,ORD003775,PROD00173,1,27324.64,13.32
ITEM0011256,ORD003776,PROD00195,5,5229.42,36.11
ITEM0011257,ORD003776,PROD00157,5,18078.5,12.79
ITEM0011258,ORD003776,PROD00064,3,20678.54,34.52
ITEM0011259,ORD003777,PROD00084,2,46963.79,30.27
ITEM0011260,ORD003777,PROD00141,1,30602.21,28.67
ITEM0011261,ORD003777,PROD00147,-3,43805.47,31.48
ITEM0011262,ORD003777,PROD00078,3,28254.34,30.73
ITEM0011263,ORD003777,PROD00187,3,56928.3,6.69
ITEM0011264,ORD003778,PROD00186,2,55305.91,22.89
ITEM0011265,ORD003778,PROD00077,3,43106.4,24.24
ITEM0011266,ORD003778,PROD00188,4,8236.9,17.31
ITEM0011267,ORD003778,PROD00187,1,48583.07,29.79
ITEM0011268,ORD003778,PROD00144,2,40579.08,9.02
ITEM0011269,ORD003779,PROD00069,1,60202.93,11.33
ITEM0011270,ORD003779,PROD00023,4,29110.7,26.66
ITEM0011271,ORD003780,PROD00027,1,50973.23,39.26
ITEM0011272,ORD003780,PROD00053,3,58636.01,23.59
ITEM0011273,ORD003780,PROD00164,5,73898.85,27.18
ITEM0011274,ORD003780,PROD00180,5,42399.8,31.92
ITEM0011275,ORD003781,PROD00153,4,44387.6,18.02
ITEM0011276,ORD003781,PROD00122,5,66595.6,37.12
ITEM0011277,ORD003782,PROD00093,3,9265.53,0.43
ITEM0011278,ORD003782,PROD00037,4,30733.84,3.63
ITEM0011279,ORD003783,PROD00058,1,14899.18,18.14
ITEM0011280,ORD003783,PROD00164,4,52828.29,27.02
ITEM0011281,ORD003783,PROD00113,-1,47454.37,21.56
ITEM0011282,ORD003783,PROD00118,5,57145.94,24.55
ITEM0011283,ORD003784,PROD00153,5,40965.95,16.88
ITEM0011284,ORD003785,PROD00081,2,21633.47,33.86
ITEM0011285,ORD003785,PROD00194,5,58098.88,36.98
ITEM0011286,ORD003785,PROD00180,-3,35321.42,2.68
ITEM0011287,ORD003786,PROD00066,3,32984.35,16.98
ITEM0011288,ORD003786,PROD00106,4,55288.39,26.23
ITEM0011289,ORD003786,PROD00199,5,6381.7,8.32
ITEM0011290,ORD003787,PROD00123,2,73491.48,33.42
ITEM0011291,ORD003788,PROD00176,2,35897.27,20.39
ITEM0011292,ORD003788,PROD00091,2,50632.88,19.36
ITEM0011293,ORD003788,PROD00067,5,41207.72,2.87
ITEM0011294,ORD003789,PROD00031,5,28618.91,20.69
ITEM0011295,ORD003789,PROD00188,4,9719.64,6.18
ITEM0011296,ORD003789,PROD00061,2,47024.58,30.23
ITEM0011297,ORD003789,PROD00158,3,19140.32,36.66
ITEM0011298,ORD003790,PROD00104,4,59548.57,0.48
ITEM0011299,ORD003790,PROD00122,1,75888.96,6.6
ITEM0011300,ORD003790,PROD00051,3,18668.18,17.07
ITEM0011301,ORD003791,PROD00053,2,79919.47,9.86
ITEM0011302,ORD003791,PROD00058,4,17739.77,39.19
ITEM0011303,ORD003792,PROD00128,5,72605.19,22.15
ITEM0011304,ORD003792,PROD00188,1,10872.79,20.14
ITEM0011305,ORD003792,PROD00200,2,48450.25,11.13
ITEM0011306,ORD003792,PROD00050,3,77055.98,15.11
ITEM0011307,ORD003793,PROD00027,3,64196.07,10.96
ITEM0011308,ORD003793,PROD00054,2,24087.03,0.99
ITEM0011309,ORD003793,PROD00034,2,63983.34,12.47
ITEM0011310,ORD003793,PROD00043,5,30134.17,13.77
ITEM0011311,ORD003793,PROD00172,5,463.21,30.79
ITEM0011312,ORD003794,PROD00115,2,71849.8,2.46
ITEM0011313,ORD003794,PROD00124,4,36824.42,14.07
ITEM0011314,ORD003795,PROD00112,2,57090.21,28.09
ITEM0011315,ORD003795,PROD00168,2,54185.89,21.45
ITEM0011316,ORD003795,PROD00189,4,7414.21,3.28
ITEM0011317,ORD003796,PROD00164,4,60790.43,18.16
ITEM0011318,ORD003796,PROD00125,4,55648.05,27.73
ITEM0011319,ORD003797,PROD00050,4,55673.97,10.56
ITEM0011320,ORD003798,PROD00157,3,12753.59,10.22
ITEM0011321,ORD003798,PROD00126,4,66608.92,34.68
ITEM0011322,ORD003798,PROD00140,3,43067.59,37.95
ITEM0011323,ORD003798,PROD00149,4,40361.88,15.04
ITEM0011324,ORD003799,PROD00038,5,60063.44,38.21
ITEM0011325,ORD003799,PROD00146,2,63811.19,0.13
ITEM0011326,ORD003799,PROD00104,1,57725.39,15.87
ITEM0011327,ORD003799,PROD00144,1,52726.38,15.83
ITEM0011328,ORD003799,PROD00157,5,16678.25,22.01
ITEM0011329,ORD003800,PROD00044,4,68238.22,36.89
ITEM0011330,ORD003800,PROD00109,1,58401.38,26.36
ITEM0011331,ORD003801,PROD00063,2,57526.19,15.51
ITEM0011332,ORD003801,PROD00021,5,17241.62,31.71
ITEM0011333,ORD003801,PROD00173,5,22348.99,4.97
ITEM0011334,ORD003801,PROD00127,1,5426.45,21.55
ITEM0011335,ORD003802,PROD00018,1,11526.71,34.71
ITEM0011336,ORD003803,PROD00143,5,6889.22,35.73
ITEM0011337,ORD003803,PROD00002,3,16516.62,7.16
ITEM0011338,ORD003803,PROD00073,4,5485.25,27.85
ITEM0011339,ORD003804,PROD00092,5,16003.18,24.69
ITEM0011340,ORD003804,PROD00118,4,58234.41,22.43
ITEM0011341,ORD003804,PROD00004,1,3883.71,37.16
ITEM0011342,ORD003805,PROD00134,5,27828.37,10.11
ITEM0011343,ORD003805,PROD00142,1,35428.41,15.98
ITEM0011344,ORD003806,PROD00173,3,27614.79,8.87
ITEM0011345,ORD003806,PROD00161,1,17438.04,33.49
ITEM0011346,ORD003807,PROD00067,1,48011.3,19.53
ITEM0011347,ORD003807,PROD00023,5,31567.55,7.52
ITEM0011348,ORD003807,PROD00088,2,20713.66,10.99
ITEM0011349,ORD003807,PROD00167,5,14697.76,28.8
ITEM0011350,ORD003807,PROD00104,5,70053.6,15.18
ITEM0011351,ORD003808,PROD00050,2,58561.36,27.69
ITEM0011352,ORD003809,PROD00179,2,42446.37,10.18
ITEM0011353,ORD003809,PROD00163,5,19689.59,38.64
ITEM0011354,ORD003809,PROD00096,4,3669.29,13.99
ITEM0011355,ORD003809,PROD00017,4,22889.67,17.95
ITEM0011356,ORD003810,PROD00148,1,62991.96,3.76
ITEM0011357,ORD003810,PROD00069,5,80677.38,36.34
ITEM0011358,ORD003810,PROD00035,3,14106.49,22.44
ITEM0011359,ORD003810,PROD00019,5,5468.96,26.24
ITEM0011360,ORD003811,PROD00028,2,53492.7,28.77
ITEM0011361,ORD003811,PROD00164,5,60203.75,26.8
ITEM0011362,ORD003811,PROD00105,3,63524.66,0.15
ITEM0011363,ORD003811,PROD00062,5,67400.32,37.69
ITEM0011364,ORD003811,PROD00194,4,45034.32,30.55
ITEM0011365,ORD003812,PROD00111,5,62492.08,15.14
ITEM0011366,ORD003813,PROD00161,4,14318.03,31.62
ITEM0011367,ORD003813,PROD00108,3,46193.53,11.81
ITEM0011368,ORD003813,PROD00045,5,78489.7,7.46
ITEM0011369,ORD003813,PROD00013,3,39460.36,39.28
ITEM0011370,ORD003813,PROD00079,4,36468.03,17.76
ITEM0011371,ORD003814,PROD00051,3,21478.23,33.04
ITEM0011372,ORD003814,PROD00146,3,63402.79,8.47
ITEM0011373,ORD003815,PROD00081,4,23435.92,18.61
ITEM0011374,ORD003816,PROD00088,4,18525.15,7.83
ITEM0011375,ORD003816,PROD00117,1,23207.44,25.75
ITEM0011376,ORD003816,PROD00188,5,7881.07,37.58
ITEM0011377,ORD003816,PROD00053,5,73773.38,13.24
ITEM0011378,ORD003816,PROD00151,2,2746.29,34.5
ITEM0011379,ORD003817,PROD00188,5,12226.92,31.48
ITEM0011380,ORD003817,PROD00167,3,9784.59,0.22
ITEM0011381,ORD003817,PROD00048,1,1865.02,9.33
ITEM0011382,ORD003817,PROD00190,5,53592.98,2.48
ITEM0011383,ORD003818,PROD00161,4,16657.89,37.97
ITEM0011384,ORD003818,PROD00060,1,11973.5,8.3
ITEM0011385,ORD003818,PROD00018,5,10768.36,12.8
ITEM0011386,ORD003818,PROD00006,4,69367.14,6.1
ITEM0011387,ORD003819,PROD00080,4,4880.69,33.35
ITEM0011388,ORD003819,PROD00085,4,45972.55,24.35
ITEM0011389,ORD003819,PROD00074,5,75988.26,8.5
ITEM0011390,ORD003820,PROD00180,1,44429.7,34.85
ITEM0011391,ORD003820,PROD00135,-1,56515.29,27.91
ITEM0011392,ORD003821,PROD00188,3,8042.43,20.26
ITEM0011393,ORD003821,PROD00178,1,16354.14,22.3
ITEM0011394,ORD003821,PROD00100,2,4395.47,12.94
ITEM0011395,ORD003821,PROD00153,2,42499.51,16.84
ITEM0011396,ORD003821,PROD00054,3,28155.36,17.94
ITEM0011397,ORD003822,PROD00019,5,4809.08,19.86
ITEM0011398,ORD003822,PROD00082,5,63683.13,34.78
ITEM0011399,ORD003822,PROD00117,1,19743.72,20.81
ITEM0011400,ORD003822,PROD00178,2,14931.51,29.7
ITEM0011401,ORD003823,PROD00079,5,31671.83,38.55
ITEM0011402,ORD003823,PROD00144,2,50266.93,13.2
ITEM0011403,ORD003823,PROD00116,4,27599.34,35.86
ITEM0011404,ORD003824,PROD00008,2,57675.39,9.17
ITEM0011405,ORD003824,PROD00160,1,43753.03,22.15
ITEM0011406,ORD003824,PROD00035,2,13351.34,9.41
ITEM0011407,ORD003824,PROD00091,2,55999.88,37.17
ITEM0011408,ORD003824,PROD00173,4,30283.42,26.81
ITEM0011409,ORD003825,PROD00067,4,42408.05,19.88
ITEM0011410,ORD003825,PROD00078,2,26650.76,14.33
ITEM0011411,ORD003826,PROD00094,2,48406.45,9.48
ITEM0011412,ORD003826,PROD00189,-2,7592.98,32.84
ITEM0011413,ORD003826,PROD00004,4,3507.71,14.39
ITEM0011414,ORD003827,PROD00011,5,23220.7,14.12
ITEM0011415,ORD003827,PROD00059,2,53785.49,35.67
ITEM0011416,ORD003828,PROD00096,4,3600.5,12.81
ITEM0011417,ORD003828,PROD00076,3,64947.49,21.29
ITEM0011418,ORD003828,PROD00063,2,48944.31,33.43
ITEM0011419,ORD003828,PROD00126,3,74083.76,3.55
ITEM0011420,ORD003828,PROD00138,4,40812.6,30.16
ITEM0011421,ORD003829,PROD00123,2,79833.27,31.02
ITEM0011422,ORD003829,PROD00101,1,31516.91,30.45
ITEM0011423,ORD003829,PROD00127,1,4461.83,39.87
ITEM0011424,ORD003830,PROD00132,1,9073.3,22.19
ITEM0011425,ORD003830,PROD00002,5,16456.63,3.08
ITEM0011426,ORD003830,PROD00058,1,14944.07,22.31
ITEM0011427,ORD003830,PROD00123,5,86358.58,15.64
ITEM0011428,ORD003830,PROD00043,1,34467.33,19.02
ITEM0011429,ORD003831,PROD00085,3,43629.21,5.64
ITEM0011430,ORD003831,PROD00048,2,2647.99,6.82
ITEM0011431,ORD003831,PROD00146,2,75815.7,25.51
ITEM0011432,ORD003831,PROD00131,5,47944.82,6.34
ITEM0011433,ORD003831,PROD00097,3,68443.55,15.0
ITEM0011434,ORD003832,PROD00058,2,18053.16,37.91
ITEM0011435,ORD003832,PROD00152,1,56118.11,33.24
ITEM0011436,ORD003832,PROD00080,1,4810.02,12.73
ITEM0011437,ORD003832,PROD00045,1,68286.91,8.06
ITEM0011438,ORD003832,PROD00088,5,21621.09,34.94
ITEM0011439,ORD003833,PROD00162,2,24161.31,10.75
ITEM0011440,ORD003833,PROD00167,2,10808.35,24.46
ITEM0011441,ORD003834,PROD00165,4,42081.05,10.84
ITEM0011442,ORD003834,PROD00069,3,52299.86,25.65
ITEM0011443,ORD003835,PROD00005,5,78998.91,6.57
ITEM0011444,ORD003835,PROD00098,3,51916.54,13.51
ITEM0011445,ORD003835,PROD00163,3,20720.84,34.31
ITEM0011446,ORD003835,PROD00033,3,31598.67,39.09
ITEM0011447,ORD003835,PROD00191,3,21784.88,16.2
ITEM0011448,ORD003836,PROD00054,5,27670.57,16.02
ITEM0011449,ORD003836,PROD00123,2,62338.0,37.68
ITEM0011450,ORD003836,PROD00025,5,19661.52,32.18
ITEM0011451,ORD003836,PROD00010,1,32467.1,31.18
ITEM0011452,ORD003837,PROD00020,3,50248.01,2.83
ITEM0011453,ORD003837,PROD00152,4,56444.6,8.31
ITEM0011454,ORD003837,PROD00116,4,33423.31,9.33
ITEM0011455,ORD003837,PROD00069,-1,56252.06,33.94
ITEM0011456,ORD003837,PROD00038,5,64623.33,3.6
ITEM0011457,ORD003838,PROD00060,2,14901.19,8.99
ITEM0011458,ORD003839,PROD00115,5,49746.2,28.22
ITEM0011459,ORD003839,PROD00156,4,15198.68,4.52
ITEM0011460,ORD003839,PROD00040,1,20157.78,15.56
ITEM0011461,ORD003840,PROD00184,5,9440.54,2.67
ITEM0011462,ORD003840,PROD00121,2,48778.17,28.03
ITEM0011463,ORD003840,PROD00030,-2,67340.14,31.01
ITEM0011464,ORD003840,PROD00071,3,23328.0,34.93
ITEM0011465,ORD003841,PROD00007,1,27759.17,32.66
ITEM0011466,ORD003842,PROD00171,3,66895.91,15.03
ITEM0011467,ORD003842,PROD00029,3,24845.98,0.93
ITEM0011468,ORD003842,PROD00106,5,67791.61,24.82
ITEM0011469,ORD003842,PROD00194,1,49746.94,0.36
ITEM0011470,ORD003842,PROD00152,1,53780.59,4.49
ITEM0011471,ORD003843,PROD00099,5,54833.86,35.21
ITEM0011472,ORD003843,PROD00111,3,61261.29,20.7
ITEM0011473,ORD003843,PROD00088,1,23566.1,24.64
ITEM0011474,ORD003843,PROD00186,5,56184.7,14.51
ITEM0011475,ORD003844,PROD00141,4,33690.05,34.5
ITEM0011476,ORD003844,PROD00093,2,8460.08,33.49
ITEM0011477,ORD003844,PROD00025,5,22414.05,11.3
ITEM0011478,ORD003845,PROD00038,3,48730.77,33.51
ITEM0011479,ORD003846,PROD00040,4,16863.71,4.17
ITEM0011480,ORD003846,PROD00125,4,67316.8,39.73
ITEM0011481,ORD003846,PROD00070,4,65173.78,0.23
ITEM0011482,ORD003846,PROD00198,5,31228.38,4.61
ITEM0011483,ORD003846,PROD00103,5,39527.3,24.16
ITEM0011484,ORD003847,PROD00009,3,53083.23,14.78
ITEM0011485,ORD003847,PROD00132,1,8683.42,33.61
ITEM0011486,ORD003847,PROD00033,3,30493.68,32.27
ITEM0011487,ORD003848,PROD00110,1,30653.47,36.44
ITEM0011488,ORD003848,PROD00060,5,13056.88,37.61
ITEM0011489,ORD003848,PROD00024,3,21197.52,17.48
ITEM0011490,ORD003848,PROD00137,5,44061.76,15.54
ITEM0011491,ORD003848,PROD00135,1,45975.88,14.18
ITEM0011492,ORD003849,PROD00077,5,56948.19,4.16
ITEM0011493,ORD003850,PROD00095,3,23308.41,1.66
ITEM0011494,ORD003850,PROD00030,3,63165.19,20.58
ITEM0011495,ORD003851,PROD00016,1,58962.11,29.03
ITEM0011496,ORD003851,PROD00198,1,27461.66,24.37
ITEM0011497,ORD003851,PROD00034,2,69338.4,27.14
ITEM0011498,ORD003851,PROD00136,3,12276.53,35.79
ITEM0011499,ORD003851,PROD00152,3,39706.02,30.89
ITEM0011500,ORD003852,PROD00064,2,22161.57,22.23
ITEM0011501,ORD003852,PROD00113,5,34716.52,17.67
ITEM0011502,ORD003853,PROD00198,3,24973.12,27.24
ITEM0011503,ORD003853,PROD00052,4,68475.4,11.86
ITEM0011504,ORD003854,PROD00109,4,45556.25,31.11
ITEM0011505,ORD003854,PROD00192,5,36657.15,1.57
ITEM0011506,ORD003854,PROD00036,-2,62948.42,23.95
ITEM0011507,ORD003854,PROD00016,5,78051.16,22.06
ITEM0011508,ORD003854,PROD00034,1,80650.92,13.88
ITEM0011509,ORD003855,PROD00022,2,59135.05,24.82
ITEM0011510,ORD003856,PROD00145,2,27365.72,26.34
ITEM0011511,ORD003857,PROD00103,4,56645.99,12.0
ITEM0011512,ORD003857,PROD00131,1,61694.62,13.69
ITEM0011513,ORD003857,PROD00159,2,47641.79,34.45
ITEM0011514,ORD003857,PROD00062,4,65803.68,27.91
ITEM0011515,ORD003857,PROD00160,3,48893.05,37.42
ITEM0011516,ORD003858,PROD00083,4,60853.63,33.41
ITEM0011517,ORD003858,PROD00028,5,65034.47,11.35
ITEM0011518,ORD003858,PROD00136,3,12415.42,0.53
ITEM0011519,ORD003859,PROD00063,5,39982.96,6.91
ITEM0011520,ORD003860,PROD00056,1,58253.77,25.18
ITEM0011521,ORD003860,PROD00051,3,16916.48,24.03
ITEM0011522,ORD003860,PROD00129,4,55359.39,17.61
ITEM0011523,ORD003860,PROD00061,5,38584.16,20.84
ITEM0011524,ORD003861,PROD00141,5,25106.89,38.68
ITEM0011525,ORD003861,PROD00099,1,66706.8,16.59
ITEM0011526,ORD003861,PROD00167,5,11745.03,2.7
ITEM0011527,ORD003862,PROD00049,4,30699.41,7.6
ITEM0011528,ORD003862,PROD00185,5,19180.39,22.62
ITEM0011529,ORD003862,PROD00110,1,30539.05,18.68
ITEM0011530,ORD003863,PROD00077,2,42806.49,29.74
ITEM0011531,ORD003864,PROD00160,-2,34751.74,21.36
ITEM0011532,ORD003864,PROD00141,2,33438.86,30.66
ITEM0011533,ORD003864,PROD00167,5,13810.07,27.94
ITEM0011534,ORD003864,PROD00129,1,78465.02,29.27
ITEM0011535,ORD003864,PROD00122,1,75486.87,11.19
ITEM0011536,ORD003865,PROD00100,3,5056.18,38.56
ITEM0011537,ORD003865,PROD00131,4,72281.09,32.23
ITEM0011538,ORD003865,PROD00021,5,22452.89,31.46
ITEM0011539,ORD003865,PROD00170,1,2879.45,38.84
ITEM0011540,ORD003866,PROD00179,5,53694.38,12.01
ITEM0011541,ORD003867,PROD00089,4,40935.92,17.04
ITEM0011542,ORD003867,PROD00022,5,50092.99,18.21
ITEM0011543,ORD003868,PROD00196,5,30706.01,1.76
ITEM0011544,ORD003868,PROD00174,3,51453.25,22.42
ITEM0011545,ORD003869,PROD00165,2,38339.46,13.35
ITEM0011546,ORD003870,PROD00156,5,15693.87,33.04
ITEM0011547,ORD003870,PROD00123,4,74075.28,35.64
ITEM0011548,ORD003870,PROD00171,2,74247.59,6.41
ITEM0011549,ORD003871,PROD00086,2,8250.87,28.59
ITEM0011550,ORD003871,PROD00170,1,3162.34,5.21
ITEM0011551,ORD003871,PROD00134,1,21090.3,10.39
ITEM0011552,ORD003872,PROD00131,5,59264.81,13.01
ITEM0011553,ORD003873,PROD00135,4,51387.58,17.38
ITEM0011554,ORD003873,PROD00179,1,46502.16,22.98
ITEM0011555,ORD003874,PROD00150,1,17676.08,25.91
ITEM0011556,ORD003874,PROD00101,3,31390.69,38.68
ITEM0011557,ORD003874,PROD00143,5,9345.65,10.85
ITEM0011558,ORD003874,PROD00179,3,56046.76,16.96
ITEM0011559,ORD003875,PROD00081,4,20092.59,20.72
ITEM0011560,ORD003876,PROD00018,4,9173.22,14.33
ITEM0011561,ORD003876,PROD00157,3,19552.24,6.04
ITEM0011562,ORD003877,PROD00156,3,16406.21,30.43
ITEM0011563,ORD003878,PROD00114,4,47468.64,16.8
ITEM0011564,ORD003879,PROD00014,1,61270.09,6.69
ITEM0011565,ORD003880,PROD00088,3,24822.49,17.86
ITEM0011566,ORD003880,PROD00200,5,40165.26,12.8
ITEM0011567,ORD003881,PROD00125,3,62132.44,25.53
ITEM0011568,ORD003881,PROD00027,5,48706.32,30.43
ITEM0011569,ORD003881,PROD00037,3,25803.18,31.63
ITEM0011570,ORD003881,PROD00030,1,58550.4,23.16
ITEM0011571,ORD003881,PROD00087,4,39691.95,15.42
ITEM0011572,ORD003882,PROD00113,2,31859.97,27.07
ITEM0011573,ORD003882,PROD00126,4,62816.7,25.85
ITEM0011574,ORD003882,PROD00022,3,49266.83,35.05
ITEM0011575,ORD003882,PROD00124,4,34301.35,1.46
ITEM0011576,ORD003882,PROD00085,4,52646.32,20.41
ITEM0011577,ORD003883,PROD00063,3,49329.77,10.1
ITEM0011578,ORD003883,PROD00153,1,39675.31,36.31
ITEM0011579,ORD003884,PROD00072,3,6493.52,5.22
ITEM0011580,ORD003884,PROD00142,5,40537.63,32.98
ITEM0011581,ORD003885,PROD00038,2,54826.66,34.83
ITEM0011582,ORD003885,PROD00078,-1,24953.62,27.01
ITEM0011583,ORD003885,PROD00181,4,42778.59,21.2
ITEM0011584,ORD003886,PROD00029,4,20955.64,17.98
ITEM0011585,ORD003887,PROD00101,3,30051.31,24.43
ITEM0011586,ORD003887,PROD00045,3,59163.29,29.12
ITEM0011587,ORD003887,PROD00142,3,31544.45,38.49
ITEM0011588,ORD003887,PROD00194,5,50615.78,33.01
ITEM0011589,ORD003887,PROD00183,1,63576.07,38.66
ITEM0011590,ORD003888,PROD00200,1,45995.54,34.33
ITEM0011591,ORD003889,PROD00107,5,88045.78,17.65
ITEM0011592,ORD003889,PROD00188,1,10128.37,13.57
ITEM0011593,ORD003889,PROD00168,1,49803.16,33.31
ITEM0011594,ORD003889,PROD00152,3,46068.87,10.53
ITEM0011595,ORD003889,PROD00177,4,84918.23,0.82
ITEM0011596,ORD003890,PROD00048,5,2680.49,18.79
ITEM0011597,ORD003890,PROD00092,5,17277.58,38.93
ITEM0011598,ORD003891,PROD00018,5,11383.71,14.75
ITEM0011599,ORD003891,PROD00042,5,75446.56,35.9
ITEM0011600,ORD003891,PROD00019,2,4940.01,3.39
ITEM0011601,ORD003891,PROD00002,4,14192.9,25.19
ITEM0011602,ORD003892,PROD00091,-1,36710.03,38.22
ITEM0011603,ORD003892,PROD00123,2,76525.62,15.62
ITEM0011604,ORD003892,PROD00055,2,52341.25,9.33
ITEM0011605,ORD003893,PROD00077,2,59370.51,28.49
ITEM0011606,ORD003893,PROD00019,3,5151.96,36.07
ITEM0011607,ORD003894,PROD00114,4,33835.28,17.62
ITEM0011608,ORD003894,PROD00140,2,48456.52,1.9
ITEM0011609,ORD003894,PROD00070,2,53127.34,9.81
ITEM0011610,ORD003895,PROD00058,5,14953.36,9.92
ITEM0011611,ORD003895,PROD00145,3,29604.24,9.76
ITEM0011612,ORD003896,PROD00194,2,37806.61,15.2
ITEM0011613,ORD003896,PROD00168,1,46114.17,9.55
ITEM0011614,ORD003896,PROD00068,3,45234.86,26.91
ITEM0011615,ORD003897,PROD00177,2,60207.52,16.86
ITEM0011616,ORD003897,PROD00145,2,37238.98,12.83
ITEM0011617,ORD003897,PROD00029,3,26179.14,10.9
ITEM0011618,ORD003898,PROD00055,3,56806.9,13.56
ITEM0011619,ORD003898,PROD00124,1,35130.38,38.7
ITEM0011620,ORD003899,PROD00066,1,34786.46,27.65
ITEM0011621,ORD003899,PROD00057,5,36515.08,14.33
ITEM0011622,ORD003899,PROD00182,3,14374.52,6.61
ITEM0011623,ORD003899,PROD00105,3,59397.69,32.22
ITEM0011624,ORD003899,PROD00098,5,38519.28,37.09
ITEM0011625,ORD003900,PROD00030,1,64121.71,33.8
ITEM0011626,ORD003901,PROD00044,5,50256.73,34.04
ITEM0011627,ORD003901,PROD00139,1,35908.69,23.04
ITEM0011628,ORD003901,PROD00086,5,9008.12,39.34
ITEM0011629,ORD003902,PROD00151,3,2487.38,9.74
ITEM0011630,ORD003902,PROD00142,2,33012.76,29.54
ITEM0011631,ORD003902,PROD00011,1,23144.96,8.41
ITEM0011632,ORD003902,PROD00144,2,37489.66,15.0
ITEM0011633,ORD003903,PROD00110,2,23965.24,31.21
ITEM0011634,ORD003904,PROD00180,2,46863.1,17.66
ITEM0011635,ORD003904,PROD00023,1,36777.03,27.8
ITEM0011636,ORD003905,PROD00181,2,39669.46,28.27
ITEM0011637,ORD003906,PROD00039,5,26756.01,1.91
ITEM0011638,ORD003907,PROD00058,2,19308.45,17.28
ITEM0011639,ORD003907,PROD00160,3,35042.75,0.43
ITEM0011640,ORD003908,PROD00194,4,43373.62,6.77
ITEM0011641,ORD003909,PROD00026,2,56189.46,35.42
ITEM0011642,ORD003909,PROD00073,4,6867.5,17.83
ITEM0011643,ORD003909,PROD00177,5,55376.68,34.96
ITEM0011644,ORD003909,PROD00068,5,46259.53,16.31
ITEM0011645,ORD003909,PROD00123,3,86479.78,12.49
ITEM0011646,ORD003910,PROD00162,1,23042.6,5.74
ITEM0011647,ORD003910,PROD00076,4,58686.2,21.44
ITEM0011648,ORD003910,PROD00128,5,61191.21,19.88
ITEM0011649,ORD003910,PROD00196,1,32132.39,24.77
ITEM0011650,ORD003910,PROD00114,3,46709.0,21.67
ITEM0011651,ORD003911,PROD00146,4,74861.72,38.93
ITEM0011652,ORD003911,PROD00112,1,55236.93,28.56
ITEM0011653,ORD003911,PROD00098,4,56805.43,14.21
ITEM0011654,ORD003911,PROD00086,2,6052.11,38.42
ITEM0011655,ORD003911,PROD00050,5,57223.68,30.55
ITEM0011656,ORD003912,PROD00058,4,17945.65,17.96
ITEM0011657,ORD003913,PROD00125,2,55334.83,38.85
ITEM0011658,ORD003913,PROD00073,3,5220.75,36.09
ITEM0011659,ORD003914,PROD00159,2,69372.91,26.84
ITEM0011660,ORD003914,PROD00104,2,54676.4,22.61
ITEM0011661,ORD003915,PROD00124,1,25648.63,11.52
ITEM0011662,ORD003915,PROD00100,5,4691.08,32.65
ITEM0011663,ORD003915,PROD00146,4,68200.06,10.3
ITEM0011664,ORD003915,PROD00101,3,37996.79,35.65
ITEM0011665,ORD003915,PROD00051,4,18229.09,15.49
ITEM0011666,ORD003916,PROD00196,3,35591.97,22.44
ITEM0011667,ORD003916,PROD00131,1,62443.43,20.27
ITEM0011668,ORD003916,PROD00093,1,8709.03,13.05
ITEM0011669,ORD003917,PROD00171,3,50914.52,8.05
ITEM0011670,ORD003918,PROD00167,3,13408.93,1.9
ITEM0011671,ORD003918,PROD00099,5,54091.62,39.66
ITEM0011672,ORD003918,PROD00175,5,20321.13,5.53
ITEM0011673,ORD003919,PROD00144,1,48012.6,12.98
ITEM0011674,ORD003919,PROD00026,1,45563.9,15.37
ITEM0011675,ORD003920,PROD00107,4,73444.76,31.96
ITEM0011676,ORD003921,PROD00153,4,54127.67,27.25
ITEM0011677,ORD003922,PROD00032,2,53387.57,19.57
ITEM0011678,ORD003922,PROD00078,5,25857.84,32.87
ITEM0011679,ORD003923,PROD00084,1,48657.99,33.71
ITEM0011680,ORD003924,PROD00087,1,34016.51,25.87
ITEM0011681,ORD003924,PROD00017,5,30647.67,14.03
ITEM0011682,ORD003924,PROD00081,4,16309.16,31.51
ITEM0011683,ORD003924,PROD00116,3,39219.04,24.04
ITEM0011684,ORD003925,PROD00166,4,528.87,14.79
ITEM0011685,ORD003925,PROD00055,1,52967.16,36.94
ITEM0011686,ORD003925,PROD00097,1,60091.95,31.43
ITEM0011687,ORD003926,PROD00137,4,45180.8,9.62
ITEM0011688,ORD003926,PROD00033,5,30440.51,1.3
ITEM0011689,ORD003926,PROD00173,2,22206.35,27.66
ITEM0011690,ORD003926,PROD00027,4,70795.36,2.8
ITEM0011691,ORD003927,PROD00115,4,51722.61,5.46
ITEM0011692,ORD003927,PROD00169,5,30821.48,10.01
ITEM0011693,ORD003927,PROD00043,5,32921.55,1.06
ITEM0011694,ORD003927,PROD00091,4,41055.5,33.9
ITEM0011695,ORD003927,PROD00140,5,39881.24,8.28
ITEM0011696,ORD003928,PROD00010,5,31362.86,35.34
ITEM0011697,ORD003928,PROD00072,1,5905.88,15.73
ITEM0011698,ORD003928,PROD00070,4,57165.08,23.09
ITEM0011699,ORD003929,PROD00072,3,7580.15,37.84
ITEM0011700,ORD003930,PROD00148,5,55983.11,36.13
ITEM0011701,ORD003930,PROD00068,5,42308.19,19.34
ITEM0011702,ORD003930,PROD00053,4,63183.3,33.65
ITEM0011703,ORD003930,PROD00038,4,63669.15,39.45
ITEM0011704,ORD003930,PROD00020,5,56453.93,30.53
ITEM0011705,ORD003931,PROD00124,5,31679.09,25.55
ITEM0011706,ORD003931,PROD00085,5,46926.03,23.64
ITEM0011707,ORD003931,PROD00138,3,36334.61,22.6
ITEM0011708,ORD003931,PROD00079,1,38417.76,14.96
ITEM0011709,ORD003932,PROD00189,3,6808.6,36.1
ITEM0011710,ORD003932,PROD00020,3,62886.47,16.03
ITEM0011711,ORD003933,PROD00163,4,28626.24,3.57
ITEM0011712,ORD003934,PROD00061,3,42805.88,6.21
ITEM0011713,ORD003934,PROD00015,5,80585.63,33.79
ITEM0011714,ORD003935,PROD00055,2,39648.05,28.65
ITEM0011715,ORD003936,PROD00186,3,38362.66,16.33
ITEM0011716,ORD003936,PROD00185,3,16612.0,8.92
ITEM0011717,ORD003937,PROD00045,1,84620.17,4.41
ITEM0011718,ORD003937,PROD00184,4,8670.01,14.47
ITEM0011719,ORD003937,PROD00036,3,71201.64,29.43
ITEM0011720,ORD003938,PROD00092,3,16886.39,17.23
ITEM0011721,ORD003938,PROD00068,1,54492.76,4.37
ITEM0011722,ORD003938,PROD00160,2,34500.63,8.47
ITEM0011723,ORD003938,PROD00167,1,11195.64,20.51
ITEM0011724,ORD003938,PROD00020,1,68230.65,32.48
ITEM0011725,ORD003939,PROD00052,1,85184.63,4.9
ITEM0011726,ORD003939,PROD00082,5,70832.64,34.32
ITEM0011727,ORD003939,PROD00138,4,28977.13,33.72
ITEM0011728,ORD003939,PROD00086,2,9267.4,18.77
ITEM0011729,ORD003940,PROD00057,3,34252.96,18.05
ITEM0011730,ORD003940,PROD00056,5,62301.59,1.15
ITEM0011731,ORD003941,PROD00188,5,10981.72,10.41
ITEM0011732,ORD003941,PROD00132,5,8623.31,23.28
ITEM0011733,ORD003942,PROD00058,4,17753.24,38.29
ITEM0011734,ORD003942,PROD00129,4,49661.53,39.38
ITEM0011735,ORD003943,PROD00200,5,47799.92,8.21
ITEM0011736,ORD003943,PROD00118,2,51173.96,3.35
ITEM0011737,ORD003944,PROD00156,5,11638.29,20.55
ITEM0011738,ORD003944,PROD00123,3,84720.82,22.4
ITEM0011739,ORD003944,PROD00174,1,45399.12,33.7
ITEM0011740,ORD003944,PROD00092,4,16169.93,36.5
ITEM0011741,ORD003945,PROD00134,3,30461.47,28.74
ITEM0011742,ORD003945,PROD00146,4,64323.64,16.97
ITEM0011743,ORD003946,PROD00013,3,45357.4,26.02
ITEM0011744,ORD003947,PROD00135,4,56000.19,22.86
ITEM0011745,ORD003947,PROD00043,1,24943.12,20.67
ITEM0011746,ORD003947,PROD00159,5,58596.88,32.08
ITEM0011747,ORD003947,PROD00151,2,3330.48,18.5
ITEM0011748,ORD003947,PROD00190,1,52067.88,14.75
ITEM0011749,ORD003948,PROD00140,3,53235.79,11.02
ITEM0011750,ORD003949,PROD00102,5,31683.7,11.29
ITEM0011751,ORD003949,PROD00033,4,30052.62,5.01
ITEM0011752,ORD003950,PROD00124,5,36565.57,37.74
ITEM0011753,ORD003950,PROD00002,1,14613.84,21.59
ITEM0011754,ORD003950,PROD00148,5,53514.99,32.7
ITEM0011755,ORD003950,PROD00043,2,32476.78,14.79
ITEM0011756,ORD003950,PROD00190,4,51311.85,13.87
ITEM0011757,ORD003951,PROD00154,2,55648.77,15.74
ITEM0011758,ORD003952,PROD00016,-1,51865.23,27.62
ITEM0011759,ORD003952,PROD00136,1,13490.62,18.1
ITEM0011760,ORD003953,PROD00045,1,54731.82,24.74
ITEM0011761,ORD003954,PROD00058,5,12479.0,26.71
ITEM0011762,ORD003955,PROD00153,3,56000.99,29.16
ITEM0011763,ORD003955,PROD00182,3,17591.73,31.17
ITEM0011764,ORD003956,PROD00104,1,58017.08,9.7
ITEM0011765,ORD003956,PROD00159,2,65596.72,20.43
ITEM0011766,ORD003957,PROD00066,3,46107.71,31.27
ITEM0011767,ORD003957,PROD00086,-1,7947.4,20.01
ITEM0011768,ORD003958,PROD00080,2,5720.15,20.91
ITEM0011769,ORD003958,PROD00002,4,18690.08,4.37
ITEM0011770,ORD003958,PROD00114,4,33830.2,36.0
ITEM0011771,ORD003959,PROD00132,1,9810.5,9.26
ITEM0011772,ORD003959,PROD00121,3,47417.65,39.13
ITEM0011773,ORD003959,PROD00060,3,11082.85,7.26
ITEM0011774,ORD003959,PROD00022,1,47377.98,19.9
ITEM0011775,ORD003959,PROD00071,3,24359.95,9.65
ITEM0011776,ORD003960,PROD00154,1,67966.12,30.9
ITEM0011777,ORD003961,PROD00024,3,29247.89,31.16
ITEM0011778,ORD003962,PROD00036,4,61057.31,37.02
ITEM0011779,ORD003962,PROD00057,5,38191.17,6.55
ITEM0011780,ORD003962,PROD00067,5,51857.19,36.64
ITEM0011781,ORD003962,PROD00181,2,58452.24,16.14
ITEM0011782,ORD003963,PROD00022,5,44534.44,16.66
ITEM0011783,ORD003963,PROD00082,5,50157.34,11.19
ITEM0011784,ORD003963,PROD00068,1,52271.62,25.98
ITEM0011785,ORD003963,PROD00039,1,33258.8,4.67
ITEM0011786,ORD003963,PROD00061,5,34656.01,22.98
ITEM0011787,ORD003964,PROD00115,3,55325.09,25.18
ITEM0011788,ORD003964,PROD00003,4,44058.77,20.28
ITEM0011789,ORD003964,PROD00200,1,55579.26,37.12
ITEM0011790,ORD003964,PROD00116,2,36232.41,22.64
ITEM0011791,ORD003965,PROD00093,3,9082.85,27.37
ITEM0011792,ORD003965,PROD00094,1,39492.48,10.74
ITEM0011793,ORD003965,PROD00003,2,41958.71,36.11
ITEM0011794,ORD003966,PROD00095,5,22904.73,30.74
ITEM0011795,ORD003966,PROD00037,1,38115.64,36.9
ITEM0011796,ORD003966,PROD00181,-1,50936.89,13.92
ITEM0011797,ORD003966,PROD00088,3,18870.73,25.48
ITEM0011798,ORD003966,PROD00043,2,30835.72,39.05
ITEM0011799,ORD003967,PROD00010,1,47706.26,11.18
ITEM0011800,ORD003967,PROD00123,2,59999.45,39.55
ITEM0011801,ORD003967,PROD00127,3,4469.44,24.98
ITEM0011802,ORD003967,PROD00035,-1,14012.33,26.45
ITEM0011803,ORD003967,PROD00040,3,20325.39,12.65
ITEM0011804,ORD003968,PROD00126,2,71170.18,22.6
ITEM0011805,ORD003968,PROD00043,4,24695.5,0.78
ITEM0011806,ORD003968,PROD00070,4,57890.42,10.25
ITEM0011807,ORD003969,PROD00007,2,38778.31,18.11
ITEM0011808,ORD003969,PROD00030,3,49100.67,34.75
ITEM0011809,ORD003969,PROD00105,1,61834.53,31.24
ITEM0011810,ORD003969,PROD00076,4,56747.45,13.14
ITEM0011811,ORD003969,PROD00071,5,26943.87,3.32
ITEM0011812,ORD003970,PROD00061,5,51923.56,18.09
ITEM0011813,ORD003970,PROD00096,4,3556.59,35.57
ITEM0011814,ORD003971,PROD00022,4,48869.16,6.57
ITEM0011815,ORD003972,PROD00198,4,22571.04,35.05
ITEM0011816,ORD003972,PROD00041,2,51031.35,35.14
ITEM0011817,ORD003972,PROD00096,4,3777.9,22.14
ITEM0011818,ORD003972,PROD00049,5,26840.64,9.8
ITEM0011819,ORD003973,PROD00060,5,15682.07,21.36
ITEM0011820,ORD003973,PROD00026,5,39637.7,38.11
ITEM0011821,ORD003974,PROD00010,1,39364.49,3.77
ITEM0011822,ORD003974,PROD00083,4,50696.89,1.45
ITEM0011823,ORD003974,PROD00141,5,27035.01,10.69
ITEM0011824,ORD003974,PROD00004,1,4201.38,30.52
ITEM0011825,ORD003975,PROD00124,1,34798.65,14.78
ITEM0011826,ORD003975,PROD00185,5,17412.61,21.37
ITEM0011827,ORD003975,PROD00060,4,14597.28,38.84
ITEM0011828,ORD003975,PROD00003,1,40384.19,28.57
ITEM0011829,ORD003975,PROD00055,2,58428.69,35.59
ITEM0011830,ORD003976,PROD00103,2,45862.87,35.92
ITEM0011831,ORD003976,PROD00053,2,63480.78,11.05
ITEM0011832,ORD003977,PROD00147,3,32863.6,11.89
ITEM0011833,ORD003977,PROD00086,2,6792.53,24.04
ITEM0011834,ORD003978,PROD00048,-2,2167.82,14.75
ITEM0011835,ORD003978,PROD00185,2,15079.21,3.98
ITEM0011836,ORD003978,PROD00102,1,36653.85,36.89
ITEM0011837,ORD003979,PROD00123,1,74311.77,10.57
ITEM0011838,ORD003979,PROD00076,5,53179.95,6.96
ITEM0011839,ORD003979,PROD00016,2,58213.71,0.33
ITEM0011840,ORD003979,PROD00197,-1,6412.85,37.71
ITEM0011841,ORD003980,PROD00069,5,56820.78,18.79
ITEM0011842,ORD003981,PROD00079,2,38769.81,11.33
ITEM0011843,ORD003981,PROD00190,2,49008.57,19.23
ITEM0011844,ORD003982,PROD00159,3,68404.31,3.61
ITEM0011845,ORD003982,PROD00154,4,59269.68,9.88
ITEM0011846,ORD003982,PROD00142,4,25955.35,6.63
ITEM0011847,ORD003983,PROD00053,4,82820.9,10.58
ITEM0011848,ORD003983,PROD00200,3,41403.37,15.02
ITEM0011849,ORD003983,PROD00118,1,50989.23,16.39
ITEM0011850,ORD003983,PROD00126,5,65846.67,10.16
ITEM0011851,ORD003983,PROD00041,5,42051.29,34.68
ITEM0011852,ORD003984,PROD00200,4,41042.68,15.74
ITEM0011853,ORD003984,PROD00149,5,44550.15,15.28
ITEM0011854,ORD003984,PROD00109,1,58998.73,9.39
ITEM0011855,ORD003985,PROD00187,4,45031.62,27.9
ITEM0011856,ORD003985,PROD00051,1,23438.81,24.48
ITEM0011857,ORD003985,PROD00183,5,72602.24,24.73
ITEM0011858,ORD003985,PROD00024,4,27548.08,18.91
ITEM0011859,ORD003985,PROD00186,4,51376.64,19.41
ITEM0011860,ORD003986,PROD00171,5,78306.67,36.47
ITEM0011861,ORD003986,PROD00134,1,22545.64,39.12
ITEM0011862,ORD003986,PROD00143,2,9037.93,9.67
ITEM0011863,ORD003986,PROD00197,1,6562.15,10.44
ITEM0011864,ORD003986,PROD00006,1,65430.78,35.45
ITEM0011865,ORD003987,PROD00019,1,5684.56,12.77
ITEM0011866,ORD003988,PROD00102,4,27889.18,8.46
ITEM0011867,ORD003988,PROD00116,3,30850.25,2.82
ITEM0011868,ORD003988,PROD00147,4,45135.19,8.67
ITEM0011869,ORD003988,PROD00200,5,47843.53,30.05
ITEM0011870,ORD003989,PROD00122,4,68807.74,15.45
ITEM0011871,ORD003989,PROD00129,4,59188.55,37.47
ITEM0011872,ORD003989,PROD00154,5,50961.34,29.17
ITEM0011873,ORD003989,PROD00193,1,261.51,32.08
ITEM0011874,ORD003990,PROD00155,1,39134.74,9.64
ITEM0011875,ORD003990,PROD00010,2,30784.66,15.43
ITEM0011876,ORD003990,PROD00005,1,80740.73,30.27
ITEM0011877,ORD003990,PROD00070,4,49789.03,4.53
ITEM0011878,ORD003991,PROD00166,4,420.67,2.31
ITEM0011879,ORD003991,PROD00136,1,11390.63,0.11
ITEM0011880,ORD003991,PROD00193,-3,315.53,18.94
ITEM0011881,ORD003991,PROD00150,4,15400.2,33.55
ITEM0011882,ORD003991,PROD00063,3,39150.72,14.68
ITEM0011883,ORD003992,PROD00057,2,29819.62,5.33
ITEM0011884,ORD003993,PROD00086,-2,7956.8,28.79
ITEM0011885,ORD003993,PROD00011,3,28625.58,36.92
ITEM0011886,ORD003993,PROD00155,1,30591.57,17.69
ITEM0011887,ORD003993,PROD00139,5,41872.29,4.74
ITEM0011888,ORD003994,PROD00091,1,40523.16,28.55
ITEM0011889,ORD003994,PROD00019,1,4237.92,7.05
ITEM0011890,ORD003995,PROD00080,3,6062.81,30.48
ITEM0011891,ORD003995,PROD00057,4,41147.78,10.27
ITEM0011892,ORD003995,PROD00101,1,32321.47,20.5
ITEM0011893,ORD003995,PROD00085,1,46508.7,35.82
ITEM0011894,ORD003995,PROD00112,4,45974.0,20.73
ITEM0011895,ORD003996,PROD00043,-2,21637.73,20.32
ITEM0011896,ORD003997,PROD00090,5,346.24,39.53
ITEM0011897,ORD003997,PROD00164,2,70766.65,36.93
ITEM0011898,ORD003997,PROD00186,2,36314.01,27.29
ITEM0011899,ORD003998,PROD00123,1,83559.68,33.64
ITEM0011900,ORD003999,PROD00053,3,83318.27,17.63
ITEM0011901,ORD003999,PROD00155,3,33256.67,34.68
ITEM0011902,ORD003999,PROD00177,-2,72169.66,19.83
ITEM0011903,ORD004000,PROD00167,5,14025.39,19.2
ITEM0011904,ORD004000,PROD00087,4,33983.16,27.3
ITEM0011905,ORD004000,PROD00055,5,45235.64,38.61
ITEM0011906,ORD004001,PROD00163,3,19398.24,25.21
ITEM0011907,ORD004001,PROD00052,1,81109.03,14.49
ITEM0011908,ORD004002,PROD00041,4,36482.19,20.83
ITEM0011909,ORD004002,PROD00038,1,57106.56,2.15
ITEM0011910,ORD004003,PROD00124,2,28960.89,19.34
ITEM0011911,ORD004003,PROD00169,2,32403.9,6.05
ITEM0011912,ORD004003,PROD00063,3,39389.45,8.87
ITEM0011913,ORD004003,PROD00176,3,47563.78,31.97
ITEM0011914,ORD004003,PROD00073,1,5829.05,16.92
ITEM0011915,ORD004004,PROD00124,5,33901.28,17.84
ITEM0011916,ORD004005,PROD00020,1,73218.12,28.44
ITEM0011917,ORD004005,PROD00197,1,8293.29,17.08
ITEM0011918,ORD004006,PROD00108,4,45910.92,13.99
ITEM0011919,ORD004006,PROD00003,3,45457.47,11.08
ITEM0011920,ORD004007,PROD00122,1,71269.24,26.29
ITEM0011921,ORD004007,PROD00092,2,12260.87,24.14
ITEM0011922,ORD004007,PROD00184,5,8118.78,14.54
ITEM0011923,ORD004007,PROD00091,1,39410.36,34.68
ITEM0011924,ORD004007,PROD00162,4,25337.61,20.28
ITEM0011925,ORD004008,PROD00005,1,82169.54,39.37
ITEM0011926,ORD004008,PROD00060,5,12239.77,1.96
ITEM0011927,ORD004008,PROD00138,4,40192.39,5.91
ITEM0011928,ORD004009,PROD00001,2,50306.81,23.46
ITEM0011929,ORD004010,PROD00161,1,14154.81,7.61
ITEM0011930,ORD004010,PROD00146,4,68379.6,15.68
ITEM0011931,ORD004010,PROD00056,2,53594.8,5.07
ITEM0011932,ORD004010,PROD00153,1,40623.54,23.06
ITEM0011933,ORD004010,PROD00100,5,4706.65,33.95
ITEM0011934,ORD004011,PROD00176,1,46583.6,12.82
ITEM0011935,ORD004011,PROD00033,1,24678.28,26.05
ITEM0011936,ORD004011,PROD00028,1,80363.85,14.62
ITEM0011937,ORD004012,PROD00118,3,55770.58,14.37
ITEM0011938,ORD004012,PROD00123,2,85925.54,14.38
ITEM0011939,ORD004013,PROD00069,3,75265.98,17.78
ITEM0011940,ORD004013,PROD00043,4,26363.64,12.01
ITEM0011941,ORD004014,PROD00046,1,35579.85,18.28
ITEM0011942,ORD004014,PROD00153,5,52823.52,31.55
ITEM0011943,ORD004014,PROD00197,4,5730.31,36.39
ITEM0011944,ORD004014,PROD00140,3,45079.67,5.13
ITEM0011945,ORD004014,PROD00160,2,33790.74,34.94
ITEM0011946,ORD004015,PROD00014,5,71830.5,20.72
ITEM0011947,ORD004015,PROD00141,4,21937.74,0.81
ITEM0011948,ORD004016,PROD00044,5,46077.62,11.26
ITEM0011949,ORD004016,PROD00047,4,23454.91,24.99
ITEM0011950,ORD004016,PROD00105,3,65318.09,33.99
ITEM0011951,ORD004016,PROD00168,2,58729.99,38.61
ITEM0011952,ORD004017,PROD00151,1,2803.86,17.41
ITEM0011953,ORD004017,PROD00059,5,66908.35,29.47
ITEM0011954,ORD004017,PROD00052,1,65733.06,25.2
ITEM0011955,ORD004018,PROD00143,4,7812.62,18.06
ITEM0011956,ORD004018,PROD00132,2,9205.76,18.57
ITEM0011957,ORD004019,PROD00099,2,58447.47,17.21
ITEM0011958,ORD004019,PROD00088,1,26023.14,8.06
ITEM0011959,ORD004020,PROD00099,5,65681.87,14.64
ITEM0011960,ORD004020,PROD00195,3,6134.24,20.19
ITEM0011961,ORD004020,PROD00032,5,58680.03,6.49
ITEM0011962,ORD004020,PROD00085,3,36963.84,4.87
ITEM0011963,ORD004021,PROD00120,3,71910.69,1.33
ITEM0011964,ORD004021,PROD00187,2,56412.96,37.39
ITEM0011965,ORD004021,PROD00181,1,47749.54,8.25
ITEM0011966,ORD004021,PROD00101,3,43511.84,13.08
ITEM0011967,ORD004022,PROD00161,2,14308.87,13.92
ITEM0011968,ORD004022,PROD00016,4,61372.45,37.9
ITEM0011969,ORD004022,PROD00164,2,56283.83,0.95
ITEM0011970,ORD004022,PROD00186,2,35277.97,39.7
ITEM0011971,ORD004022,PROD00156,1,13740.13,32.12
ITEM0011972,ORD004023,PROD00165,2,55874.48,36.87
ITEM0011973,ORD004023,PROD00071,5,24284.03,8.6
ITEM0011974,ORD004023,PROD00192,4,44805.87,9.46
ITEM0011975,ORD004024,PROD00085,4,50371.07,7.52
ITEM0011976,ORD004024,PROD00162,4,27721.43,37.33
ITEM0011977,ORD004024,PROD00107,4,80186.75,3.27
ITEM0011978,ORD004024,PROD00013,1,49074.0,35.03
ITEM0011979,ORD004024,PROD00133,5,33829.56,3.38
ITEM0011980,ORD004025,PROD00091,1,40030.37,0.8
ITEM0011981,ORD004025,PROD00133,2,39277.89,0.77
ITEM0011982,ORD004026,PROD00194,1,42485.71,28.79
ITEM0011983,ORD004026,PROD00093,5,8820.32,2.73
ITEM0011984,ORD004026,PROD00182,3,14179.3,36.41
ITEM0011985,ORD004026,PROD00163,5,23234.9,7.66
ITEM0011986,ORD004026,PROD00132,3,9595.6,27.7
ITEM0011987,ORD004027,PROD00058,5,17797.4,34.42
ITEM0011988,ORD004027,PROD00185,2,16874.56,4.42
ITEM0011989,ORD004027,PROD00014,4,81138.77,11.03
ITEM0011990,ORD004028,PROD00144,2,44269.79,39.14
ITEM0011991,ORD004029,PROD00083,4,78860.98,33.72
ITEM0011992,ORD004029,PROD00160,4,40827.11,11.03
ITEM0011993,ORD004029,PROD00141,4,23341.09,19.42
ITEM0011994,ORD004030,PROD00039,5,30109.58,33.3
ITEM0011995,ORD004031,PROD00042,1,62429.33,36.09
ITEM0011996,ORD004031,PROD00196,3,38506.11,11.64
ITEM0011997,ORD004031,PROD00025,5,15764.78,16.77
ITEM0011998,ORD004031,PROD00141,2,29365.81,28.04
ITEM0011999,ORD004032,PROD00075,1,17360.83,3.92
ITEM0012000,ORD004032,PROD00046,1,38172.92,17.59
ITEM0012001,ORD004032,PROD00048,4,1836.4,29.78
ITEM0012002,ORD004032,PROD00019,1,5244.86,25.75
ITEM0012003,ORD004033,PROD00073,1,6086.25,27.74
ITEM0012004,ORD004033,PROD00156,2,15525.21,9.23
ITEM0012005,ORD004034,PROD00107,5,75610.87,24.39
ITEM0012006,ORD004034,PROD00045,2,73269.61,10.27
ITEM0012007,ORD004034,PROD00141,1,31592.4,20.5
ITEM0012008,ORD004034,PROD00149,5,42437.53,2.99
ITEM0012009,ORD004034,PROD00144,3,49024.39,36.31
ITEM0012010,ORD004035,PROD00016,2,54812.99,13.8
ITEM0012011,ORD004036,PROD00107,3,65985.66,29.92
ITEM0012012,ORD004037,PROD00047,-2,20108.89,35.38
ITEM0012013,ORD004037,PROD00164,1,49585.06,21.28
ITEM0012014,ORD004037,PROD00029,2,17079.3,27.41
ITEM0012015,ORD004038,PROD00200,-2,42463.79,2.8
ITEM0012016,ORD004038,PROD00116,3,39853.14,28.32
ITEM0012017,ORD004039,PROD00131,-2,55666.31,10.93
ITEM0012018,ORD004039,PROD00181,1,43398.47,25.2
ITEM0012019,ORD004040,PROD00172,3,393.15,5.75
ITEM0012020,ORD004040,PROD00161,3,10955.21,6.58
ITEM0012021,ORD004040,PROD00082,1,74092.99,9.99
ITEM0012022,ORD004041,PROD00028,2,86478.52,20.59
ITEM0012023,ORD004041,PROD00157,2,15290.66,38.02
ITEM0012024,ORD004041,PROD00026,2,54512.92,39.83
ITEM0012025,ORD004042,PROD00197,4,6049.02,37.54
ITEM0012026,ORD004042,PROD00002,2,19143.19,16.33
ITEM0012027,ORD004042,PROD00135,2,59973.53,0.36
ITEM0012028,ORD004042,PROD00026,5,37977.99,33.91
ITEM0012029,ORD004042,PROD00013,5,53099.86,28.54
ITEM0012030,ORD004043,PROD00006,1,62639.68,35.95
ITEM0012031,ORD004044,PROD00079,1,39334.47,6.27
ITEM0012032,ORD004044,PROD00019,1,5760.39,28.71
ITEM0012033,ORD004044,PROD00188,5,9073.0,16.22
ITEM0012034,ORD004045,PROD00159,5,60578.17,20.76
ITEM0012035,ORD004045,PROD00132,3,7751.77,25.35
ITEM0012036,ORD004046,PROD00111,1,55782.77,3.21
ITEM0012037,ORD004046,PROD00195,3,6044.42,6.18
ITEM0012038,ORD004046,PROD00088,5,17247.76,37.19
ITEM0012039,ORD004046,PROD00016,5,75220.37,31.44
ITEM0012040,ORD004047,PROD00068,3,53175.16,21.14
ITEM0012041,ORD004047,PROD00105,3,45239.95,11.2
ITEM0012042,ORD004047,PROD00082,1,60816.11,8.77
ITEM0012043,ORD004048,PROD00188,4,10519.29,3.44
ITEM0012044,ORD004048,PROD00173,2,22466.67,37.14
ITEM0012045,ORD004048,PROD00038,3,47064.33,18.14
ITEM0012046,ORD004049,PROD00086,1,6082.1,39.77
ITEM0012047,ORD004049,PROD00134,5,26393.03,6.84
ITEM0012048,ORD004049,PROD00019,4,5558.4,10.7
ITEM0012049,ORD004049,PROD00179,-1,61587.15,30.93
ITEM0012050,ORD004049,PROD00139,3,38374.15,9.54
ITEM0012051,ORD004050,PROD00070,4,64198.17,39.61
ITEM0012052,ORD004050,PROD00034,4,71288.17,39.21
ITEM0012053,ORD004050,PROD00157,2,12451.99,12.19
ITEM0012054,ORD004050,PROD00175,1,26017.91,32.62
ITEM0012055,ORD004050,PROD00174,5,42787.84,24.67
ITEM0012056,ORD004051,PROD00106,5,71482.09,20.17
ITEM0012057,ORD004051,PROD00122,5,48999.48,24.77
ITEM0012058,ORD004051,PROD00155,3,38598.11,2.09
ITEM0012059,ORD004052,PROD00166,4,536.7,8.71
ITEM0012060,ORD004052,PROD00026,1,48128.95,9.92
ITEM0012061,ORD004053,PROD00059,2,75254.95,7.75
ITEM0012062,ORD004054,PROD00127,5,4403.34,25.59
ITEM0012063,ORD004055,PROD00155,3,36687.48,21.06
ITEM0012064,ORD004055,PROD00129,2,56361.67,2.52
ITEM0012065,ORD004055,PROD00052,3,75372.5,31.98
ITEM0012066,ORD004055,PROD00096,4,3034.46,30.47
ITEM0012067,ORD004055,PROD00139,5,54704.37,30.2
ITEM0012068,ORD004056,PROD00073,3,6413.02,38.37
ITEM0012069,ORD004057,PROD00030,3,73980.79,23.59
ITEM0012070,ORD004058,PROD00064,3,23100.27,35.62
ITEM0012071,ORD004058,PROD00125,4,54705.38,34.68
ITEM0012072,ORD004059,PROD00018,4,7851.75,18.48
ITEM0012073,ORD004059,PROD00087,2,37323.14,25.68
ITEM0012074,ORD004060,PROD00098,2,53648.57,38.0
ITEM0012075,ORD004060,PROD00066,4,46737.52,27.27
ITEM0012076,ORD004061,PROD00036,4,59666.9,6.51
ITEM0012077,ORD004061,PROD00145,3,37628.14,34.69
ITEM0012078,ORD004061,PROD00189,3,9132.22,18.0
ITEM0012079,ORD004062,PROD00013,2,53298.35,24.67
ITEM0012080,ORD004063,PROD00080,1,5188.26,39.93
ITEM0012081,ORD004063,PROD00172,4,387.72,25.24
ITEM0012082,ORD004063,PROD00038,1,46412.13,29.17
ITEM0012083,ORD004063,PROD00130,5,32046.52,26.09
ITEM0012084,ORD004064,PROD00117,1,19178.4,31.6
ITEM0012085,ORD004064,PROD00166,-3,587.48,6.97
ITEM0012086,ORD004064,PROD00025,1,14859.86,11.99
ITEM0012087,ORD004064,PROD00081,5,21936.83,37.61
ITEM0012088,ORD004065,PROD00157,2,18099.96,14.59
ITEM0012089,ORD004066,PROD00055,3,61026.15,34.57
ITEM0012090,ORD004066,PROD00080,4,4188.26,22.49
ITEM0012091,ORD004067,PROD00048,5,2512.1,17.01
ITEM0012092,ORD004067,PROD00171,5,75552.36,2.53
ITEM0012093,ORD004067,PROD00060,4,13064.54,38.41
ITEM0012094,ORD004067,PROD00099,3,66928.01,38.88
ITEM0012095,ORD004068,PROD00042,2,58435.21,37.72
ITEM0012096,ORD004068,PROD00133,2,50682.59,38.48
ITEM0012097,ORD004068,PROD00140,4,43423.11,1.67
ITEM0012098,ORD004069,PROD00040,4,20834.59,17.87
ITEM0012099,ORD004069,PROD00043,5,32086.4,20.14
ITEM0012100,ORD004069,PROD00120,4,69442.85,36.28
ITEM0012101,ORD004069,PROD00050,4,63893.7,21.58
ITEM0012102,ORD004069,PROD00093,5,9935.52,28.31
ITEM0012103,ORD004070,PROD00163,4,21091.73,14.89
ITEM0012104,ORD004070,PROD00010,2,42891.82,36.53
ITEM0012105,ORD004070,PROD00093,1,7457.84,39.29
ITEM0012106,ORD004071,PROD00012,4,48520.83,36.96
ITEM0012107,ORD004071,PROD00122,2,66702.52,2.0
ITEM0012108,ORD004071,PROD00171,3,67705.18,2.04
ITEM0012109,ORD004071,PROD00052,5,72075.74,0.04
ITEM0012110,ORD004072,PROD00049,1,30657.45,11.64
ITEM0012111,ORD004072,PROD00139,1,58179.58,38.1
ITEM0012112,ORD004073,PROD00059,5,70556.07,30.44
ITEM0012113,ORD004073,PROD00105,3,54730.48,29.75
ITEM0012114,ORD004074,PROD00076,4,67672.93,6.86
ITEM0012115,ORD004074,PROD00095,4,22848.97,10.42
ITEM0012116,ORD004074,PROD00139,2,41996.03,13.19
ITEM0012117,ORD004075,PROD00058,3,12905.33,11.13
ITEM0012118,ORD004076,PROD00122,5,57742.85,1.14
ITEM0012119,ORD004076,PROD00135,5,61976.91,10.71
ITEM0012120,ORD004076,PROD00119,4,22432.82,33.89
ITEM0012121,ORD004076,PROD00177,1,76003.31,9.85
ITEM0012122,ORD004076,PROD00029,1,22864.63,17.3
ITEM0012123,ORD004077,PROD00026,4,60669.34,37.38
ITEM0012124,ORD004077,PROD00109,5,46579.77,11.94
ITEM0012125,ORD004078,PROD00144,1,43290.53,17.16
ITEM0012126,ORD004078,PROD00091,4,37739.09,26.16
ITEM0012127,ORD004078,PROD00002,2,18142.17,27.27
ITEM0012128,ORD004079,PROD00102,4,31610.64,9.11
ITEM0012129,ORD004079,PROD00182,1,17329.67,0.1
ITEM0012130,ORD004079,PROD00021,5,20199.78,36.88
ITEM0012131,ORD004080,PROD00063,4,44185.17,36.5
ITEM0012132,ORD004080,PROD00134,5,26613.61,32.01
ITEM0012133,ORD004080,PROD00199,5,8390.74,8.42
ITEM0012134,ORD004080,PROD00163,2,26295.41,24.93
ITEM0012135,ORD004081,PROD00031,2,40454.26,34.82
ITEM0012136,ORD004081,PROD00189,3,10378.24,16.98
ITEM0012137,ORD004082,PROD00163,2,19735.41,11.01
ITEM0012138,ORD004082,PROD00091,4,40819.57,24.86
ITEM0012139,ORD004082,PROD00037,5,26508.09,32.76
ITEM0012140,ORD004082,PROD00054,3,26807.4,33.26
ITEM0012141,ORD004083,PROD00069,1,61956.66,7.98
ITEM0012142,ORD004083,PROD00191,2,22926.07,2.79
ITEM0012143,ORD004084,PROD00110,5,33125.24,33.23
ITEM0012144,ORD004084,PROD00047,1,16369.74,20.05
ITEM0012145,ORD004084,PROD00091,5,40463.05,24.47
ITEM0012146,ORD004085,PROD00087,3,34649.45,39.0
ITEM0012147,ORD004086,PROD00152,4,46401.41,0.63
ITEM0012148,ORD004087,PROD00028,3,80784.94,8.87
ITEM0012149,ORD004087,PROD00023,1,30422.64,18.2
ITEM0012150,ORD004087,PROD00078,1,26427.21,39.72
ITEM0012151,ORD004088,PROD00007,3,28351.38,0.14
ITEM0012152,ORD004088,PROD00139,2,52452.54,6.99
ITEM0012153,ORD004088,PROD00049,3,31553.7,5.85
ITEM0012154,ORD004088,PROD00024,2,31309.57,9.32
ITEM0012155,ORD004088,PROD00048,5,2353.43,17.72
ITEM0012156,ORD004089,PROD00094,1,40768.44,22.72
ITEM0012157,ORD004089,PROD00146,5,63894.74,18.62
ITEM0012158,ORD004089,PROD00107,5,78757.39,24.41
ITEM0012159,ORD004090,PROD00189,2,6784.23,6.15
ITEM0012160,ORD004090,PROD00196,2,30674.7,30.62
ITEM0012161,ORD004090,PROD00081,4,21576.85,15.24
ITEM0012162,ORD004090,PROD00198,2,28082.59,14.79
ITEM0012163,ORD004090,PROD00182,3,15273.81,3.99
ITEM0012164,ORD004091,PROD00119,3,19247.54,35.41
ITEM0012165,ORD004091,PROD00158,1,23719.67,28.46
ITEM0012166,ORD004091,PROD00098,2,38963.91,31.09
ITEM0012167,ORD004092,PROD00009,5,41078.65,17.37
ITEM0012168,ORD004092,PROD00130,5,29518.34,23.51
ITEM0012169,ORD004092,PROD00057,1,29139.97,9.52
ITEM0012170,ORD004093,PROD00162,1,23100.55,15.21
ITEM0012171,ORD004093,PROD00163,2,19960.86,6.23
ITEM0012172,ORD004093,PROD00152,3,47193.88,17.59
ITEM0012173,ORD004093,PROD00043,5,26563.86,10.52
ITEM0012174,ORD004093,PROD00169,5,38536.42,4.23
ITEM0012175,ORD004094,PROD00151,4,2676.81,9.83
ITEM0012176,ORD004094,PROD00174,1,45072.01,32.15
ITEM0012177,ORD004094,PROD00088,1,20773.41,8.81
ITEM0012178,ORD004095,PROD00133,5,41540.51,10.6
ITEM0012179,ORD004095,PROD00053,2,58051.73,22.31
ITEM0012180,ORD004095,PROD00044,3,46514.42,17.6
ITEM0012181,ORD004096,PROD00065,3,77893.59,0.31
ITEM0012182,ORD004097,PROD00018,4,9905.49,14.44
ITEM0012183,ORD004097,PROD00063,4,55316.26,6.39
ITEM0012184,ORD004097,PROD00144,5,38408.83,39.72
ITEM0012185,ORD004097,PROD00065,5,69983.08,24.85
ITEM0012186,ORD004098,PROD00187,3,43097.48,29.74
ITEM0012187,ORD004098,PROD00060,5,14222.17,32.21
ITEM0012188,ORD004099,PROD00029,4,21293.7,37.71
ITEM0012189,ORD004099,PROD00037,4,25850.66,21.06
ITEM0012190,ORD004099,PROD00055,4,51428.83,11.61
ITEM0012191,ORD004099,PROD00192,1,34399.26,6.51
ITEM0012192,ORD004099,PROD00164,4,53371.03,7.13
ITEM0012193,ORD004100,PROD00166,4,471.45,23.88
ITEM0012194,ORD004100,PROD00027,4,73000.09,26.57
ITEM0012195,ORD004100,PROD00200,2,49921.07,35.81
ITEM0012196,ORD004101,PROD00093,3,6625.91,34.61
ITEM0012197,ORD004101,PROD00171,2,64121.19,3.47
ITEM0012198,ORD004101,PROD00015,1,82209.08,14.3
ITEM0012199,ORD004101,PROD00134,1,24290.56,35.69
ITEM0012200,ORD004101,PROD00084,2,48243.07,37.17
ITEM0012201,ORD004102,PROD00186,5,46361.58,11.81
ITEM0012202,ORD004102,PROD00094,3,43242.96,1.97
ITEM0012203,ORD004102,PROD00039,1,24233.62,28.74
ITEM0012204,ORD004103,PROD00087,-1,45479.66,22.88
ITEM0012205,ORD004103,PROD00024,3,21346.74,18.13
ITEM0012206,ORD004103,PROD00111,4,75705.38,2.13
ITEM0012207,ORD004103,PROD00129,2,53719.29,17.89
ITEM0012208,ORD004103,PROD00096,3,3602.77,11.1
ITEM0012209,ORD004104,PROD00135,3,58168.37,29.71
ITEM0012210,ORD004104,PROD00011,2,26046.18,1.0
ITEM0012211,ORD004104,PROD00111,-2,80286.24,36.31
ITEM0012212,ORD004105,PROD00185,1,18458.29,38.98
ITEM0012213,ORD004105,PROD00035,2,14618.2,37.36
ITEM0012214,ORD004105,PROD00195,5,4263.97,24.13
ITEM0012215,ORD004105,PROD00169,4,33165.88,5.78
ITEM0012216,ORD004106,PROD00178,1,11238.42,30.06
ITEM0012217,ORD004106,PROD00021,4,17431.31,33.79
ITEM0012218,ORD004106,PROD00076,5,59259.14,34.2
ITEM0012219,ORD004106,PROD00147,1,39380.33,28.74
ITEM0012220,ORD004106,PROD00075,3,17090.38,24.75
ITEM0012221,ORD004107,PROD00006,5,43206.94,9.69
ITEM0012222,ORD004108,PROD00024,2,23260.1,11.36
ITEM0012223,ORD004109,PROD00175,4,21985.91,33.0
ITEM0012224,ORD004109,PROD00170,-1,2987.97,18.51
ITEM0012225,ORD004109,PROD00143,2,7916.11,7.09
ITEM0012226,ORD004109,PROD00017,1,31331.17,4.59
ITEM0012227,ORD004109,PROD00079,2,34452.16,0.6
ITEM0012228,ORD004110,PROD00023,1,38237.97,20.46
ITEM0012229,ORD004111,PROD00119,2,27747.73,13.95
ITEM0012230,ORD004111,PROD00126,4,49857.37,35.16
ITEM0012231,ORD004112,PROD00167,1,11820.69,2.09
ITEM0012232,ORD004112,PROD00087,1,34382.05,19.79
ITEM0012233,ORD004112,PROD00105,3,63958.83,15.14
ITEM0012234,ORD004112,PROD00141,3,33722.13,15.49
ITEM0012235,ORD004112,PROD00047,5,18346.12,8.76
ITEM0012236,ORD004113,PROD00053,3,70972.39,1.46
ITEM0012237,ORD004113,PROD00113,5,34999.66,18.31
ITEM0012238,ORD004113,PROD00128,1,70645.06,22.38
ITEM0012239,ORD004113,PROD00153,2,50858.78,27.84
ITEM0012240,ORD004113,PROD00034,1,51757.71,35.55
ITEM0012241,ORD004114,PROD00101,2,45044.25,38.01
ITEM0012242,ORD004114,PROD00017,-3,27200.71,10.52
ITEM0012243,ORD004114,PROD00075,1,15736.1,14.48
ITEM0012244,ORD004115,PROD00101,5,34358.76,31.68
ITEM0012245,ORD004115,PROD00125,3,62681.41,31.34
ITEM0012246,ORD004115,PROD00191,5,24853.8,8.61
ITEM0012247,ORD004115,PROD00035,4,12135.28,23.42
ITEM0012248,ORD004115,PROD00180,4,48569.0,30.46
ITEM0012249,ORD004116,PROD00066,4,39725.26,11.27
ITEM0012250,ORD004116,PROD00175,3,22742.62,32.63
ITEM0012251,ORD004116,PROD00049,3,37135.4,24.19
ITEM0012252,ORD004117,PROD00172,3,513.67,27.9
ITEM0012253,ORD004117,PROD00105,3,66325.86,20.81
ITEM0012254,ORD004117,PROD00073,4,7080.05,15.45
ITEM0012255,ORD004117,PROD00079,2,39788.03,39.44
ITEM0012256,ORD004118,PROD00184,3,10182.86,6.62
ITEM0012257,ORD004118,PROD00024,5,26777.66,22.97
ITEM0012258,ORD004118,PROD00110,2,26543.61,20.68
ITEM0012259,ORD004118,PROD00155,1,38461.96,7.95
ITEM0012260,ORD004119,PROD00081,1,23295.14,29.93
ITEM0012261,ORD004119,PROD00023,5,37090.59,1.13
ITEM0012262,ORD004119,PROD00182,-3,20909.28,28.82
ITEM0012263,ORD004120,PROD00035,2,13388.97,1.18
ITEM0012264,ORD004120,PROD00007,3,35349.71,4.61
ITEM0012265,ORD004120,PROD00156,3,15531.41,37.44
ITEM0012266,ORD004120,PROD00094,4,51740.41,17.04
ITEM0012267,ORD004121,PROD00120,1,80259.43,18.75
ITEM0012268,ORD004121,PROD00110,1,27965.4,24.6
ITEM0012269,ORD004121,PROD00060,2,10805.18,35.0
ITEM0012270,ORD004121,PROD00113,3,46806.48,21.03
ITEM0012271,ORD004122,PROD00161,3,11638.36,28.42
ITEM0012272,ORD004122,PROD00060,4,13458.07,25.95
ITEM0012273,ORD004123,PROD00163,4,23840.17,37.58
ITEM0012274,ORD004123,PROD00066,1,44609.0,2.75
ITEM0012275,ORD004123,PROD00008,1,49584.55,15.55
ITEM0012276,ORD004123,PROD00030,5,73019.5,25.04
ITEM0012277,ORD004124,PROD00187,4,39202.98,35.85
ITEM0012278,ORD004124,PROD00155,4,33969.8,10.39
ITEM0012279,ORD004124,PROD00043,4,23937.85,8.9
ITEM0012280,ORD004125,PROD00069,1,68182.39,33.99
ITEM0012281,ORD004125,PROD00184,4,7018.44,28.88
ITEM0012282,ORD004126,PROD00086,4,6542.87,31.06
ITEM0012283,ORD004126,PROD00188,4,10307.58,19.35
ITEM0012284,ORD004127,PROD00168,3,56718.66,24.0
ITEM0012285,ORD004127,PROD00128,1,71553.25,26.82
ITEM0012286,ORD004127,PROD00081,3,22831.59,20.67
ITEM0012287,ORD004127,PROD00195,5,4796.5,29.33
ITEM0012288,ORD004128,PROD00091,3,42695.9,36.16
ITEM0012289,ORD004128,PROD00047,1,21937.22,37.15
ITEM0012290,ORD004128,PROD00186,2,45652.84,13.2
ITEM0012291,ORD004128,PROD00039,1,35742.62,16.86
ITEM0012292,ORD004129,PROD00132,5,10262.58,10.99
ITEM0012293,ORD004129,PROD00091,3,49603.59,2.05
ITEM0012294,ORD004129,PROD00133,1,34142.81,30.61
ITEM0012295,ORD004130,PROD00143,3,7857.45,10.71
ITEM0012296,ORD004130,PROD00001,3,66010.74,12.01
ITEM0012297,ORD004130,PROD00047,2,15172.18,19.76
ITEM0012298,ORD004130,PROD00198,3,30743.97,22.59
ITEM0012299,ORD004130,PROD00129,1,56003.72,23.33
ITEM0012300,ORD004131,PROD00151,2,2118.93,15.74
ITEM0012301,ORD004131,PROD00094,3,44245.79,34.75
ITEM0012302,ORD004131,PROD00052,2,68467.29,39.76
ITEM0012303,ORD004131,PROD00077,2,45926.02,21.29
ITEM0012304,ORD004132,PROD00010,-2,46267.2,21.43
ITEM0012305,ORD004132,PROD00096,5,3813.54,10.49
ITEM0012306,ORD004133,PROD00050,5,74708.08,33.41
ITEM0012307,ORD004133,PROD00008,4,54762.88,4.69
ITEM0012308,ORD004133,PROD00086,4,6667.97,20.9
ITEM0012309,ORD004133,PROD00060,4,14750.06,26.55
ITEM0012310,ORD004133,PROD00122,5,70412.48,14.55
ITEM0012311,ORD004134,PROD00134,1,30052.9,4.89
ITEM0012312,ORD004134,PROD00094,2,51839.47,35.23
ITEM0012313,ORD004135,PROD00026,2,55860.84,17.8
ITEM0012314,ORD004136,PROD00169,2,29272.02,27.21
ITEM0012315,ORD004136,PROD00184,5,7178.13,19.01
ITEM0012316,ORD004136,PROD00188,5,9723.75,29.9
ITEM0012317,ORD004136,PROD00054,1,20078.88,0.5
ITEM0012318,ORD004137,PROD00185,5,14291.69,23.68
ITEM0012319,ORD004137,PROD00127,3,5945.08,39.42
ITEM0012320,ORD004138,PROD00118,3,43518.44,6.21
ITEM0012321,ORD004138,PROD00174,4,47601.11,10.11
ITEM0012322,ORD004139,PROD00022,2,44556.21,17.36
ITEM0012323,ORD004139,PROD00094,3,55859.73,29.46
ITEM0012324,ORD004140,PROD00173,4,25287.64,9.08
ITEM0012325,ORD004140,PROD00066,4,37961.73,32.19
ITEM0012326,ORD004140,PROD00048,5,1927.76,37.41
ITEM0012327,ORD004140,PROD00020,2,63360.37,24.21
ITEM0012328,ORD004141,PROD00104,4,62392.56,0.33
ITEM0012329,ORD004141,PROD00193,2,276.33,34.12
ITEM0012330,ORD004141,PROD00200,3,42262.16,33.12
ITEM0012331,ORD004141,PROD00143,2,7702.9,4.61
ITEM0012332,ORD004142,PROD00028,3,86523.9,24.7
ITEM0012333,ORD004142,PROD00008,2,47962.54,32.98
ITEM0012334,ORD004142,PROD00140,5,38362.51,29.03
ITEM0012335,ORD004142,PROD00144,3,35118.89,24.46
ITEM0012336,ORD004142,PROD00105,5,67993.35,29.18
ITEM0012337,ORD004143,PROD00171,5,80172.63,22.93
ITEM0012338,ORD004143,PROD00190,5,43075.75,2.36
ITEM0012339,ORD004143,PROD00177,2,67528.73,28.01
ITEM0012340,ORD004143,PROD00112,4,67525.85,24.08
ITEM0012341,ORD004144,PROD00119,4,18723.31,17.88
ITEM0012342,ORD004145,PROD00062,5,69057.44,32.04
ITEM0012343,ORD004145,PROD00170,3,2329.78,38.43
ITEM0012344,ORD004146,PROD00064,5,19222.53,33.86
ITEM0012345,ORD004147,PROD00027,2,48051.55,24.27
ITEM0012346,ORD004147,PROD00080,1,6505.39,1.06
ITEM0012347,ORD004148,PROD00064,5,27184.87,8.13
ITEM0012348,ORD004149,PROD00181,1,48576.07,22.78
ITEM0012349,ORD004149,PROD00103,2,55729.79,21.84
ITEM0012350,ORD004149,PROD00011,5,31732.91,26.68
ITEM0012351,ORD004149,PROD00075,-2,17941.39,12.03
ITEM0012352,ORD004149,PROD00172,5,351.09,18.12
ITEM0012353,ORD004150,PROD00145,2,31464.09,26.54
ITEM0012354,ORD004150,PROD00103,2,50263.29,15.99
ITEM0012355,ORD004151,PROD00063,1,44973.92,20.85
ITEM0012356,ORD004151,PROD00102,3,30504.17,6.65
ITEM0012357,ORD004152,PROD00158,3,26674.78,34.12
ITEM0012358,ORD004152,PROD00168,2,55190.04,14.27
ITEM0012359,ORD004152,PROD00005,4,72367.23,9.21
ITEM0012360,ORD004153,PROD00188,5,11532.43,21.88
ITEM0012361,ORD004153,PROD00087,3,44041.78,37.87
ITEM0012362,ORD004153,PROD00168,3,69454.63,18.88
ITEM0012363,ORD004154,PROD00098,5,44127.08,16.08
ITEM0012364,ORD004154,PROD00094,1,41941.04,34.08
ITEM0012365,ORD004155,PROD00023,3,37974.93,23.01
ITEM0012366,ORD004155,PROD00037,2,39568.62,5.39
ITEM0012367,ORD004155,PROD00132,3,8771.94,27.91
ITEM0012368,ORD004155,PROD00003,1,33521.18,4.51
ITEM0012369,ORD004156,PROD00079,4,42729.32,34.47
ITEM0012370,ORD004156,PROD00124,5,34150.29,5.64
ITEM0012371,ORD004156,PROD00143,2,6514.56,31.93
ITEM0012372,ORD004157,PROD00105,1,55056.55,29.3
ITEM0012373,ORD004157,PROD00180,2,39744.35,23.99
ITEM0012374,ORD004157,PROD00025,2,22182.05,17.54
ITEM0012375,ORD004157,PROD00143,2,6080.83,5.81
ITEM0012376,ORD004157,PROD00190,1,36321.92,2.92
ITEM0012377,ORD004158,PROD00159,3,70523.94,28.21
ITEM0012378,ORD004159,PROD00024,4,21076.66,28.35
ITEM0012379,ORD004159,PROD00068,3,44756.78,6.58
ITEM0012380,ORD004160,PROD00198,1,25130.69,6.95
ITEM0012381,ORD004160,PROD00070,5,57319.66,17.04
ITEM0012382,ORD004161,PROD00171,-1,71503.58,17.38
ITEM0012383,ORD004161,PROD00044,4,68236.82,1.19
ITEM0012384,ORD004162,PROD00069,5,74012.85,0.37
ITEM0012385,ORD004162,PROD00145,4,28021.81,39.42
ITEM0012386,ORD004163,PROD00011,3,28089.38,27.01
ITEM0012387,ORD004163,PROD00192,5,49022.21,2.88
ITEM0012388,ORD004163,PROD00104,4,65414.28,25.28
ITEM0012389,ORD004164,PROD00117,2,19387.34,32.0
ITEM0012390,ORD004164,PROD00058,3,12391.72,3.78
ITEM0012391,ORD004164,PROD00075,5,20674.55,12.67
ITEM0012392,ORD004165,PROD00112,5,45765.6,38.02
ITEM0012393,ORD004165,PROD00197,3,7015.75,12.68
ITEM0012394,ORD004165,PROD00009,2,52300.39,35.09
ITEM0012395,ORD004166,PROD00125,1,60745.14,33.36
ITEM0012396,ORD004166,PROD00192,2,43239.08,4.44
ITEM0012397,ORD004166,PROD00046,4,33587.94,28.67
ITEM0012398,ORD004166,PROD00104,2,70589.54,21.72
ITEM0012399,ORD004167,PROD00075,4,20786.73,34.7
ITEM0012400,ORD004167,PROD00140,1,44679.5,22.09
ITEM0012401,ORD004168,PROD00086,2,6987.56,6.17
ITEM0012402,ORD004168,PROD00177,1,60045.51,34.0
ITEM0012403,ORD004168,PROD00175,2,17744.28,32.63
ITEM0012404,ORD004169,PROD00062,5,75796.18,12.42
ITEM0012405,ORD004170,PROD00164,1,70200.63,15.01
ITEM0012406,ORD004170,PROD00051,5,23904.65,6.33
ITEM0012407,ORD004171,PROD00044,2,50555.62,39.11
ITEM0012408,ORD004171,PROD00074,1,55142.32,18.11
ITEM0012409,ORD004171,PROD00066,3,33702.48,38.03
ITEM0012410,ORD004172,PROD00186,1,53850.43,38.45
ITEM0012411,ORD004172,PROD00149,5,53455.89,25.77
ITEM0012412,ORD004172,PROD00117,2,15516.48,22.93
ITEM0012413,ORD004172,PROD00145,5,35470.09,27.39
ITEM0012414,ORD004173,PROD00172,2,486.68,28.94
ITEM0012415,ORD004173,PROD00189,-3,7033.66,35.7
ITEM0012416,ORD004173,PROD00094,1,48112.83,3.02
ITEM0012417,ORD004174,PROD00059,4,56206.39,17.88
ITEM0012418,ORD004174,PROD00046,5,34875.22,32.64
ITEM0012419,ORD004174,PROD00134,4,24253.22,1.42
ITEM0012420,ORD004174,PROD00031,2,35925.19,22.65
ITEM0012421,ORD004174,PROD00092,2,15122.86,5.78
ITEM0012422,ORD004175,PROD00052,5,61565.28,2.87
ITEM0012423,ORD004175,PROD00089,3,48693.82,15.49
ITEM0012424,ORD004175,PROD00143,4,7714.97,4.62
ITEM0012425,ORD004175,PROD00171,5,69053.72,6.86
ITEM0012426,ORD004176,PROD00140,3,40871.57,4.04
ITEM0012427,ORD004176,PROD00184,4,9192.89,22.34
ITEM0012428,ORD004176,PROD00200,5,39111.52,18.69
ITEM0012429,ORD004176,PROD00158,2,19647.79,28.01
ITEM0012430,ORD004176,PROD00134,3,22336.32,12.17
ITEM0012431,ORD004177,PROD00026,5,61181.58,23.26
ITEM0012432,ORD004177,PROD00049,1,41859.14,0.68
ITEM0012433,ORD004177,PROD00121,5,48301.54,24.48
ITEM0012434,ORD004177,PROD00012,4,54772.6,38.57
ITEM0012435,ORD004177,PROD00047,5,15957.62,37.22
ITEM0012436,ORD004178,PROD00170,4,3207.1,28.44
ITEM0012437,ORD004178,PROD00199,3,7886.41,2.18
ITEM0012438,ORD004178,PROD00088,4,20110.68,5.25
ITEM0012439,ORD004178,PROD00175,4,24916.27,5.93
ITEM0012440,ORD004178,PROD00164,5,55293.24,32.96
ITEM0012441,ORD004179,PROD00120,4,61766.91,2.8
ITEM0012442,ORD004179,PROD00159,5,61767.02,0.15
ITEM0012443,ORD004179,PROD00197,5,8516.21,11.97
ITEM0012444,ORD004179,PROD00171,2,52489.25,37.28
ITEM0012445,ORD004179,PROD00013,5,51743.93,35.81
ITEM0012446,ORD004180,PROD00046,5,38165.38,20.88
ITEM0012447,ORD004180,PROD00093,2,7999.76,18.06
ITEM0012448,ORD004181,PROD00151,3,3030.41,32.58
ITEM0012449,ORD004181,PROD00107,4,63666.29,24.99
ITEM0012450,ORD004181,PROD00100,4,4373.49,5.13
ITEM0012451,ORD004181,PROD00144,3,43711.53,10.97
ITEM0012452,ORD004182,PROD00193,2,272.33,6.82
ITEM0012453,ORD004182,PROD00085,4,48591.63,10.67
ITEM0012454,ORD004183,PROD00029,3,18913.8,3.61
ITEM0012455,ORD004183,PROD00013,3,36961.14,21.92
ITEM0012456,ORD004183,PROD00008,4,53964.83,2.83
ITEM0012457,ORD004183,PROD00060,5,15470.59,39.95
ITEM0012458,ORD004184,PROD00022,1,66051.05,9.78
ITEM0012459,ORD004184,PROD00062,5,67926.01,11.4
ITEM0012460,ORD004184,PROD00042,1,64358.55,15.21
ITEM0012461,ORD004185,PROD00123,1,58816.11,17.21
ITEM0012462,ORD004185,PROD00016,4,51272.67,24.07
ITEM0012463,ORD004186,PROD00071,5,19586.57,21.4
ITEM0012464,ORD004187,PROD00023,4,33186.06,39.97
ITEM0012465,ORD004187,PROD00079,1,30933.38,0.77
ITEM0012466,ORD004188,PROD00004,5,3018.89,32.89
ITEM0012467,ORD004188,PROD00169,3,33017.49,8.97
ITEM0012468,ORD004188,PROD00126,4,64988.15,13.96
ITEM0012469,ORD004188,PROD00157,3,12932.1,8.6
ITEM0012470,ORD004188,PROD00072,1,6624.03,9.01
ITEM0012471,ORD004189,PROD00008,1,63475.87,9.0
ITEM0012472,ORD004190,PROD00073,4,6310.18,31.73
ITEM0012473,ORD004190,PROD00118,3,47960.79,38.05
ITEM0012474,ORD004191,PROD00196,5,33258.7,37.25
ITEM0012475,ORD004191,PROD00080,3,4169.24,21.34
ITEM0012476,ORD004191,PROD00136,3,9074.74,10.46
ITEM0012477,ORD004191,PROD00068,4,48465.68,8.68
ITEM0012478,ORD004191,PROD00022,4,65804.7,30.21
ITEM0012479,ORD004192,PROD00109,1,51317.79,1.59
ITEM0012480,ORD004192,PROD00176,4,48959.43,13.98
ITEM0012481,ORD004192,PROD00098,1,38831.57,27.52
ITEM0012482,ORD004192,PROD00111,3,75823.53,8.57
ITEM0012483,ORD004192,PROD00186,4,45269.46,0.21
ITEM0012484,ORD004193,PROD00061,4,39142.09,16.75
ITEM0012485,ORD004194,PROD00193,3,326.66,27.81
ITEM0012486,ORD004194,PROD00111,5,77030.99,25.81
ITEM0012487,ORD004194,PROD00171,2,72358.77,4.25
ITEM0012488,ORD004194,PROD00160,4,48702.22,30.04
ITEM0012489,ORD004194,PROD00183,1,70983.45,24.01
ITEM0012490,ORD004195,PROD00105,4,60601.12,1.58
ITEM0012491,ORD004196,PROD00072,5,7183.58,34.16
ITEM0012492,ORD004196,PROD00102,5,40936.06,14.39
ITEM0012493,ORD004197,PROD00162,4,24957.39,26.37
ITEM0012494,ORD004198,PROD00190,1,53047.36,17.33
ITEM0012495,ORD004198,PROD00075,3,16763.92,11.32
ITEM0012496,ORD004198,PROD00132,1,10794.82,30.76
ITEM0012497,ORD004198,PROD00114,2,46859.33,33.06
ITEM0012498,ORD004198,PROD00124,2,29335.43,14.74
ITEM0012499,ORD004199,PROD00018,5,12065.0,29.86
ITEM0012500,ORD004199,PROD00060,3,14929.72,24.12
ITEM0012501,ORD004199,PROD00100,5,4249.85,5.02
ITEM0012502,ORD004199,PROD00073,2,6463.21,13.71
ITEM0012503,ORD004200,PROD00082,2,50945.07,32.1
ITEM0012504,ORD004200,PROD00180,3,49160.77,34.07
ITEM0012505,ORD004200,PROD00107,2,66801.79,29.28
ITEM0012506,ORD004200,PROD00153,2,42709.53,4.14
ITEM0012507,ORD004200,PROD00048,5,2171.8,35.7
ITEM0012508,ORD004201,PROD00174,1,38104.22,14.44
ITEM0012509,ORD004202,PROD00123,1,78754.54,6.48
ITEM0012510,ORD004202,PROD00080,5,6321.4,24.19
ITEM0012511,ORD004202,PROD00054,5,22227.47,16.12
ITEM0012512,ORD004202,PROD00151,3,2782.4,39.84
ITEM0012513,ORD004202,PROD00011,4,27267.23,11.82
ITEM0012514,ORD004203,PROD00011,1,26951.71,3.3
ITEM0012515,ORD004203,PROD00120,1,75121.74,18.44
ITEM0012516,ORD004204,PROD00152,2,61956.93,39.18
ITEM0012517,ORD004204,PROD00199,4,5605.69,3.02
ITEM0012518,ORD004204,PROD00192,3,39685.26,35.92
ITEM0012519,ORD004204,PROD00103,5,56351.08,10.39
ITEM0012520,ORD004204,PROD00190,1,38974.61,39.9
ITEM0012521,ORD004205,PROD00019,4,5055.72,31.46
ITEM0012522,ORD004205,PROD00026,5,60527.84,24.65
ITEM0012523,ORD004205,PROD00027,4,57637.66,29.48
ITEM0012524,ORD004205,PROD00115,1,74392.12,33.28
ITEM0012525,ORD004206,PROD00065,1,77184.88,1.97
ITEM0012526,ORD004206,PROD00009,5,45778.81,14.32
ITEM0012527,ORD004207,PROD00135,4,61780.39,37.01
ITEM0012528,ORD004207,PROD00032,2,71150.86,8.26
ITEM0012529,ORD004207,PROD00118,4,42195.06,2.9
ITEM0012530,ORD004208,PROD00095,1,22363.37,16.57
ITEM0012531,ORD004208,PROD00163,1,22655.76,16.04
ITEM0012532,ORD004208,PROD00168,-3,53426.84,8.11
ITEM0012533,ORD004209,PROD00173,4,20180.83,33.92
ITEM0012534,ORD004209,PROD00142,5,32855.54,30.75
ITEM0012535,ORD004209,PROD00098,1,56423.68,0.1
ITEM0012536,ORD004209,PROD00065,5,65962.23,21.47
ITEM0012537,ORD004210,PROD00008,2,48704.93,7.65
ITEM0012538,ORD004211,PROD00004,1,4359.27,25.91
ITEM0012539,ORD004211,PROD00046,2,43325.44,24.32
ITEM0012540,ORD004211,PROD00092,1,18330.93,26.81
ITEM0012541,ORD004211,PROD00124,1,27622.78,38.39
ITEM0012542,ORD004211,PROD00087,4,41490.34,13.1
ITEM0012543,ORD004212,PROD00026,5,59948.07,38.24
ITEM0012544,ORD004212,PROD00146,3,74952.64,16.73
ITEM0012545,ORD004212,PROD00126,1,65244.05,3.7
ITEM0012546,ORD004213,PROD00099,1,51416.75,19.87
ITEM0012547,ORD004213,PROD00058,1,15257.18,26.51
ITEM0012548,ORD004213,PROD00027,1,54273.03,23.03
ITEM0012549,ORD004213,PROD00148,2,60614.59,26.69
ITEM0012550,ORD004213,PROD00095,5,26740.14,35.41
ITEM0012551,ORD004214,PROD00083,1,54462.7,38.76
ITEM0012552,ORD004214,PROD00018,4,10543.78,27.77
ITEM0012553,ORD004214,PROD00179,1,49774.41,14.58
ITEM0012554,ORD004214,PROD00031,4,32021.97,17.12
ITEM0012555,ORD004215,PROD00148,1,44953.37,27.15
ITEM0012556,ORD004215,PROD00030,1,48025.18,15.93
ITEM0012557,ORD004216,PROD00130,4,35233.72,7.14
ITEM0012558,ORD004216,PROD00103,4,41346.19,35.28
ITEM0012559,ORD004217,PROD00068,5,50312.61,12.2
ITEM0012560,ORD004218,PROD00139,4,41965.42,15.96
ITEM0012561,ORD004218,PROD00026,5,53856.39,24.51
ITEM0012562,ORD004218,PROD00084,5,36128.92,4.54
ITEM0012563,ORD004219,PROD00098,1,58889.21,28.74
ITEM0012564,ORD004220,PROD00113,1,36463.31,7.19
ITEM0012565,ORD004220,PROD00178,1,15601.34,32.25
ITEM0012566,ORD004220,PROD00019,4,5606.52,32.09
ITEM0012567,ORD004220,PROD00191,5,29848.13,5.92
ITEM0012568,ORD004220,PROD00147,4,35209.82,5.33
ITEM0012569,ORD004221,PROD00129,3,70371.67,12.33
ITEM0012570,ORD004221,PROD00093,3,9362.85,16.05
ITEM0012571,ORD004221,PROD00064,3,26103.12,17.18
ITEM0012572,ORD004221,PROD00004,-2,4205.03,16.01
ITEM0012573,ORD004222,PROD00161,5,13933.25,29.52
ITEM0012574,ORD004222,PROD00091,2,37156.56,10.41
ITEM0012575,ORD004222,PROD00012,2,53270.63,13.3
ITEM0012576,ORD004223,PROD00135,1,52687.18,26.82
ITEM0012577,ORD004223,PROD00136,1,10801.77,22.72
ITEM0012578,ORD004223,PROD00184,1,8068.39,15.4
ITEM0012579,ORD004224,PROD00039,5,24320.23,20.88
ITEM0012580,ORD004225,PROD00156,2,11892.35,22.36
ITEM0012581,ORD004225,PROD00172,2,483.09,24.38
ITEM0012582,ORD004225,PROD00120,3,80649.9,22.9
ITEM0012583,ORD004226,PROD00140,2,46028.71,20.5
ITEM0012584,ORD004226,PROD00153,4,37380.85,4.33
ITEM0012585,ORD004226,PROD00073,1,6632.65,32.23
ITEM0012586,ORD004226,PROD00092,2,17138.31,37.2
ITEM0012587,ORD004227,PROD00178,2,16979.1,24.43
ITEM0012588,ORD004228,PROD00184,2,8736.13,11.2
ITEM0012589,ORD004228,PROD00189,5,7367.15,32.34
ITEM0012590,ORD004228,PROD00198,2,23946.38,36.81
ITEM0012591,ORD004228,PROD00119,4,26038.36,7.02
ITEM0012592,ORD004228,PROD00030,4,60956.4,3.65
ITEM0012593,ORD004229,PROD00092,5,13262.19,15.46
ITEM0012594,ORD004229,PROD00013,4,42292.64,16.35
ITEM0012595,ORD004229,PROD00148,5,68344.14,39.95
ITEM0012596,ORD004230,PROD00141,5,30254.54,29.72
ITEM0012597,ORD004230,PROD00096,1,3133.2,21.26
ITEM0012598,ORD004230,PROD00114,5,49164.65,24.41
ITEM0012599,ORD004230,PROD00100,4,3564.88,33.96
ITEM0012600,ORD004231,PROD00134,3,26473.54,11.39
ITEM0012601,ORD004231,PROD00054,3,25886.52,35.04
ITEM0012602,ORD004231,PROD00047,3,21259.23,4.39
ITEM0012603,ORD004231,PROD00039,5,33802.72,28.59
ITEM0012604,ORD004232,PROD00114,1,50028.09,18.17
ITEM0012605,ORD004232,PROD00147,1,41098.83,17.74
ITEM0012606,ORD004232,PROD00156,2,11925.12,17.72
ITEM0012607,ORD004233,PROD00006,5,66952.65,2.08
ITEM0012608,ORD004234,PROD00106,1,63799.99,33.09
ITEM0012609,ORD004234,PROD00084,1,52825.41,17.34
ITEM0012610,ORD004234,PROD00087,4,33544.65,20.92
ITEM0012611,ORD004234,PROD00146,5,50559.09,35.8
ITEM0012612,ORD004234,PROD00009,4,34246.65,12.12
ITEM0012613,ORD004235,PROD00154,2,48349.56,3.4
ITEM0012614,ORD004235,PROD00172,5,459.88,20.79
ITEM0012615,ORD004235,PROD00058,2,14257.24,27.87
ITEM0012616,ORD004235,PROD00155,5,38165.95,33.8
ITEM0012617,ORD004236,PROD00138,1,41834.6,19.13
ITEM0012618,ORD004237,PROD00062,3,52390.69,18.89
ITEM0012619,ORD004237,PROD00124,1,33677.15,17.48
ITEM0012620,ORD004237,PROD00023,3,29112.71,9.18
ITEM0012621,ORD004238,PROD00117,5,18557.11,19.36
ITEM0012622,ORD004238,PROD00140,5,36246.42,15.26
ITEM0012623,ORD004239,PROD00125,2,50820.83,5.36
ITEM0012624,ORD004239,PROD00118,1,44018.76,16.93
ITEM0012625,ORD004240,PROD00132,3,8427.17,3.08
ITEM0012626,ORD004241,PROD00148,1,65330.25,12.55
ITEM0012627,ORD004241,PROD00155,4,41645.87,18.69
ITEM0012628,ORD004242,PROD00142,2,29268.23,37.34
ITEM0012629,ORD004242,PROD00141,1,24470.94,26.06
ITEM0012630,ORD004242,PROD00117,2,16167.69,24.9
ITEM0012631,ORD004242,PROD00065,5,77359.47,38.7
ITEM0012632,ORD004242,PROD00153,4,54475.72,8.81
ITEM0012633,ORD004243,PROD00123,4,73698.27,22.42
ITEM0012634,ORD004243,PROD00005,4,59562.73,11.83
ITEM0012635,ORD004243,PROD00069,4,63278.04,18.51
ITEM0012636,ORD004243,PROD00089,2,32827.49,35.93
ITEM0012637,ORD004244,PROD00008,5,49316.46,35.68
ITEM0012638,ORD004244,PROD00194,1,45254.61,17.05
ITEM0012639,ORD004245,PROD00132,4,10896.35,38.62
ITEM0012640,ORD004245,PROD00015,2,61806.51,5.43
ITEM0012641,ORD004245,PROD00041,5,35338.53,35.18
ITEM0012642,ORD004245,PROD00005,-3,69350.68,31.52
ITEM0012643,ORD004246,PROD00052,3,71964.12,37.29
ITEM0012644,ORD004247,PROD00122,2,72207.43,13.96
ITEM0012645,ORD004247,PROD00050,2,64327.88,16.2
ITEM0012646,ORD004247,PROD00195,4,6021.05,27.14
ITEM0012647,ORD004247,PROD00129,5,48594.8,1.76
ITEM0012648,ORD004248,PROD00103,4,59115.91,15.24
ITEM0012649,ORD004248,PROD00194,1,46190.42,0.45
ITEM0012650,ORD004249,PROD00054,1,25799.11,1.18
ITEM0012651,ORD004249,PROD00008,4,60792.95,8.94
ITEM0012652,ORD004249,PROD00063,5,42812.46,33.27
ITEM0012653,ORD004249,PROD00120,1,58189.61,4.0
ITEM0012654,ORD004249,PROD00080,5,4655.63,26.45
ITEM0012655,ORD004250,PROD00070,5,64675.97,3.48
ITEM0012656,ORD004250,PROD00043,3,26896.54,15.94
ITEM0012657,ORD004250,PROD00142,5,37190.64,16.4
ITEM0012658,ORD004250,PROD00069,5,54937.02,13.17
ITEM0012659,ORD004251,PROD00112,1,52782.9,10.25
ITEM0012660,ORD004251,PROD00061,5,50399.84,3.63
ITEM0012661,ORD004251,PROD00097,3,62964.14,6.04
ITEM0012662,ORD004252,PROD00097,2,67639.37,38.82
ITEM0012663,ORD004252,PROD00022,4,54159.79,6.99
ITEM0012664,ORD004252,PROD00099,3,46465.36,23.21
ITEM0012665,ORD004252,PROD00090,4,347.64,39.46
ITEM0012666,ORD004253,PROD00101,3,29533.19,31.47
ITEM0012667,ORD004253,PROD00107,1,65810.83,30.32
ITEM0012668,ORD004254,PROD00129,2,57317.39,21.9
ITEM0012669,ORD004254,PROD00163,2,21420.73,29.59
ITEM0012670,ORD004254,PROD00125,2,61656.35,6.47
ITEM0012671,ORD004254,PROD00105,2,54121.84,3.49
ITEM0012672,ORD004255,PROD00131,1,73281.85,16.05
ITEM0012673,ORD004256,PROD00091,5,38274.9,8.19
ITEM0012674,ORD004256,PROD00077,1,41989.53,3.16
ITEM0012675,ORD004256,PROD00008,2,54752.18,29.32
ITEM0012676,ORD004257,PROD00035,4,14826.38,36.45
ITEM0012677,ORD004258,PROD00131,3,59070.74,12.47
ITEM0012678,ORD004258,PROD00191,2,27403.75,1.11
ITEM0012679,ORD004258,PROD00019,-2,5385.46,31.23
ITEM0012680,ORD004259,PROD00187,1,50304.32,13.22
ITEM0012681,ORD004259,PROD00043,4,23157.21,9.56
ITEM0012682,ORD004259,PROD00161,2,11951.29,28.32
ITEM0012683,ORD004260,PROD00160,2,34062.1,30.76
ITEM0012684,ORD004260,PROD00195,4,5174.34,22.16
ITEM0012685,ORD004260,PROD00025,2,22667.89,20.37
ITEM0012686,ORD004260,PROD00029,1,20943.53,35.76
ITEM0012687,ORD004261,PROD00059,3,53980.57,34.15
ITEM0012688,ORD004261,PROD00121,2,57276.76,39.61
ITEM0012689,ORD004261,PROD00103,5,51815.68,3.95
ITEM0012690,ORD004262,PROD00025,4,18076.14,3.85
ITEM0012691,ORD004262,PROD00079,5,34025.42,16.38
ITEM0012692,ORD004262,PROD00182,3,15467.53,16.37
ITEM0012693,ORD004262,PROD00034,1,56300.01,24.58
ITEM0012694,ORD004263,PROD00060,3,10773.17,28.63
ITEM0012695,ORD004263,PROD00078,5,29261.51,17.03
ITEM0012696,ORD004263,PROD00131,-3,59406.01,10.28
ITEM0012697,ORD004264,PROD00050,3,58917.21,26.2
ITEM0012698,ORD004264,PROD00135,1,40021.96,26.18
ITEM0012699,ORD004264,PROD00145,2,36406.67,28.71
ITEM0012700,ORD004264,PROD00051,2,19488.73,18.13
ITEM0012701,ORD004264,PROD00148,4,49825.05,38.85
ITEM0012702,ORD004265,PROD00004,3,3474.03,37.38
ITEM0012703,ORD004265,PROD00060,1,16049.65,25.99
ITEM0012704,ORD004265,PROD00090,5,409.16,33.66
ITEM0012705,ORD004266,PROD00058,1,16704.38,20.03
ITEM0012706,ORD004266,PROD00001,4,59316.09,4.04
ITEM0012707,ORD004266,PROD00068,2,47343.87,11.69
ITEM0012708,ORD004266,PROD00007,2,35931.29,27.24
ITEM0012709,ORD004267,PROD00075,4,21859.07,1.65
ITEM0012710,ORD004267,PROD00152,4,48709.42,0.39
ITEM0012711,ORD004268,PROD00121,5,49442.28,33.01
ITEM0012712,ORD004268,PROD00009,1,41588.98,35.75
ITEM0012713,ORD004268,PROD00068,2,45540.3,37.86
ITEM0012714,ORD004268,PROD00144,1,40736.67,36.32
ITEM0012715,ORD004269,PROD00160,-3,34578.98,6.8
ITEM0012716,ORD004270,PROD00144,1,37134.29,5.76
ITEM0012717,ORD004271,PROD00017,2,33466.98,20.37
ITEM0012718,ORD004271,PROD00004,4,3308.36,25.65
ITEM0012719,ORD004272,PROD00163,1,25796.93,25.56
ITEM0012720,ORD004272,PROD00105,4,53391.25,14.95
ITEM0012721,ORD004272,PROD00044,5,49314.25,26.18
ITEM0012722,ORD004272,PROD00156,3,13239.94,30.33
ITEM0012723,ORD004273,PROD00130,4,33705.23,24.91
ITEM0012724,ORD004273,PROD00127,2,5162.86,22.08
ITEM0012725,ORD004273,PROD00173,2,20387.62,35.74
ITEM0012726,ORD004273,PROD00185,4,19019.75,12.56
ITEM0012727,ORD004273,PROD00061,5,40945.9,8.48
ITEM0012728,ORD004274,PROD00174,5,40034.1,32.67
ITEM0012729,ORD004274,PROD00010,2,40022.74,33.36
ITEM0012730,ORD004275,PROD00171,3,72515.68,20.56
ITEM0012731,ORD004275,PROD00065,5,69134.43,36.38
ITEM0012732,ORD004275,PROD00036,-2,72760.75,32.41
ITEM0012733,ORD004275,PROD00031,1,38214.6,23.57
ITEM0012734,ORD004275,PROD00032,1,50214.08,1.56
ITEM0012735,ORD004276,PROD00193,2,354.33,22.12
ITEM0012736,ORD004276,PROD00021,2,15670.28,2.58
ITEM0012737,ORD004276,PROD00137,4,50873.92,35.18
ITEM0012738,ORD004276,PROD00022,4,49060.58,19.2
ITEM0012739,ORD004276,PROD00066,5,45880.56,36.41
ITEM0012740,ORD004277,PROD00026,1,51942.57,11.49
ITEM0012741,ORD004277,PROD00072,2,6474.12,1.15
ITEM0012742,ORD004277,PROD00011,3,36117.02,11.32
ITEM0012743,ORD004277,PROD00152,1,45510.92,32.42
ITEM0012744,ORD004278,PROD00182,1,20303.65,2.51
ITEM0012745,ORD004278,PROD00121,2,54994.98,15.75
ITEM0012746,ORD004278,PROD00112,2,43636.72,18.91
ITEM0012747,ORD004278,PROD00190,2,38392.77,10.28
ITEM0012748,ORD004279,PROD00182,2,20109.22,20.87
ITEM0012749,ORD004279,PROD00073,4,4689.44,6.61
ITEM0012750,ORD004280,PROD00100,2,4774.51,8.14
ITEM0012751,ORD004281,PROD00151,4,2906.92,19.65
ITEM0012752,ORD004281,PROD00085,5,41667.78,6.82
ITEM0012753,ORD004281,PROD00176,1,43402.03,5.27
ITEM0012754,ORD004281,PROD00076,1,57639.18,22.33
ITEM0012755,ORD004281,PROD00014,4,74007.66,21.89
ITEM0012756,ORD004282,PROD00127,4,5256.54,16.85
ITEM0012757,ORD004282,PROD00032,2,57674.0,4.55
ITEM0012758,ORD004282,PROD00053,1,71305.04,26.84
ITEM0012759,ORD004283,PROD00082,1,59086.14,7.3
ITEM0012760,ORD004284,PROD00190,2,46647.5,32.8
ITEM0012761,ORD004284,PROD00054,4,20411.65,19.15
ITEM0012762,ORD004284,PROD00019,4,4248.28,2.04
ITEM0012763,ORD004284,PROD00033,1,33290.26,13.49
ITEM0012764,ORD004284,PROD00059,4,56550.22,24.81
ITEM0012765,ORD004285,PROD00171,1,57334.7,25.14
ITEM0012766,ORD004285,PROD00157,4,16811.26,3.83
ITEM0012767,ORD004285,PROD00188,3,10596.89,3.42
ITEM0012768,ORD004286,PROD00015,3,63532.22,16.2
ITEM0012769,ORD004286,PROD00073,1,4972.44,27.0
ITEM0012770,ORD004287,PROD00125,2,59965.7,17.34
ITEM0012771,ORD004287,PROD00078,1,31488.19,27.5
ITEM0012772,ORD004287,PROD00108,1,44509.86,6.89
ITEM0012773,ORD004287,PROD00104,4,49648.95,26.49
ITEM0012774,ORD004287,PROD00158,3,20648.07,33.55
ITEM0012775,ORD004288,PROD00024,1,25768.71,5.87
ITEM0012776,ORD004288,PROD00049,4,31170.28,31.95
ITEM0012777,ORD004288,PROD00040,1,17278.86,16.28
ITEM0012778,ORD004288,PROD00003,4,47450.61,18.0
ITEM0012779,ORD004288,PROD00167,4,10478.79,25.63
ITEM0012780,ORD004289,PROD00028,4,79337.21,33.05
ITEM0012781,ORD004289,PROD00010,4,33683.44,2.55
ITEM0012782,ORD004290,PROD00198,4,23188.62,19.54
ITEM0012783,ORD004291,PROD00104,2,53826.4,9.58
ITEM0012784,ORD004292,PROD00112,5,43439.65,36.78
ITEM0012785,ORD004292,PROD00153,5,39032.57,22.34
ITEM0012786,ORD004292,PROD00155,1,39767.78,18.35
ITEM0012787,ORD004293,PROD00155,2,29028.73,37.69
ITEM0012788,ORD004294,PROD00054,2,21471.23,35.17
ITEM0012789,ORD004294,PROD00114,2,45731.95,28.74
ITEM0012790,ORD004295,PROD00076,1,57686.6,15.94
ITEM0012791,ORD004295,PROD00178,2,11113.33,21.88
ITEM0012792,ORD004295,PROD00063,4,49175.69,38.16
ITEM0012793,ORD004296,PROD00122,-3,59502.19,26.62
ITEM0012794,ORD004296,PROD00198,1,29117.51,2.7
ITEM0012795,ORD004297,PROD00109,4,41171.57,35.25
ITEM0012796,ORD004297,PROD00013,1,53062.13,19.01
ITEM0012797,ORD004298,PROD00125,5,69260.83,21.6
ITEM0012798,ORD004298,PROD00067,5,46718.77,9.43
ITEM0012799,ORD004299,PROD00129,4,53722.8,14.9
ITEM0012800,ORD004299,PROD00183,-1,59044.63,38.81
ITEM0012801,ORD004299,PROD00075,3,18406.43,19.11
ITEM0012802,ORD004300,PROD00006,2,56671.12,20.69
ITEM0012803,ORD004301,PROD00110,4,34142.53,13.8
ITEM0012804,ORD004301,PROD00146,4,69945.91,8.0
ITEM0012805,ORD004301,PROD00013,2,43694.3,7.29
ITEM0012806,ORD004302,PROD00082,2,60691.92,36.89
ITEM0012807,ORD004303,PROD00082,4,53011.1,1.79
ITEM0012808,ORD004304,PROD00141,1,22999.95,12.67
ITEM0012809,ORD004304,PROD00011,4,25910.21,25.77
ITEM0012810,ORD004304,PROD00050,2,60746.47,11.71
ITEM0012811,ORD004304,PROD00162,1,36451.35,0.1
ITEM0012812,ORD004305,PROD00127,5,5256.53,38.21
ITEM0012813,ORD004305,PROD00108,2,54180.02,20.14
ITEM0012814,ORD004305,PROD00193,4,399.5,32.24
ITEM0012815,ORD004306,PROD00185,5,19565.33,6.58
ITEM0012816,ORD004307,PROD00098,3,46528.87,25.3
ITEM0012817,ORD004307,PROD00049,1,31997.67,7.28
ITEM0012818,ORD004308,PROD00096,4,3368.54,19.6
ITEM0012819,ORD004308,PROD00083,4,57797.61,30.54
ITEM0012820,ORD004308,PROD00027,1,70377.55,6.52
ITEM0012821,ORD004309,PROD00200,-3,54345.03,36.23
ITEM0012822,ORD004310,PROD00032,2,51810.23,14.75
ITEM0012823,ORD004310,PROD00179,4,46111.61,37.41
ITEM0012824,ORD004311,PROD00142,5,38969.32,24.04
ITEM0012825,ORD004311,PROD00147,5,42467.94,38.09
ITEM0012826,ORD004311,PROD00053,4,83985.23,14.68
ITEM0012827,ORD004311,PROD00023,2,38808.72,31.68
ITEM0012828,ORD004312,PROD00031,3,29735.63,6.08
ITEM0012829,ORD004312,PROD00080,3,6705.47,1.89
ITEM0012830,ORD004312,PROD00131,3,71333.4,28.05
ITEM0012831,ORD004312,PROD00175,5,19577.51,19.08
ITEM0012832,ORD004312,PROD00003,2,35749.69,5.65
ITEM0012833,ORD004313,PROD00132,4,7448.42,12.73
ITEM0012834,ORD004313,PROD00039,4,29651.4,38.77
ITEM0012835,ORD004313,PROD00176,2,39641.23,24.19
ITEM0012836,ORD004313,PROD00159,1,70530.38,23.4
ITEM0012837,ORD004313,PROD00097,3,63478.87,9.21
ITEM0012838,ORD004314,PROD00099,4,46372.83,14.56
ITEM0012839,ORD004314,PROD00116,4,30119.52,39.38
ITEM0012840,ORD004314,PROD00118,1,57693.75,17.12
ITEM0012841,ORD004314,PROD00144,4,52321.61,5.7
ITEM0012842,ORD004314,PROD00121,1,45438.08,9.84
ITEM0012843,ORD004315,PROD00152,2,50092.02,8.95
ITEM0012844,ORD004315,PROD00071,4,25873.84,35.26
ITEM0012845,ORD004315,PROD00125,3,78436.61,19.02
ITEM0012846,ORD004315,PROD00180,1,32609.76,20.2
ITEM0012847,ORD004316,PROD00112,2,61165.72,28.93
ITEM0012848,ORD004316,PROD00038,1,54652.37,35.03
ITEM0012849,ORD004317,PROD00029,5,18733.75,15.32
ITEM0012850,ORD004317,PROD00041,4,48653.53,9.47
ITEM0012851,ORD004317,PROD00005,3,59190.28,15.25
ITEM0012852,ORD004317,PROD00129,2,49439.83,38.98
ITEM0012853,ORD004318,PROD00020,3,61471.21,39.89
ITEM0012854,ORD004318,PROD00180,1,36575.33,28.98
ITEM0012855,ORD004318,PROD00179,3,41550.71,29.89
ITEM0012856,ORD004319,PROD00192,3,36298.91,12.39
ITEM0012857,ORD004319,PROD00025,5,22283.46,0.59
ITEM0012858,ORD004319,PROD00145,4,30250.73,1.74
ITEM0012859,ORD004319,PROD00179,4,48919.69,23.22
ITEM0012860,ORD004319,PROD00116,2,33458.87,14.83
ITEM0012861,ORD004320,PROD00072,3,6315.83,1.16
ITEM0012862,ORD004321,PROD00114,2,31029.19,0.69
ITEM0012863,ORD004321,PROD00121,1,46622.65,12.73
ITEM0012864,ORD004321,PROD00101,2,31231.6,21.32
ITEM0012865,ORD004322,PROD00037,5,28608.73,15.36
ITEM0012866,ORD004322,PROD00200,2,58785.26,24.63
ITEM0012867,ORD004322,PROD00069,3,61946.84,8.09
ITEM0012868,ORD004323,PROD00041,3,49195.56,7.41
ITEM0012869,ORD004324,PROD00055,2,59814.78,3.83
ITEM0012870,ORD004324,PROD00139,1,40382.28,35.78
ITEM0012871,ORD004324,PROD00010,3,42355.11,25.19
ITEM0012872,ORD004325,PROD00092,1,17492.1,2.84
ITEM0012873,ORD004325,PROD00176,3,39081.61,8.63
ITEM0012874,ORD004325,PROD00160,5,37388.27,1.24
ITEM0012875,ORD004325,PROD00081,3,19305.0,28.05
ITEM0012876,ORD004325,PROD00131,3,51416.67,37.55
ITEM0012877,ORD004326,PROD00178,3,12939.07,6.85
ITEM0012878,ORD004326,PROD00169,5,35182.41,15.29
ITEM0012879,ORD004327,PROD00089,1,32510.18,27.53
ITEM0012880,ORD004327,PROD00078,1,34129.51,27.41
ITEM0012881,ORD004328,PROD00126,4,64264.96,15.25
ITEM0012882,ORD004328,PROD00008,1,55684.77,2.6
ITEM0012883,ORD004328,PROD00073,-2,7032.23,23.45
ITEM0012884,ORD004328,PROD00024,5,29413.08,12.05
ITEM0012885,ORD004328,PROD00135,3,59763.61,26.32
ITEM0012886,ORD004329,PROD00116,1,28129.04,38.44
ITEM0012887,ORD004329,PROD00052,3,57086.74,29.18
ITEM0012888,ORD004329,PROD00179,2,56293.78,21.68
ITEM0012889,ORD004329,PROD00183,2,87030.01,1.01
ITEM0012890,ORD004329,PROD00053,2,60187.87,37.61
ITEM0012891,ORD004330,PROD00094,2,57189.74,36.35
ITEM0012892,ORD004330,PROD00165,3,41051.95,39.52
ITEM0012893,ORD004330,PROD00133,2,44227.61,31.25
ITEM0012894,ORD004330,PROD00034,5,54124.78,26.96
ITEM0012895,ORD004331,PROD00049,5,38570.13,25.92
ITEM0012896,ORD004331,PROD00192,2,33133.31,29.15
ITEM0012897,ORD004331,PROD00053,5,62064.32,13.4
ITEM0012898,ORD004332,PROD00070,4,65239.14,39.18
ITEM0012899,ORD004332,PROD00106,1,67293.34,33.5
ITEM0012900,ORD004332,PROD00016,4,67012.25,15.98
ITEM0012901,ORD004332,PROD00004,3,3802.04,20.14
ITEM0012902,ORD004333,PROD00047,5,16138.99,29.84
ITEM0012903,ORD004333,PROD00129,5,61417.28,25.33
ITEM0012904,ORD004333,PROD00152,5,51332.31,38.85
ITEM0012905,ORD004333,PROD00102,4,29785.09,35.82
ITEM0012906,ORD004334,PROD00048,1,2038.31,20.83
ITEM0012907,ORD004334,PROD00123,-2,54956.44,13.71
ITEM0012908,ORD004334,PROD00052,4,86746.06,13.6
ITEM0012909,ORD004334,PROD00003,4,33037.92,37.69
ITEM0012910,ORD004335,PROD00125,5,78866.13,33.79
ITEM0012911,ORD004335,PROD00164,2,54083.16,23.63
ITEM0012912,ORD004336,PROD00157,5,13038.23,1.74
ITEM0012913,ORD004337,PROD00188,5,9668.56,28.11
ITEM0012914,ORD004337,PROD00037,1,38326.24,26.59
ITEM0012915,ORD004337,PROD00200,5,47940.66,24.92
ITEM0012916,ORD004337,PROD00132,1,8098.69,22.0
ITEM0012917,ORD004337,PROD00063,5,43304.73,31.29
ITEM0012918,ORD004338,PROD00121,3,66390.4,0.9
ITEM0012919,ORD004338,PROD00177,4,87578.67,39.29
ITEM0012920,ORD004338,PROD00160,2,37827.84,26.57
ITEM0012921,ORD004338,PROD00014,3,64438.17,21.71
ITEM0012922,ORD004338,PROD00025,-2,15860.81,35.58
ITEM0012923,ORD004339,PROD00036,5,62226.33,4.15
ITEM0012924,ORD004339,PROD00054,3,22405.93,10.24
ITEM0012925,ORD004339,PROD00108,2,43920.31,2.45
ITEM0012926,ORD004339,PROD00090,4,350.49,29.14
ITEM0012927,ORD004339,PROD00179,1,42431.27,39.73
ITEM0012928,ORD004340,PROD00026,5,38371.76,7.77
ITEM0012929,ORD004340,PROD00038,1,50988.98,19.93
ITEM0012930,ORD004340,PROD00113,2,49894.29,8.24
ITEM0012931,ORD004340,PROD00025,5,20307.71,22.71
ITEM0012932,ORD004341,PROD00091,2,46855.93,34.89
ITEM0012933,ORD004341,PROD00147,-3,40519.11,2.04
ITEM0012934,ORD004341,PROD00075,2,22872.26,36.71
ITEM0012935,ORD004341,PROD00165,4,36509.94,20.55
ITEM0012936,ORD004341,PROD00101,3,30456.41,19.15
ITEM0012937,ORD004342,PROD00157,1,19052.51,33.21
ITEM0012938,ORD004342,PROD00151,1,3312.45,14.19
ITEM0012939,ORD004342,PROD00175,4,18488.17,34.38
ITEM0012940,ORD004343,PROD00084,4,34797.82,4.54
ITEM0012941,ORD004343,PROD00192,2,44689.19,23.26
ITEM0012942,ORD004344,PROD00164,1,72077.61,16.85
ITEM0012943,ORD004345,PROD00021,4,18494.26,11.37
ITEM0012944,ORD004345,PROD00002,5,15449.58,27.11
ITEM0012945,ORD004345,PROD00156,3,10200.97,31.71
ITEM0012946,ORD004345,PROD00028,5,64116.89,4.67
ITEM0012947,ORD004346,PROD00014,4,82583.54,17.02
ITEM0012948,ORD004346,PROD00064,2,20161.78,13.3
ITEM0012949,ORD004347,PROD00063,2,36520.71,17.88
ITEM0012950,ORD004347,PROD00111,2,77767.56,13.87
ITEM0012951,ORD004347,PROD00146,5,73345.65,28.38
ITEM0012952,ORD004348,PROD00200,4,48232.12,39.82
ITEM0012953,ORD004348,PROD00072,4,6356.92,13.34
ITEM0012954,ORD004349,PROD00008,5,57777.34,32.4
ITEM0012955,ORD004350,PROD00166,5,577.49,36.85
ITEM0012956,ORD004351,PROD00021,1,21692.1,28.81
ITEM0012957,ORD004351,PROD00003,2,33178.76,28.29
ITEM0012958,ORD004351,PROD00195,3,4533.26,25.17
ITEM0012959,ORD004352,PROD00181,3,46444.75,17.91
ITEM0012960,ORD004352,PROD00033,-3,29931.87,1.56
ITEM0012961,ORD004352,PROD00036,1,64683.75,25.6
ITEM0012962,ORD004352,PROD00135,3,60334.18,5.29
ITEM0012963,ORD004352,PROD00038,4,43607.99,13.04
ITEM0012964,ORD004353,PROD00020,4,58989.01,3.37
ITEM0012965,ORD004353,PROD00179,5,40869.74,24.66
ITEM0012966,ORD004353,PROD00193,4,286.01,36.82
ITEM0012967,ORD004353,PROD00063,5,45097.52,12.99
ITEM0012968,ORD004353,PROD00192,2,46498.36,5.42
ITEM0012969,ORD004354,PROD00095,3,29063.97,26.63
ITEM0012970,ORD004354,PROD00104,4,58126.4,35.59
ITEM0012971,ORD004354,PROD00175,4,25726.95,18.23
ITEM0012972,ORD004355,PROD00042,2,68513.29,23.27
ITEM0012973,ORD004355,PROD00098,1,47724.78,23.73
ITEM0012974,ORD004355,PROD00160,4,38612.11,32.76
ITEM0012975,ORD004355,PROD00030,2,71353.85,3.2
ITEM0012976,ORD004356,PROD00027,2,53570.15,11.65
ITEM0012977,ORD004356,PROD00043,1,28467.4,17.3
ITEM0012978,ORD004356,PROD00050,1,69491.74,35.84
ITEM0012979,ORD004356,PROD00069,1,70565.79,26.57
ITEM0012980,ORD004356,PROD00138,3,43321.11,16.15
ITEM0012981,ORD004357,PROD00058,1,17736.81,32.49
ITEM0012982,ORD004358,PROD00038,3,40216.7,15.99
ITEM0012983,ORD004358,PROD00162,2,32559.02,26.38
ITEM0012984,ORD004358,PROD00046,3,35775.16,16.17
ITEM0012985,ORD004358,PROD00022,2,62422.0,29.59
ITEM0012986,ORD004359,PROD00177,3,71025.62,3.48
ITEM0012987,ORD004359,PROD00057,3,28862.22,35.3
ITEM0012988,ORD004360,PROD00057,2,36212.18,39.05
ITEM0012989,ORD004360,PROD00052,5,69556.16,11.56
ITEM0012990,ORD004360,PROD00123,2,70859.01,18.96
ITEM0012991,ORD004360,PROD00036,3,59892.94,8.92
ITEM0012992,ORD004360,PROD00095,3,22979.6,22.54
ITEM0012993,ORD004361,PROD00166,5,404.07,39.7
ITEM0012994,ORD004361,PROD00003,5,50350.0,33.21
ITEM0012995,ORD004361,PROD00199,1,5516.31,16.51
ITEM0012996,ORD004361,PROD00170,1,2839.0,5.23
ITEM0012997,ORD004361,PROD00044,1,66389.15,3.5
ITEM0012998,ORD004362,PROD00045,1,57272.27,38.03
ITEM0012999,ORD004362,PROD00132,5,10667.21,11.71
ITEM0013000,ORD004363,PROD00183,3,69861.71,30.18
ITEM0013001,ORD004363,PROD00194,5,59279.87,11.85
ITEM0013002,ORD004364,PROD00064,4,26861.32,5.74
ITEM0013003,ORD004365,PROD00108,2,45630.55,9.66
ITEM0013004,ORD004366,PROD00110,1,27337.02,11.06
ITEM0013005,ORD004366,PROD00164,2,50922.45,8.05
ITEM0013006,ORD004366,PROD00001,1,52372.94,12.77
ITEM0013007,ORD004366,PROD00104,4,58826.41,4.51
ITEM0013008,ORD004366,PROD00161,1,15414.29,31.87
ITEM0013009,ORD004367,PROD00046,1,29089.31,15.62
ITEM0013010,ORD004367,PROD00126,4,68735.2,11.5
ITEM0013011,ORD004367,PROD00011,3,30539.2,10.89
ITEM0013012,ORD004368,PROD00087,1,34419.56,27.86
ITEM0013013,ORD004368,PROD00191,2,26797.72,18.65
ITEM0013014,ORD004368,PROD00131,2,51091.0,17.62
ITEM0013015,ORD004369,PROD00120,4,59403.63,11.11
ITEM0013016,ORD004369,PROD00095,1,22435.08,37.8
ITEM0013017,ORD004370,PROD00091,2,36928.8,12.34
ITEM0013018,ORD004370,PROD00166,2,446.89,25.54
ITEM0013019,ORD004370,PROD00079,4,41977.89,2.38
ITEM0013020,ORD004371,PROD00004,2,3736.96,17.08
ITEM0013021,ORD004371,PROD00161,2,12312.05,27.03
ITEM0013022,ORD004371,PROD00031,1,38476.1,0.4
ITEM0013023,ORD004371,PROD00072,1,7297.63,18.1
ITEM0013024,ORD004372,PROD00182,4,15752.23,19.65
ITEM0013025,ORD004372,PROD00195,5,6791.45,20.99
ITEM0013026,ORD004372,PROD00191,5,23933.64,11.87
ITEM0013027,ORD004373,PROD00103,3,56781.65,14.45
ITEM0013028,ORD004374,PROD00176,3,52504.94,4.87
ITEM0013029,ORD004374,PROD00114,4,50051.32,26.81
ITEM0013030,ORD004374,PROD00090,4,353.06,3.19
ITEM0013031,ORD004374,PROD00078,2,28723.2,17.12
ITEM0013032,ORD004375,PROD00153,2,38360.38,2.15
ITEM0013033,ORD004375,PROD00093,3,8745.95,31.54
ITEM0013034,ORD004375,PROD00070,2,55165.1,0.0
ITEM0013035,ORD004375,PROD00168,5,53343.14,32.18
ITEM0013036,ORD004376,PROD00027,3,55830.41,11.22
ITEM0013037,ORD004376,PROD00026,2,46910.59,16.41
ITEM0013038,ORD004376,PROD00121,3,59345.13,4.68
ITEM0013039,ORD004377,PROD00015,1,55730.08,5.76
ITEM0013040,ORD004378,PROD00055,4,61941.98,1.28
ITEM0013041,ORD004378,PROD00167,5,14216.82,32.48
ITEM0013042,ORD004378,PROD00113,1,37133.02,28.39
ITEM0013043,ORD004378,PROD00010,3,31123.76,13.36
ITEM0013044,ORD004378,PROD00039,1,29351.59,21.05
ITEM0013045,ORD004379,PROD00031,2,27852.38,8.17
ITEM0013046,ORD004379,PROD00039,1,34431.92,6.06
ITEM0013047,ORD004379,PROD00012,3,70237.92,15.41
ITEM0013048,ORD004379,PROD00091,1,37462.37,16.03
ITEM0013049,ORD004380,PROD00020,4,63959.75,18.99
ITEM0013050,ORD004380,PROD00019,4,5093.5,38.66
ITEM0013051,ORD004381,PROD00107,2,85712.6,35.78
ITEM0013052,ORD004381,PROD00128,3,66209.51,18.66
ITEM0013053,ORD004382,PROD00184,4,6969.95,26.38
ITEM0013054,ORD004382,PROD00116,1,36176.96,15.1
ITEM0013055,ORD004382,PROD00084,2,40360.42,17.95
ITEM0013056,ORD004383,PROD00103,4,61892.8,21.9
ITEM0013057,ORD004383,PROD00161,4,16758.25,18.59
ITEM0013058,ORD004383,PROD00024,3,32113.72,23.4
ITEM0013059,ORD004383,PROD00169,5,30893.15,17.67
ITEM0013060,ORD004384,PROD00169,1,36601.19,19.14
ITEM0013061,ORD004384,PROD00044,2,59729.3,2.76
ITEM0013062,ORD004384,PROD00104,2,63885.02,20.04
ITEM0013063,ORD004384,PROD00091,1,49106.72,26.4
ITEM0013064,ORD004385,PROD00130,5,25627.78,32.32
ITEM0013065,ORD004385,PROD00099,4,51180.26,5.11
ITEM0013066,ORD004385,PROD00042,-3,62658.81,18.98
ITEM0013067,ORD004386,PROD00045,2,82517.34,35.16
ITEM0013068,ORD004386,PROD00165,3,46148.53,19.26
ITEM0013069,ORD004386,PROD00076,1,54166.92,17.51
ITEM0013070,ORD004387,PROD00012,4,55287.59,21.97
ITEM0013071,ORD004387,PROD00087,2,34560.26,28.39
ITEM0013072,ORD004388,PROD00042,3,56948.42,21.48
ITEM0013073,ORD004388,PROD00073,2,4856.59,8.89
ITEM0013074,ORD004389,PROD00002,1,13789.26,13.38
ITEM0013075,ORD004389,PROD00071,5,20461.44,21.15
ITEM0013076,ORD004390,PROD00049,4,36737.6,1.99
ITEM0013077,ORD004390,PROD00085,2,46043.43,8.55
ITEM0013078,ORD004390,PROD00006,1,47982.41,39.67
ITEM0013079,ORD004390,PROD00077,1,46090.02,33.4
ITEM0013080,ORD004390,PROD00156,5,13658.62,30.71
ITEM0013081,ORD004391,PROD00071,1,17597.78,24.21
ITEM0013082,ORD004391,PROD00178,1,11945.23,34.9
ITEM0013083,ORD004391,PROD00048,2,2275.06,28.37
ITEM0013084,ORD004391,PROD00076,5,53046.7,34.14
ITEM0013085,ORD004391,PROD00140,5,35586.56,24.01
ITEM0013086,ORD004392,PROD00101,1,44263.02,1.5
ITEM0013087,ORD004392,PROD00086,4,8353.99,30.85
ITEM0013088,ORD004392,PROD00120,4,71773.19,21.43
ITEM0013089,ORD004392,PROD00153,5,54572.78,6.13
ITEM0013090,ORD004393,PROD00132,4,8717.63,20.24
ITEM0013091,ORD004393,PROD00086,4,7402.49,34.64
ITEM0013092,ORD004394,PROD00177,4,86819.93,11.2
ITEM0013093,ORD004395,PROD00003,4,36738.7,19.14
ITEM0013094,ORD004395,PROD00150,3,16976.54,1.96
ITEM0013095,ORD004395,PROD00070,5,46904.14,39.6
ITEM0013096,ORD004395,PROD00074,3,71990.71,28.18
ITEM0013097,ORD004396,PROD00038,2,58472.83,19.75
ITEM0013098,ORD004396,PROD00010,4,34087.64,21.38
ITEM0013099,ORD004397,PROD00036,3,72345.45,30.52
ITEM0013100,ORD004397,PROD00150,2,19633.41,37.58
ITEM0013101,ORD004397,PROD00187,3,52037.78,35.59
ITEM0013102,ORD004398,PROD00189,4,10524.25,30.73
ITEM0013103,ORD004398,PROD00009,1,36019.99,34.03
ITEM0013104,ORD004398,PROD00190,4,44127.6,27.12
ITEM0013105,ORD004399,PROD00109,3,40733.98,7.54
ITEM0013106,ORD004400,PROD00074,4,70161.81,10.36
ITEM0013107,ORD004400,PROD00062,4,74929.09,20.53
ITEM0013108,ORD004400,PROD00018,5,9777.39,32.78
ITEM0013109,ORD004401,PROD00131,1,48676.64,30.68
ITEM0013110,ORD004401,PROD00066,4,42771.97,26.5
ITEM0013111,ORD004402,PROD00142,2,42001.91,24.11
ITEM0013112,ORD004402,PROD00180,5,43097.73,36.3
ITEM0013113,ORD004402,PROD00028,5,66636.23,12.13
ITEM0013114,ORD004403,PROD00089,5,34590.83,21.11
ITEM0013115,ORD004404,PROD00152,5,40955.53,23.39
ITEM0013116,ORD004405,PROD00107,4,57660.98,12.7
ITEM0013117,ORD004405,PROD00070,3,63894.83,9.19
ITEM0013118,ORD004405,PROD00165,2,52343.03,2.84
ITEM0013119,ORD004405,PROD00094,5,40514.81,25.48
ITEM0013120,ORD004405,PROD00055,1,61435.85,31.51
ITEM0013121,ORD004406,PROD00103,2,64082.44,10.49
ITEM0013122,ORD004406,PROD00190,1,48304.7,6.0
ITEM0013123,ORD004406,PROD00177,1,80415.38,20.74
ITEM0013124,ORD004406,PROD00065,4,63203.46,8.99
ITEM0013125,ORD004406,PROD00008,3,48389.2,14.01
ITEM0013126,ORD004407,PROD00035,5,15430.19,3.19
ITEM0013127,ORD004407,PROD00031,1,37222.13,4.68
ITEM0013128,ORD004407,PROD00062,5,48874.31,22.21
ITEM0013129,ORD004407,PROD00162,3,31148.01,14.09
ITEM0013130,ORD004408,PROD00019,2,4191.12,6.32
ITEM0013131,ORD004408,PROD00127,2,4903.66,39.14
ITEM0013132,ORD004408,PROD00199,3,7502.43,16.73
ITEM0013133,ORD004409,PROD00118,5,61721.3,37.12
ITEM0013134,ORD004410,PROD00039,4,37374.52,4.08
ITEM0013135,ORD004410,PROD00189,3,9956.34,8.8
ITEM0013136,ORD004410,PROD00009,3,35996.04,30.83
ITEM0013137,ORD004410,PROD00166,3,475.59,27.7
ITEM0013138,ORD004411,PROD00139,1,51207.97,5.17
ITEM0013139,ORD004412,PROD00125,2,51977.01,39.96
ITEM0013140,ORD004412,PROD00134,3,27843.45,18.58
ITEM0013141,ORD004412,PROD00143,3,6426.0,7.65
ITEM0013142,ORD004413,PROD00080,3,5903.43,36.62
ITEM0013143,ORD004413,PROD00065,5,65810.84,39.47
ITEM0013144,ORD004413,PROD00157,5,18351.21,0.31
ITEM0013145,ORD004414,PROD00066,2,38223.39,5.2
ITEM0013146,ORD004414,PROD00036,4,67792.27,19.8
ITEM0013147,ORD004415,PROD00020,4,53590.33,9.73
ITEM0013148,ORD004415,PROD00102,2,28180.2,4.03
ITEM0013149,ORD004415,PROD00101,3,43261.24,35.82
ITEM0013150,ORD004416,PROD00044,5,54552.27,27.09
ITEM0013151,ORD004416,PROD00018,1,7450.61,36.49
ITEM0013152,ORD004416,PROD00107,1,78599.57,28.97
ITEM0013153,ORD004417,PROD00198,4,28478.97,15.42
ITEM0013154,ORD004417,PROD00146,4,74342.41,20.3
ITEM0013155,ORD004418,PROD00087,2,42712.72,18.92
ITEM0013156,ORD004418,PROD00178,1,11831.1,25.16
ITEM0013157,ORD004418,PROD00085,3,40759.17,19.98
ITEM0013158,ORD004418,PROD00141,4,33435.87,11.43
ITEM0013159,ORD004418,PROD00130,1,29204.93,3.33
ITEM0013160,ORD004419,PROD00153,1,42815.81,32.66
ITEM0013161,ORD004419,PROD00036,5,62486.65,19.71
ITEM0013162,ORD004419,PROD00146,3,53608.82,33.43
ITEM0013163,ORD004420,PROD00139,-2,57688.56,31.65
ITEM0013164,ORD004421,PROD00133,5,50763.16,20.07
ITEM0013165,ORD004421,PROD00186,4,41900.72,19.16
ITEM0013166,ORD004421,PROD00146,2,69888.62,38.79
ITEM0013167,ORD004421,PROD00158,5,24131.11,10.04
ITEM0013168,ORD004422,PROD00028,2,63282.42,28.83
ITEM0013169,ORD004422,PROD00199,2,8092.63,24.33
ITEM0013170,ORD004422,PROD00180,-1,32641.87,32.84
ITEM0013171,ORD004422,PROD00119,5,22271.38,32.04
ITEM0013172,ORD004423,PROD00041,3,51198.15,13.55
ITEM0013173,ORD004423,PROD00101,2,34738.03,15.22
ITEM0013174,ORD004423,PROD00167,3,9404.94,4.31
ITEM0013175,ORD004424,PROD00129,1,57053.49,12.15
ITEM0013176,ORD004424,PROD00200,2,43086.37,7.51
ITEM0013177,ORD004425,PROD00133,2,38936.62,9.32
ITEM0013178,ORD004425,PROD00001,-3,56656.15,34.64
ITEM0013179,ORD004425,PROD00104,2,50332.08,0.79
ITEM0013180,ORD004425,PROD00119,3,19045.41,22.03
ITEM0013181,ORD004425,PROD00123,1,77577.68,24.61
ITEM0013182,ORD004426,PROD00009,2,36309.3,25.24
ITEM0013183,ORD004427,PROD00145,2,38820.03,31.63
ITEM0013184,ORD004427,PROD00182,1,22741.83,0.77
ITEM0013185,ORD004427,PROD00055,3,61584.54,31.06
ITEM0013186,ORD004427,PROD00025,5,22566.42,29.03
ITEM0013187,ORD004428,PROD00092,3,15168.12,6.18
ITEM0013188,ORD004429,PROD00002,3,21358.55,8.26
ITEM0013189,ORD004429,PROD00184,1,6793.37,15.88
ITEM0013190,ORD004429,PROD00179,3,40820.13,18.59
ITEM0013191,ORD004429,PROD00051,1,20428.1,23.7
ITEM0013192,ORD004429,PROD00019,2,5266.11,23.3
ITEM0013193,ORD004430,PROD00091,3,34784.86,33.51
ITEM0013194,ORD004430,PROD00174,2,47939.18,23.66
ITEM0013195,ORD004430,PROD00153,1,43285.66,32.01
ITEM0013196,ORD004431,PROD00054,2,28317.19,12.67
ITEM0013197,ORD004431,PROD00060,3,15583.35,26.84
ITEM0013198,ORD004431,PROD00003,5,37058.16,18.6
ITEM0013199,ORD004431,PROD00023,5,30685.97,2.86
ITEM0013200,ORD004432,PROD00033,2,30130.55,21.36
ITEM0013201,ORD004433,PROD00068,5,50472.41,29.8
ITEM0013202,ORD004433,PROD00085,1,47974.64,35.19
ITEM0013203,ORD004433,PROD00031,4,26254.28,8.75
ITEM0013204,ORD004433,PROD00103,1,56008.65,35.83
ITEM0013205,ORD004434,PROD00109,4,44359.76,22.95
ITEM0013206,ORD004435,PROD00019,5,3869.47,7.43
ITEM0013207,ORD004435,PROD00042,2,78501.11,6.64
ITEM0013208,ORD004435,PROD00124,1,31556.53,25.45
ITEM0013209,ORD004436,PROD00180,2,40459.0,30.08
ITEM0013210,ORD004437,PROD00196,3,27234.55,7.73
ITEM0013211,ORD004437,PROD00027,2,70412.3,16.61
ITEM0013212,ORD004438,PROD00194,5,49144.86,7.47
ITEM0013213,ORD004438,PROD00035,4,13932.49,24.59
ITEM0013214,ORD004439,PROD00199,2,8305.05,5.43
ITEM0013215,ORD004439,PROD00147,2,44971.97,29.15
ITEM0013216,ORD004440,PROD00169,3,35751.5,6.13
ITEM0013217,ORD004440,PROD00160,3,52240.67,20.34
ITEM0013218,ORD004441,PROD00116,2,38253.48,7.94
ITEM0013219,ORD004441,PROD00032,4,47241.45,5.0
ITEM0013220,ORD004441,PROD00073,1,5129.07,11.58
ITEM0013221,ORD004441,PROD00060,4,11990.69,27.98
ITEM0013222,ORD004441,PROD00177,2,88290.17,15.59
ITEM0013223,ORD004442,PROD00150,3,23338.77,16.11
ITEM0013224,ORD004442,PROD00034,1,79595.47,18.98
ITEM0013225,ORD004442,PROD00016,5,52745.46,22.24
ITEM0013226,ORD004442,PROD00140,4,48033.74,19.0
ITEM0013227,ORD004443,PROD00164,4,54532.45,13.9
ITEM0013228,ORD004444,PROD00001,4,57864.77,6.27
ITEM0013229,ORD004445,PROD00115,3,55536.89,33.57
ITEM0013230,ORD004445,PROD00133,5,38363.67,6.74
ITEM0013231,ORD004445,PROD00045,4,73631.15,5.06
ITEM0013232,ORD004445,PROD00143,5,7018.06,38.87
ITEM0013233,ORD004445,PROD00006,1,56472.55,23.12
ITEM0013234,ORD004446,PROD00074,3,74123.07,19.25
ITEM0013235,ORD004446,PROD00032,5,74122.99,34.72
ITEM0013236,ORD004447,PROD00081,2,18794.18,35.41
ITEM0013237,ORD004447,PROD00175,5,26908.76,26.24
ITEM0013238,ORD004447,PROD00177,3,80884.07,34.39
ITEM0013239,ORD004447,PROD00056,2,53048.32,14.79
ITEM0013240,ORD004448,PROD00107,1,78874.51,16.35
ITEM0013241,ORD004448,PROD00027,3,76326.13,31.52
ITEM0013242,ORD004448,PROD00176,2,44497.03,20.02
ITEM0013243,ORD004448,PROD00062,5,61581.44,14.64
ITEM0013244,ORD004449,PROD00089,1,45157.78,21.91
ITEM0013245,ORD004449,PROD00082,5,73385.75,1.13
ITEM0013246,ORD004449,PROD00005,1,82551.07,1.59
ITEM0013247,ORD004450,PROD00120,3,73495.41,24.18
ITEM0013248,ORD004450,PROD00169,5,25616.12,3.48
ITEM0013249,ORD004450,PROD00153,3,57744.55,24.04
ITEM0013250,ORD004450,PROD00187,4,49128.0,29.36
ITEM0013251,ORD004451,PROD00130,5,29873.7,0.08
ITEM0013252,ORD004452,PROD00051,4,20579.9,29.48
ITEM0013253,ORD004452,PROD00068,5,41532.46,20.41
ITEM0013254,ORD004452,PROD00127,3,4476.07,34.7
ITEM0013255,ORD004453,PROD00019,5,3791.35,25.58
ITEM0013256,ORD004453,PROD00176,4,36499.29,1.38
ITEM0013257,ORD004454,PROD00198,3,23242.97,25.1
ITEM0013258,ORD004454,PROD00159,2,56393.48,9.18
ITEM0013259,ORD004455,PROD00039,4,28385.52,17.46
ITEM0013260,ORD004455,PROD00160,4,45546.67,24.44
ITEM0013261,ORD004456,PROD00182,3,19327.22,1.85
ITEM0013262,ORD004456,PROD00166,5,440.87,20.27
ITEM0013263,ORD004457,PROD00041,4,44807.03,12.29
ITEM0013264,ORD004457,PROD00052,1,82229.94,25.99
ITEM0013265,ORD004457,PROD00146,4,49552.59,26.21
ITEM0013266,ORD004457,PROD00020,4,55705.52,6.79
ITEM0013267,ORD004458,PROD00054,5,26801.04,2.69
ITEM0013268,ORD004458,PROD00090,2,466.78,23.46
ITEM0013269,ORD004458,PROD00037,3,30983.0,11.44
ITEM0013270,ORD004458,PROD00162,1,27152.62,4.31
ITEM0013271,ORD004459,PROD00178,1,10488.05,12.3
ITEM0013272,ORD004459,PROD00107,3,88789.03,35.34
ITEM0013273,ORD004459,PROD00118,3,41289.92,22.88
ITEM0013274,ORD004459,PROD00096,3,2640.96,25.31
ITEM0013275,ORD004460,PROD00005,5,65004.88,18.9
ITEM0013276,ORD004461,PROD00008,-3,61331.11,10.08
ITEM0013277,ORD004461,PROD00171,5,69764.61,35.15
ITEM0013278,ORD004461,PROD00056,3,73518.2,29.26
ITEM0013279,ORD004462,PROD00111,2,69501.62,34.78
ITEM0013280,ORD004462,PROD00129,2,62194.58,39.53
ITEM0013281,ORD004462,PROD00081,2,19982.03,6.38
ITEM0013282,ORD004462,PROD00022,5,56393.97,20.37
ITEM0013283,ORD004463,PROD00029,4,26500.07,29.95
ITEM0013284,ORD004463,PROD00105,5,53115.17,6.57
ITEM0013285,ORD004463,PROD00155,4,31394.86,10.64
ITEM0013286,ORD004464,PROD00032,3,52893.87,6.14
ITEM0013287,ORD004464,PROD00150,1,22011.03,36.58
ITEM0013288,ORD004465,PROD00162,4,25306.73,36.31
ITEM0013289,ORD004466,PROD00062,5,51712.36,20.95
ITEM0013290,ORD004466,PROD00005,4,73434.75,35.32
ITEM0013291,ORD004466,PROD00078,1,31211.5,11.93
ITEM0013292,ORD004466,PROD00132,4,7682.63,25.03
ITEM0013293,ORD004466,PROD00108,1,48923.56,30.18
ITEM0013294,ORD004467,PROD00098,4,57458.05,38.57
ITEM0013295,ORD004468,PROD00026,2,52290.27,21.29
ITEM0013296,ORD004468,PROD00157,5,20213.76,24.92
ITEM0013297,ORD004468,PROD00064,5,27262.34,33.18
ITEM0013298,ORD004468,PROD00071,2,25322.92,18.46
ITEM0013299,ORD004469,PROD00020,2,52998.61,29.06
ITEM0013300,ORD004470,PROD00133,5,33990.67,31.72
ITEM0013301,ORD004470,PROD00019,3,5253.53,13.42
ITEM0013302,ORD004470,PROD00073,5,6096.48,11.23
ITEM0013303,ORD004470,PROD00142,1,37726.67,27.49
ITEM0013304,ORD004471,PROD00015,-1,54101.91,14.55
ITEM0013305,ORD004471,PROD00090,3,506.17,16.38
ITEM0013306,ORD004471,PROD00104,1,55353.52,24.17
ITEM0013307,ORD004471,PROD00062,5,62668.21,9.26
ITEM0013308,ORD004471,PROD00129,3,64280.36,0.37
ITEM0013309,ORD004472,PROD00184,-2,9548.4,33.75
ITEM0013310,ORD004472,PROD00158,1,25933.18,17.71
ITEM0013311,ORD004472,PROD00106,4,63162.24,36.19
ITEM0013312,ORD004472,PROD00062,4,62828.72,37.7
ITEM0013313,ORD004473,PROD00060,-2,11733.91,6.49
ITEM0013314,ORD004473,PROD00157,5,13195.89,2.21
ITEM0013315,ORD004474,PROD00002,2,21929.69,20.03
ITEM0013316,ORD004474,PROD00107,4,68047.26,35.53
ITEM0013317,ORD004474,PROD00165,1,49274.96,22.07
ITEM0013318,ORD004475,PROD00065,2,69292.87,17.68
ITEM0013319,ORD004475,PROD00166,3,388.13,4.58
ITEM0013320,ORD004475,PROD00014,2,83734.84,32.69
ITEM0013321,ORD004475,PROD00096,2,4181.8,16.16
ITEM0013322,ORD004476,PROD00081,5,16497.65,32.69
ITEM0013323,ORD004477,PROD00178,1,15108.53,38.47
ITEM0013324,ORD004478,PROD00189,4,9493.28,35.25
ITEM0013325,ORD004478,PROD00139,3,45185.02,1.31
ITEM0013326,ORD004478,PROD00082,4,79014.62,38.49
ITEM0013327,ORD004478,PROD00023,5,33294.51,7.22
ITEM0013328,ORD004478,PROD00070,2,69377.19,33.92
ITEM0013329,ORD004479,PROD00047,2,16498.81,0.35
ITEM0013330,ORD004480,PROD00148,1,56710.76,34.77
ITEM0013331,ORD004481,PROD00193,2,405.42,11.55
ITEM0013332,ORD004481,PROD00184,-1,8910.79,2.56
ITEM0013333,ORD004481,PROD00027,2,66518.12,28.86
ITEM0013334,ORD004481,PROD00074,3,78676.95,16.83
ITEM0013335,ORD004482,PROD00082,4,72022.7,10.4
ITEM0013336,ORD004482,PROD00114,4,48114.86,7.18
ITEM0013337,ORD004482,PROD00175,3,26005.86,2.56
ITEM0013338,ORD004483,PROD00083,1,79385.09,4.76
ITEM0013339,ORD004483,PROD00185,4,19168.91,17.6
ITEM0013340,ORD004484,PROD00102,1,38678.63,37.05
ITEM0013341,ORD004484,PROD00103,1,40390.73,36.32
ITEM0013342,ORD004485,PROD00132,2,8700.74,20.9
ITEM0013343,ORD004485,PROD00102,4,42389.8,39.94
ITEM0013344,ORD004486,PROD00052,1,75463.02,37.58
ITEM0013345,ORD004486,PROD00158,5,27091.41,37.17
ITEM0013346,ORD004486,PROD00011,2,28548.85,30.13
ITEM0013347,ORD004487,PROD00089,4,37917.73,9.57
ITEM0013348,ORD004487,PROD00108,5,34745.36,37.22
ITEM0013349,ORD004487,PROD00197,4,6327.61,34.41
ITEM0013350,ORD004487,PROD00082,5,64428.62,12.55
ITEM0013351,ORD004487,PROD00106,3,65079.19,10.5
ITEM0013352,ORD004488,PROD00006,1,43421.75,21.87
ITEM0013353,ORD004488,PROD00179,5,41377.06,26.78
ITEM0013354,ORD004488,PROD00102,3,31337.61,24.09
ITEM0013355,ORD004488,PROD00048,4,2039.4,21.45
ITEM0013356,ORD004489,PROD00052,1,82497.01,24.67
ITEM0013357,ORD004489,PROD00166,3,515.57,15.81
ITEM0013358,ORD004489,PROD00002,5,17892.66,13.71
ITEM0013359,ORD004489,PROD00027,4,70130.57,16.38
ITEM0013360,ORD004490,PROD00101,4,36031.87,34.07
ITEM0013361,ORD004490,PROD00166,1,534.15,4.52
ITEM0013362,ORD004490,PROD00036,2,57040.82,4.84
ITEM0013363,ORD004490,PROD00031,2,29166.26,20.81
ITEM0013364,ORD004490,PROD00199,2,7877.33,39.78
ITEM0013365,ORD004491,PROD00147,3,29733.64,38.51
ITEM0013366,ORD004492,PROD00079,4,37909.26,32.73
ITEM0013367,ORD004492,PROD00016,4,53219.45,34.87
ITEM0013368,ORD004492,PROD00102,1,33451.03,39.18
ITEM0013369,ORD004492,PROD00174,4,32707.09,15.76
ITEM0013370,ORD004492,PROD00019,1,4489.62,30.92
ITEM0013371,ORD004493,PROD00025,2,20681.76,18.66
ITEM0013372,ORD004493,PROD00067,5,35477.13,4.92
ITEM0013373,ORD004494,PROD00110,3,22497.96,23.29
ITEM0013374,ORD004494,PROD00068,1,53145.2,7.67
ITEM0013375,ORD004495,PROD00025,4,20598.93,19.31
ITEM0013376,ORD004495,PROD00085,3,56451.73,0.47
ITEM0013377,ORD004496,PROD00021,5,19452.7,4.74
ITEM0013378,ORD004496,PROD00045,4,55302.55,9.34
ITEM0013379,ORD004496,PROD00020,1,68221.99,13.3
ITEM0013380,ORD004496,PROD00026,3,49828.43,39.18
ITEM0013381,ORD004497,PROD00052,1,77746.42,31.02
ITEM0013382,ORD004498,PROD00120,3,70800.13,14.96
ITEM0013383,ORD004498,PROD00091,3,51957.2,17.37
ITEM0013384,ORD004498,PROD00168,3,43052.76,30.62
ITEM0013385,ORD004498,PROD00117,4,17920.16,24.36
ITEM0013386,ORD004498,PROD00162,2,26081.15,11.18
ITEM0013387,ORD004499,PROD00150,1,17468.78,33.0
ITEM0013388,ORD004500,PROD00199,2,7564.15,36.87
ITEM0013389,ORD004501,PROD00074,4,56715.37,4.51
ITEM0013390,ORD004501,PROD00078,1,28974.68,20.36
ITEM0013391,ORD004501,PROD00011,-2,24703.91,16.31
ITEM0013392,ORD004502,PROD00189,1,10568.93,23.51
ITEM0013393,ORD004502,PROD00025,4,16393.06,33.54
ITEM0013394,ORD004502,PROD00074,1,57944.39,13.91
ITEM0013395,ORD004502,PROD00141,2,29776.86,34.78
ITEM0013396,ORD004502,PROD00133,4,37666.65,17.52
ITEM0013397,ORD004503,PROD00179,4,43159.76,3.6
ITEM0013398,ORD004503,PROD00032,2,71302.66,6.42
ITEM0013399,ORD004503,PROD00134,1,30231.9,30.52
ITEM0013400,ORD004503,PROD00023,1,25516.24,36.78
ITEM0013401,ORD004504,PROD00125,5,70946.47,34.6
ITEM0013402,ORD004504,PROD00193,1,277.97,38.25
ITEM0013403,ORD004504,PROD00172,5,337.48,16.08
ITEM0013404,ORD004504,PROD00078,3,20976.73,33.12
ITEM0013405,ORD004504,PROD00189,5,10453.99,26.49
ITEM0013406,ORD004505,PROD00062,5,61878.22,21.75
ITEM0013407,ORD004505,PROD00131,1,47481.11,33.28
ITEM0013408,ORD004505,PROD00113,4,47759.26,33.65
ITEM0013409,ORD004505,PROD00116,5,38236.84,2.98
ITEM0013410,ORD004505,PROD00200,2,45995.4,32.22
ITEM0013411,ORD004506,PROD00099,5,63466.46,33.52
ITEM0013412,ORD004506,PROD00038,1,43635.26,31.44
ITEM0013413,ORD004507,PROD00173,5,28631.82,39.37
ITEM0013414,ORD004507,PROD00192,2,36072.33,12.69
ITEM0013415,ORD004507,PROD00042,4,67355.21,14.45
ITEM0013416,ORD004507,PROD00076,-1,60941.03,8.33
ITEM0013417,ORD004508,PROD00078,2,27717.05,1.25
ITEM0013418,ORD004508,PROD00031,5,33485.1,0.42
ITEM0013419,ORD004508,PROD00060,5,15600.01,30.44
ITEM0013420,ORD004509,PROD00083,3,57396.42,30.88
ITEM0013421,ORD004509,PROD00029,4,20664.03,31.42
ITEM0013422,ORD004509,PROD00067,1,50884.33,18.95
ITEM0013423,ORD004509,PROD00183,2,62135.48,15.51
ITEM0013424,ORD004510,PROD00089,4,32127.23,18.65
ITEM0013425,ORD004510,PROD00108,1,39975.75,35.44
ITEM0013426,ORD004510,PROD00047,5,19275.89,29.66
ITEM0013427,ORD004511,PROD00089,-1,45437.23,2.79
ITEM0013428,ORD004511,PROD00119,4,26892.0,34.53
ITEM0013429,ORD004512,PROD00072,4,8701.54,3.66
ITEM0013430,ORD004512,PROD00026,3,51031.1,29.24
ITEM0013431,ORD004512,PROD00144,4,49608.21,4.71
ITEM0013432,ORD004512,PROD00113,3,40889.69,14.59
ITEM0013433,ORD004513,PROD00080,1,5902.32,3.16
ITEM0013434,ORD004514,PROD00195,5,4735.02,14.03
ITEM0013435,ORD004514,PROD00017,4,29287.41,21.85
ITEM0013436,ORD004514,PROD00028,5,69818.21,30.59
ITEM0013437,ORD004514,PROD00011,3,34231.29,3.82
ITEM0013438,ORD004515,PROD00186,3,40949.75,11.13
ITEM0013439,ORD004515,PROD00187,5,47862.12,28.97
ITEM0013440,ORD004516,PROD00055,3,59376.25,11.31
ITEM0013441,ORD004516,PROD00072,5,5849.66,7.95
ITEM0013442,ORD004516,PROD00104,2,54887.08,16.08
ITEM0013443,ORD004516,PROD00116,4,39290.19,0.68
ITEM0013444,ORD004516,PROD00076,4,58360.95,35.91
ITEM0013445,ORD004517,PROD00186,4,54317.35,2.79
ITEM0013446,ORD004518,PROD00051,4,19450.96,25.62
ITEM0013447,ORD004519,PROD00055,5,39713.44,4.6
ITEM0013448,ORD004520,PROD00131,4,49817.9,0.83
ITEM0013449,ORD004520,PROD00096,2,3791.16,20.14
ITEM0013450,ORD004520,PROD00084,2,48561.39,11.33
ITEM0013451,ORD004520,PROD00109,3,47282.82,17.0
ITEM0013452,ORD004521,PROD00186,3,46547.47,14.64
ITEM0013453,ORD004522,PROD00101,1,40456.92,19.62
ITEM0013454,ORD004522,PROD00135,4,49338.17,22.7
ITEM0013455,ORD004523,PROD00022,4,64880.4,5.79
ITEM0013456,ORD004523,PROD00146,1,68307.72,9.72
ITEM0013457,ORD004523,PROD00184,1,8949.89,3.28
ITEM0013458,ORD004523,PROD00180,3,36563.4,35.26
ITEM0013459,ORD004524,PROD00085,1,45040.91,15.43
ITEM0013460,ORD004524,PROD00073,2,6356.93,29.6
ITEM0013461,ORD004524,PROD00108,2,47175.61,16.55
ITEM0013462,ORD004524,PROD00045,3,78166.87,32.33
ITEM0013463,ORD004525,PROD00156,3,10261.17,26.41
ITEM0013464,ORD004525,PROD00138,5,41504.88,22.21
ITEM0013465,ORD004526,PROD00112,3,67603.98,36.93
ITEM0013466,ORD004527,PROD00135,1,45439.24,2.57
ITEM0013467,ORD004527,PROD00173,3,26822.32,21.66
ITEM0013468,ORD004528,PROD00090,4,337.75,7.46
ITEM0013469,ORD004529,PROD00110,3,31444.71,15.9
ITEM0013470,ORD004529,PROD00184,-3,10560.89,17.68
ITEM0013471,ORD004529,PROD00115,3,49542.14,33.72
ITEM0013472,ORD004529,PROD00020,4,50797.26,15.1
ITEM0013473,ORD004530,PROD00123,5,57908.97,0.43
ITEM0013474,ORD004530,PROD00079,4,27785.16,11.98
ITEM0013475,ORD004530,PROD00143,4,6302.11,12.96
ITEM0013476,ORD004531,PROD00165,5,38240.73,27.89
ITEM0013477,ORD004532,PROD00070,3,56850.73,23.78
ITEM0013478,ORD004532,PROD00140,2,52199.6,18.4
ITEM0013479,ORD004533,PROD00061,1,47150.86,17.36
ITEM0013480,ORD004534,PROD00141,2,25477.04,7.09
ITEM0013481,ORD004534,PROD00039,2,26856.79,3.18
ITEM0013482,ORD004534,PROD00061,3,33215.6,20.15
ITEM0013483,ORD004534,PROD00199,4,8050.24,38.94
ITEM0013484,ORD004534,PROD00092,3,11927.94,11.98
ITEM0013485,ORD004535,PROD00064,5,21363.08,20.56
ITEM0013486,ORD004535,PROD00172,4,390.05,18.49
ITEM0013487,ORD004535,PROD00129,5,73112.23,9.62
ITEM0013488,ORD004536,PROD00148,5,53768.96,15.24
ITEM0013489,ORD004536,PROD00066,2,32420.29,11.69
ITEM0013490,ORD004536,PROD00056,5,83223.24,18.53
ITEM0013491,ORD004536,PROD00049,3,34532.86,34.15
ITEM0013492,ORD004537,PROD00183,4,85734.09,7.28
ITEM0013493,ORD004537,PROD00126,3,65044.6,15.54
ITEM0013494,ORD004537,PROD00034,1,65446.77,19.36
ITEM0013495,ORD004537,PROD00123,1,56402.21,29.3
ITEM0013496,ORD004537,PROD00129,2,52735.7,31.29
ITEM0013497,ORD004538,PROD00052,4,85067.11,1.47
ITEM0013498,ORD004538,PROD00103,3,54365.89,11.24
ITEM0013499,ORD004539,PROD00068,2,53324.0,32.87
ITEM0013500,ORD004539,PROD00037,5,25827.93,12.78
ITEM0013501,ORD004539,PROD00090,1,507.39,32.64
ITEM0013502,ORD004540,PROD00169,5,30433.48,8.42
ITEM0013503,ORD004540,PROD00173,3,22776.96,26.25
ITEM0013504,ORD004540,PROD00023,2,25534.29,38.41
ITEM0013505,ORD004540,PROD00112,2,47966.0,16.04
ITEM0013506,ORD004540,PROD00154,4,47981.19,26.44
ITEM0013507,ORD004541,PROD00089,2,31786.39,4.73
ITEM0013508,ORD004542,PROD00121,3,61216.73,11.25
ITEM0013509,ORD004542,PROD00124,3,24236.77,14.35
ITEM0013510,ORD004542,PROD00086,5,9213.78,20.03
ITEM0013511,ORD004542,PROD00035,1,13974.61,11.45
ITEM0013512,ORD004542,PROD00196,5,35866.42,24.43
ITEM0013513,ORD004543,PROD00088,1,19008.66,17.69
ITEM0013514,ORD004543,PROD00060,1,12298.04,11.94
ITEM0013515,ORD004544,PROD00174,1,33255.13,13.17
ITEM0013516,ORD004544,PROD00158,4,21594.09,27.67
ITEM0013517,ORD004544,PROD00008,4,65702.74,35.72
ITEM0013518,ORD004544,PROD00037,5,34526.75,11.64
ITEM0013519,ORD004545,PROD00101,1,38481.28,22.98
ITEM0013520,ORD004545,PROD00094,2,56309.16,7.51
ITEM0013521,ORD004545,PROD00176,5,40044.2,27.33
ITEM0013522,ORD004545,PROD00021,5,17517.8,2.22
ITEM0013523,ORD004546,PROD00146,1,56337.64,5.8
ITEM0013524,ORD004546,PROD00115,2,62718.62,15.31
ITEM0013525,ORD004546,PROD00116,3,30713.85,32.68
ITEM0013526,ORD004546,PROD00184,1,6690.6,30.93
ITEM0013527,ORD004547,PROD00058,2,19831.71,22.03
ITEM0013528,ORD004547,PROD00014,1,84179.4,3.39
ITEM0013529,ORD004547,PROD00050,5,67266.32,35.93
ITEM0013530,ORD004548,PROD00037,5,41445.13,1.08
ITEM0013531,ORD004548,PROD00052,5,68476.0,27.59
ITEM0013532,ORD004549,PROD00077,3,47671.68,20.62
ITEM0013533,ORD004549,PROD00132,5,8181.34,33.12
ITEM0013534,ORD004550,PROD00040,2,24819.35,37.85
ITEM0013535,ORD004551,PROD00196,2,29466.92,19.09
ITEM0013536,ORD004551,PROD00108,1,45746.1,33.83
ITEM0013537,ORD004552,PROD00103,5,62629.33,23.32
ITEM0013538,ORD004552,PROD00063,3,43324.51,31.94
ITEM0013539,ORD004552,PROD00175,3,16611.5,13.25
ITEM0013540,ORD004552,PROD00024,3,32003.91,27.72
ITEM0013541,ORD004553,PROD00011,4,31679.39,10.59
ITEM0013542,ORD004553,PROD00173,3,27457.16,19.91
ITEM0013543,ORD004554,PROD00025,5,14953.13,24.45
ITEM0013544,ORD004554,PROD00172,3,501.36,35.28
ITEM0013545,ORD004555,PROD00163,1,27231.78,36.11
ITEM0013546,ORD004555,PROD00042,3,59120.93,3.11
ITEM0013547,ORD004555,PROD00186,5,36019.3,10.5
ITEM0013548,ORD004555,PROD00098,2,46941.6,29.37
ITEM0013549,ORD004556,PROD00022,1,44961.42,2.05
ITEM0013550,ORD004557,PROD00144,2,34043.15,25.8
ITEM0013551,ORD004557,PROD00091,3,54722.17,3.2
ITEM0013552,ORD004557,PROD00055,5,55632.77,9.47
ITEM0013553,ORD004558,PROD00084,4,54145.84,7.79
ITEM0013554,ORD004558,PROD00057,5,27219.43,7.28
ITEM0013555,ORD004558,PROD00036,2,68315.39,38.46
ITEM0013556,ORD004559,PROD00102,2,39679.46,11.42
ITEM0013557,ORD004559,PROD00094,2,51649.31,6.18
ITEM0013558,ORD004559,PROD00037,2,25654.68,38.46
ITEM0013559,ORD004559,PROD00139,4,47138.8,17.29
ITEM0013560,ORD004560,PROD00162,2,24682.59,6.95
ITEM0013561,ORD004560,PROD00073,4,4579.4,21.69
ITEM0013562,ORD004560,PROD00172,3,417.68,22.4
ITEM0013563,ORD004561,PROD00140,5,48526.37,33.77
ITEM0013564,ORD004561,PROD00073,1,6694.25,28.77
ITEM0013565,ORD004562,PROD00034,3,55759.47,12.29
ITEM0013566,ORD004562,PROD00150,4,20628.75,16.74
ITEM0013567,ORD004562,PROD00185,2,14693.83,10.85
ITEM0013568,ORD004562,PROD00040,5,21251.59,38.54
ITEM0013569,ORD004562,PROD00194,2,58708.79,16.18
ITEM0013570,ORD004563,PROD00142,3,28723.68,9.72
ITEM0013571,ORD004564,PROD00037,4,33665.95,3.21
ITEM0013572,ORD004564,PROD00077,1,54477.22,21.59
ITEM0013573,ORD004564,PROD00059,5,65588.38,0.35
ITEM0013574,ORD004565,PROD00177,2,61029.03,29.59
ITEM0013575,ORD004565,PROD00003,3,32877.56,32.83
ITEM0013576,ORD004565,PROD00140,5,41381.54,15.24
ITEM0013577,ORD004566,PROD00104,1,61917.51,11.65
ITEM0013578,ORD004566,PROD00167,4,10068.3,4.49
ITEM0013579,ORD004566,PROD00191,2,24218.6,11.8
ITEM0013580,ORD004566,PROD00137,5,42381.15,36.8
ITEM0013581,ORD004567,PROD00191,4,27845.29,19.35
ITEM0013582,ORD004567,PROD00043,5,32727.82,9.39
ITEM0013583,ORD004568,PROD00197,4,8656.9,25.95
ITEM0013584,ORD004568,PROD00095,4,31481.96,4.42
ITEM0013585,ORD004568,PROD00132,5,10804.79,8.79
ITEM0013586,ORD004568,PROD00104,3,46906.19,36.56
ITEM0013587,ORD004568,PROD00070,4,50669.22,8.22
ITEM0013588,ORD004569,PROD00136,3,9818.33,19.92
ITEM0013589,ORD004569,PROD00124,2,33965.39,35.45
ITEM0013590,ORD004569,PROD00074,3,59131.43,22.54
ITEM0013591,ORD004569,PROD00007,3,32381.0,3.95
ITEM0013592,ORD004569,PROD00103,2,49294.7,34.22
ITEM0013593,ORD004570,PROD00047,5,23057.84,35.1
ITEM0013594,ORD004570,PROD00011,2,23094.76,34.65
ITEM0013595,ORD004571,PROD00184,3,7288.82,31.74
ITEM0013596,ORD004571,PROD00010,-3,33071.23,17.15
ITEM0013597,ORD004572,PROD00073,4,6657.9,19.57
ITEM0013598,ORD004572,PROD00162,5,34305.88,13.16
ITEM0013599,ORD004573,PROD00077,2,43458.34,12.87
ITEM0013600,ORD004573,PROD00164,1,58841.34,14.17
ITEM0013601,ORD004573,PROD00021,5,22992.27,20.75
ITEM0013602,ORD004573,PROD00043,2,32007.45,8.29
ITEM0013603,ORD004573,PROD00023,4,34312.78,12.19
ITEM0013604,ORD004574,PROD00160,1,35707.01,28.9
ITEM0013605,ORD004574,PROD00175,2,18857.91,17.99
ITEM0013606,ORD004575,PROD00125,2,61903.78,20.59
ITEM0013607,ORD004576,PROD00019,5,4420.68,10.27
ITEM0013608,ORD004576,PROD00149,1,39266.8,27.14
ITEM0013609,ORD004576,PROD00160,-2,47646.57,26.18
ITEM0013610,ORD004576,PROD00152,3,56992.02,20.78
ITEM0013611,ORD004577,PROD00023,4,25186.13,9.81
ITEM0013612,ORD004577,PROD00068,1,48472.63,22.16
ITEM0013613,ORD004577,PROD00029,2,17876.72,30.22
ITEM0013614,ORD004577,PROD00054,1,24547.76,20.38
ITEM0013615,ORD004577,PROD00035,5,17330.9,36.78
ITEM0013616,ORD004578,PROD00181,4,56876.93,27.52
ITEM0013617,ORD004578,PROD00147,5,37349.39,23.19
ITEM0013618,ORD004579,PROD00047,2,23514.98,35.43
ITEM0013619,ORD004580,PROD00047,5,22797.24,20.68
ITEM0013620,ORD004580,PROD00160,4,47472.1,25.46
ITEM0013621,ORD004580,PROD00124,3,31839.12,11.21
ITEM0013622,ORD004580,PROD00167,5,13798.4,37.82
ITEM0013623,ORD004580,PROD00086,4,9083.91,37.58
ITEM0013624,ORD004581,PROD00024,3,22842.97,38.1
ITEM0013625,ORD004582,PROD00198,1,23270.09,23.29
ITEM0013626,ORD004582,PROD00054,2,24217.85,32.66
ITEM0013627,ORD004583,PROD00028,2,70265.49,15.35
ITEM0013628,ORD004583,PROD00187,1,54925.34,32.55
ITEM0013629,ORD004584,PROD00190,2,39982.0,7.66
ITEM0013630,ORD004584,PROD00174,1,46942.22,16.93
ITEM0013631,ORD004584,PROD00041,1,46831.02,18.44
ITEM0013632,ORD004585,PROD00149,5,60643.21,35.08
ITEM0013633,ORD004585,PROD00171,-2,70708.67,21.79
ITEM0013634,ORD004586,PROD00141,1,32280.61,19.24
ITEM0013635,ORD004586,PROD00118,5,53038.77,30.8
ITEM0013636,ORD004587,PROD00028,4,84552.24,34.42
ITEM0013637,ORD004587,PROD00072,3,6063.24,11.56
ITEM0013638,ORD004588,PROD00106,5,50530.13,8.21
ITEM0013639,ORD004588,PROD00177,2,89249.84,23.83
ITEM0013640,ORD004588,PROD00127,2,4278.34,21.64
ITEM0013641,ORD004588,PROD00087,3,37907.19,1.13
ITEM0013642,ORD004588,PROD00098,2,50200.17,9.74
ITEM0013643,ORD004589,PROD00142,1,36539.03,35.61
ITEM0013644,ORD004589,PROD00042,3,69898.09,17.48
ITEM0013645,ORD004590,PROD00167,5,11848.8,9.55
ITEM0013646,ORD004590,PROD00043,3,25272.15,29.47
ITEM0013647,ORD004590,PROD00005,3,72728.15,38.71
ITEM0013648,ORD004591,PROD00152,2,51080.26,2.28
ITEM0013649,ORD004591,PROD00009,5,46381.26,3.06
ITEM0013650,ORD004591,PROD00177,2,57060.28,36.9
ITEM0013651,ORD004591,PROD00101,4,37330.65,11.06
ITEM0013652,ORD004592,PROD00122,1,63893.13,0.86
ITEM0013653,ORD004592,PROD00172,5,345.86,14.23
ITEM0013654,ORD004592,PROD00118,3,41901.62,13.43
ITEM0013655,ORD004593,PROD00024,5,26329.38,26.94
ITEM0013656,ORD004593,PROD00084,2,45633.69,23.75
ITEM0013657,ORD004594,PROD00138,1,35749.42,1.23
ITEM0013658,ORD004594,PROD00100,4,4822.02,27.07
ITEM0013659,ORD004595,PROD00003,3,36669.6,24.93
ITEM0013660,ORD004595,PROD00158,4,25456.83,14.32
ITEM0013661,ORD004595,PROD00166,1,601.06,39.91
ITEM0013662,ORD004596,PROD00121,4,67195.37,39.56
ITEM0013663,ORD004596,PROD00048,1,2565.35,28.23
ITEM0013664,ORD004596,PROD00028,4,76467.11,12.52
ITEM0013665,ORD004597,PROD00135,5,38847.66,8.04
ITEM0013666,ORD004597,PROD00130,2,27626.74,13.5
ITEM0013667,ORD004598,PROD00142,3,25936.68,25.31
ITEM0013668,ORD004598,PROD00048,3,1773.46,1.88
ITEM0013669,ORD004598,PROD00122,5,76886.39,2.11
ITEM0013670,ORD004598,PROD00105,4,51060.65,21.62
ITEM0013671,ORD004598,PROD00130,1,35423.56,29.95
ITEM0013672,ORD004599,PROD00062,2,62921.17,1.41
ITEM0013673,ORD004599,PROD00096,5,3416.42,22.68
ITEM0013674,ORD004599,PROD00140,2,33582.39,31.28
ITEM0013675,ORD004599,PROD00111,4,53107.34,33.99
ITEM0013676,ORD004600,PROD00062,-2,76505.06,28.96
ITEM0013677,ORD004600,PROD00127,2,5565.47,25.41
ITEM0013678,ORD004600,PROD00156,3,14603.68,39.97
ITEM0013679,ORD004600,PROD00010,3,47342.38,27.16
ITEM0013680,ORD004600,PROD00012,4,50723.79,23.86
ITEM0013681,ORD004601,PROD00149,5,40813.89,32.99
ITEM0013682,ORD004601,PROD00071,5,25048.6,39.42
ITEM0013683,ORD004601,PROD00199,1,8531.83,7.0
ITEM0013684,ORD004602,PROD00071,1,22193.73,29.64
ITEM0013685,ORD004602,PROD00188,5,8790.01,32.57
ITEM0013686,ORD004602,PROD00177,5,61652.8,24.31
ITEM0013687,ORD004602,PROD00153,4,54035.65,37.49
ITEM0013688,ORD004603,PROD00026,5,41102.72,6.33
ITEM0013689,ORD004603,PROD00045,1,70581.4,38.97
ITEM0013690,ORD004603,PROD00038,-3,49091.82,28.89
ITEM0013691,ORD004603,PROD00050,4,82298.54,1.62
ITEM0013692,ORD004604,PROD00010,1,33193.09,29.41
ITEM0013693,ORD004604,PROD00045,4,55289.79,34.32
ITEM0013694,ORD004604,PROD00158,5,18747.04,31.71
ITEM0013695,ORD004604,PROD00134,5,30154.26,38.04
ITEM0013696,ORD004604,PROD00011,3,23372.16,9.22
ITEM0013697,ORD004605,PROD00145,3,30029.19,37.21
ITEM0013698,ORD004605,PROD00017,1,23274.21,26.12
ITEM0013699,ORD004605,PROD00093,3,10007.61,39.83
ITEM0013700,ORD004605,PROD00098,4,62733.37,31.52
ITEM0013701,ORD004605,PROD00140,1,42511.89,0.18
ITEM0013702,ORD004606,PROD00133,1,40009.48,31.5
ITEM0013703,ORD004606,PROD00129,3,48803.59,24.2
ITEM0013704,ORD004606,PROD00181,3,54878.79,4.81
ITEM0013705,ORD004606,PROD00056,3,55381.96,9.15
ITEM0013706,ORD004607,PROD00085,3,53330.96,38.08
ITEM0013707,ORD004607,PROD00126,4,59499.54,35.67
ITEM0013708,ORD004607,PROD00040,2,15958.85,21.69
ITEM0013709,ORD004607,PROD00080,4,4279.49,39.05
ITEM0013710,ORD004607,PROD00195,4,5294.43,11.86
ITEM0013711,ORD004608,PROD00078,2,23978.66,17.08
ITEM0013712,ORD004608,PROD00018,4,8715.48,37.26
ITEM0013713,ORD004608,PROD00116,4,27234.23,31.24
ITEM0013714,ORD004608,PROD00121,3,56890.1,10.64
ITEM0013715,ORD004608,PROD00113,3,48055.56,15.27
ITEM0013716,ORD004609,PROD00016,2,61544.2,38.24
ITEM0013717,ORD004609,PROD00093,3,7455.4,12.52
ITEM0013718,ORD004609,PROD00074,4,56208.11,19.2
ITEM0013719,ORD004609,PROD00193,2,424.35,23.77
ITEM0013720,ORD004609,PROD00166,5,384.0,12.19
ITEM0013721,ORD004610,PROD00109,4,45783.32,0.63
ITEM0013722,ORD004610,PROD00135,4,52124.99,26.08
ITEM0013723,ORD004610,PROD00089,2,42809.04,39.62
ITEM0013724,ORD004610,PROD00020,1,68073.71,14.57
ITEM0013725,ORD004610,PROD00037,5,39109.46,28.2
ITEM0013726,ORD004611,PROD00057,3,30771.64,5.67
ITEM0013727,ORD004612,PROD00082,2,55368.16,3.74
ITEM0013728,ORD004612,PROD00113,4,40731.03,20.86
ITEM0013729,ORD004612,PROD00105,4,46748.82,18.57
ITEM0013730,ORD004613,PROD00105,5,65921.15,28.66
ITEM0013731,ORD004613,PROD00184,2,7227.75,24.27
ITEM0013732,ORD004613,PROD00181,2,57378.42,28.73
ITEM0013733,ORD004613,PROD00140,4,53060.1,6.95
ITEM0013734,ORD004613,PROD00099,4,69023.82,5.93
ITEM0013735,ORD004614,PROD00055,1,49878.72,26.95
ITEM0013736,ORD004614,PROD00043,1,28605.8,22.5
ITEM0013737,ORD004615,PROD00146,4,60838.16,34.82
ITEM0013738,ORD004616,PROD00099,5,45546.71,16.66
ITEM0013739,ORD004616,PROD00179,1,40647.64,25.84
ITEM0013740,ORD004616,PROD00155,1,35809.34,5.73
ITEM0013741,ORD004616,PROD00106,3,45809.06,0.17
ITEM0013742,ORD004617,PROD00103,5,45052.13,27.55
ITEM0013743,ORD004617,PROD00137,2,39335.84,17.95
ITEM0013744,ORD004617,PROD00125,1,73909.99,16.15
ITEM0013745,ORD004617,PROD00165,5,42508.12,30.49
ITEM0013746,ORD004617,PROD00189,5,7993.78,28.69
ITEM0013747,ORD004618,PROD00101,3,44608.44,4.71
ITEM0013748,ORD004618,PROD00007,4,28047.18,36.55
ITEM0013749,ORD004618,PROD00008,4,52110.49,32.82
ITEM0013750,ORD004619,PROD00151,2,3258.15,16.81
ITEM0013751,ORD004620,PROD00189,4,9576.47,15.59
ITEM0013752,ORD004620,PROD00024,2,26541.52,31.04
ITEM0013753,ORD004620,PROD00107,1,86029.6,3.57
ITEM0013754,ORD004621,PROD00092,3,16925.61,23.59
ITEM0013755,ORD004621,PROD00044,1,69235.9,31.42
ITEM0013756,ORD004621,PROD00043,2,28843.78,0.9
ITEM0013757,ORD004622,PROD00015,3,62359.63,34.84
ITEM0013758,ORD004623,PROD00119,5,20987.44,2.3
ITEM0013759,ORD004624,PROD00181,1,36930.16,15.63
ITEM0013760,ORD004624,PROD00121,5,62564.38,33.2
ITEM0013761,ORD004625,PROD00054,2,28532.61,34.07
ITEM0013762,ORD004625,PROD00188,1,9609.66,21.51
ITEM0013763,ORD004626,PROD00101,2,40725.6,35.32
ITEM0013764,ORD004626,PROD00150,2,20508.48,31.03
ITEM0013765,ORD004626,PROD00105,3,45786.34,5.98
ITEM0013766,ORD004626,PROD00160,4,36891.0,4.98
ITEM0013767,ORD004627,PROD00197,5,7860.32,17.69
ITEM0013768,ORD004627,PROD00139,4,44676.3,7.97
ITEM0013769,ORD004628,PROD00085,4,45222.54,34.05
ITEM0013770,ORD004628,PROD00068,2,45464.69,36.72
ITEM0013771,ORD004629,PROD00037,3,36361.34,23.43
ITEM0013772,ORD004629,PROD00084,5,54127.69,32.11
ITEM0013773,ORD004629,PROD00168,2,48364.86,27.01
ITEM0013774,ORD004630,PROD00103,2,45768.84,22.16
ITEM0013775,ORD004630,PROD00083,3,65496.71,13.7
ITEM0013776,ORD004630,PROD00163,2,23621.54,1.98
ITEM0013777,ORD004630,PROD00123,2,68622.69,20.48
ITEM0013778,ORD004631,PROD00027,1,59872.89,18.23
ITEM0013779,ORD004631,PROD00084,3,40016.4,10.8
ITEM0013780,ORD004631,PROD00146,3,61777.18,33.49
ITEM0013781,ORD004631,PROD00092,5,14076.7,20.65
ITEM0013782,ORD004631,PROD00005,3,57629.87,30.33
ITEM0013783,ORD004632,PROD00046,4,29458.56,23.44
ITEM0013784,ORD004632,PROD00073,1,6689.89,7.74
ITEM0013785,ORD004632,PROD00158,1,22173.03,20.7
ITEM0013786,ORD004633,PROD00058,-1,14808.46,30.59
ITEM0013787,ORD004633,PROD00081,2,20224.36,26.45
ITEM0013788,ORD004634,PROD00130,1,36859.1,33.84
ITEM0013789,ORD004634,PROD00050,5,60242.27,32.03
ITEM0013790,ORD004634,PROD00088,3,20632.93,20.52
ITEM0013791,ORD004634,PROD00032,4,61380.44,14.02
ITEM0013792,ORD004635,PROD00190,2,50740.95,36.82
ITEM0013793,ORD004636,PROD00168,4,69405.12,36.53
ITEM0013794,ORD004636,PROD00078,2,23537.47,36.68
ITEM0013795,ORD004636,PROD00190,2,50693.37,10.86
ITEM0013796,ORD004636,PROD00044,1,50850.88,31.92
ITEM0013797,ORD004637,PROD00194,4,49187.83,36.34
ITEM0013798,ORD004637,PROD00058,5,14056.72,1.06
ITEM0013799,ORD004637,PROD00188,1,9465.79,35.44
ITEM0013800,ORD004637,PROD00156,2,11114.52,7.4
ITEM0013801,ORD004637,PROD00117,4,20854.35,24.59
ITEM0013802,ORD004638,PROD00178,3,12608.21,27.89
ITEM0013803,ORD004639,PROD00083,2,69317.96,37.74
ITEM0013804,ORD004639,PROD00048,4,2049.5,15.26
ITEM0013805,ORD004640,PROD00058,2,16276.74,11.92
ITEM0013806,ORD004640,PROD00166,3,473.25,39.05
ITEM0013807,ORD004640,PROD00001,3,49857.87,6.76
ITEM0013808,ORD004641,PROD00106,3,69132.6,14.36
ITEM0013809,ORD004641,PROD00099,1,49489.42,3.59
ITEM0013810,ORD004641,PROD00047,5,23186.83,12.17
ITEM0013811,ORD004642,PROD00106,2,61711.31,3.4
ITEM0013812,ORD004642,PROD00116,5,31555.9,11.21
ITEM0013813,ORD004642,PROD00189,5,6804.44,2.03
ITEM0013814,ORD004642,PROD00122,5,48776.04,7.18
ITEM0013815,ORD004643,PROD00086,1,8721.76,22.26
ITEM0013816,ORD004643,PROD00154,4,71446.25,5.04
ITEM0013817,ORD004643,PROD00015,3,75753.5,29.65
ITEM0013818,ORD004644,PROD00057,5,31230.9,20.38
ITEM0013819,ORD004644,PROD00106,1,55464.35,30.17
ITEM0013820,ORD004645,PROD00099,1,47569.69,29.89
ITEM0013821,ORD004645,PROD00166,3,503.47,28.95
ITEM0013822,ORD004646,PROD00141,2,22886.13,12.86
ITEM0013823,ORD004646,PROD00191,3,23457.6,13.41
ITEM0013824,ORD004647,PROD00149,3,39330.91,28.41
ITEM0013825,ORD004647,PROD00061,4,41813.51,21.97
ITEM0013826,ORD004647,PROD00095,5,25988.73,38.12
ITEM0013827,ORD004647,PROD00138,1,32549.17,3.94
ITEM0013828,ORD004648,PROD00073,1,5235.71,22.48
ITEM0013829,ORD004648,PROD00077,5,56227.89,0.82
ITEM0013830,ORD004648,PROD00075,4,18360.41,29.19
ITEM0013831,ORD004649,PROD00066,4,37184.8,9.17
ITEM0013832,ORD004649,PROD00179,2,61332.49,2.53
ITEM0013833,ORD004649,PROD00136,1,9398.2,28.7
ITEM0013834,ORD004650,PROD00028,3,60896.64,35.46
ITEM0013835,ORD004650,PROD00111,3,78911.83,30.16
ITEM0013836,ORD004650,PROD00196,4,29976.06,21.87
ITEM0013837,ORD004650,PROD00146,3,63059.2,29.23
ITEM0013838,ORD004651,PROD00135,3,54466.03,0.86
ITEM0013839,ORD004652,PROD00193,2,308.92,22.21
ITEM0013840,ORD004652,PROD00082,4,73037.78,32.59
ITEM0013841,ORD004652,PROD00125,-2,79608.48,30.04
ITEM0013842,ORD004652,PROD00002,5,19469.76,1.5
ITEM0013843,ORD004653,PROD00170,2,2587.36,37.14
ITEM0013844,ORD004653,PROD00096,1,3143.75,27.06
ITEM0013845,ORD004653,PROD00032,4,70088.3,19.41
ITEM0013846,ORD004654,PROD00188,4,9939.93,9.49
ITEM0013847,ORD004654,PROD00121,4,63793.97,0.33
ITEM0013848,ORD004654,PROD00077,2,41128.84,15.84
ITEM0013849,ORD004655,PROD00020,4,70702.41,18.66
ITEM0013850,ORD004655,PROD00162,2,34198.82,38.62
ITEM0013851,ORD004656,PROD00013,1,44970.48,34.11
ITEM0013852,ORD004656,PROD00077,1,59606.24,32.25
ITEM0013853,ORD004656,PROD00182,5,21667.54,31.28
ITEM0013854,ORD004656,PROD00073,2,6505.79,13.14
ITEM0013855,ORD004656,PROD00033,5,33699.98,9.04
ITEM0013856,ORD004657,PROD00047,5,16861.21,35.19
ITEM0013857,ORD004657,PROD00166,2,415.64,8.68
ITEM0013858,ORD004657,PROD00037,3,40601.54,20.34
ITEM0013859,ORD004657,PROD00115,1,72900.35,0.8
ITEM0013860,ORD004657,PROD00123,5,54568.69,37.42
ITEM0013861,ORD004658,PROD00122,3,61175.53,37.91
ITEM0013862,ORD004658,PROD00167,2,9728.98,15.99
ITEM0013863,ORD004658,PROD00105,2,66171.44,24.4
ITEM0013864,ORD004658,PROD00173,3,20282.97,9.42
ITEM0013865,ORD004658,PROD00169,3,34513.99,14.25
ITEM0013866,ORD004659,PROD00178,3,16630.39,8.18
ITEM0013867,ORD004659,PROD00185,4,19884.24,26.06
ITEM0013868,ORD004659,PROD00089,1,30854.62,5.37
ITEM0013869,ORD004660,PROD00001,4,57019.91,14.76
ITEM0013870,ORD004660,PROD00014,3,79234.91,32.29
ITEM0013871,ORD004660,PROD00172,2,373.35,32.85
ITEM0013872,ORD004660,PROD00113,2,39151.78,24.04
ITEM0013873,ORD004660,PROD00063,4,53080.49,9.82
ITEM0013874,ORD004661,PROD00012,5,49256.33,31.52
ITEM0013875,ORD004661,PROD00165,1,37627.97,34.35
ITEM0013876,ORD004661,PROD00046,2,29639.83,16.17
ITEM0013877,ORD004661,PROD00156,1,14848.88,15.74
ITEM0013878,ORD004661,PROD00150,5,19993.2,6.03
ITEM0013879,ORD004662,PROD00166,5,390.62,32.07
ITEM0013880,ORD004662,PROD00176,3,40233.67,18.74
ITEM0013881,ORD004662,PROD00062,4,50248.64,28.68
ITEM0013882,ORD004662,PROD00182,5,17093.58,28.24
ITEM0013883,ORD004662,PROD00016,1,72349.18,4.61
ITEM0013884,ORD004663,PROD00110,5,30565.52,29.99
ITEM0013885,ORD004663,PROD00185,4,22083.27,21.82
ITEM0013886,ORD004663,PROD00148,-3,64751.36,32.69
ITEM0013887,ORD004663,PROD00044,3,68290.72,13.67
ITEM0013888,ORD004664,PROD00074,5,79479.54,12.19
ITEM0013889,ORD004664,PROD00106,2,68620.67,33.92
ITEM0013890,ORD004664,PROD00051,1,16972.89,24.84
ITEM0013891,ORD004664,PROD00010,2,48300.76,14.3
ITEM0013892,ORD004664,PROD00187,5,45068.1,7.04
ITEM0013893,ORD004665,PROD00040,2,18143.59,7.12
ITEM0013894,ORD004665,PROD00024,4,27190.32,39.32
ITEM0013895,ORD004665,PROD00111,4,79413.9,31.91
ITEM0013896,ORD004665,PROD00186,3,48066.14,12.99
ITEM0013897,ORD004665,PROD00126,4,59380.91,23.57
ITEM0013898,ORD004666,PROD00127,2,4672.3,18.29
ITEM0013899,ORD004666,PROD00098,5,55679.46,13.48
ITEM0013900,ORD004666,PROD00178,2,12592.41,30.51
ITEM0013901,ORD004666,PROD00195,4,6249.84,28.67
ITEM0013902,ORD004667,PROD00020,3,52714.46,3.25
ITEM0013903,ORD004667,PROD00036,1,72675.98,3.7
ITEM0013904,ORD004667,PROD00149,1,56361.8,14.22
ITEM0013905,ORD004667,PROD00183,1,58763.07,25.28
ITEM0013906,ORD004667,PROD00197,2,6079.91,33.04
ITEM0013907,ORD004668,PROD00106,3,48789.55,10.96
ITEM0013908,ORD004668,PROD00167,5,14061.38,21.94
ITEM0013909,ORD004668,PROD00070,3,59620.9,30.34
ITEM0013910,ORD004668,PROD00020,1,58524.54,30.57
ITEM0013911,ORD004669,PROD00003,5,46664.22,10.7
ITEM0013912,ORD004669,PROD00170,5,3387.38,39.47
ITEM0013913,ORD004669,PROD00162,4,31425.77,20.66
ITEM0013914,ORD004669,PROD00099,2,48721.73,11.92
ITEM0013915,ORD004669,PROD00178,1,16599.64,17.46
ITEM0013916,ORD004670,PROD00122,4,66690.6,32.34
ITEM0013917,ORD004670,PROD00037,2,30579.44,14.78
ITEM0013918,ORD004670,PROD00001,1,47617.99,17.26
ITEM0013919,ORD004670,PROD00140,2,45312.98,4.18
ITEM0013920,ORD004671,PROD00071,1,23927.53,27.24
ITEM0013921,ORD004671,PROD00032,3,61492.01,32.7
ITEM0013922,ORD004671,PROD00057,5,29654.41,2.94
ITEM0013923,ORD004671,PROD00048,5,1814.18,17.01
ITEM0013924,ORD004672,PROD00146,5,67472.68,23.8
ITEM0013925,ORD004672,PROD00153,-3,40888.09,13.52
ITEM0013926,ORD004673,PROD00096,3,2741.76,7.31
ITEM0013927,ORD004673,PROD00186,5,36512.56,7.85
ITEM0013928,ORD004674,PROD00161,5,16243.31,33.6
ITEM0013929,ORD004674,PROD00112,3,58304.86,37.48
ITEM0013930,ORD004674,PROD00022,3,60918.47,7.17
ITEM0013931,ORD004675,PROD00100,2,4488.82,1.29
ITEM0013932,ORD004675,PROD00029,3,24444.97,29.98
ITEM0013933,ORD004676,PROD00196,1,35994.26,3.49
ITEM0013934,ORD004676,PROD00181,1,53411.96,34.96
ITEM0013935,ORD004676,PROD00029,4,17024.32,38.47
ITEM0013936,ORD004677,PROD00131,4,49012.07,24.11
ITEM0013937,ORD004677,PROD00172,5,446.74,5.52
ITEM0013938,ORD004677,PROD00098,5,44432.62,19.54
ITEM0013939,ORD004677,PROD00173,2,21064.09,18.45
ITEM0013940,ORD004677,PROD00169,1,37650.32,19.54
ITEM0013941,ORD004678,PROD00083,2,63218.76,34.68
ITEM0013942,ORD004678,PROD00181,4,44931.9,28.05
ITEM0013943,ORD004678,PROD00120,4,57096.23,7.79
ITEM0013944,ORD004678,PROD00102,3,42362.16,36.33
ITEM0013945,ORD004679,PROD00196,1,33614.1,2.66
ITEM0013946,ORD004679,PROD00189,5,6988.58,38.18
ITEM0013947,ORD004680,PROD00107,5,67553.74,4.53
ITEM0013948,ORD004680,PROD00192,3,37295.7,7.73
ITEM0013949,ORD004680,PROD00163,2,22814.26,29.2
ITEM0013950,ORD004681,PROD00016,4,69831.88,27.74
ITEM0013951,ORD004681,PROD00118,5,59580.43,20.32
ITEM0013952,ORD004682,PROD00127,5,5572.75,27.02
ITEM0013953,ORD004682,PROD00085,4,50517.05,7.88
ITEM0013954,ORD004683,PROD00154,4,62280.0,15.5
ITEM0013955,ORD004683,PROD00102,5,37919.75,0.28
ITEM0013956,ORD004683,PROD00047,5,23454.65,2.44
ITEM0013957,ORD004684,PROD00054,2,26595.59,5.72
ITEM0013958,ORD004685,PROD00108,5,48597.48,12.95
ITEM0013959,ORD004685,PROD00080,1,6115.47,16.15
ITEM0013960,ORD004685,PROD00055,1,58849.62,2.05
ITEM0013961,ORD004685,PROD00025,5,19682.43,26.88
ITEM0013962,ORD004686,PROD00098,5,62484.68,14.74
ITEM0013963,ORD004686,PROD00154,1,69138.36,32.02
ITEM0013964,ORD004686,PROD00113,-1,35927.12,14.78
ITEM0013965,ORD004686,PROD00041,3,45520.13,19.2
ITEM0013966,ORD004686,PROD00138,2,39091.8,4.98
ITEM0013967,ORD004687,PROD00075,5,19266.71,5.68
ITEM0013968,ORD004687,PROD00125,2,78289.16,1.44
ITEM0013969,ORD004687,PROD00159,2,65553.1,9.0
ITEM0013970,ORD004687,PROD00185,2,21083.97,8.68
ITEM0013971,ORD004688,PROD00182,5,18008.47,9.41
ITEM0013972,ORD004688,PROD00146,1,48646.48,0.9
ITEM0013973,ORD004689,PROD00102,3,38891.0,1.35
ITEM0013974,ORD004689,PROD00040,5,16230.42,38.6
ITEM0013975,ORD004689,PROD00023,2,33826.68,31.98
ITEM0013976,ORD004689,PROD00093,5,9143.1,13.66
ITEM0013977,ORD004689,PROD00150,3,21936.05,21.33
ITEM0013978,ORD004690,PROD00148,4,53410.63,37.55
ITEM0013979,ORD004690,PROD00194,5,41060.92,3.95
ITEM0013980,ORD004690,PROD00030,5,50680.39,15.93
ITEM0013981,ORD004690,PROD00042,3,63688.75,37.07
ITEM0013982,ORD004691,PROD00075,2,20380.5,10.26
ITEM0013983,ORD004691,PROD00179,3,40260.05,16.32
ITEM0013984,ORD004691,PROD00141,5,29683.83,9.66
ITEM0013985,ORD004691,PROD00044,4,46701.13,22.62
ITEM0013986,ORD004691,PROD00177,4,61043.01,39.44
ITEM0013987,ORD004692,PROD00018,4,8163.88,34.96
ITEM0013988,ORD004692,PROD00106,4,70573.49,34.64
ITEM0013989,ORD004692,PROD00035,4,16433.59,31.89
ITEM0013990,ORD004692,PROD00172,5,341.05,20.11
ITEM0013991,ORD004693,PROD00071,2,25264.45,4.06
ITEM0013992,ORD004693,PROD00012,5,68813.95,7.02
ITEM0013993,ORD004694,PROD00013,1,56166.65,39.53
ITEM0013994,ORD004694,PROD00039,3,30818.22,15.62
ITEM0013995,ORD004694,PROD00108,1,49700.35,17.42
ITEM0013996,ORD004694,PROD00101,2,43316.77,8.35
ITEM0013997,ORD004695,PROD00053,5,77259.37,28.28
ITEM0013998,ORD004695,PROD00086,4,8425.8,31.75
ITEM0013999,ORD004695,PROD00110,5,27225.92,13.46
ITEM0014000,ORD004696,PROD00065,1,63168.54,37.71
ITEM0014001,ORD004696,PROD00197,1,8007.02,31.84
ITEM0014002,ORD004696,PROD00059,3,57096.76,17.45
ITEM0014003,ORD004696,PROD00088,4,20151.56,37.98
ITEM0014004,ORD004696,PROD00144,1,50597.82,16.49
ITEM0014005,ORD004697,PROD00125,2,53659.98,6.62
ITEM0014006,ORD004697,PROD00127,4,4430.33,28.16
ITEM0014007,ORD004698,PROD00015,5,77492.82,34.51
ITEM0014008,ORD004699,PROD00200,4,56833.17,14.79
ITEM0014009,ORD004700,PROD00031,3,26617.73,8.59
ITEM0014010,ORD004700,PROD00025,5,20674.79,3.39
ITEM0014011,ORD004700,PROD00182,1,20074.52,39.09
ITEM0014012,ORD004701,PROD00124,1,24759.13,22.98
ITEM0014013,ORD004701,PROD00140,3,49117.46,24.13
ITEM0014014,ORD004702,PROD00145,1,36364.06,39.58
ITEM0014015,ORD004702,PROD00044,3,45603.46,1.11
ITEM0014016,ORD004703,PROD00176,2,34980.61,36.54
ITEM0014017,ORD004703,PROD00195,3,5014.8,6.96
ITEM0014018,ORD004704,PROD00045,-2,65662.0,18.14
ITEM0014019,ORD004705,PROD00051,3,21894.57,28.82
ITEM0014020,ORD004705,PROD00159,4,63433.03,1.12
ITEM0014021,ORD004705,PROD00146,3,52357.86,18.02
ITEM0014022,ORD004705,PROD00006,1,53177.44,3.97
ITEM0014023,ORD004706,PROD00077,5,44535.04,18.31
ITEM0014024,ORD004706,PROD00031,5,32828.75,10.38
ITEM0014025,ORD004707,PROD00009,3,37494.13,3.62
ITEM0014026,ORD004707,PROD00042,3,67521.42,22.23
ITEM0014027,ORD004707,PROD00031,4,40944.54,7.96
ITEM0014028,ORD004708,PROD00055,4,40291.45,14.65
ITEM0014029,ORD004709,PROD00154,3,72516.72,0.13
ITEM0014030,ORD004710,PROD00078,5,22153.16,24.88
ITEM0014031,ORD004710,PROD00090,5,449.38,1.86
ITEM0014032,ORD004711,PROD00045,2,69756.29,7.07
ITEM0014033,ORD004711,PROD00111,3,57377.11,16.66
ITEM0014034,ORD004711,PROD00054,1,19303.69,23.22
ITEM0014035,ORD004712,PROD00056,1,73099.72,35.52
ITEM0014036,ORD004712,PROD00175,3,21223.95,36.16
ITEM0014037,ORD004712,PROD00171,5,61520.85,8.37
ITEM0014038,ORD004712,PROD00087,3,34447.79,38.1
ITEM0014039,ORD004712,PROD00085,4,38066.61,2.69
ITEM0014040,ORD004713,PROD00068,2,46875.43,16.29
ITEM0014041,ORD004713,PROD00057,3,32106.59,10.11
ITEM0014042,ORD004714,PROD00172,1,467.89,39.2
ITEM0014043,ORD004714,PROD00197,2,7766.45,30.84
ITEM0014044,ORD004714,PROD00118,-1,50050.75,37.39
ITEM0014045,ORD004714,PROD00032,3,51647.51,2.58
ITEM0014046,ORD004714,PROD00115,5,51957.22,19.76
ITEM0014047,ORD004715,PROD00166,3,510.25,38.28
ITEM0014048,ORD004715,PROD00140,3,49077.75,29.55
ITEM0014049,ORD004715,PROD00105,5,57952.48,28.88
ITEM0014050,ORD004715,PROD00192,1,43144.45,19.79
ITEM0014051,ORD004716,PROD00083,-3,70366.42,39.91
ITEM0014052,ORD004716,PROD00114,4,36428.9,8.39
ITEM0014053,ORD004716,PROD00016,1,54829.97,14.85
ITEM0014054,ORD004716,PROD00187,3,54520.64,35.07
ITEM0014055,ORD004716,PROD00065,1,86165.94,4.7
ITEM0014056,ORD004717,PROD00083,3,60786.37,22.69
ITEM0014057,ORD004717,PROD00073,5,5947.6,10.2
ITEM0014058,ORD004717,PROD00008,1,47862.03,34.63
ITEM0014059,ORD004717,PROD00023,2,32777.68,9.5
ITEM0014060,ORD004717,PROD00116,2,30208.07,1.92
ITEM0014061,ORD004718,PROD00113,2,50902.48,19.15
ITEM0014062,ORD004718,PROD00068,3,58443.34,19.24
ITEM0014063,ORD004719,PROD00008,1,45228.08,22.41
ITEM0014064,ORD004719,PROD00159,5,70978.67,2.09
ITEM0014065,ORD004719,PROD00101,5,42734.79,7.64
ITEM0014066,ORD004719,PROD00004,-1,4627.2,29.36
ITEM0014067,ORD004719,PROD00048,2,2725.57,9.81
ITEM0014068,ORD004720,PROD00102,5,30908.05,17.45
ITEM0014069,ORD004720,PROD00019,1,4384.86,31.99
ITEM0014070,ORD004721,PROD00128,2,49899.63,8.83
ITEM0014071,ORD004721,PROD00027,2,63318.72,4.57
ITEM0014072,ORD004722,PROD00057,5,43880.43,3.75
ITEM0014073,ORD004722,PROD00032,5,68294.86,28.36
ITEM0014074,ORD004722,PROD00007,5,40941.29,35.27
ITEM0014075,ORD004722,PROD00107,2,70716.6,1.65
ITEM0014076,ORD004723,PROD00128,-1,50342.81,32.86
ITEM0014077,ORD004723,PROD00013,-2,48832.35,23.36
ITEM0014078,ORD004724,PROD00187,3,46121.2,22.21
ITEM0014079,ORD004724,PROD00044,2,59076.15,0.5
ITEM0014080,ORD004724,PROD00100,3,5357.98,8.99
ITEM0014081,ORD004724,PROD00191,1,25489.32,12.74
ITEM0014082,ORD004724,PROD00042,4,55612.15,9.73
ITEM0014083,ORD004725,PROD00168,3,60279.42,33.79
ITEM0014084,ORD004725,PROD00028,1,80170.72,33.05
ITEM0014085,ORD004726,PROD00028,-1,77284.62,4.14
ITEM0014086,ORD004726,PROD00132,2,8944.87,19.77
ITEM0014087,ORD004726,PROD00139,3,36934.1,24.1
ITEM0014088,ORD004726,PROD00059,4,65195.12,15.2
ITEM0014089,ORD004727,PROD00022,4,65009.85,36.58
ITEM0014090,ORD004727,PROD00096,4,3546.67,38.96
ITEM0014091,ORD004728,PROD00028,2,70370.65,17.43
ITEM0014092,ORD004728,PROD00140,3,34561.44,30.54
ITEM0014093,ORD004728,PROD00082,3,51551.38,25.64
ITEM0014094,ORD004728,PROD00123,3,81408.75,20.58
ITEM0014095,ORD004729,PROD00068,2,40014.12,4.18
ITEM0014096,ORD004729,PROD00063,1,50393.05,13.8
ITEM0014097,ORD004730,PROD00041,5,47206.86,16.23
ITEM0014098,ORD004730,PROD00185,1,19830.32,10.44
ITEM0014099,ORD004730,PROD00149,4,54013.59,3.58
ITEM0014100,ORD004730,PROD00069,2,71791.22,17.34
ITEM0014101,ORD004730,PROD00192,1,32573.29,16.37
ITEM0014102,ORD004731,PROD00020,4,54388.15,34.92
ITEM0014103,ORD004731,PROD00139,3,48543.94,28.99
ITEM0014104,ORD004732,PROD00116,3,37977.71,14.8
ITEM0014105,ORD004733,PROD00010,2,41334.57,23.06
ITEM0014106,ORD004733,PROD00034,1,56683.79,2.85
ITEM0014107,ORD004734,PROD00139,3,52771.54,37.23
ITEM0014108,ORD004734,PROD00149,1,54336.76,2.62
ITEM0014109,ORD004734,PROD00071,1,25030.11,3.44
ITEM0014110,ORD004734,PROD00171,1,80016.87,8.2
ITEM0014111,ORD004734,PROD00164,3,74334.0,29.8
ITEM0014112,ORD004735,PROD00087,4,33642.28,28.11
ITEM0014113,ORD004735,PROD00157,3,13617.36,1.23
ITEM0014114,ORD004735,PROD00131,1,72128.99,28.46
ITEM0014115,ORD004735,PROD00072,4,6208.11,22.0
ITEM0014116,ORD004736,PROD00198,2,23975.57,19.16
ITEM0014117,ORD004736,PROD00063,1,54848.98,38.55
ITEM0014118,ORD004736,PROD00174,-1,47876.06,9.14
ITEM0014119,ORD004736,PROD00185,1,16479.21,28.87
ITEM0014120,ORD004737,PROD00013,1,51124.02,22.66
ITEM0014121,ORD004737,PROD00042,4,52696.59,39.85
ITEM0014122,ORD004737,PROD00050,5,70299.2,9.98
ITEM0014123,ORD004737,PROD00133,1,50544.36,20.99
ITEM0014124,ORD004737,PROD00139,3,56987.03,1.79
ITEM0014125,ORD004738,PROD00055,2,57876.66,30.44
ITEM0014126,ORD004738,PROD00006,3,64947.79,11.48
ITEM0014127,ORD004738,PROD00106,4,49445.79,31.36
ITEM0014128,ORD004738,PROD00146,2,57996.87,36.11
ITEM0014129,ORD004738,PROD00176,2,37673.49,19.78
ITEM0014130,ORD004739,PROD00168,3,54747.19,34.5
ITEM0014131,ORD004739,PROD00055,4,40897.46,11.43
ITEM0014132,ORD004739,PROD00017,5,32246.59,15.63
ITEM0014133,ORD004739,PROD00035,2,17811.72,15.7
ITEM0014134,ORD004740,PROD00166,3,422.55,29.76
ITEM0014135,ORD004740,PROD00188,1,8648.57,28.81
ITEM0014136,ORD004740,PROD00163,-3,25338.01,23.78
ITEM0014137,ORD004740,PROD00165,5,39294.74,16.18
ITEM0014138,ORD004741,PROD00085,3,41101.63,10.54
ITEM0014139,ORD004742,PROD00136,4,13783.73,27.66
ITEM0014140,ORD004742,PROD00025,5,21201.72,26.16
ITEM0014141,ORD004742,PROD00166,-1,574.21,5.03
ITEM0014142,ORD004742,PROD00199,4,5715.79,30.94
ITEM0014143,ORD004742,PROD00032,3,74362.01,20.64
ITEM0014144,ORD004743,PROD00141,2,29313.38,9.09
ITEM0014145,ORD004743,PROD00174,1,49094.01,14.33
ITEM0014146,ORD004743,PROD00156,2,14133.04,35.41
ITEM0014147,ORD004743,PROD00137,3,35787.35,27.95
ITEM0014148,ORD004744,PROD00106,3,46579.38,21.43
ITEM0014149,ORD004744,PROD00085,1,41251.69,11.47
ITEM0014150,ORD004744,PROD00175,5,19353.84,24.82
ITEM0014151,ORD004744,PROD00196,5,38160.5,13.49
ITEM0014152,ORD004744,PROD00107,5,74161.76,32.37
ITEM0014153,ORD004745,PROD00088,5,19928.36,25.28
ITEM0014154,ORD004745,PROD00164,5,71873.5,0.87
ITEM0014155,ORD004745,PROD00015,5,60712.43,10.94
ITEM0014156,ORD004745,PROD00162,2,30485.14,29.57
ITEM0014157,ORD004746,PROD00060,3,11366.48,4.65
ITEM0014158,ORD004747,PROD00055,5,44991.99,17.5
ITEM0014159,ORD004747,PROD00166,3,411.57,17.16
ITEM0014160,ORD004747,PROD00105,1,64569.88,25.56
ITEM0014161,ORD004747,PROD00128,2,69593.93,22.18
ITEM0014162,ORD004747,PROD00091,5,55895.09,0.29
ITEM0014163,ORD004748,PROD00079,3,37230.49,9.95
ITEM0014164,ORD004749,PROD00029,1,23838.69,33.05
ITEM0014165,ORD004750,PROD00193,1,383.22,21.35
ITEM0014166,ORD004750,PROD00112,2,67493.82,39.69
ITEM0014167,ORD004750,PROD00058,5,19722.71,1.98
ITEM0014168,ORD004751,PROD00151,3,2937.3,24.4
ITEM0014169,ORD004751,PROD00038,1,53131.54,24.21
ITEM0014170,ORD004751,PROD00081,1,15013.55,1.15
ITEM0014171,ORD004751,PROD00030,2,58172.66,7.64
ITEM0014172,ORD004752,PROD00039,1,33908.7,18.53
ITEM0014173,ORD004753,PROD00199,1,6132.23,26.17
ITEM0014174,ORD004753,PROD00119,5,22471.9,7.68
ITEM0014175,ORD004754,PROD00094,3,41993.31,1.24
ITEM0014176,ORD004754,PROD00172,3,446.07,14.58
ITEM0014177,ORD004755,PROD00195,3,4856.9,17.41
ITEM0014178,ORD004756,PROD00027,3,48365.35,17.12
ITEM0014179,ORD004756,PROD00009,1,38722.49,33.84
ITEM0014180,ORD004756,PROD00063,4,57499.95,16.89
ITEM0014181,ORD004757,PROD00123,2,70040.43,15.35
ITEM0014182,ORD004757,PROD00143,5,8550.28,14.54
ITEM0014183,ORD004757,PROD00182,3,17503.19,21.31
ITEM0014184,ORD004757,PROD00070,5,60655.57,32.9
ITEM0014185,ORD004757,PROD00078,5,21858.67,28.48
ITEM0014186,ORD004758,PROD00077,5,42914.0,34.86
ITEM0014187,ORD004758,PROD00025,2,18602.82,10.73
ITEM0014188,ORD004759,PROD00100,1,3619.45,1.62
ITEM0014189,ORD004760,PROD00144,1,43882.51,10.75
ITEM0014190,ORD004760,PROD00091,5,43967.87,6.29
ITEM0014191,ORD004760,PROD00020,1,60099.97,23.14
ITEM0014192,ORD004760,PROD00148,1,68956.96,14.73
ITEM0014193,ORD004760,PROD00046,1,30131.27,36.92
ITEM0014194,ORD004761,PROD00107,-2,71777.92,24.23
ITEM0014195,ORD004761,PROD00179,2,56852.04,36.17
ITEM0014196,ORD004762,PROD00194,4,40177.8,7.35
ITEM0014197,ORD004762,PROD00080,1,5203.63,37.87
ITEM0014198,ORD004763,PROD00074,4,58912.88,8.51
ITEM0014199,ORD004763,PROD00198,3,20297.51,37.83
ITEM0014200,ORD004764,PROD00186,2,39781.53,16.88
ITEM0014201,ORD004764,PROD00066,4,36378.83,21.62
ITEM0014202,ORD004764,PROD00037,4,41046.68,8.28
ITEM0014203,ORD004764,PROD00063,2,46937.88,19.93
ITEM0014204,ORD004764,PROD00094,4,48702.89,3.25
ITEM0014205,ORD004765,PROD00144,2,45257.3,7.19
ITEM0014206,ORD004766,PROD00149,1,58510.99,32.16
ITEM0014207,ORD004766,PROD00148,5,67454.56,19.57
ITEM0014208,ORD004767,PROD00154,2,65479.57,32.97
ITEM0014209,ORD004767,PROD00046,3,28709.38,6.7
ITEM0014210,ORD004768,PROD00174,3,37144.63,3.47
ITEM0014211,ORD004768,PROD00055,5,53196.38,28.8
ITEM0014212,ORD004768,PROD00062,4,57060.19,29.66
ITEM0014213,ORD004768,PROD00024,3,24061.09,33.33
ITEM0014214,ORD004768,PROD00114,5,40277.47,34.77
ITEM0014215,ORD004769,PROD00109,5,44487.56,9.07
ITEM0014216,ORD004770,PROD00089,5,35809.89,5.05
ITEM0014217,ORD004770,PROD00150,1,20130.25,4.14
ITEM0014218,ORD004770,PROD00054,2,24155.66,14.56
ITEM0014219,ORD004771,PROD00132,1,9912.78,16.87
ITEM0014220,ORD004771,PROD00091,4,38905.32,13.55
ITEM0014221,ORD004771,PROD00141,2,23742.46,33.67
ITEM0014222,ORD004771,PROD00158,2,29549.09,30.23
ITEM0014223,ORD004772,PROD00139,5,57173.86,27.85
ITEM0014224,ORD004772,PROD00069,2,74974.37,17.87
ITEM0014225,ORD004772,PROD00013,4,38038.1,15.54
ITEM0014226,ORD004772,PROD00029,2,22416.17,7.58
ITEM0014227,ORD004773,PROD00139,1,48465.72,38.37
ITEM0014228,ORD004773,PROD00120,1,53331.56,38.39
ITEM0014229,ORD004773,PROD00101,5,47137.39,23.57
ITEM0014230,ORD004774,PROD00171,2,75448.95,26.56
ITEM0014231,ORD004775,PROD00082,3,79338.67,11.57
ITEM0014232,ORD004775,PROD00056,5,80665.6,10.21
ITEM0014233,ORD004776,PROD00152,2,57826.32,37.2
ITEM0014234,ORD004777,PROD00097,5,70081.7,5.94
ITEM0014235,ORD004778,PROD00173,1,30618.09,27.64
ITEM0014236,ORD004778,PROD00127,5,4138.35,29.49
ITEM0014237,ORD004779,PROD00178,5,11744.3,23.11
ITEM0014238,ORD004780,PROD00020,4,62574.45,15.32
ITEM0014239,ORD004781,PROD00135,5,58469.81,31.77
ITEM0014240,ORD004781,PROD00186,4,45969.24,2.04
ITEM0014241,ORD004781,PROD00155,1,31631.89,38.86
ITEM0014242,ORD004781,PROD00007,2,40969.25,38.31
ITEM0014243,ORD004781,PROD00145,4,42951.06,9.98
ITEM0014244,ORD004782,PROD00091,1,52400.52,19.72
ITEM0014245,ORD004782,PROD00164,1,69012.36,11.3
ITEM0014246,ORD004782,PROD00059,4,60199.28,28.83
ITEM0014247,ORD004783,PROD00050,3,59919.45,17.23
ITEM0014248,ORD004783,PROD00059,5,79477.1,39.36
ITEM0014249,ORD004783,PROD00084,3,38882.38,32.43
ITEM0014250,ORD004784,PROD00018,5,10864.3,21.81
ITEM0014251,ORD004784,PROD00169,3,30758.15,11.58
ITEM0014252,ORD004784,PROD00033,3,34255.82,9.49
ITEM0014253,ORD004784,PROD00084,2,40279.12,16.62
ITEM0014254,ORD004785,PROD00016,2,79928.84,32.16
ITEM0014255,ORD004785,PROD00027,2,51204.98,21.36
ITEM0014256,ORD004785,PROD00118,2,48402.06,4.49
ITEM0014257,ORD004785,PROD00129,4,66917.64,16.34
ITEM0014258,ORD004786,PROD00163,1,28944.94,7.16
ITEM0014259,ORD004786,PROD00119,3,24228.64,11.59
ITEM0014260,ORD004786,PROD00110,5,29010.28,36.75
ITEM0014261,ORD004787,PROD00105,2,50488.39,14.98
ITEM0014262,ORD004787,PROD00025,2,19392.04,7.7
ITEM0014263,ORD004787,PROD00152,2,50263.5,16.96
ITEM0014264,ORD004787,PROD00168,4,62392.44,1.8
ITEM0014265,ORD004787,PROD00083,3,51690.19,8.45
ITEM0014266,ORD004788,PROD00030,3,69351.94,6.14
ITEM0014267,ORD004788,PROD00113,2,44792.76,25.31
ITEM0014268,ORD004789,PROD00148,3,51786.66,3.75
ITEM0014269,ORD004789,PROD00001,-2,56130.89,9.97
ITEM0014270,ORD004789,PROD00088,3,26726.99,16.14
ITEM0014271,ORD004789,PROD00125,4,56356.75,5.77
ITEM0014272,ORD004790,PROD00006,1,54651.14,32.05
ITEM0014273,ORD004790,PROD00054,3,18675.08,38.01
ITEM0014274,ORD004790,PROD00129,2,62233.3,10.63
ITEM0014275,ORD004790,PROD00001,3,48357.46,36.27
ITEM0014276,ORD004791,PROD00048,5,2200.26,1.4
ITEM0014277,ORD004791,PROD00193,3,400.62,34.69
ITEM0014278,ORD004791,PROD00024,3,25464.93,0.52
ITEM0014279,ORD004791,PROD00192,1,47844.94,6.24
ITEM0014280,ORD004791,PROD00129,2,72462.7,35.6
ITEM0014281,ORD004792,PROD00193,2,358.06,36.13
ITEM0014282,ORD004793,PROD00136,2,9264.89,37.67
ITEM0014283,ORD004793,PROD00011,5,27695.5,15.8
ITEM0014284,ORD004793,PROD00160,4,48842.92,27.08
ITEM0014285,ORD004793,PROD00037,3,31529.92,16.65
ITEM0014286,ORD004793,PROD00142,2,27438.0,31.76
ITEM0014287,ORD004794,PROD00137,5,37502.63,7.11
ITEM0014288,ORD004794,PROD00004,1,3008.48,18.15
ITEM0014289,ORD004795,PROD00074,4,52680.87,13.39
ITEM0014290,ORD004795,PROD00193,3,296.77,17.29
ITEM0014291,ORD004796,PROD00192,1,44635.09,16.04
ITEM0014292,ORD004796,PROD00015,2,61935.81,1.31
ITEM0014293,ORD004797,PROD00194,1,57446.97,18.62
ITEM0014294,ORD004797,PROD00098,2,60605.58,27.78
ITEM0014295,ORD004797,PROD00185,1,18211.96,28.2
ITEM0014296,ORD004797,PROD00157,1,14422.52,34.06
ITEM0014297,ORD004798,PROD00045,2,59135.4,34.93
ITEM0014298,ORD004799,PROD00029,3,23934.3,14.02
ITEM0014299,ORD004799,PROD00155,2,30579.71,26.37
ITEM0014300,ORD004799,PROD00142,2,35549.75,37.91
ITEM0014301,ORD004799,PROD00034,4,65575.25,3.88
ITEM0014302,ORD004799,PROD00200,1,37968.77,33.44
ITEM0014303,ORD004800,PROD00134,-3,30727.76,12.51
ITEM0014304,ORD004801,PROD00177,2,64461.8,23.02
ITEM0014305,ORD004801,PROD00186,5,39901.57,14.26
ITEM0014306,ORD004801,PROD00190,3,42175.34,3.25
ITEM0014307,ORD004801,PROD00039,2,32109.0,18.39
ITEM0014308,ORD004802,PROD00178,1,16678.27,3.18
ITEM0014309,ORD004802,PROD00097,3,74468.28,6.21
ITEM0014310,ORD004802,PROD00126,5,71006.4,31.36
ITEM0014311,ORD004802,PROD00034,5,69922.47,38.27
ITEM0014312,ORD004802,PROD00194,4,57574.46,32.14
ITEM0014313,ORD004803,PROD00170,2,2623.65,36.61
ITEM0014314,ORD004803,PROD00063,1,53808.8,23.68
ITEM0014315,ORD004803,PROD00126,4,69791.69,26.14
ITEM0014316,ORD004803,PROD00003,2,45053.86,31.19
ITEM0014317,ORD004804,PROD00119,2,29856.9,11.34
ITEM0014318,ORD004804,PROD00115,2,64995.02,17.11
ITEM0014319,ORD004804,PROD00061,4,37615.96,29.21
ITEM0014320,ORD004804,PROD00062,2,57781.65,14.22
ITEM0014321,ORD004805,PROD00053,-2,75019.28,27.88
ITEM0014322,ORD004805,PROD00143,3,6404.45,33.83
ITEM0014323,ORD004805,PROD00034,5,69643.58,23.17
ITEM0014324,ORD004805,PROD00074,3,78844.65,38.7
ITEM0014325,ORD004806,PROD00011,1,28313.91,36.85
ITEM0014326,ORD004806,PROD00093,1,8038.81,37.32
ITEM0014327,ORD004806,PROD00196,1,25643.02,5.41
ITEM0014328,ORD004807,PROD00081,4,16287.78,35.79
ITEM0014329,ORD004807,PROD00125,4,54998.78,22.48
ITEM0014330,ORD004807,PROD00158,5,24503.27,1.34
ITEM0014331,ORD004808,PROD00094,5,46749.18,10.55
ITEM0014332,ORD004808,PROD00095,1,28475.51,9.31
ITEM0014333,ORD004809,PROD00067,3,43860.46,10.01
ITEM0014334,ORD004809,PROD00100,2,4657.41,28.88
ITEM0014335,ORD004809,PROD00102,2,32357.33,32.01
ITEM0014336,ORD004809,PROD00103,5,45880.08,30.88
ITEM0014337,ORD004810,PROD00096,3,2740.34,24.31
ITEM0014338,ORD004811,PROD00167,3,13996.7,34.46
ITEM0014339,ORD004812,PROD00090,3,450.95,9.57
ITEM0014340,ORD004812,PROD00059,3,82149.81,17.44
ITEM0014341,ORD004812,PROD00010,4,44951.63,5.88
ITEM0014342,ORD004813,PROD00091,4,51632.75,21.52
ITEM0014343,ORD004813,PROD00196,4,38136.16,26.41
ITEM0014344,ORD004814,PROD00101,1,40060.14,17.66
ITEM0014345,ORD004814,PROD00169,5,24424.55,12.21
ITEM0014346,ORD004814,PROD00012,5,67898.54,23.36
ITEM0014347,ORD004815,PROD00021,4,21433.79,11.53
ITEM0014348,ORD004815,PROD00154,2,64083.66,18.81
ITEM0014349,ORD004815,PROD00102,2,30429.7,28.43
ITEM0014350,ORD004816,PROD00152,5,58805.28,10.24
ITEM0014351,ORD004816,PROD00131,1,56805.43,18.57
ITEM0014352,ORD004816,PROD00125,1,58483.02,38.55
ITEM0014353,ORD004816,PROD00120,3,77668.6,23.36
ITEM0014354,ORD004816,PROD00188,3,11538.72,23.79
ITEM0014355,ORD004817,PROD00141,1,32614.76,17.41
ITEM0014356,ORD004817,PROD00166,2,558.15,8.82
ITEM0014357,ORD004817,PROD00089,4,39432.44,4.15
ITEM0014358,ORD004818,PROD00142,1,41587.9,1.9
ITEM0014359,ORD004818,PROD00188,5,7994.74,31.97
ITEM0014360,ORD004819,PROD00065,3,65465.07,30.02
ITEM0014361,ORD004819,PROD00131,2,55445.16,15.89
ITEM0014362,ORD004819,PROD00035,2,17583.29,8.3
ITEM0014363,ORD004819,PROD00078,-2,32915.02,36.17
ITEM0014364,ORD004819,PROD00028,2,59225.39,0.44
ITEM0014365,ORD004820,PROD00048,4,2152.59,6.61
ITEM0014366,ORD004820,PROD00084,5,42149.1,4.62
ITEM0014367,ORD004820,PROD00174,5,35738.74,1.88
ITEM0014368,ORD004820,PROD00176,2,37036.67,30.06
ITEM0014369,ORD004821,PROD00154,2,71140.32,14.45
ITEM0014370,ORD004821,PROD00176,4,40527.1,8.36
ITEM0014371,ORD004821,PROD00119,1,27019.66,18.44
ITEM0014372,ORD004822,PROD00122,1,65787.71,15.52
ITEM0014373,ORD004822,PROD00092,1,12793.26,5.65
ITEM0014374,ORD004822,PROD00166,5,471.4,1.26
ITEM0014375,ORD004822,PROD00120,4,55237.13,15.18
ITEM0014376,ORD004823,PROD00105,2,55288.1,37.81
ITEM0014377,ORD004824,PROD00003,1,46845.66,17.61
ITEM0014378,ORD004824,PROD00096,1,2962.56,1.57
ITEM0014379,ORD004824,PROD00124,1,24633.77,35.27
ITEM0014380,ORD004824,PROD00077,4,51496.79,4.26
ITEM0014381,ORD004825,PROD00104,5,62367.1,38.95
ITEM0014382,ORD004825,PROD00199,3,7198.88,17.2
ITEM0014383,ORD004825,PROD00117,1,22877.27,5.23
ITEM0014384,ORD004825,PROD00037,5,40247.16,13.1
ITEM0014385,ORD004825,PROD00150,3,18296.67,14.91
ITEM0014386,ORD004826,PROD00002,5,17592.7,22.42
ITEM0014387,ORD004826,PROD00177,1,85262.83,17.57
ITEM0014388,ORD004827,PROD00038,4,59341.79,30.06
ITEM0014389,ORD004827,PROD00152,4,59752.46,4.56
ITEM0014390,ORD004827,PROD00071,2,23663.6,8.6
ITEM0014391,ORD004828,PROD00198,3,26248.09,29.9
ITEM0014392,ORD004829,PROD00148,5,47456.77,5.63
ITEM0014393,ORD004829,PROD00037,1,36368.65,6.6
ITEM0014394,ORD004829,PROD00159,2,70083.65,22.73
ITEM0014395,ORD004830,PROD00148,4,67641.42,28.05
ITEM0014396,ORD004831,PROD00142,1,31094.42,18.19
ITEM0014397,ORD004831,PROD00167,1,14996.72,3.45
ITEM0014398,ORD004831,PROD00085,3,36140.1,20.81
ITEM0014399,ORD004831,PROD00028,4,73660.77,5.47
ITEM0014400,ORD004832,PROD00148,4,62992.98,23.27
ITEM0014401,ORD004832,PROD00109,1,58622.36,33.92
ITEM0014402,ORD004833,PROD00112,5,69931.7,5.1
ITEM0014403,ORD004833,PROD00140,5,51652.14,29.0
ITEM0014404,ORD004833,PROD00015,2,58829.2,20.47
ITEM0014405,ORD004833,PROD00141,3,21738.7,39.72
ITEM0014406,ORD004833,PROD00169,3,35860.51,16.76
ITEM0014407,ORD004834,PROD00065,1,70006.04,28.92
ITEM0014408,ORD004834,PROD00124,4,35116.17,1.9
ITEM0014409,ORD004834,PROD00104,4,62789.42,7.76
ITEM0014410,ORD004834,PROD00037,4,26595.39,10.24
ITEM0014411,ORD004835,PROD00094,4,36515.18,0.72
ITEM0014412,ORD004835,PROD00178,4,13835.77,34.27
ITEM0014413,ORD004836,PROD00047,-3,19557.12,31.86
ITEM0014414,ORD004836,PROD00073,5,5048.28,38.12
ITEM0014415,ORD004837,PROD00087,-1,42365.46,10.79
ITEM0014416,ORD004837,PROD00080,4,4591.85,38.19
ITEM0014417,ORD004837,PROD00137,4,36906.61,33.4
ITEM0014418,ORD004837,PROD00006,-1,47456.28,20.53
ITEM0014419,ORD004838,PROD00115,2,70750.98,1.63
ITEM0014420,ORD004838,PROD00010,5,48463.2,20.48
ITEM0014421,ORD004838,PROD00140,1,52721.34,31.03
ITEM0014422,ORD004838,PROD00159,1,72854.49,1.82
ITEM0014423,ORD004838,PROD00187,5,46895.63,3.55
ITEM0014424,ORD004839,PROD00030,4,49199.23,40.0
ITEM0014425,ORD004839,PROD00047,5,24422.92,20.94
ITEM0014426,ORD004839,PROD00163,1,19101.54,8.24
ITEM0014427,ORD004839,PROD00108,5,50785.11,25.0
ITEM0014428,ORD004839,PROD00188,2,9197.54,19.29
ITEM0014429,ORD004840,PROD00047,3,24453.24,39.45
ITEM0014430,ORD004841,PROD00115,1,50734.15,39.45
ITEM0014431,ORD004841,PROD00001,5,73885.47,25.24
ITEM0014432,ORD004841,PROD00125,1,58161.83,4.41
ITEM0014433,ORD004841,PROD00058,1,15076.98,35.9
ITEM0014434,ORD004842,PROD00140,1,49168.13,28.02
ITEM0014435,ORD004842,PROD00073,2,5500.66,11.28
ITEM0014436,ORD004842,PROD00190,5,40803.44,23.65
ITEM0014437,ORD004842,PROD00014,1,69168.36,21.52
ITEM0014438,ORD004842,PROD00129,1,69471.63,21.35
ITEM0014439,ORD004843,PROD00031,2,26743.37,34.2
ITEM0014440,ORD004843,PROD00145,4,37553.87,1.64
ITEM0014441,ORD004844,PROD00154,1,50813.48,17.38
ITEM0014442,ORD004844,PROD00146,4,48530.58,8.81
ITEM0014443,ORD004844,PROD00067,4,46361.25,39.86
ITEM0014444,ORD004845,PROD00197,3,7980.14,20.04
ITEM0014445,ORD004846,PROD00087,3,34395.19,4.04
ITEM0014446,ORD004847,PROD00076,4,70610.82,33.91
ITEM0014447,ORD004847,PROD00020,1,54450.95,34.06
ITEM0014448,ORD004848,PROD00032,5,52119.25,33.38
ITEM0014449,ORD004848,PROD00106,4,66068.27,27.93
ITEM0014450,ORD004848,PROD00145,2,28548.86,17.57
ITEM0014451,ORD004849,PROD00147,2,44637.45,10.91
ITEM0014452,ORD004850,PROD00130,2,40363.79,19.34
ITEM0014453,ORD004850,PROD00128,4,60951.07,1.7
ITEM0014454,ORD004850,PROD00165,3,42780.79,1.44
ITEM0014455,ORD004851,PROD00175,4,20919.51,3.97
ITEM0014456,ORD004852,PROD00189,1,10156.01,17.54
ITEM0014457,ORD004853,PROD00183,5,54855.63,15.51
ITEM0014458,ORD004853,PROD00180,4,51108.64,15.23
ITEM0014459,ORD004854,PROD00181,1,40909.6,15.45
ITEM0014460,ORD004854,PROD00156,2,14116.18,10.75
ITEM0014461,ORD004855,PROD00055,4,53296.95,16.65
ITEM0014462,ORD004855,PROD00002,2,14298.76,19.26
ITEM0014463,ORD004856,PROD00164,5,70400.65,21.87
ITEM0014464,ORD004857,PROD00101,2,34039.29,22.98
ITEM0014465,ORD004857,PROD00107,2,72438.85,4.88
ITEM0014466,ORD004857,PROD00030,2,68978.38,34.27
ITEM0014467,ORD004858,PROD00183,3,77963.76,14.76
ITEM0014468,ORD004858,PROD00087,3,33112.21,2.91
ITEM0014469,ORD004858,PROD00048,4,2548.89,20.08
ITEM0014470,ORD004858,PROD00098,2,52230.29,31.56
ITEM0014471,ORD004858,PROD00072,3,7005.73,2.74
ITEM0014472,ORD004859,PROD00069,4,67568.87,36.13
ITEM0014473,ORD004859,PROD00136,3,14011.59,16.83
ITEM0014474,ORD004859,PROD00020,5,71773.47,25.62
ITEM0014475,ORD004859,PROD00061,4,39735.86,35.11
ITEM0014476,ORD004859,PROD00038,2,52326.91,23.35
ITEM0014477,ORD004860,PROD00175,2,18296.38,27.45
ITEM0014478,ORD004861,PROD00058,1,12122.23,8.43
ITEM0014479,ORD004862,PROD00186,4,36674.86,3.1
ITEM0014480,ORD004862,PROD00190,3,48070.42,4.73
ITEM0014481,ORD004863,PROD00030,5,62963.12,6.65
ITEM0014482,ORD004863,PROD00184,1,6776.42,31.25
ITEM0014483,ORD004863,PROD00123,2,72169.18,32.01
ITEM0014484,ORD004863,PROD00056,2,68806.23,13.21
ITEM0014485,ORD004863,PROD00049,1,33778.18,18.67
ITEM0014486,ORD004864,PROD00001,5,55356.88,4.26
ITEM0014487,ORD004864,PROD00026,3,52069.37,38.61
ITEM0014488,ORD004864,PROD00059,1,59127.55,18.66
ITEM0014489,ORD004864,PROD00044,2,48735.66,36.27
ITEM0014490,ORD004865,PROD00121,1,70323.88,27.67
ITEM0014491,ORD004865,PROD00006,3,45085.56,36.45
ITEM0014492,ORD004865,PROD00095,1,32486.13,28.7
ITEM0014493,ORD004865,PROD00064,2,21808.01,27.1
ITEM0014494,ORD004866,PROD00099,4,47121.87,13.37
ITEM0014495,ORD004866,PROD00164,2,76619.91,28.92
ITEM0014496,ORD004866,PROD00146,4,74518.73,7.71
ITEM0014497,ORD004867,PROD00117,3,17179.57,24.49
ITEM0014498,ORD004868,PROD00145,1,29095.7,36.99
ITEM0014499,ORD004869,PROD00167,3,12616.27,25.75
ITEM0014500,ORD004869,PROD00056,-2,53477.93,8.4
ITEM0014501,ORD004870,PROD00137,2,47285.04,10.39
ITEM0014502,ORD004871,PROD00149,2,52862.79,27.28
ITEM0014503,ORD004871,PROD00197,5,5951.56,14.84
ITEM0014504,ORD004871,PROD00044,1,60737.1,37.01
ITEM0014505,ORD004871,PROD00128,5,72987.62,10.71
ITEM0014506,ORD004871,PROD00158,4,24921.62,25.5
ITEM0014507,ORD004872,PROD00099,5,50197.88,14.87
ITEM0014508,ORD004872,PROD00094,3,38848.95,28.68
ITEM0014509,ORD004872,PROD00033,2,32784.03,27.45
ITEM0014510,ORD004873,PROD00184,1,9020.43,30.68
ITEM0014511,ORD004873,PROD00146,3,62846.65,3.78
ITEM0014512,ORD004873,PROD00015,1,60088.18,2.62
ITEM0014513,ORD004873,PROD00072,5,9473.92,1.69
ITEM0014514,ORD004873,PROD00066,3,45693.31,31.99
ITEM0014515,ORD004874,PROD00110,3,25496.36,34.3
ITEM0014516,ORD004875,PROD00058,5,12674.98,15.88
ITEM0014517,ORD004875,PROD00158,4,25841.38,8.25
ITEM0014518,ORD004876,PROD00004,3,4254.54,3.39
ITEM0014519,ORD004877,PROD00200,4,55105.21,28.22
ITEM0014520,ORD004877,PROD00053,5,82472.14,1.27
ITEM0014521,ORD004877,PROD00082,3,58767.3,13.6
ITEM0014522,ORD004877,PROD00051,3,14857.54,3.36
ITEM0014523,ORD004878,PROD00012,4,70249.81,11.08
ITEM0014524,ORD004879,PROD00138,1,38695.39,33.34
ITEM0014525,ORD004879,PROD00166,4,497.3,6.22
ITEM0014526,ORD004880,PROD00139,5,50745.96,34.7
ITEM0014527,ORD004880,PROD00005,2,60652.64,22.33
ITEM0014528,ORD004880,PROD00006,1,66235.95,7.31
ITEM0014529,ORD004880,PROD00156,2,14661.94,9.27
ITEM0014530,ORD004880,PROD00058,3,17371.13,8.48
ITEM0014531,ORD004881,PROD00077,1,41208.47,21.28
ITEM0014532,ORD004882,PROD00029,2,26451.1,40.0
ITEM0014533,ORD004882,PROD00074,5,60684.17,36.38
ITEM0014534,ORD004882,PROD00171,1,61115.02,36.24
ITEM0014535,ORD004882,PROD00198,2,25518.84,5.79
ITEM0014536,ORD004882,PROD00094,4,40614.53,11.58
ITEM0014537,ORD004883,PROD00047,1,23353.39,32.44
ITEM0014538,ORD004884,PROD00145,4,42877.22,25.87
ITEM0014539,ORD004884,PROD00174,5,40194.46,13.39
ITEM0014540,ORD004885,PROD00044,4,66233.15,33.74
ITEM0014541,ORD004886,PROD00190,4,44329.18,20.8
ITEM0014542,ORD004887,PROD00074,2,76072.55,15.89
ITEM0014543,ORD004887,PROD00177,3,66847.15,20.33
ITEM0014544,ORD004887,PROD00134,3,27634.35,27.67
ITEM0014545,ORD004887,PROD00156,2,15137.52,6.23
ITEM0014546,ORD004887,PROD00029,1,23098.68,2.81
ITEM0014547,ORD004888,PROD00050,3,63841.02,33.43
ITEM0014548,ORD004888,PROD00015,2,73307.89,3.44
ITEM0014549,ORD004888,PROD00194,4,43158.91,3.6
ITEM0014550,ORD004888,PROD00081,4,21552.36,5.59
ITEM0014551,ORD004889,PROD00090,2,345.61,17.65
ITEM0014552,ORD004889,PROD00130,1,36948.32,19.69
ITEM0014553,ORD004889,PROD00138,2,31452.56,27.13
ITEM0014554,ORD004890,PROD00034,2,70174.43,26.51
ITEM0014555,ORD004890,PROD00033,4,27458.44,38.46
ITEM0014556,ORD004891,PROD00084,3,46378.31,33.01
ITEM0014557,ORD004891,PROD00073,2,4761.58,2.41
ITEM0014558,ORD004892,PROD00191,5,24725.53,11.28
ITEM0014559,ORD004892,PROD00028,4,62051.46,24.65
ITEM0014560,ORD004892,PROD00072,1,7370.96,15.3
ITEM0014561,ORD004893,PROD00165,2,40898.35,22.37
ITEM0014562,ORD004893,PROD00118,2,46940.13,0.45
ITEM0014563,ORD004893,PROD00096,4,3426.43,14.33
ITEM0014564,ORD004893,PROD00161,5,13505.32,32.09
ITEM0014565,ORD004894,PROD00195,4,4924.56,22.56
ITEM0014566,ORD004895,PROD00024,1,26253.06,27.58
ITEM0014567,ORD004895,PROD00062,1,55568.8,37.2
ITEM0014568,ORD004895,PROD00164,4,67738.62,9.15
ITEM0014569,ORD004895,PROD00058,2,18708.68,28.92
ITEM0014570,ORD004896,PROD00183,4,70268.6,10.56
ITEM0014571,ORD004896,PROD00048,1,2528.32,36.63
ITEM0014572,ORD004896,PROD00004,3,3916.45,7.17
ITEM0014573,ORD004897,PROD00180,2,43942.56,28.38
ITEM0014574,ORD004897,PROD00081,2,21655.49,4.77
ITEM0014575,ORD004897,PROD00126,4,51402.24,30.71
ITEM0014576,ORD004897,PROD00192,4,46108.02,24.59
ITEM0014577,ORD004897,PROD00127,5,5288.43,31.59
ITEM0014578,ORD004898,PROD00076,5,53343.21,33.35
ITEM0014579,ORD004898,PROD00052,4,71762.08,2.85
ITEM0014580,ORD004898,PROD00140,5,36923.6,15.12
ITEM0014581,ORD004899,PROD00197,5,8378.06,5.27
ITEM0014582,ORD004899,PROD00031,2,28414.41,25.11
ITEM0014583,ORD004899,PROD00199,5,6438.33,14.28
ITEM0014584,ORD004899,PROD00015,5,80920.4,39.38
ITEM0014585,ORD004899,PROD00019,4,5369.68,7.82
ITEM0014586,ORD004900,PROD00170,2,2989.13,35.44
ITEM0014587,ORD004900,PROD00040,1,23733.94,36.9
ITEM0014588,ORD004900,PROD00093,5,8482.23,30.84
ITEM0014589,ORD004901,PROD00070,5,46801.86,5.72
ITEM0014590,ORD004902,PROD00170,5,3486.42,2.71
ITEM0014591,ORD004902,PROD00191,4,22479.59,28.63
ITEM0014592,ORD004903,PROD00035,2,16471.0,20.37
ITEM0014593,ORD004904,PROD00033,1,25595.75,27.41
ITEM0014594,ORD004904,PROD00039,1,23647.67,39.02
ITEM0014595,ORD004904,PROD00155,3,30650.31,2.62
ITEM0014596,ORD004904,PROD00042,4,51766.41,39.79
ITEM0014597,ORD004904,PROD00059,2,76092.53,13.59
ITEM0014598,ORD004905,PROD00160,3,35687.53,35.93
ITEM0014599,ORD004905,PROD00061,1,33099.02,20.85
ITEM0014600,ORD004906,PROD00176,1,42651.68,7.17
ITEM0014601,ORD004906,PROD00157,2,19498.42,7.96
ITEM0014602,ORD004906,PROD00021,1,24363.28,7.73
ITEM0014603,ORD004906,PROD00115,4,54195.23,3.65
ITEM0014604,ORD004907,PROD00146,4,59194.81,6.58
ITEM0014605,ORD004908,PROD00002,1,14773.68,29.34
ITEM0014606,ORD004908,PROD00107,2,81309.56,6.27
ITEM0014607,ORD004908,PROD00060,4,14753.2,11.06
ITEM0014608,ORD004908,PROD00172,3,502.44,39.77
ITEM0014609,ORD004908,PROD00077,4,42015.16,8.99
ITEM0014610,ORD004909,PROD00185,2,17003.95,8.41
ITEM0014611,ORD004909,PROD00173,1,19583.76,30.44
ITEM0014612,ORD004909,PROD00124,5,34775.58,38.37
ITEM0014613,ORD004909,PROD00087,4,40631.74,12.21
ITEM0014614,ORD004909,PROD00183,1,74092.84,27.49
ITEM0014615,ORD004910,PROD00171,5,73697.03,4.01
ITEM0014616,ORD004910,PROD00138,5,28683.72,14.1
ITEM0014617,ORD004911,PROD00023,5,30046.44,24.2
ITEM0014618,ORD004912,PROD00135,4,42081.24,22.76
ITEM0014619,ORD004912,PROD00112,3,63266.36,30.75
ITEM0014620,ORD004912,PROD00178,4,13233.87,35.13
ITEM0014621,ORD004912,PROD00016,2,59758.22,38.42
ITEM0014622,ORD004912,PROD00154,3,65602.52,26.62
ITEM0014623,ORD004913,PROD00165,4,43893.54,14.71
ITEM0014624,ORD004914,PROD00124,3,36273.42,10.16
ITEM0014625,ORD004915,PROD00134,3,28487.97,28.51
ITEM0014626,ORD004915,PROD00192,2,38699.23,6.79
ITEM0014627,ORD004916,PROD00194,3,53846.45,39.39
ITEM0014628,ORD004916,PROD00191,2,25894.86,35.7
ITEM0014629,ORD004916,PROD00074,1,52631.32,33.81
ITEM0014630,ORD004916,PROD00178,5,11336.05,3.21
ITEM0014631,ORD004916,PROD00092,1,15212.63,22.06
ITEM0014632,ORD004917,PROD00061,1,48136.6,28.14
ITEM0014633,ORD004917,PROD00138,2,40011.89,23.04
ITEM0014634,ORD004917,PROD00063,1,51155.69,30.51
ITEM0014635,ORD004918,PROD00048,4,2790.83,21.16
ITEM0014636,ORD004918,PROD00178,4,13815.26,4.89
ITEM0014637,ORD004918,PROD00124,3,36551.48,23.63
ITEM0014638,ORD004919,PROD00143,1,7491.71,39.83
ITEM0014639,ORD004919,PROD00090,1,423.49,3.95
ITEM0014640,ORD004919,PROD00156,5,10694.35,34.75
ITEM0014641,ORD004919,PROD00065,2,75990.36,9.16
ITEM0014642,ORD004920,PROD00118,3,48103.37,28.05
ITEM0014643,ORD004921,PROD00098,1,51483.33,6.52
ITEM0014644,ORD004921,PROD00182,4,16034.12,22.31
ITEM0014645,ORD004921,PROD00027,4,76694.36,28.26
ITEM0014646,ORD004922,PROD00189,4,7532.9,3.07
ITEM0014647,ORD004922,PROD00071,4,27801.32,0.3
ITEM0014648,ORD004922,PROD00022,4,45290.02,22.9
ITEM0014649,ORD004922,PROD00063,5,43746.6,11.66
ITEM0014650,ORD004923,PROD00030,3,55294.47,38.54
ITEM0014651,ORD004923,PROD00018,1,9505.21,28.22
ITEM0014652,ORD004924,PROD00072,5,5903.16,24.44
ITEM0014653,ORD004924,PROD00195,-2,6308.16,2.27
ITEM0014654,ORD004924,PROD00137,3,45127.73,2.5
ITEM0014655,ORD004924,PROD00135,5,59827.2,37.32
ITEM0014656,ORD004925,PROD00189,4,9756.31,31.38
ITEM0014657,ORD004925,PROD00121,3,56451.54,0.65
ITEM0014658,ORD004925,PROD00064,3,18243.25,35.16
ITEM0014659,ORD004926,PROD00171,5,79812.95,20.14
ITEM0014660,ORD004926,PROD00056,4,78873.65,27.78
ITEM0014661,ORD004927,PROD00042,3,65336.43,33.69
ITEM0014662,ORD004927,PROD00089,1,38748.24,8.43
ITEM0014663,ORD004928,PROD00152,-3,54863.94,29.78
ITEM0014664,ORD004929,PROD00078,1,21580.42,9.16
ITEM0014665,ORD004929,PROD00112,1,52982.38,10.97
ITEM0014666,ORD004930,PROD00200,4,47936.59,25.07
ITEM0014667,ORD004930,PROD00110,1,29752.59,2.58
ITEM0014668,ORD004931,PROD00064,3,20440.46,34.14
ITEM0014669,ORD004931,PROD00023,4,29955.64,3.52
ITEM0014670,ORD004932,PROD00024,5,30469.81,7.12
ITEM0014671,ORD004932,PROD00108,5,43486.11,2.94
ITEM0014672,ORD004933,PROD00151,3,2767.98,20.66
ITEM0014673,ORD004933,PROD00138,3,34656.64,31.93
ITEM0014674,ORD004933,PROD00001,5,63937.2,10.69
ITEM0014675,ORD004934,PROD00141,2,25490.82,10.44
ITEM0014676,ORD004934,PROD00129,-2,67186.39,3.62
ITEM0014677,ORD004935,PROD00124,3,28523.71,19.25
ITEM0014678,ORD004935,PROD00113,3,33957.97,35.57
ITEM0014679,ORD004935,PROD00184,1,8872.02,39.84
ITEM0014680,ORD004935,PROD00090,5,378.51,11.63
ITEM0014681,ORD004935,PROD00094,1,44724.72,14.9
ITEM0014682,ORD004936,PROD00197,1,8535.41,3.75
ITEM0014683,ORD004936,PROD00018,2,8520.2,29.5
ITEM0014684,ORD004936,PROD00158,1,18756.23,21.31
ITEM0014685,ORD004937,PROD00189,2,8610.87,26.34
ITEM0014686,ORD004938,PROD00200,5,51661.41,11.12
ITEM0014687,ORD004938,PROD00013,4,47045.77,5.22
ITEM0014688,ORD004938,PROD00044,5,63295.65,29.05
ITEM0014689,ORD004938,PROD00033,4,31448.23,4.23
ITEM0014690,ORD004939,PROD00154,5,50865.94,38.31
ITEM0014691,ORD004940,PROD00167,5,11887.63,13.07
ITEM0014692,ORD004941,PROD00142,4,30783.69,21.4
ITEM0014693,ORD004941,PROD00100,3,5515.08,10.81
ITEM0014694,ORD004942,PROD00188,1,10216.64,0.82
ITEM0014695,ORD004942,PROD00191,4,30001.1,5.95
ITEM0014696,ORD004942,PROD00110,2,23694.59,28.31
ITEM0014697,ORD004942,PROD00122,1,74536.8,39.51
ITEM0014698,ORD004942,PROD00029,5,17011.59,7.56
ITEM0014699,ORD004943,PROD00116,3,43633.0,0.15
ITEM0014700,ORD004944,PROD00177,5,64852.73,17.17
ITEM0014701,ORD004944,PROD00155,5,36860.92,29.31
ITEM0014702,ORD004944,PROD00029,4,20272.53,9.51
ITEM0014703,ORD004945,PROD00089,3,43637.63,6.51
ITEM0014704,ORD004945,PROD00146,3,71342.19,2.04
ITEM0014705,ORD004945,PROD00143,4,8725.53,8.38
ITEM0014706,ORD004945,PROD00158,3,23709.01,11.85
ITEM0014707,ORD004946,PROD00014,2,62385.38,7.44
ITEM0014708,ORD004946,PROD00105,4,62148.15,11.1
ITEM0014709,ORD004946,PROD00061,2,45039.17,23.36
ITEM0014710,ORD004946,PROD00151,3,3116.7,37.71
ITEM0014711,ORD004946,PROD00036,5,54391.56,32.64
ITEM0014712,ORD004947,PROD00001,1,61606.24,16.81
ITEM0014713,ORD004947,PROD00035,1,13051.58,2.44
ITEM0014714,ORD004947,PROD00189,5,9651.67,8.49
ITEM0014715,ORD004947,PROD00159,4,65744.23,16.49
ITEM0014716,ORD004947,PROD00104,2,58272.2,4.3
ITEM0014717,ORD004948,PROD00119,5,24388.84,39.32
ITEM0014718,ORD004948,PROD00089,3,47874.21,39.82
ITEM0014719,ORD004948,PROD00138,4,43158.94,22.96
ITEM0014720,ORD004948,PROD00080,5,4231.54,10.3
ITEM0014721,ORD004949,PROD00110,2,29296.65,27.56
ITEM0014722,ORD004949,PROD00075,1,18446.36,39.63
ITEM0014723,ORD004949,PROD00049,3,28694.72,15.28
ITEM0014724,ORD004950,PROD00183,4,79463.99,6.16
ITEM0014725,ORD004950,PROD00085,3,55870.58,32.33
ITEM0014726,ORD004950,PROD00022,1,56045.1,17.23
ITEM0014727,ORD004951,PROD00029,1,18505.61,33.11
ITEM0014728,ORD004951,PROD00101,2,44434.7,15.41
ITEM0014729,ORD004952,PROD00039,3,26531.43,23.22
ITEM0014730,ORD004952,PROD00091,5,50678.1,1.16
ITEM0014731,ORD004952,PROD00157,4,15835.62,0.24
ITEM0014732,ORD004953,PROD00104,5,51697.88,35.55
ITEM0014733,ORD004954,PROD00087,2,41579.9,21.38
ITEM0014734,ORD004954,PROD00023,2,33709.1,21.94
ITEM0014735,ORD004954,PROD00126,5,76675.58,10.36
ITEM0014736,ORD004955,PROD00099,2,67551.65,15.62
ITEM0014737,ORD004955,PROD00098,1,53789.3,23.13
ITEM0014738,ORD004955,PROD00194,2,42356.11,24.73
ITEM0014739,ORD004955,PROD00039,4,35654.82,39.52
ITEM0014740,ORD004956,PROD00037,1,27174.13,22.39
ITEM0014741,ORD004956,PROD00041,2,37181.15,13.61
ITEM0014742,ORD004957,PROD00163,2,25271.36,1.26
ITEM0014743,ORD004957,PROD00100,4,4934.88,19.5
ITEM0014744,ORD004958,PROD00076,2,44991.81,17.43
ITEM0014745,ORD004958,PROD00109,5,61316.15,32.94
ITEM0014746,ORD004958,PROD00088,5,24008.15,17.52
ITEM0014747,ORD004958,PROD00153,2,49268.17,4.37
ITEM0014748,ORD004958,PROD00091,3,40524.51,24.04
ITEM0014749,ORD004959,PROD00051,3,23348.37,1.41
ITEM0014750,ORD004959,PROD00059,3,58510.82,39.75
ITEM0014751,ORD004960,PROD00009,4,36126.54,1.82
ITEM0014752,ORD004960,PROD00186,2,48701.13,7.87
ITEM0014753,ORD004961,PROD00049,3,38047.82,5.85
ITEM0014754,ORD004961,PROD00112,5,56678.19,27.54
ITEM0014755,ORD004961,PROD00083,1,56144.23,17.37
ITEM0014756,ORD004961,PROD00025,2,20958.51,10.63
ITEM0014757,ORD004961,PROD00192,3,38816.4,6.04
ITEM0014758,ORD004962,PROD00094,5,44328.72,35.86
ITEM0014759,ORD004962,PROD00194,3,45404.97,6.81
ITEM0014760,ORD004962,PROD00001,4,52469.73,29.65
ITEM0014761,ORD004962,PROD00029,5,16815.12,8.48
ITEM0014762,ORD004963,PROD00022,3,61963.24,25.38
ITEM0014763,ORD004963,PROD00067,2,39983.77,6.92
ITEM0014764,ORD004963,PROD00025,4,23343.78,9.52
ITEM0014765,ORD004964,PROD00188,4,8476.06,7.74
ITEM0014766,ORD004964,PROD00161,5,15025.39,29.89
ITEM0014767,ORD004964,PROD00153,1,51955.47,10.56
ITEM0014768,ORD004964,PROD00033,1,26871.76,16.26
ITEM0014769,ORD004964,PROD00101,3,43469.27,22.44
ITEM0014770,ORD004965,PROD00178,1,12508.28,29.78
ITEM0014771,ORD004965,PROD00183,2,75355.5,10.61
ITEM0014772,ORD004966,PROD00040,5,21832.05,4.44
ITEM0014773,ORD004966,PROD00105,4,46131.44,16.55
ITEM0014774,ORD004967,PROD00085,5,39111.26,6.77
ITEM0014775,ORD004968,PROD00081,5,16623.66,31.84
ITEM0014776,ORD004968,PROD00191,5,21573.09,39.41
ITEM0014777,ORD004968,PROD00012,4,64679.29,2.2
ITEM0014778,ORD004969,PROD00169,4,28340.0,11.6
ITEM0014779,ORD004969,PROD00038,2,56901.59,2.73
ITEM0014780,ORD004969,PROD00115,4,48971.63,17.33
ITEM0014781,ORD004969,PROD00039,5,33717.99,20.46
ITEM0014782,ORD004970,PROD00002,3,15097.79,6.76
ITEM0014783,ORD004970,PROD00191,1,22584.54,2.55
ITEM0014784,ORD004970,PROD00194,-3,48319.09,21.23
ITEM0014785,ORD004971,PROD00044,4,49043.51,31.08
ITEM0014786,ORD004972,PROD00093,4,6729.8,15.78
ITEM0014787,ORD004972,PROD00034,1,77786.63,20.71
ITEM0014788,ORD004972,PROD00116,1,41724.65,0.08
ITEM0014789,ORD004973,PROD00180,3,47092.07,26.42
ITEM0014790,ORD004973,PROD00054,4,25604.15,34.97
ITEM0014791,ORD004973,PROD00152,5,54736.35,7.93
ITEM0014792,ORD004973,PROD00189,3,7405.11,35.5
ITEM0014793,ORD004973,PROD00160,4,33926.03,1.56
ITEM0014794,ORD004974,PROD00042,3,64553.02,28.18
ITEM0014795,ORD004974,PROD00047,3,17014.87,37.31
ITEM0014796,ORD004975,PROD00074,5,56553.7,13.98
ITEM0014797,ORD004975,PROD00010,-2,48390.0,18.69
ITEM0014798,ORD004975,PROD00101,3,38719.87,5.7
ITEM0014799,ORD004975,PROD00168,1,51925.55,14.88
ITEM0014800,ORD004976,PROD00017,5,21882.43,19.39
ITEM0014801,ORD004976,PROD00135,4,42455.6,9.13
ITEM0014802,ORD004976,PROD00039,2,26177.21,32.11
ITEM0014803,ORD004976,PROD00040,2,19797.92,30.13
ITEM0014804,ORD004977,PROD00027,-3,73464.73,3.93
ITEM0014805,ORD004978,PROD00151,5,2532.9,36.8
ITEM0014806,ORD004978,PROD00023,2,35996.74,22.41
ITEM0014807,ORD004978,PROD00118,1,41405.56,21.03
ITEM0014808,ORD004978,PROD00007,4,32615.88,24.17
ITEM0014809,ORD004979,PROD00121,4,69890.18,19.8
ITEM0014810,ORD004979,PROD00093,5,7971.2,5.21
ITEM0014811,ORD004979,PROD00198,1,22329.54,8.54
ITEM0014812,ORD004979,PROD00013,2,43010.01,22.4
ITEM0014813,ORD004980,PROD00118,4,58906.56,18.85
ITEM0014814,ORD004980,PROD00030,2,64204.41,13.92
ITEM0014815,ORD004980,PROD00025,5,16501.85,7.09
ITEM0014816,ORD004981,PROD00147,4,38902.27,0.36
ITEM0014817,ORD004981,PROD00039,1,24583.52,17.64
ITEM0014818,ORD004981,PROD00053,5,63273.73,35.03
ITEM0014819,ORD004982,PROD00195,5,6626.95,27.31
ITEM0014820,ORD004982,PROD00038,1,64499.0,29.49
ITEM0014821,ORD004982,PROD00115,2,64097.99,2.62
ITEM0014822,ORD004982,PROD00105,1,54270.43,0.82
ITEM0014823,ORD004983,PROD00175,3,24432.97,3.11
ITEM0014824,ORD004983,PROD00024,1,25138.85,16.85
ITEM0014825,ORD004984,PROD00098,3,60392.75,39.86
ITEM0014826,ORD004984,PROD00126,5,52128.45,21.03
ITEM0014827,ORD004984,PROD00023,2,35221.21,2.58
ITEM0014828,ORD004984,PROD00190,4,33577.08,24.12
ITEM0014829,ORD004984,PROD00059,3,69653.19,34.91
ITEM0014830,ORD004985,PROD00142,1,33664.12,35.29
ITEM0014831,ORD004985,PROD00056,5,72198.88,35.83
ITEM0014832,ORD004985,PROD00148,4,46419.31,10.0
ITEM0014833,ORD004986,PROD00137,1,45318.66,32.28
ITEM0014834,ORD004986,PROD00169,1,28753.81,20.11
ITEM0014835,ORD004986,PROD00079,5,30715.09,12.33
ITEM0014836,ORD004986,PROD00192,1,37515.59,13.93
ITEM0014837,ORD004986,PROD00176,4,37425.68,29.91
ITEM0014838,ORD004987,PROD00004,2,4487.85,14.47
ITEM0014839,ORD004987,PROD00176,1,39365.13,6.57
ITEM0014840,ORD004987,PROD00159,5,76388.88,14.66
ITEM0014841,ORD004987,PROD00122,3,65523.7,1.72
ITEM0014842,ORD004988,PROD00030,5,74782.1,3.2
ITEM0014843,ORD004988,PROD00012,2,71835.65,33.87
ITEM0014844,ORD004988,PROD00153,2,44105.09,20.39
ITEM0014845,ORD004988,PROD00163,4,26445.41,19.1
ITEM0014846,ORD004989,PROD00026,1,48516.35,35.57
ITEM0014847,ORD004989,PROD00152,4,40151.13,39.19
ITEM0014848,ORD004989,PROD00101,1,44912.64,8.45
ITEM0014849,ORD004989,PROD00182,3,21259.18,28.66
ITEM0014850,ORD004990,PROD00128,4,64108.62,11.47
ITEM0014851,ORD004990,PROD00104,3,51292.35,25.16
ITEM0014852,ORD004990,PROD00084,4,48951.42,30.73
ITEM0014853,ORD004990,PROD00130,2,38849.92,3.6
ITEM0014854,ORD004991,PROD00176,2,49393.13,17.92
ITEM0014855,ORD004992,PROD00115,4,52678.84,8.13
ITEM0014856,ORD004992,PROD00069,1,61723.49,27.43
ITEM0014857,ORD004992,PROD00148,3,47528.27,34.08
ITEM0014858,ORD004992,PROD00093,2,7785.11,28.0
ITEM0014859,ORD004992,PROD00135,4,51362.25,29.13
ITEM0014860,ORD004993,PROD00113,3,35617.57,13.93
ITEM0014861,ORD004993,PROD00133,4,33149.21,26.0
ITEM0014862,ORD004993,PROD00185,2,15728.01,7.84
ITEM0014863,ORD004993,PROD00112,4,55489.02,0.98
ITEM0014864,ORD004993,PROD00131,2,57802.49,21.98
ITEM0014865,ORD004994,PROD00158,-1,22990.06,28.16
ITEM0014866,ORD004994,PROD00079,2,31462.92,26.63
ITEM0014867,ORD004995,PROD00027,5,53186.78,3.55
ITEM0014868,ORD004995,PROD00105,1,62296.34,30.68
ITEM0014869,ORD004995,PROD00036,4,73796.43,19.47
ITEM0014870,ORD004995,PROD00115,3,52461.43,39.71
ITEM0014871,ORD004995,PROD00058,4,18691.01,4.2
ITEM0014872,ORD004996,PROD00021,2,17453.04,38.05
ITEM0014873,ORD004996,PROD00177,3,66074.7,6.07
ITEM0014874,ORD004996,PROD00037,4,27921.14,10.51
ITEM0014875,ORD004997,PROD00176,3,37779.56,8.64
ITEM0014876,ORD004997,PROD00063,1,52073.99,35.77
ITEM0014877,ORD004998,PROD00153,3,52891.83,12.08
ITEM0014878,ORD004998,PROD00199,1,6089.42,9.18
ITEM0014879,ORD004999,PROD00029,5,20185.53,14.77
ITEM0014880,ORD004999,PROD00107,2,74026.77,0.62
ITEM0014881,ORD005000,PROD00164,5,52091.2,10.3
ITEM0014882,ORD005000,PROD00053,2,64056.22,0.62
